review,category
cute!!!! the game is just to cute!!!! :3,OTHER
? well its ok but not bad nor is it great,OTHER
? have no idea how to feed dragon and boooorrrriiiiiinnhgggg,OTHER
when i play games it reboots about every third time in a row that i play the game where you run from those bug things it reboots my phone otherwise i love this game please fix so i don't have to delete it like i said otherwise i <3 it+ it froze while i was playing the jump on the platforms game,BUG
love my dragon have fun! yahoooey! godbless,OTHER
hope this is a good game!!!! ?,OTHER
sucks can't even play offline and everyone take the name,FEATURE
good that is so good,OTHER
? realy good and fun,OTHER
999 this is the best,OTHER
nice game!! nice for free timing.....,OTHER
too many ads too many ads. ad is added whenever you try to share. doesnt share well on fb and twitter. interface is confusing and difficult to use. not enough quotes - not 10000 quotes as claimed.,USABILITY
amazing! a must have app,OTHER
terrible could be a lllllooootttt better their is sooooo not 10 000 quotes,OTHER
nice it's a good aap :),OTHER
nice this is the best way to improve your personality,OTHER
great quotes! i love every single one of these quotes  and there's soo many!,OTHER
live with walkman easy and understandble,OTHER
very good app for reflecting i adore it,OTHER
it deserves the best this is one among the best quotes that i can give 5strs,OTHER
good it's alright!,OTHER
wonderful and enjoyable app keep it up,OTHER
thanks :-) xperia sp  it's very inspiring!,OTHER
loved app good quotes by gr8 people on earth. must for all,OTHER
xd great app continue making good apps for the future,OTHER
good and i love it... many of it are very helpful and good to share..,OTHER
3xellent i thought that it is very good for me,OTHER
nice but can be improved nice app..could do with a better layout and more quotes,FEATURE
? for every occasion. excellent. thanks a lot,OTHER
great app like the different quotes and variety!,OTHER
awesome . glad to have diz apps waooaooaoaoao,OTHER
super nice application for improvement,OTHER
great! i really like this app. it's the best.,OTHER
i reccommend this is really great than other app.,OTHER
waoooo for the ilight person,OTHER
i love the game it is awesome! awsome,OTHER
fun game really fun and you get your own dragons. what more do you want!,OTHER
great it's awesome,OTHER
? i used to have it but it kept stopping at random times  and stopped working so i was forced to delete it ! ! ! ! and please make it take up less space ! ! ! ! ! but i got it again.,BUG
good it's good so far a bit glitchy but cool: ),OTHER
i like t this game is cool,OTHER
great game if you have enough memory ?,PERFORMANCE
like it it is awsome,OTHER
cant even play it it always crashes and soon as i play it ceashes and freezes all my app aswell .could this get fixed thabkz ill give it 5 stars then,BUG
awesome this is an awesome,OTHER
cool game this game is awesome,OTHER
it's awesome!!!! very good i love  the game so much!,OTHER
? as for a description...... there  are no words!,OTHER
just love it. so fun! i love training the dragons and flying them.,OTHER
amazing love this game. great game sensational game. i have no words. awesome,OTHER
good app sometimes gets boring so make it not and it will be a 5 star game,OTHER
? me my sister and brother love. this game for real,OTHER
dragon skys dragon skys is cool try it.,OTHER
awesome can some body give me money???? and i like the game,OTHER
freezes would give 5 stars but game now freezes on start up.,BUG
great game this is the best dragon breeding game i have found so far.,OTHER
nice.... ..... it is useful,OTHER
nice and apps gupshup  apps is nice and cool amezing,OTHER
rosen it is very.nice,OTHER
cutiest emoticons cute emoticons to have fun..,OTHER
wow dont have time to wright anything but nice app,OTHER
very nice and powerful sms system and online sms,OTHER
sms service not working plz update the app as soon as possible. its a good app im using from last one year but currently its not wrking fix the bug soon.,BUG
too good free sms is best!,OTHER
fake aappppp no varification code is recieved in my mob,SECURITY
garg this app is very good and reliable for use.,OTHER
nice awesome and cute lil doggies wow,OTHER
3 stars very cute game but the ads is not cute:-):-),USABILITY
it is fun loving it,OTHER
its cool soon i'll  have it,OTHER
baby vet pet so great i love doctor games try it it is wonderful,OTHER
? i am excited to see you again for your help,OTHER
good it is a vry good game .i loved it .ooooohoooooo,OTHER
barack  yo  mama it   is   the  worst  game   ever. :-*,OTHER
love it this is the best game ever,OTHER
wow i love animals so i downloaded this game cause it's just right or me 5,OTHER
stars i carnt wait to play it awsome i love stuff to do with animals,OTHER
i think that the game is so so good katie,OTHER
emily i loved the game it is the best game,OTHER
ausome this game is really a good game but very advertisements are there,OTHER
? great game. it's so fun.,OTHER
thanks for your time the other day and night.,OTHER
to slow it is to slow,PERFORMANCE
? this is so cool i love animals,OTHER
it is fun i love it,OTHER
? boring ads but it is a cute game,USABILITY
fun this game has fame,OTHER
great game this is the best game ever,OTHER
great if only takin care of pets were that easy and plus this game is fun.,OTHER
? it is cite like the dohs,OTHER
asome every thing is asome,OTHER
? it's every interesting game for small children between age 5 to 7,OTHER
i like it i love this game it is awesome,OTHER
it is so very cute game so i rate them 5 stars ?,OTHER
i really like it  is cool cute and pretty awesome and funny,OTHER
i have not played yet but i think it is going to be boring it looks fun,OTHER
? this game is so good,OTHER
so cute and teaches little kids how to take care of pets ?,OTHER
this game keep my eye on it!!! this is a great game!!!,OTHER
ahhhhhhhhhhhhhh that cute animals are adorable and i can't keep my eyes off,OTHER
keisha mae bennett this game is amazing,OTHER
good game this game is good for kids,OTHER
dogs rock the is good i likeed it a lot,OTHER
i love this app this is fun,OTHER
? this is a great game and the animals are so so sweet and cute,OTHER
goob i love this app this app is excellent like cool,OTHER
sweeet as a chocolate ths game is good for kids,OTHER
i love this this is the best game i ever played and this is chris daughter,OTHER
excellent this game is my favorite pet game,OTHER
i hope there's penguinz this is a really fun game.,OTHER
good for children children lagh and smile,OTHER
? awsome and cool :d,OTHER
cutest and sadest game ever this game is so awesome the animals are soook cute,OTHER
cute this game is well good,OTHER
? cute and useful!,OTHER
? cute but eats up alot of battery.,ENERGY
? i luv this app!!! that bear is soooo cute :),OTHER
super cute but... one of the cutest battery widgets on the market but the background and speech bubble doesn't work which is really frustrating!  please fix!  also it does drain the battery which is to be expected i guess.,ENERGY
? omg i love this app!!! he is too cute.. or is it a she??,OTHER
cute had to have :-),OTHER
? freakin sweet download please for the love of god download this app,OTHER
nice it's really superb,OTHER
that is a practice of shooters u can do it.............,OTHER
good thing it's free this sucks,OTHER
? its. sound is amassing,OTHER
? is good for boys its is co/llllllll,OTHER
what? how do you change guns?,OTHER
? it is aswasome,OTHER
this game us cool this game is cool,OTHER
for rating ^_^ just a 4 stars i can't understand this game....,USABILITY
? it's pretty kool,OTHER
exiting it's fabulous,OTHER
boring!!!!!!!!! is soooooo lame.,OTHER
stupid this is dumb.,OTHER
fingrmom and sis awsome but i can't shoot justin gay fag beiber.  sucks(?y?),OTHER
great does what it says  and it gets it done.,OTHER
awesome i love it now i have more space ;) great app,OTHER
i love it very easy to see what is taking up your storage.,OTHER
? this app is great!,OTHER
amazing  well designed  but confusing. says i have a lot more free space than android reports.,USABILITY
awesomeesssst!!! i can easily see which apps or folders are sucking my precious  memory! :-d,OTHER
great app just like treesize for pc  but better. thanks for this awesome app!,OTHER
yes great app very good app. it shows everything you have on your android. great for clearing up space for me.  a must try app.,OTHER
? great and useful,OTHER
? excellent. finally found an application that shows me what's using my application data storage space.excellent. finally found an application that shows me what's using my application data storage space.  can now see what to delete to eliminated the infamous memory space low message.,OTHER
great app! simple to use and very fast at scanning your storage. great app!,OTHER
a very useful app i only used it once  and it asked me to rate. i don't know whether it's perfect or not. i managed to find with it a log folder that was taking up all my phone memory and making problems. subsequently  i've uninstalled the one suspicious program i think was causing it  and i'll continue monitoring the log folder with this app...,OTHER
good app still learning how to use it  ad it is not intuative.,USABILITY
just what i wanted compact powerful and user friendly. best in this category.,OTHER
? nice and useful app,OTHER
awesome app..  wish could give 7 stars... fantabulous app for analysing storing files with data size. 1st i could not understand which files had eaten my memory of my phone n i was facing problem of internal memory full. by using this app i found files lying in my phone unnecessarily ate 2.50 gb data. i deleted those files n solved the problem. thnx storage analyser.. i strongly recommend this app to every smartphone user...,OTHER
nice nice and easy good,OTHER
excellent file manager great source of information about files' details  and whereabouts.  know what's occupying too much space & shift or delete it. fantastic utility.,OTHER
low space keep getting told vol. storage space,OTHER
good product does what it says on the tin,OTHER
very good app helped me very much to rationalize the space in my sds in my tablet. keep up the good work,OTHER
the best and storage app out!! the best and the easiest storage app out on google.  real easy to check what's on your usb storage and easy to delete it also.its also easy to transfer memory from ur sd card to phone and vice versa.really i tried alot of storage apps but this one is the best hands down because its the easiest app to use!!!,OTHER
excellent it does the job fast  clear information and is easy to use.,OTHER
great at diagnosing space hogs was able to immediately determine where my internal storage had gone. from within the app  can select all files in a folder and delete them. very quick cleanup and space recovery. highly recommended!,OTHER
? seek and destroy junk,OTHER
excellent the best there is to clean up storage.,OTHER
very good does what you expect it to do  also with good usability.,OTHER
now i know which folders are hogging up my sd card this software finds out exactly what i needed to know  plus allows me to move folders around to better distribute space usage.,OTHER
fantastic app does exactly what it says it will do. shows you all the files that take up large space on your phone so you can deal with them.,OTHER
siii user... it is very useful app for someone who likes to keep an eye on memory repartition...and composition..,OTHER
solid and usefull! does a nice job helping me understand and manage the internal memory & sd card memory of my galaxy s4.,OTHER
clarified my understanding of android storage. it helped me to figure out how android actually stores stuff with its mounting system. for the intuitive functional and educational layout   5stars.,OTHER
great! thank you. i been deleting apps for space it it grew boring cause i couldn't get much space. with this i have much space!,OTHER
very useful app is great  tells you exactly what is taking up most space on your phone. very useful when you need to clean your phone up and make space!,OTHER
indispensable without this you'll have to wake your time finding out used space by hand!,OTHER
great app it does what it's supposed to do,OTHER
best my tablet was full no memory left and this app helped alot now i have 11 gb ! thanks so much,OTHER
exellent sho  shows all partitions  including system and data.,OTHER
great app easy to use and provides a quick access to storage used.,OTHER
perfect i use it for reading my manga and pdf files. best ui i've used,OTHER
hmmmmm the app it self is brilliant but man does it drain the battery. i found it drained it indoors but when outside where it was bright it drained the battery even quicker. please imprive battery useage and it will be a perfect app,ENERGY
can not uninstall do not get this app  it wastes alot of battery also you wont be able to uninstall or deactivate it. poor app building,ENERGY
wont un install and eats battery this is essentially a trojan horse of an app. developer should go eat his foot,ENERGY
? i cant open the app and deactivate. i want to unintall it. plz help me,BUG
very bad drains battery can't uninstal,ENERGY
? perfect for flip covers,OTHER
good  but works fine  i particularly like the quick access via the pull down menu. but the app requires a lot of battery (22% total before uninstalled it)  which is really ridiculous - even more than any of the games! also (minor issue)  the close button is kind of hard to hit.,ENERGY
? reverse portrait is broken,BUG
? silly large ads ruin it for me,USABILITY
awesome app good app to have when using crunchyroll app,OTHER
great app i have a samsung galaxy note 2 and use it in my car as satnav and media player  the home screen and phone screen do not rotate  this app solved that problem  the small issue is when on home screen and i open a folder in landscape  then rotate to portrait the folder icons folder name are miss aligned.  it only uses 15mb of memory.,BUG
this app is good i am satisfied with this app.,OTHER
perfect tool for tokers man this tool is so good.,OTHER
ok but light only stays on for a short time. galaxy note 3,OTHER
brilliant does exactly what it says on the tin,OTHER
ads to close to buttons i understand why ads are in free software  but why do you have to put them so close to the buttons? i uninstalled this app because of this!,USABILITY
note 2 it's very useful to use........love it,OTHER
super bright it is soooooooooooo bright,OTHER
love it all i got to say is that i love it :-),OTHER
super bright flashlight it's ok my pictures are still not bright enough,OTHER
mji photon 4g it does d job,OTHER
brilliant it's so good app,OTHER
i really appreciate this it has really been of help to me,OTHER
super very very nice aap for smartphon,OTHER
good it's simple user friendly cool etc. what can we expect more from this,OTHER
cool and simple app nice app.,OTHER
lite brilliant live nr woods so great app for getting home.,OTHER
excellent easy and simple to use and very bright.,OTHER
great small file size simple and gets the job done,OTHER
ads great app but the ads come up all the time and it ruins it,USABILITY
brill app bright and easy to use x,OTHER
its good its good has a nice wide angle on the flash light,OTHER
excellent does just what you expect.,OTHER
very good its important for every mobile user,OTHER
? it's very useful,OTHER
it's a very good app ?,OTHER
it's great love tell others about it,OTHER
thank you this app is great. thank you,OTHER
must have does exactly what it says on the tin. lol loving it using it everyday.,OTHER
recommend to all very easy to use  no ads and very handy.,OTHER
a great simple app very easy to use and so bright as a torch. excellent :-),OTHER
well done ;) its good and bright:),OTHER
note 2 it's very useful to use........love it,OTHER
? only word is coooool,OTHER
very good for basic beats very good app for free,OTHER
exciting way cooler this is so like i'm playing a electric guitar,OTHER
:) this is awesome! !!!!,OTHER
excellent easy to use and helps me practice how to make music.,OTHER
best this is by far the best drum pad you can get for your device.,OTHER
love it it has all the beats i have been looking for,OTHER
awsom this is really cool,OTHER
rohit have a great and fun app,OTHER
amazing this is freaking great,OTHER
rubbish is it just me or was this app just plain rubbish.,OTHER
like it very good and simple to use,OTHER
awesome app this is very great apps. its cheap also!,OTHER
great the app is super great! some lounge ambient sound could improve the app!,OTHER
holy cow this is crazy,OTHER
sounds awesome great for wasting time and taking a break from creating music,OTHER
ok almost great but dubstep   electro   and trap are better single,OTHER
party people great stuff  siting in a bus and making own music. perfect,OTHER
5star it's dope,OTHER
great as hell!!!!!:) i love this app is so great and simple,OTHER
thanks thanks for all,OTHER
excellent apps. the five star app for professional studio production.,OTHER
awsome i can make and save my beats like i'm in a studio i completely like it,OTHER
awesome easy  fun  and educational for basic pads.,OTHER
idk it's not downloading for me,BUG
good; could be great allow for custom looping!,FEATURE
excellent is great  the best app drums pad,OTHER
great app! simple  very innovative  and fun as hell! plus its free!!!,OTHER
good verry good nice and smooth,OTHER
? fun for kid .thanks,OTHER
nice job i couldn't ask for more,OTHER
awesome !!! best loop   drum   dupstep app i have ever played,OTHER
it's great if you like slots!!! i personally love it!!!,OTHER
? it's better then most slots on android market,OTHER
? it's a good game.,OTHER
? love it! it's very challenging!,OTHER
freezes too much! pay out sucks! uninstalling poor pay outs  freezes up too much  waste of time and download.,BUG
like the game its fun and relaxing. i enjoy it.,OTHER
cool game this is good,OTHER
? the bonus is really great,OTHER
rick gs3 fun and more win ratio bigger hourly bonus and daily bonus  fun game,OTHER
? don't like waiting so long for points,PERFORMANCE
bad bugs loved this game but every time i level up or get a bonus my screen starts flickering and freezes up! ive tried reinstalling and clearing cache but doesnt work. please help!!!!,BUG
wow this is great,OTHER
excellent and love it excellent and love it,OTHER
slot vacation it's a slot game.,OTHER
good game good for passing time,OTHER
fun slots that's it. fun slots. what more do you want? :),OTHER
great game... awesome animation and effects. makes one feel like a winner.,OTHER
fun game with great bouns rounds fun to play for hours...great bouns rounds,OTHER
? this is the best slot machine game.,OTHER
very hard too win and can't collect bonuses on facebook ?,FEATURE
passing time this is game nice!!! b-) ;-) b-),OTHER
fun and entertaining great fun and payouts are great!,OTHER
blah!! fix this bug i loved this game until the last update!  now when i log on it just blinks with the daily spin.  can't get passed the blinking spin to play!!  fix this and i may fix this for five stars!,BUG
i play every day it's fun,OTHER
? great game to play and fun,OTHER
fun game nuce graphics & keeps me going for quite awhile.,OTHER
awesome game it's very kool. nice graphics and keeps me busy can't stop .,OTHER
? very big wins and i love playing it,OTHER
great game come and play its fun.,OTHER
? one of the most and  fun game,OTHER
very fun this game has great payouts and decent chances at the bonus.,OTHER
freezes-is slow-didn't give me the money i won next time i played. i won a million dollars and the next time i played it wasn't credited to me. it freezes and stop constantly. it is fun  just wish it would work right.,BUG
good fun and relaxing,OTHER
? great game i love it and play it every day,OTHER
slot game. it was a great game but it has stopped paying out almost completely.,OTHER
it's one best slots good all round,OTHER
kinda sucks since latest update i always enjoyedcplaying this game  but last week when they required an update  it wouldnt let me update-so i had to reinstall and start from scratch.  now it freezes and clicks while spinning- and when i level up  it shuts its self off. not much fun anymore.,BUG
love it! the payout is awesome and keeps me entertained for hours!,OTHER
great game! this is one of the best slot games available i love it,OTHER
slots vacation love the game and keeps you on your toes.,OTHER
good not great. lines make no sense. sometimes not awarded for streaks above,OTHER
? neat game with good payouts and bonus spins.,OTHER
slots vacation this game is really fun! !!!!!!,OTHER
great! can't get enough.good payouts and graphice. i love playing these games.,OTHER
freezes every other spin crap game,BUG
awesome to the developer i just gave another slot machine app very poor ratings your game is 100 the best on android and i've played all the slot machines android has to offer and by far plenty of coins and i'm having fun as hell if it drains all the money now i would not be disappointed i have never paid for a app but i think i will pay for this one stupendous job,OTHER
kewl????? its. time to have some fun,OTHER
it's fine cool game,OTHER
five it's straight,OTHER
? a very fun game... be careful... you will lose track of time it's so fun,OTHER
good game ok game for all,OTHER
? i have more chances to play thanks,OTHER
it is awesome and thank you for the game. ?,OTHER
thanks for your reply! my original game was restored! :),OTHER
great game great game love to play download and give it a try,OTHER
? games are great except for the circus one.  can't win anything!,OTHER
come and join a great game slots vacations is good,OTHER
awesome game!! this has got to be the best slot game. and pays off good!!,OTHER
its great and fun love it,OTHER
i enjoy this game it will e more fun is you can have more points to play,OTHER
? i love this game but its a battery drainer,ENERGY
jerry rosenbaugh this game has a lot of play time,OTHER
? it constantly freezes and closes it won't let you move to next level its now the 19th are u going to fix this or do i have to uninstall it,BUG
its ok higher you get the harder to get farther and more open,OTHER
poor i liked the games but to many bugs shut off all the time or gets stuck especially if u bet high and it has to pay u it either shuts off ot crashes and when u log back on your bet is gone but the coins youj won you dont get.  u guys really need to fix all your bugs,BUG
no more wins i used to love this but now it annoys me so mmuch wit the lack of wins it's just so impossible to enjoy..  i've been playing for months now and iv never seen half the machines cause it never lets me win enough to progress.. i don't runderstand what they mean by free games cause if it is why are they so hell bent on u buying coins it makes no sense..  just give more wins before ye totally ruin this game without u having to spend actual money..,OTHER
love the game. wish it worked right. need to fix all the bugs. no bonus wheel and then the clock doesn't count down if you reinstall.,BUG
great and excellent you got to download it,OTHER
great game and great payouts fun game with a good bonus.,OTHER
love this game i can play this game for hours.,OTHER
it is a fun game you can play i think it is a good game,OTHER
? pay out's are good and topping up takes 4hr better than 24hrs later,OTHER
fun game down load and have fun,OTHER
? game owes me 318 000 coins. sucks when you win big and don't get the coins.,BUG
fun game have fun,OTHER
its what i was looking for i love this app,OTHER
? fun and trouble free,OTHER
? so far this one is a really fun im loving it,OTHER
i love this casino i play everyday. so please download  its fun and exciting,OTHER
fun great sounds and fun!,OTHER
keeps freezing up i was just about to give this app 5 stars  and as soon as i get my first big wheel bonus (150 000 coins) it freezes up and will not work :(,BUG
hallo     i have fun with the game.,OTHER
please fix love the game but i think it may have bugs   please can you fix. . every now and then it spins in slow motion  very frustrating,BUG
fun and picture the game has beautiful pictures.,OTHER
it is so much fun :),OTHER
best game i have ever played lots of points won and given every 4 hours.,OTHER
? need to fix all the bugs,BUG
fun for all great time,OTHER
? easy to play and pays big!,OTHER
awesome game it's very kool. nice graphics. like all the games,OTHER
me and kids love it. ?,OTHER
great app thnx wifey for putting me on to this,OTHER
awesome this is a great game! your customer service is the best! thank you!,OTHER
great tool easy way to save articles  videos  etc for review later.,OTHER
good app does what it is supposed to.,OTHER
great app. thanks for a great app. i keep a lot of articles in it.,OTHER
the best this app is do useful. it's flawless.,OTHER
excellent app! this is a marvelous app!,OTHER
awesome! this app is absolutely awesome! very useful! well done!,OTHER
? i like pocket for it's ease of use and absolute reliability.,OTHER
excellent for 'read it later' ?,OTHER
? fantastic app for reading articles. beautiful minimalistic layout.,OTHER
a must have! great app and a perfect companion for many other apps.,OTHER
cool very convenient. just pocket it and it's stored for later view.,OTHER
excellent! but  sometimes doesn't recognize articles for article view.,BUG
wonderful has changed the way i read  where i read stuff !,OTHER
cool;::;;- use of the intended recipient you have a lot and i am say  thank you.,OTHER
love it very easy to used and accessible to all my devices,OTHER
wow this app is too good thanks.,OTHER
superb! thanks dev for making it free!,OTHER
favorite i use this application every day is very usefull,OTHER
love this app amazing app so useful and easy to use.,OTHER
what happened? this used to be a premium app. like many developers  they decided to fix things that weren't broken:  i'm assuming this is done to remain relevant. my biggest complaint is the loss of page flipping after the last update. why wasn't this checked before its release? i also notice that many web pages have trouble loading onto pocket. i continue to receive error messages claiming unable to sync. i'd like to give the app a higher rating  but not until these issues are ironed out.,BUG
? great and simple,OTHER
excellent this is a great app,OTHER
just love it! been using for 9 months now and it is perfect app! ?,OTHER
? a robust very useful simple and universal apps,OTHER
invaluable! i use this app daily and can't imagine not having it.,OTHER
great app beautiful idea and wonderfully implemented. nice job guys!,OTHER
very clever very useful and clever.,OTHER
awesome it's a really good reader and way to save content across platforms.,OTHER
? excellent for storing & retrieving what you love.,OTHER
love it!! i do research. this is so great. thank you,OTHER
? my most used app for bookmarking sites.,OTHER
awesome i use this app constantly.  super easy to use and super handy.,OTHER
for avid reading compels me to save & read more and more,OTHER
great app excellent app for offline readers,OTHER
the best way to read long reads and a very simple one  too,OTHER
? must have apps.,OTHER
very useful easily understandable user interface and features are nicely put together. reading articles is easy task for me now,OTHER
great verry productive and usefull app,OTHER
excellent way to save articles and read later ?,OTHER
? if there's one app i couldn't do without  it'd be pocket,OTHER
convenient great archiving and easy to use,OTHER
good one thanks for the app,OTHER
awesome awesomely easy to incorporate and quickly share days info,OTHER
save to sd card i checked the option to save to sd card however it still saves to internal memory??,BUG
not sure i feel with all the permissions you have to give this app and then you have to create an account and log in makes me believe they are using this app for getting information. it could be done with only the minable permissions and use your own memory.,SECURITY
love it! very useful and nice ui.,OTHER
amazing. this app is perfection. 5.0 is insane.,OTHER
must have! the only bad thing is not having pocket.,OTHER
sometimes fails to save the whole page (static ones) for offline reading. ?,BUG
i rely on it been using it for years.,OTHER
great app i use it everyday for quick bookmarking and sync to my devices.,OTHER
great app love storing stories for later reading.,OTHER
must have very useful. worth 5 stars.,OTHER
it's very handy... ?,OTHER
good does not identify articles sometimes.,BUG
can't install i can't install it on my samsung note iii please fix it. error. (941),BUG
my favorite app i use this app everyday and it's my absolute favorite!!!,OTHER
lovely! this is lovely apk.,OTHER
i am in love with it! it's simply awesome,OTHER
must have app! ?,OTHER
a must have app its a better way to keep important things over the net,OTHER
good one good one for offline reading. so easy to save and read later.,OTHER
superb i really like this.this is fantastic,OTHER
cute! ..get down  and booogy  little kitty!  ( (modroidrazr)),OTHER
owsam cat is my fvrt,OTHER
excellent this is fun and good for kids. i suggest using this app for kids.,OTHER
boring horribly boring!! do not get the app it is a was of time,OTHER
annoying i like cats and the dance they do but the music is annoying,OTHER
great i love this it's really helpful.,OTHER
? this is a great app xd,OTHER
excellent this music is comoning.,OTHER
? does what it says!  very. happy,OTHER
the best! all i can say is - awsome!,OTHER
wonderful music very relaxing amd useful for sleep or meditation.,OTHER
very relaxing nice mood music for your fantasy.,OTHER
sleep good you can sleep good and relax good i love it,OTHER
great piano music the music is great,OTHER
hummmmmmm it's playing two tracks at the same time!!,OTHER
good app it is the best app.,OTHER
great it is just wonderful. i can sleep soundly lol i love it and recommend it,OTHER
? great it is just wonderful. i can sleep soundly. i love it and recommend it,OTHER
christmas slots this is a very excellent game!,OTHER
very relaxing music is great,OTHER
i love it it is an awesome app and just as fun as the reg  slots.,OTHER
fun this game is a joy,OTHER
hate the app love the moga and love the service  but this app is hideous,OTHER
moga is great moga is great for games,OTHER
good controller! hope more games and emulator compatible with moga!,OTHER
great app for great controller love it,OTHER
love it! love the controller  and the app.,OTHER
ehh its okay for now but a ps3 remote is better  can't even play n64 right,OTHER
app is slow it it not well organized the categories like shooters there is only one witch is incorrect and its slow it freezes scrolling is glitchy etc.,PERFORMANCE
there is room for improvement... the good thing  it lets you know when your moga (pro) has been connected to your android device and it displays current games that support the controller. the bad thing: a.its interface. it's boring  even my 14yr old cousin can make it look like tegra zone-based stylish themed or better. b.the bluetooth connection. when i'm using the game  the controller loses the connection with it for too long so i have to press the moga button and try to reconnect;or it happens for a few seconds and while i'm using the controller  my notification keeps showing the controller has been connected to my tablet. c.the moga pivot connects the controller to the android device  but why on earth does it not display the controller battery life? how much longer can my controller's built-in battery last? it should let me know. d.just let me know whenever a new game has support for the controller. i'm talking about pivot running in the background  self-updating its catalog and pushing a notification warning me a new game has entered the 'supported games' list. it'd be great. e.sometimes the controller takes too long to connect. what's with the hold up? please fix these issues. they are worth a new update.,USABILITY
love. it love it..must have if you play games!,OTHER
awsome i think this is the next generation of mobile gaming,OTHER
yeah!!!! this is so cool!!!,OTHER
top notch controller! highly recommended all my emulators work flawlessly and the controller has great battery life (moga hero power),OTHER
awesome great for on the go gaming. go get one now!,OTHER
? controller and app are great!,OTHER
it works. won't buy the paid version until memory leak issue is fixed.  bs app.  can't even get my controller to connect with app.  and devs dont seem interested in fixing.  save your money any buy a usb controller or better.,PERFORMANCE
the best for gaming simple and easy to use,OTHER
moga that app is cool with my moga,OTHER
loving my moga pocket just wish it had a dpad but this is a pocket version so i understand why it's not included,FEATURE
it's awesome really good if you have a moga controller,OTHER
stupid don get it its a dodgy app which probaly has viruses. be smart,SECURITY
code redemption i couldn't redeem my code for soniccd for some reason.,OTHER
awesome it's awesome,OTHER
the best! moga is the best gadget for galaxys4 ever!,OTHER
love. it love it..must have if you 0lay games!,OTHER
? great controller and app,OTHER
best thing ever greatest invention for driod yet,OTHER
great gaming on my phone is a lot more fun!,OTHER
nice wow is awsome im a kid and knows how to play mist of pandaria is awsome,OTHER
galaxy s2 love this app. very useful. only thing that bugs me is from time to time my screen blacks out and force closes the app when i back out.,BUG
best. easy to use and werry helpfull,OTHER
2 thumbs up great app  has tons of good info,OTHER
awesome this is amazing,OTHER
poor this app is poorly coded and does not have enough detailed information,USABILITY
ok ?ts ok but it has information that no one wants.,OTHER
bad. has nothing for end game content and is very very very outdated.,OTHER
thankyou waited for such an app for a long time. jazakallah!,OTHER
this is it i've been lookingf for daily muslim apps to guide and track my prayer,OTHER
any time avialable for read the bible;very good app. superb app,OTHER
good exlent... thank you for providing telugu bible,OTHER
? it has full virus,SECURITY
bible is the sender good,OTHER
thanq for this fantastic  i like this telugu bible app  all of it in one app,OTHER
unbelievable app its a ultimate app thanks i have ever seen this app my hearty congrats to makers god bless you brother thank you very much praise the lord its too good and ultimate simple understandable everyone can study,OTHER
superb it is very useful to believers,OTHER
? plz try to mark the versus while listening the word of bible and date date txt,FEATURE
truth bible only the word of god for human kind.,OTHER
nice it's really gud..,OTHER
nice bro excrellent and helpfull,OTHER
exlent for use it is very useful to read at any  whetr,OTHER
? it's soo nice,OTHER
good application god bles u. thanks for app center this good.,OTHER
praise the lord its a god gift for all... super app,OTHER
hmm actually i do ot like tattoo but i will try..,OTHER
gay it is the gayest game in the world,OTHER
bad bad does not let us open a ws,BUG
incredible app cool for uses,OTHER
exellllent this is very very good app...,OTHER
? it's quite useful,OTHER
? fun game  good concept but freezes waaaaay too much.,BUG
? what is the best the best thing to scan?,OTHER
? i'm constantly looking for monsters...its fun,OTHER
? me and my bro luv 2 see which 1 of our beasties is better.,OTHER
? great idea can't wait for the multiplayer,OTHER
doesnt work uninstalled and reinstalled several times  it only freezes my phone so that i have to restart it,BUG
? wont load or do multiplayer  evo,OTHER
? boring  and too hard to recognize a barcode,OTHER
? 5stars for originality. if you like this  then try the dungeon trainer app.,OTHER
htc xe easy and fast,OTHER
nice good game for freshness,OTHER
wow vry nice game and jump,OTHER
game this game is kool!!!!,OTHER
good i like this game but i have played better,OTHER
sucks this game is the worst game i've ever played!,OTHER
? this game is wack,OTHER
crap. piece of crap at least make it easier and higher quality,FEATURE
? this game is awesome,OTHER
booossss this game is boss dawg it is b?o??oooo?oooooooooosssssssssss,OTHER
this is a very good game i play it every day,OTHER
flash i don't have flash and i don't know how to get it,FEATURE
moody only works sometimes  freezes every other time and i have to force stop often,BUG
amazing love this app and i love kongregate thank you whoever made this.,OTHER
galaxy s3 terrible. dont even bother if you just want to lose battery  and want to colg up your memory. now i cant get 250 points for powerewords,OTHER
freezes when browser loads freezes when browser loads to play game,BUG
:( it has some crap games the games on the internet r way better,OTHER
good i just did it for rp for game stop but its really good app,OTHER
great app for accessing their games get the mobile games of kong.,OTHER
awesome i requesting mud and blood mobile,OTHER
excellent app.  clean and easy to use. ?,OTHER
? this is fantastic   i love it :-),OTHER
excellent always current and has the display i like.,OTHER
simple and easy simple application and easy to integrated with simple launcher,OTHER
? this is the best weather/time application i have ever used,OTHER
simply perfect versitile and easy to use,OTHER
everything i wanted takes less space than default clock of moto x  and packs so much info. the default settings are pretty impressive. did not have to customize much. won't mind paying for it.,OTHER
beautiful hope you guys make the galaxy s4 clock soon...this one is great,OTHER
battery drainer i really like this weather widget  but no matter how long i set the update interval  my battery screen shows that it averages 20-25% of my battery usage.,ENERGY
thanks :) this app is very useful and i keep checking it out every morning.,OTHER
wonderful this widget is really great. easy to customize.,OTHER
5 stars this is exactly what i am looking for. thank you so much.,OTHER
brilliant app very good  quality and easy to use.,OTHER
battery drain after new update  it drains my battery,ENERGY
canvas 2 plus nice and good very best weather widget nice vive and nice app,OTHER
too much ram using but app is good,PERFORMANCE
? i like the widget and customization but the weather is sometime inaccurate.,OTHER
best of i have tried most of weather apps. this one is the best from far,OTHER
simply superb when compare with others it's very nif,OTHER
good app. what a nice app. help me get prepared for the day.,OTHER
beautiful widget. only problem i think is inspite of turning gps off  the app is continuously using it as shown by my battery usage statistics.,ENERGY
transparent clock and weather widget just get it.!!,OTHER
good good app  could do with more size customisations for the widget.,FEATURE
very nice app this widget shows a lot of info in a small space (1x4). time is large   temp is medium sized and a lot of other data is selectable as an option.  i have not had any problems with it in the 4 months i have used it.,OTHER
bad since last update!! there have been several updates lately and now this widget is not in good shape.  time is off  freezes phone   doesn't respond to touch to show weather etc.  fix!  it's deleted for now.,BUG
great app but small problem latest update caused the widget battery percentage not to sync with the phone's battery percentage automatically  every time i unlock the phone i need to tap on the widget in order for the battery level to update.  other then that it is the perfect home widget!!!,BUG
great weather app easy to use  fast and snappy  highly customizable,OTHER
superb must have app,OTHER
seems to do what it says on the box so far. thanks,OTHER
love it! great replacement for the htc widget.,OTHER
some issues when connected to wifi finds location but cannot find same location by manually searching  also app changes location after disconnecting from wifi  less battery use if it changed when manually updated or at update interval. also a centered time w weather underneath widget would be icing on the cake as well as ability to go even less transparent. also widget doesnt fully fill 4x2 grid. with these small issues fixed would definitely support. :),BUG
handy app very convenient and easy to use.,OTHER
very good. thanks for this nice app.,OTHER
? great for people on the go. i love this app.,OTHER
awesome! one of the best weather widget for android! two thumbs up!!,OTHER
? the forecast is not my expectation.,OTHER
love it! it is just a great app...,OTHER
love this weather ap. one of the best weather ap. and tried quiet a few now!,OTHER
great app i love this app  only thing better would be an option to make battery percentage large  or smaller if u wasn't  basically just to give some more ability to change the size of the other fonts not just the time font. best of all is that you can customize so much  i've already given it a five  if i could customize the font sizes of everything  i'd give it seven stars out of five lol,FEATURE
clock awesome clock and weather actually works and clicks forwards to appropriate place.  i love that it has battery level built in and taken into consideration that it has to use a lot of internet  a longer weather interval would be nice.,FEATURE
great i've tried a bunch of different weather apps. this is by far the best one.,OTHER
? best widget i have ever had. everything in one widget. just perfect :),OTHER
smart looking good clock and whether widget. looking samart and advisable. ...,OTHER
useful easy to use and fulfill information,OTHER
locks up too often it would get 5 stars except freezes the phone every too often on the galaxy s4.,BUG
leaching battery very badly on nexus 5 destroys battery,ENERGY
this app is awesome...! very nice,OTHER
great best widget app of it's kind! ?,OTHER
? this widget is really awesome..,OTHER
best i've tried a ton.  for simple and good this is the one,OTHER
clean  easy design works very well and not a battery drain like others. works as described.,OTHER
draining battery i liked it untill i found it is draining my battery,ENERGY
? best i have found,OTHER
simply crap there is no weather information!,OTHER
very nice clear and to the point,OTHER
excellent app no complaints at all but still waiting for urdu localization,FEATURE
meh freezes up a lot. glitches up my whole phone. gets location wrong.,BUG
time freeze the app looks good but time freezes alot even after unchek allow optimization.,BUG
bad had to uninstall 5 min. later due to the complications fix bugs,BUG
? easy to use and functional,OTHER
great app i love how easy this app is ..in afew words its the best weather app .,OTHER
it's nice it helps,OTHER
perfect!!!! i love this app. it is awesome!! thank you soo much?,OTHER
good clock great clock but can be improved in looks and the themes.,FEATURE
? does exactly what it says on the packet,OTHER
great app easy to use clear and to the point.,OTHER
nice great app  easy y to use and lots of choices,OTHER
does not work on nexus 5 drains battery   makes phone hot.  please fix and i will update review.,ENERGY
awesome and simple awesome and simple,OTHER
really nice but drains battery for some reason it use alot of my battery but other than that it is great.,ENERGY
very good good and simple widget.,OTHER
battery hog unfortunately this great app has become a battery hog..... i cannot justify using it any more.,ENERGY
great app simple and powerful! but eats up a lot of ram; about 80mb in my case,PERFORMANCE
gs3 best weather and clock widget out there hands down,OTHER
bad for battery i had to revise my rating. it sucks too much battery.  i have 50% left and before installing i would have 80-90% left.,ENERGY
it's a great way to get the latest information ?,OTHER
very pleased easy to customise.  loads of appearance options.  combines things  alarms dates  battery level and events so with one glance ur done.,OTHER
battery drain the app looks great but is using 36 percent of my battery ???,ENERGY
good app i found the app is very good for forecast. i like it.,OTHER
good app. good application. recommend for download.,OTHER
50 percent it's great and excellent customer,OTHER
have used it for years love this app!,OTHER
excellent best weather app and widget,OTHER
excellent aaps for location weather time battery  all in one with modifying feature a must have widget  for all users.,OTHER
? awesome widget!  show everything that i want and is functional.,OTHER
this is really good this app is really good,OTHER
beat weather widget a good app. for your device page.,OTHER
? same issues as others with galaxy note 3 (jb 4.3 verizon). occasional freezing caused battery drain and hot phone (but that has not happened since last update...so far). however... battery temp never changes/updates. same on wifes note 3. back to 5 stars when that is fixed.,ENERGY
i love it. low memory consume.,OTHER
display is wonderful  accuracy on point  beautiful graphics very nice  love it.,OTHER
? accurate and clear,OTHER
time time freezes and will not update since latest version.,BUG
? fabulous and user friendly... raj (kolkata),OTHER
yeah... nice you can tell the dev was very creative yet battery friendly with this app... don't need animations  the weather images are perfect... other then the ads(i understand) ???,OTHER
power house app well designed and written  great concept.,OTHER
usefull great apps for every time use. thanksss!!!,OTHER
battery level bug battery level is not in sync and you cannot remove the icon on the widget...,BUG
best weather app great app  easy to use and looks great on my droid.,OTHER
lame cannot access full app from widget  which requires wasted screen space due to double apps.  widget is huge for how little info showed.  should be able to select # of days of forecast shown.,FEATURE
excellent what a application truly amazing stuff for everybody,OTHER
perfect runs smooth and allows me to see my wallpaper perfectly,OTHER
great widget i love this app. its everything i was looking for in a weather app.,OTHER
great app i love how customizable it is and how much you can do with it.,OTHER
nice app nice app  accurate and doesn't hide the wallpaper,OTHER
excellent app. does what it claims. easy to use and great to look at.,OTHER
perfect congratulations  it's a wonderful app  thanks ?????,OTHER
cool is really easy to use n show weather 4ever,OTHER
ok detailed and easy,OTHER
brilliant weather app & widget love the functionality and funky looks!,OTHER
? best weather app i have used.,OTHER
? most useful and informative. my thanks to provider.,OTHER
this app is awesome who does everything it says it will. and some,OTHER
transparent weather very easy to.understand..makes it also easy for my 6 year old to tell me of the up comming forecast..,OTHER
i really like this app easy to use   and gives you exact information.,OTHER
htc one s great app  with nice and various widgets. thanks!,OTHER
good app does what it's supposed to,OTHER
best its very good and best application,OTHER
for now. just dled. most of these suck battery juice like crazy i'll leave a positive comment after i check out my batt consumption after a few days. most of these are extremely draining on your battery  do your homework.,ENERGY
transparent clock and weather just what the doctor ordered. brilliant app.,OTHER
does what i wanted works great  fairly customizable  and the weather page it links to is easy to read and understand quickly.,OTHER
? superb  clean and neat,OTHER
inaccurate its cloudy and raining out and it still insists the weather is clear!,OTHER
latest update is flawed! now it kills my battery and  freezes up constantly. i have to restart my gs4 every day ! please fix and i'll give you 5 stars!,ENERGY
helpful good app  help me to prepare for the weather,OTHER
? prediction is good.,OTHER
great functionality. does what it's suppposed to. useful  to say the least.,OTHER
like the app remove the ads. and get that 5 star.,OTHER
? i hate this app it is very solo s,OTHER
the free sd memory shows as the same with phone internal free memory it's almost 5 star but with the bug i found i can only give you 4. i hope you can fix it :) could you also show battery's temperature? please.,FEATURE
gre@t :-) this is what i was looking for. thanks!,OTHER
awesome graphics and use are great and the accuracy is perfect,OTHER
it's a weather app it tells me the weather,OTHER
great.. great app! does everything!,OTHER
wonderful application a must download weather widget for your andriod.,OTHER
battery drain worked good first few days  now just draining battery everyday....???? idk. gonna look elsewhere.,ENERGY
weather readings it does read all selected aspects well.,OTHER
agood app i use it to confirm times and weather in different cities.  great app.,OTHER
tytto elegant and very nice. unfortunately  i notice in my nexus 4 a very high battery consume..about the 21% as reported in the battery app. i think i'm going to uninstall it...,ENERGY
great app best looking and best functionalities. i been recommending to friends,OTHER
super! so sleek and versitile  try and you'll love it too.,OTHER
light as feather light app with light smooth graphics  5 stars for sure (y),OTHER
accurate forecasting great application all forecasting is very accurate,OTHER
i love it. low memory consume.,OTHER
? must have on mobile.,OTHER
good app! but the weather is almost alway wrong for me,OTHER
excellent really one of the best i have used and i have used a few.,OTHER
like it! does what it says.,OTHER
weather. it's says clear when it is cloudy with slight rain? ???,OTHER
great app outlook is awesome... performance is good.,OTHER
excellent weather app i like this weather app because it is transparent  it does not take up a lot of space on your home screen.  it's accurate and easy to use. you can tap on the sun  moon  or cloud and it will drill down into another screen that gives you more detail. you can tap on the time and it will drill down and take you into another screen where you can adjust the app according to your liking. you can also determine what size you want this app to be on your home screen. super excellent.,OTHER
thumbs up fantastic application. easy to use and looks great.,OTHER
not bad its a good app  the ui on the widget is pretty cool,OTHER
great app it's really nice app,OTHER
not comprehensive doesn't have toi and other papers...,OTHER
it is excellent i like this app so much,OTHER
good app this is my favorite apps,OTHER
excellent it's a good app for searching jobs,OTHER
this is excellent app really helpful,OTHER
nice one it is very help full.,OTHER
i lyk it everything is perfect,OTHER
good useful for every indian who having android mobiles,OTHER
news hund is a very useful application . it is very easy to use and simple to understand,OTHER
? average than other. also use for quick view.,OTHER
nice app for student,OTHER
five star very useful app must have it.superb app,OTHER
great this is good app for u...,OTHER
poor bakvas interface and very very slow app.,PERFORMANCE
very nice app thanx for the team keep the same tendency in future too         o,OTHER
i love this apps this is very good apps i love this apps,OTHER
this is good.....app,OTHER
? it is very good app.i like it,OTHER
good good and excellent,OTHER
yampee exellent nice and cool app,OTHER
its for knowledge i totally like it,OTHER
better to do more exelent job,OTHER
i give it five star .very good apps i have also instaled this,OTHER
i love this app especially for sakshi sakshi superb,OTHER
must very good apps for multilinguals.,OTHER
about ebook one star for ebook,OTHER
hi frds exelent apps is useful to all,OTHER
super useful and helpffull,OTHER
it is great i'm very happy with this aaps it is very informative.,OTHER
battery hog if using widget using newshunt from my symbian days. was a big fan. but recently the app has turned into a battery hog in android (key reason for android os drain in gs4) especially when widget is used. kindly add a setting to restrict sync news and widget update.,ENERGY
this is good daily read this,OTHER
nice it is very useful,OTHER
? why ios app is so superior?,OTHER
best it's all right powerfull,OTHER
really useful for all. gud,OTHER
best for me best for me,OTHER
great app use it and enjoy friends,OTHER
look this is the invest,OTHER
simply supper grate app.download it and enjoy,OTHER
best 4me best aap for read many laguages paper,OTHER
awesome; very useful for   me.,OTHER
everything is ok ex lent appp,OTHER
good it is good.app,OTHER
karthi this plays is very nice,OTHER
good but it's take more time for loading,PERFORMANCE
nice it is a very nice app.,OTHER
fast and speed application,OTHER
excellent app it is a very useful app.,OTHER
good app but not bad it consumer high battery  and data  and work amazing,ENERGY
excellent nice and superb application,OTHER
good its very use full and available in all indian language .,OTHER
super all is well,OTHER
hi frds it's very useful for all of them.,OTHER
good job appearance is good,OTHER
very good its very nice and excellent application for people,OTHER
4.1 the app is very good.,OTHER
good it's a good app,OTHER
very good apps it is very excellent application,OTHER
its nice this apps is must lovely,OTHER
this is wonderful app which gives latest information,OTHER
very good good app for indian user,OTHER
? i am very like it.very good and exillent app. this is fine,OTHER
good good for me,OTHER
good this is importent to all people...,OTHER
great app to download this app is just awesome.,OTHER
good but is nt moveing horigental,BUG
nice application it's  really so nice to read,OTHER
very gud this app is very good but in my phone its not opening and showing unable to open error is shown.pls fix it,BUG
nice this is exellent application,OTHER
no kannada books there is no kannada books in your app.so i ll give only 2 stars,FEATURE
very god app this is very useful to us..... such a great app,OTHER
good it's good app,OTHER
hii this apps very usefull for everyone..,OTHER
amazing app! there is no other application like this.,OTHER
really nice nice   it's great to read all imp headlines on notification.,OTHER
nice app thay do it now,OTHER
desepointed it's not working for my phone xperia miro i won't understand why it is...........,BUG
hh it very useful and very good app,OTHER
good app this app is excellent.....,OTHER
the best apps good and use full apps,OTHER
nic helper app it's very gorgeous app for us bcg it helps us...,OTHER
its good this is power of a commen man,OTHER
heye what r you waiting for realy good aps,OTHER
? is realy best,OTHER
supper nice and use full one,OTHER
great application this application is very useful. so i give *****,OTHER
thanks thanks....your app is very important for us........,OTHER
? is tooo gooood,OTHER
great app its a fabulous and fast than media channels.,OTHER
very nice and joyfully app love it,OTHER
good thanks for this app its help to much,OTHER
nice very use full for me.....,OTHER
good to see uses is too good,OTHER
must have very useful app,OTHER
pandey ji very nice and usefull...,OTHER
? it is very much helpfull...,OTHER
samsung galaxy sdues this is a best app.....,OTHER
2.6 thish app is very useful.,OTHER
excellent apps he is very fast apps all language use,OTHER
s it's brilliant aap,OTHER
think live helpful for today's life,OTHER
great app.. nice app .. keep it up..  it is very useful app for us... *****,OTHER
best ever capturing small space and providing huge news..great !!! books section is also awsome.,OTHER
awesome it's very useful to all people.,OTHER
good app for micromax canwas2,OTHER
awesome it's amazing..,OTHER
no net connect no speed and very very bad,PERFORMANCE
battery hog if using widget using newshunt from my symbian days. was a big fan. but recently the app has turned into a battery hog in android (key reason for android os drain in gs4) especially when widget is used. kindly add a setting to restrict sync news and widget update.,ENERGY
hi this is very good aap,OTHER
? great apps for tamil users,OTHER
good enjoy the app important app for me,OTHER
awesome it's a good app,OTHER
very good occupies minimum memory space and covers all top magazines and newspapers,OTHER
samsung galaxy s2 very nice and useful.,OTHER
? this is something wonderful for paper readers,OTHER
nice app its very good app so i m taking 5 star for this..,OTHER
? it's excellent,OTHER
balarjignesh mast and very good,OTHER
? very very nice and useful,OTHER
great app this app is very good,OTHER
nice app very good for daily readers,OTHER
agood one! good app for review papers in short time.,OTHER
micromax a177 that is the best app....,OTHER
good app you must have this,OTHER
niceee... good for all mobile users including java,OTHER
the best useful app and thank for developers,OTHER
gud good one for info.,OTHER
123 must have app,OTHER
it is useful for all members super,OTHER
nice app everything is good,OTHER
superb this is very useful,OTHER
? this is very good application & very useful. .........,OTHER
? its very good for forene peple,OTHER
good and very useful good for every one .its fantastic.,OTHER
f this apps is nice,OTHER
suppperbbbbb its coool.. and supperbbbbb,OTHER
lovely apparently love it too much  wow for this awesome app.....,OTHER
very catchy i say its a must have app for evey android.,OTHER
nice app.... this app is too good....,OTHER
? amazing ... we see all in one ... i was searching for such a thing,OTHER
? have to check,OTHER
nice this is a good app,OTHER
great app very resourceful. very handy for people on the move.,OTHER
good i am impressed....this is wonder full app....,OTHER
excellent very very............i have no words to say,OTHER
better useful for everyone,OTHER
great. thanks for your service . that's great,OTHER
stil need to improve it is a good app fixed lot of issues reported earlier so it became best app again. compared to other news apps it gathers info and display while others take you the news websites but negative side is memory consumption is high and other thing is need to update paper list and developer said actively working on it. there are few more papers i am seeing that content is duplicated and needs to be fixed,PERFORMANCE
best marathi batmya for evry lanvge,OTHER
? best app for making a person up to date!,OTHER
? very nice app. all indian must have it,OTHER
very good and cool apps very good and cool apps,OTHER
download the apps this apps is super and very helper,OTHER
nice nice and very helpfull app,OTHER
very good allways likes nh for gk,OTHER
add few settings for font and black background most of things are superb. ..only gui can be more interesting and extra features.,FEATURE
santosh it's best for  all,OTHER
good one make the background other than white colour ot can save some battery power,ENERGY
this app uses and helpfull app very fast download,OTHER
gargeus   that good apps for all android mobile i think ......,OTHER
it is better apps to tham any other nyc apps,OTHER
very nice for all please some improve diesel shed,OTHER
sra1 good and fast,OTHER
nice app. it is very use full.,OTHER
nice it's very use full,OTHER
average application is average,OTHER
nice thanks for the ading books,OTHER
superbb app it's awesome appp,OTHER
woo.! gr8 n fast ui simple and lite app ?,OTHER
good apps for knowledge. ?,OTHER
good app this is very useful app,OTHER
excellent i am using this app since 6 months. it's good application.,OTHER
nice u rs apps is so good,OTHER
fantastic it's realy good app,OTHER
good people who want to read headlines this is best for those ,OTHER
good its very useful for all u can also try,OTHER
aashlesha it is the useful and amazing app........,OTHER
super very useful and nice,OTHER
bug all categories shows same news.... fix this bug,BUG
good one nice app for getting knowledge,OTHER
amit kumar life is soft,OTHER
excellent app nice to use this app it is very handy .,OTHER
cool it's very useful,OTHER
very good a really useful and informative app,OTHER
? good collection and useful,OTHER
this is awasome don't compare,OTHER
jhiiii it's good,OTHER
good this is amazing,OTHER
excellent it's wonder full app,OTHER
very usefull and good excellent,OTHER
good it's gooddd...,OTHER
? very good and fast app,OTHER
good is very good application,OTHER
excellent good app for people abroad,OTHER
this apps is verry best nine,OTHER
? short and sweet. good application,OTHER
koolest app so user-friendly and so useful,OTHER
what a app.......nice for nuse....lover's nice,OTHER
the hindu removed ias aspirants only stick to the hindu.. don't understand why u guys kicked it out...  nw its just sm paid news displayed here...  hope u guys fix it.. n then i'll rate it 5/5,BUG
excellent this app is very good,OTHER
i like  extantion for more laungues super,OTHER
using since long time started from my java mobile to my tab and to mobile,PERFORMANCE
fit hai boss it is very easy n fine,OTHER
good aap really love it it have some minor bugs and crashes please fix them up. and i am not able to opne those ebooks that i have downloaded please fix them up.  really love this app,BUG
good but... it has ads...please remove ads from this...,USABILITY
very good that is very good application,OTHER
great app. only word for this app. great,OTHER
nice app this is a great application,OTHER
dinesh maity i'm too happy to get it.  thank you andraid to making for us,OTHER
? excellent apps for anandabazar viewer.,OTHER
? nice and good app,OTHER
it is fantastic very good,OTHER
very good very good and helpful,OTHER
simply fab every device must have it,OTHER
excellent app this is by far most frequently used app on my phone...,OTHER
vtthegreat it's decent,OTHER
loooove it! very convenient one-stop shop for social notifications.,OTHER
? does what it's suppose to,OTHER
looking good... this is a very usefull apps.,OTHER
good it is very good  but if possible  expand its properties,OTHER
pls fix bugs nice apps!,BUG
fast and easy very slick and fast,OTHER
love it its beautiful and amazing,OTHER
very good the integration between the apps are fun and easy,OTHER
amazing best notification widget for social apps,OTHER
almost a 5 star great application.  works well on my samsung galaxy s relay except for the sizing.  the widget uses up a 4x2 space rather than a 4x1 space which would be perfect.  it would also be great to have the option to remove the bottom bar where the date and time is since the majority of phones usually already display this with a weather widget or what have you.  keep up the great work!,FEATURE
good it is an useful app,OTHER
awsome love it. it has so many different sounds,OTHER
? this is funny but creepy at the same time,OTHER
pop up ads galore nothing special and very annoying pop up ads.,USABILITY
..? how do you even get past the more apps place?,OTHER
i dont have a sd card so i cant use it  :(,FEATURE
not for kids not for him,OTHER
? is the best ringtones ..thank you,OTHER
awesome funny sounds  and great ringtones. i love this apo,OTHER
crap city if you want a ton of spam this is for you otherwise it's no good,USABILITY
love it it has a lot of different aps to chosen from,OTHER
galaxy ace india is greatest,OTHER
hi this is super application,OTHER
lots of ringtones has a large selection to choose from !!,OTHER
awesome awesome and fun app,OTHER
? awesome soundboard! could use more hufflepuff spells though and some of them  i can hardly understand. but other than that  5 stars :-d,FEATURE
? @dylan luna lovegood is in ravenclaw,OTHER
? i can honestly say it's one of the best apps on the market!,OTHER
? great for fans,OTHER
? must have for all folk  magical or not!,OTHER
epic heh heh i can't understand what harry says when i presss the accio dittany button. harrys fault for talking to fast,FEATURE
? pretty awesome. could i have some more fred or george one's please,OTHER
? must have for harry potter fans !!!,OTHER
? fabulus app........great for hp fans.........love it:-),OTHER
brilliant this is awesome!,OTHER
? this is the best !! recommended for all muggles! :),OTHER
by janey whitehouse this game is fantastic,OTHER
..... why it's so slow ..**,PERFORMANCE
good it's good not bad,OTHER
? ever since i got this app my tablet freezes i can't text without the words freezing and i have to wait on them i'm uninstalling the app because of this. fix the problem. don't download this app unless u want ur phone or table to start freezing.,BUG
body symbol very nice and somewhat accurate,OTHER
nice but it is nice but when it log we cannot take picture,FEATURE
sucks it freezes when u finished taking the pic,BUG
great!~ it's easy to make the shape ^^,OTHER
body symbol it's so heart heart &lt;3  excellent :),OTHER
noo.. it's little bit complicating. nooo....,USABILITY
ew sucksss!!! freezes after one picture!!!!,BUG
thanks for this app! i love it very much thnx!!!!!!  glaxy y!!!,OTHER
sooo annoying!! its a good app and it works fine but sometimes it just freezes and when i go on my actual camera it says it failed so i have to turn the phone off and turn it i'm again!! plz fix this!!!,BUG
this is so nice!!! ?,OTHER
angeline it's a great app but so late she loading,OTHER
front camera it is upside down!,BUG
me this is the best,OTHER
great perfect  great colors.. easy to customize.. clear and clean!,OTHER
glitches and ? sends and receives data even when weather function is off. why? date and battery text is not very crisp and clear under certain font except when stroke is checked.,BUG
? love this app. time  date  weather and battery. this widget covers them all.,OTHER
app this app is hot. exactly what no was looking for.,OTHER
clock is constantly wrong the clock freezes even when the clock in the notification bar tells the correct time. has been happening for months. very frustrating.,BUG
very good great widget.. happy to pay for the premium version.,OTHER
? cool  but weather keeps dissapearing. and it consumes battery as well...,ENERGY
evo4g lte! great app  luv all the different colors and designs!,OTHER
good nice layouts and fonts.,OTHER
temperture temperature is always wrong.,BUG
nice visuals. best looking clock apk i have encountered it's good but the temperature meter shows error too often as it hasn't updated it. maybe i could update more often by changing settings but it should just remember the temperature it has measured last. i hope they fix that soon. otherwise five stars,BUG
good app it's customizable which i like. sometimes it's a bit difficult getting items to line up properly and the areas for each part of the display don't change size dynamically so the font sizes will get bigger or smaller to fit in the space alloted for them which i don't like. overall it's a good app though.,USABILITY
awseom unique innovative and just awesome,OTHER
it's a clock :) love that you can change it to whatever you want.,OTHER
great perfect  great colors.. easy to customize.. clear and clean!,OTHER
? this game is complete shit,OTHER
kyaw min calassic car game is very like,OTHER
? nice game car is awesome ...,OTHER
always says not eough memory why would it not work for t mobile concord it always says not enough memory  if anybody reads this don't get this gamegame,BUG
excellent you can change your car s  it's easy to park it self,OTHER
sucks this game can suck my hairy six and a half inch penis!,OTHER
cool nice game but the steer ah i can do it but its bit hard for me,USABILITY
love it this game is good and so fun like i can play all day,OTHER
i love it it is cool!!!!!,OTHER
very waste game i installed it in my android and it stucks ....... what 2 do i don't understand .......???????,USABILITY
? this is free and dose the job. what more can we ask?,OTHER
amazing yay i have internet for my laptop  =),OTHER
good app this is my main sorce of internet do to ware i live  extremely useful,OTHER
great app! is as described.,OTHER
this is the best excellent,OTHER
best of the best... the best tethering app for android.....,OTHER
droid x you have to root your phone to use,OTHER
inconsistent works well half of the time  the other half it freezes my phone and i have to do a battery pull. there are better tethering apps out there...,BUG
rena it is soo cool la all the way,OTHER
? it's a prank losers,OTHER
kobe is the best f all haters enough said,OTHER
kobe i love kobe and the app is cool,OTHER
i like it because i enjoy it the picture is very small,OTHER
good app kobe is my favorire player good wallpapers,OTHER
kobe bryant live wallpapers good app for kobe fans,OTHER
awesome it's one of the best app ever,OTHER
unreliable i can never tell when it is properly oriented,OTHER
? does a great job.,OTHER
compass this is sensitive fast very easy to read,OTHER
very good indeed well impressed how good a  tool it is. seems very accurate even on lower energy setting.,OTHER
accurate most accurate and fast compass i've tried. sgs4 mini.,OTHER
i love this app easy to read and very intuitive.,OTHER
love it very easy to use and reliable.,OTHER
neat and effective neat and effective,OTHER
? seems great have not had a chance to properly use it yet,OTHER
best this is the best compass of the  many  i have tried,OTHER
? best app for compass easy to use and accurate,OTHER
easy to use and accurate like real magnetic compass. no,OTHER
? clean look. accuracy is good.,OTHER
? great for everyday use,OTHER
good n accurate this app is the most accurate compass i have ever tried. ?,OTHER
excellent giving true reading and simple user interfaces.,OTHER
it's a good app gets the job done,OTHER
compass compass is good,OTHER
awesome love it i am a space type a person i need to know what direction is what,OTHER
nice easy to use and understand. simple interface.,OTHER
rapid responses responding very fast and accurate,OTHER
great for the boy scouts great for the boy scouts,OTHER
easy to use easy to use and pretty accurate  too....,OTHER
great for training birds great for training birds,OTHER
very good. accurate and easy to use.,OTHER
andromax u le good apps  simple and really helpfull. go for it..,OTHER
great and accurate finally this app has made me happy. thanks to the developers.,OTHER
perfect! simply the best compass for smartphones available :) brilliant.,OTHER
xperia z excellent apps and reliable. thanks!,OTHER
like it so far so good  efficient and precise,OTHER
excellent this compass has good looks and tells precise location,OTHER
very nice this app is very usefull.,OTHER
? this is a great app to know direction and very user friendly. thank you,OTHER
great this is a great tool.,OTHER
lovely app the designer has taken pains to go into the details of the design.,OTHER
well done. very precise and fast to use. good.  well done,OTHER
? simple and useful.,OTHER
? good compass. good consistency and accuracy. calibration is easily done.,OTHER
its great! i always wanted an app like this and now its in my finger tips :),OTHER
good app its a very good app  very nice and easy an simple ui.,OTHER
great and accurate must have.....,OTHER
great compass gives true north despite magnetic cover on my nexus 5. sadly i had to uninstall as it was making same battery drain as the screen which is 28%.,ENERGY
fun great little app is very accu rate and responsive.,OTHER
? its accuracy is amazing good app,OTHER
excellent does what it says and is easy to see in bright sun.,OTHER
good solid app does what it says it will,OTHER
top notch does everything it claims to do. fast startup  very precise.,OTHER
drains battery seems to function well as a compass but it constantly uses high power which can't be stopped even when the app is not in use. it continues to drain the battery even with the location services turned off. therefore uninstalled. also got a pop up message that there was a virus and that i should click the ad to get rid of it. i didn't click.,ENERGY
good app love the app easy to calibrate and has descent accuracy,OTHER
? have not tried it out of wireless range yet... otherwise great.,OTHER
must have u never no,OTHER
easy i finally understand a compass.  thank you for making this easy to use and understand.,OTHER
cool app very helpful and accurate..,OTHER
simple its does the job,OTHER
good stuff does exactly what it says.,OTHER
? i allways forget my g.p.s.never forget my phone...now i always have a compass,OTHER
compass awesome app. excellent for my amateur star gazing and finding the space station,OTHER
a nice appp i really like it. thumbs up and carry on,OTHER
compass excellent app. it has helped me wonderfully.,OTHER
some times the detection of actual direction is very slow ?,PERFORMANCE
best i have seen and used. my best regards to the team. thanks,OTHER
onion rules. this is my hold me over between friday's. more stories though.,OTHER
? nice! now can i have the magic 8 ball app please?,OTHER
? love that i can have a dose of the onion at anytime w this app!!,OTHER
? sound quality is terrible.,FEATURE
very poor it's a video app that refuses to play videos.,BUG
? videos do not play.,BUG
bad don't open  i've waited for nearly 5 mins,BUG
??? i dont understand how to make an account.,USABILITY
boooooooo this is this such a boring game and stupid,OTHER
? probally the biggest flop ever. as soon as you click on the game a message pops up saying ' can not connect please try later ' waste of battery. htc,BUG
? it is good written by george swaggy breezy,OTHER
great it's really fun and the players are real,OTHER
cant sign up how do i sign up,USABILITY
manager it is nice good and fun,OTHER
? it's a terrible game where ur only allowed to buy rangers playerss,OTHER
? crap does not let you go out of activities,OTHER
good for me 112089 come to my friend in the game.,OTHER
? its says my email is not vaild! its sucks,BUG
alright its an ok game but it is really really really easy,OTHER
? sweet but bad you can't do anything,OTHER
cute love it so cute my family and friendz love it! so fun!!!!!!!  xx,OTHER
yo mama this is so adorable i love it,OTHER
meow this is a good app except it drains the battery.,ENERGY
arrrrw so cute! this app is really funny and the cat is mega cute!!!!,OTHER
adorable! cute and fun,OTHER
i am giving this 5 out of 5 cause this app is so soo cool i love it,OTHER
? this app is so cute,OTHER
ewwwwww its making me do this so i can actually use it so ........,OTHER
amazing great app highly recommend for cat lovers,OTHER
ughh it makes you rate 5 in order to have that wallpaper : - (,OTHER
? this app is just too cool  i love it!,OTHER
awasome it is so cute,OTHER
it is so cute for 1or2 year olds it is funny to watch him come on git it?,OTHER
this is cool i like it,OTHER
it's cute adorable,OTHER
this is a great app try it so cutt,OTHER
? love this it is so cute,OTHER
so cute i love it. it is so cute,OTHER
nice ealoapers thankd for vute wa papers,OTHER
? so cute super!!!!!!but u cant change how fast it goes and it licks to fast,OTHER
live wallpaper this is a grate app,OTHER
cat excellent i love cats and paws,OTHER
i have the dog liker its like this one gonzales,OTHER
awsome cute  and funny:),OTHER
is so cute is a cute way to see cats when you don't have one,OTHER
too cute ! do other animals,OTHER
awesome!!! this app is lol it is so cute,OTHER
awesome it is so cute,OTHER
android it's very cute don't understand why you got to rate it to use it.,OTHER
this is a very funny cat ?,OTHER
ok i had to do ratin 5 stars buuuttt i do love ginger cats ...,OTHER
the cat licks cute and worth it!,OTHER
? this app is awsome,OTHER
it's grate its so cute l love it.,OTHER
cute the cat is so adorable,OTHER
? it cute for woman and teens,OTHER
this wallpaper is cute!!!??? i ? this kitten!!!,OTHER
i love it it is asome,OTHER
ok do i have to rate the app before i try it,OTHER
good good and cute,OTHER
adorable great for cat lovers everywhere,OTHER
cool this is amazing,OTHER
i love it this is the cutest thing i have ever seen,OTHER
no go begging for a rating,OTHER
mrs it. is awesome.,OTHER
so sad it breaks my heart that a cute cat is trying to break your phone,OTHER
? it's just so cute. i love it.,OTHER
purrfect wallpaper it's the kittens meow!!!,OTHER
zed bryant this app is cute,OTHER
good it's good but it's a little laggy,OTHER
great love it it is s sdorabl,OTHER
cute cat game this app  is cute and fun,OTHER
excellent has the dog.,OTHER
? i love the kitten it is soo cute,OTHER
kitty the cat is adorble,OTHER
? i love cats so i think this app is so adorable,OTHER
thanks for the app! i think that this app will be good!,OTHER
zoe it is ok i mean it wont even let me on it so... :-),OTHER
i love it it is fun,OTHER
horrible... and boring,OTHER
? i think it  is excellent,OTHER
bad you do the same thing over and over and over and over . this game stinks,OTHER
it is a wsome cool,OTHER
nelle awsome and fun its like having a real horse!!!!!!!!!!!   (almost),OTHER
great this app has stopped a virus from getting to my personal details!   :) :),OTHER
not good took a picture of my face every angle and still couldn't detect it..,OTHER
amazing i love it so far. . you select what you want to lock. . 5 stars for me!,OTHER
warning!!! do not install this  it drains battery like crazy! my phone gets so hot after installing it!,ENERGY
app is ok application is okay,OTHER
? it sucks! and now it wnot get out of my phone,OTHER
battery drainer not for me glad i tried it before buying,ENERGY
great app really good and better then other,OTHER
i absolutely love it i found this by serendipity and it is one of the best apss i got. my chidren hate it as they cannot grab my phone and kill my battery. all features work properly  and the face recognitio is amazing! thank you so much!!!,OTHER
cool but ... battery goes very quickly.  motorola razr,ENERGY
sucks sucks and is irritating,OTHER
visidon appslock nice and easy to use.,OTHER
wont uninstall! been trying for a month to uninstall from my evo 3d and it freezes my phone!,BUG
awesome !! love this app. i got ppl that noisy so this is great protection,OTHER
excellent i give five star. it is a very good apps lock.,OTHER
ooooo it's very cooooool,OTHER
using up space ! can't uninstall the app,BUG
great app! i love this app. it does everything it says. htc thunderbolt,OTHER
cool looks pretty cool am gonna try it out and give a star.,OTHER
alexse89 (samsung admire sucks really bad junk app freezes up my music player  try another one cause this sucks,BUG
? this app is simply awesome,OTHER
? its very good and usefull,OTHER
unknown can't find what they say it will be this is some bull crap,OTHER
nice big achievement you have got!!!,OTHER
gold-dust perfect for deep bass,OTHER
love this app nice and fast,OTHER
like a file cabinet of plans love this app. now i can surf for ideas wherever.,OTHER
worth the bandwidth to download :-) unique and limitless,OTHER
w perfect don't forget to download and give 5 stars,OTHER
seriously? have you checked out pinterest?,OTHER
? lots of info  and more!!!!,OTHER
useful great at doing what it does an good layout and idea,OTHER
great it's awesome,OTHER
this is excellent app,OTHER
high five thanks for this brilliant app,OTHER
lobe it baecause it's boss!,OTHER
? cool for every day,OTHER
winning love the site and now the app,OTHER
great for all boys and girls so many ideas! try for you self and be more clever!,OTHER
wow! how do you even rate this less than 5 starts! truly incredible!,OTHER
bad!!! it is not use friendly  it eats alot of ram space and it so laggy,PERFORMANCE
? great app for makers!,OTHER
great simple and speedy  and lots of fun to play,OTHER
please move done button. good  but positioning of done button has lost me games.,USABILITY
very nice very good risk type game for free.  what more can you ask for.,OTHER
fun and quick fast gameplay to kill time,OTHER
fantastic game multiplayer is where it's at. my favourite ap,OTHER
risk for android awesome game thanks guys!!,OTHER
great simple and very fun.,OTHER
finally  one great game for android.,OTHER
my favourite game love it  lots of fun and lot of players ,OTHER
? good and fun try it,OTHER
risk! it's an easy to use version of risk for phones&tablets  nuff said,OTHER
great simple yet fun  it's easy to pick up and play for a good hour.,OTHER
? simple quick and excellent,OTHER
fun game i have spent way too much time playing this game.,OTHER
excellent game computer is not bad either,OTHER
it's ok ppl. i'm good at this game not a real challenge.,OTHER
cool yeh it is pritty cool and sh*t,OTHER
great it's a very good app,OTHER
? it is good but not all that,OTHER
tazzy rubbis  crap bad do not use realy slow download  warning: do not use,PERFORMANCE
this is crap!!! this gave my phone a vires dont down load it!!!,OTHER
good pretty dam accurate i will always have this i stand for endurance,OTHER
love this ap is alright,OTHER
ashley says love is growes,OTHER
nicei i'm not bi  but i like the fact that this app respects gays and lesbians.,OTHER
? i inserted mine and my bf name and i got 43.1%,OTHER
simple to use good and simple to use,OTHER
this thing is...... awseome. a lot of people  iknow became gf and bf after this,OTHER
cool i like it it's fun and easy,OTHER
boring all i can say is that it doesn't tell the truth and its boring,OTHER
poor why my boy friend and me got 36.6?,OTHER
great app!! it tells your personality and says if their good together or not,OTHER
love tester the app has some tricks to it but could be lies but a fun app,OTHER
love this is a cute game i like to play what i'm boarrd??,OTHER
great it is a real way to tell if he's the one,OTHER
cool it is so cool i really like it a lot!!,OTHER
it keep us togather it is a awesome app,OTHER
? this app is terrible i am in a good relationship and we are happy together,OTHER
interesting it's good but not all that accurate i mean luck my butt,OTHER
poor fake  and crappy. love apps are pieces of crap.,OTHER
noo i was looking for a good outcome but i didn't. i got a 58.0,OTHER
. it's a blank back ground! >:(,OTHER
love it is the best,OTHER
great it's nice i really like it....,OTHER
amazing me and my hudson just got married,OTHER
it is good but not true what do u think giyz,OTHER
love it my love is exactly 100 percent:),OTHER
funny :) the app is really funny but of course i don't believe in it :d,OTHER
love a www so cute and fun  at  the same time,OTHER
this is it love u love meter,OTHER
amazing it was 99.9% so i'm so happy and i'm going to ask her out,OTHER
so far  no sound hiw do i rate e,OTHER
bleh channels won't play and poor genre selection  no holiday or otr.,OTHER
it hardly has stations terrible app,FEATURE
not enough stations it sucks  tune in radio is the best,FEATURE
good fast and slim. just nice.,OTHER
satisfied it played for me the online streaming audio url i wanted it to play.,OTHER
enjoyit nice and fee tradios ever,OTHER
? very poor. no radio stations. how come it has been rated so well,FEATURE
online radio good and nice,OTHER
? really like this game!  you can play for a long tie  big payouts!,OTHER
great! so far this is my fave!,OTHER
a+ great game when you have time to kill. good payouts  too.,OTHER
? i love this slot! it's a fun journey!,OTHER
? so far so good. ? however  freezes up way too much. hope that error gets fixed soon or i will have to give it the boot.,BUG
fix updates !!!! i have been playing this game for some time and had 44 stars with 20 billion coins. now i can t open  the game and even the icon has disappeared.  i turned my samsung tablet completely off hoping to reset it but it still wouldn't open. reinstalled but still wouldn't open. what's going on. didn't happen till after updates. fix this bug please as i love this game.,BUG
just dont like the pop ups for other games during the game play ?,OTHER
? fun to play and smooth colors and graphics.,OTHER
slots this game is great,OTHER
better games than this. much better games than this one  for sure!,OTHER
? best slots i have played recommend to try,OTHER
great awesome game it's like having your own casino at home,OTHER
the only thing i can do is enjoy ?,OTHER
ya this is great.,OTHER
young and the restless! ?,OTHER
very fun!! worth the memory.   :-d,PERFORMANCE
paid for 10  000 coins  did not load....again. good game.,OTHER
love this one i have  this one on my kindle already i play all the time,OTHER
? great game and fun to play.,OTHER
this is a good this one i like a lot thanks,OTHER
153 000 000 yeah thats my credit.so why is it stop opening the other games?,OTHER
i really like this game!!!!!! this is a good game!!!!,OTHER
? the same pop up ad keeps popping up. it is very annoying.,USABILITY
? this is a great game and i love it can't stop playing it....,OTHER
5 stars very fun and exciting game. ?,OTHER
overall a good game if you have lots of time this is a good one,OTHER
great games!! love the graphics and the payouts!!,OTHER
trucker game it is the best game of construction,OTHER
good game but... evrytime i restart my tablet  the game memory gets cleared. dont know why.,BUG
wow this is great amazing,OTHER
it's sooooooooooo good ?,OTHER
wow it's fantastic it's very very good!!!!!!this game,OTHER
great game for my galaxy grand excellent,OTHER
ranch rush lite i really like it and i enjoy,OTHER
love love this game! this game is really fresh game,OTHER
love this game it is wonderful game i want cake shop also on google play store,OTHER
ok i love this game the only thing is that it won't let me buy it,OTHER
pay for full version? i don't think so. too bad because it's a good fun game.,OTHER
loved it game is really good unfortunately have to buy full version....,OTHER
good does what it says it will do!,OTHER
weather for switzerland very useful ap  to be recommended,OTHER
perfect best for zurich!,OTHER
its altight app it does not show evening weather,OTHER
reliable and user friendly! nice design precise data  nice interface,OTHER
ok nice and accurate,OTHER
nice! pretty basic... but well done. does what it says.   how bout a widget?,OTHER
nice weather app clear  fast and accurate.,OTHER
? clear and easy to use,OTHER
redb great and reliable,OTHER
marcus f great app  keeps us up to date with weather for relatives,OTHER
? quite reliable and user friendly,OTHER
great this program is awesome. i used it for a kongre time,OTHER
jasmine its very useful for me  thank you,OTHER
? it do not open stops,BUG
don't need so much details.. the app works good  but we do not need it's %50 features. we need low memory usage. even all these stuff .. thanks,PERFORMANCE
dissapointed you don't do united kingdom! :(,FEATURE
elhamdulillah this program is great. we are using it as a family..,OTHER
not cool it is a rip of,OTHER
? i like this and i will never delete,OTHER
poor you think this app is so great as patching mods,OTHER
? does not let me patch mods or mod scripts,OTHER
no mods in here i downloaded  and it is not here suck this,OTHER
? this app is good for mods and scripts  but my blocklancher has been buggy. i have a jellybean device. plz fix and i'll give ya five stars :-),BUG
? the swords and  stuff looks weird,OTHER
? i hated it   it is a wast of time so stupid,OTHER
it sucked on galaxy phone tester pack sucks and i cant even use it any more.,OTHER
ok it is a good app bt not all the time,OTHER
wow it's awesome!,OTHER
? i can understand the texture pack.,OTHER
it's not bad it's not too bad. but i have to give it 2 stars.,OTHER
good this launcher is so good and more mods,OTHER
like minecraft pe i don't have to download mcpe,OTHER
for an older version maybe  the pack is bad now i know.,OTHER
i cant belive how much stuff u can do great,OTHER
finally you fix!!!! well done!!! finally you fix this bug!!!! everyone pls download but if you could not download read the description! !!!,OTHER
good and bad it has virus!!!!!!!!!,SECURITY
android 4.2jelly bean can't install error 909. . i'll give you five stars if u fix it,BUG
? this is better than normal minecraft on its own,OTHER
perfect for moding ?,OTHER
it freezes evertime i open it pls fix it,BUG
nice app for mcpe 0.8.1 ?,OTHER
? this is cool. but .. u.mmm. do you know how to download mcpe 0.9.0,OTHER
superb this is a superb app!,OTHER
it is very go8d very good.,OTHER
a big problem... works quite well with minor bugs like crashing right after patching mods and when trying to do what the mod should allow you to do. the problem is that the application keeps crashing when i have a mod patched! it's really annoying. please fix this bug.  phone: lg optimus l3/ lg e-400 android version: 2.3.6 still a very irritating bug  guys!,BUG
it sucked on galaxy phone texter pack sucks and i cant even use it any more.,OTHER
? it is saying i do not have minecraft on my tablet when i do,BUG
call o is cool my be is not doing noting,OTHER
it's awsome!!!! it's ok but my favorate thing about this is the skin changer,OTHER
woot woot amazing im happy with this plz make a mod and make it come with this,OTHER
cool it's way better than pocket tool,OTHER
mods suck all i see is textures from mc pc where its not suppose to be,OTHER
wow it is awesome,OTHER
poor it says a zombie head is a chicken  spawner,OTHER
like minecraft pe. has good graphics,OTHER
good this is perfect!,OTHER
best i like this i can patch mods and stuff,OTHER
yes yay i get the mods it name basic command and command block:dd,OTHER
minecraft  pei have 1.9.0 i minecraft pe i have 1.9.0,OTHER
fantastic it has all my normal minecraftpe worlds and now i have a skin,OTHER
? best app for mine craft,OTHER
hate it doesn't work!! with other names fixe the bug plz i will rate 5 stars if you fix it thank you i have no money to buy the complete minecraft pe mojang so i download the different name but it doesn't work pls fixe the bug,BUG
so cool this game is so i cool and i am slenderman.,OTHER
? it is a nice app. be carefull of data roaming costs,OTHER
starwars love it  it is awesome,OTHER
the force is strong !!!! a fun app for those star wars  buffs. a unique battery meter. maybe if it where an active wall paper with some cool jedi characters and saber would flicker when low. a disturbance in the force,OTHER
finally! good app  excellent choices and sounds are crisp. worth the .99.,OTHER
sweet extremely handy and declarative,OTHER
great wide range and look great!,OTHER
awesome app for fans great,OTHER
? great way to monitor your battery life for star wars fans,OTHER
awsome!!!! great app must have for any star wars fan,OTHER
fun widget good selection of hilts and colors.,OTHER
awesome! this app is a lot of fun. it gives a more accurate idea of where your battery life is than the icon at the top gives  and it makes your page look really cool. the full version has a much bigger selection of sabers too.,OTHER
? is a very good apps i love it means i love star wars a lot,OTHER
it's awesome cool way to keep up with your battery life,OTHER
wonderful app pleasing on the eyes & well made app. customizing is great & shows accurate battery life,OTHER
great fun works well but have to run from internal not as memory,OTHER
wonderful app pleasing on the eyes & well made app. customizing is great & shows accurate battery life,OTHER
great lots of good hilts and colors to choose from,OTHER
best widget battery best one over found and hasn't crashed on me yet,OTHER
yup this is pretty cool,OTHER
awesome app i love this app and its pretty accurate for the battery,OTHER
well done developer!! def worth the dollar...my son and i love it.!!,OTHER
helps me keep track of battery level keeps me updated on my battery levels.  excellent.,OTHER
must have for a starwars fan love it,OTHER
must have excellent love it,OTHER
fandamntastic i honestly couldnt ask for a better battery widget the only issue is the sound dosnt work on my one s,OTHER
it is the best battery weget i ever seen need more colors,OTHER
amazing app! such a cool creative battery widget! the free version has a ton of great options  and the full version is only a dollar so you can't really say no.,OTHER
nice app excellent and very cool,OTHER
i love it being an avid star wars fan  this is simply awesome!,OTHER
really cool awesom app! hands down the best way for a sw fan to show their battery power,OTHER
? love this app great for any star wars fan,OTHER
? its a prety cool app for anyone who likes star wars,OTHER
vety fun a fun widget for starwars fans. beyond that it's not much,OTHER
i love this app this app is awesome,OTHER
very cool widget! a must have for any star wars fan.,OTHER
awesome this app is legendary!,OTHER
looks wonderful so far  so good on looks and accuracy of my battery life. you guys should make icon pics for this type of theme  in sure with the battery hilt and star wars icons  a sw fan could really go nuts with.,OTHER
the best this game is the best because some times i'm really bored.,OTHER
fun and challenging! one of the most fun android games i have played to date.,OTHER
major bug i had triggers and gas systems for all my guns. the game removed them from all of my guns and when i try to re-equip them  the game lags and takes them off again. fix please!,BUG
five star potential love the game  but the thing is incredibly memory and $  greedy with updates. i don't get why it requires a full install with new updates. no other app does this. have to uninstall for each one thus losing all in app purchases. big problem. especially as you have to shell out to unlock all features after you pay for the app. and developers have refused to reimburse. after two tries (costing me about $15 each) i'm not updating any more. it's good but not $40 good.,PERFORMANCE
good game i like the game it is awesome:-) !!,OTHER
crash-tastic looks and sounds like a great game but i could not even get it to run on my galaxy s4. i read a few forums where the developers make reference to being aware of such memory issues.,PERFORMANCE
love it. this game is totally worth it.,OTHER
need to update for new android update was working until my nexus 10 os updated. now most of the time when i go to play a mission it freezes on load screen,BUG
great but really fun but shame it burns through the battery,ENERGY
freezes is an awesome game until the past few days  it freezes after each mission.,BUG
? excellent mix of tactical realism and game fun,OTHER
excellent very excellent and outstanding job on graphics and military tactics,OTHER
fun! very fun but is slow and freezes sometimes,BUG
fun  but crashes constantly now. it was fun for the 3 times i could actually play it.  now it freezes or crashes at the first screen. so now it is just a waste of money.,BUG
a realistic and well thought out game this game has been in development for a while and ibwas really pleased to see that way it has come together. the game is really easy to pick up and if you have a basic understanding of mout you can accell.,OTHER
must have game best shooter app  so many variations for massive playablity,OTHER
this games this game suck dont get it is not real u only tell people what to do,OTHER
great this game is great  lots of fun to be had here. i can spend hours playing this only downside is that it kills your battery  other then that it's a must download,ENERGY
awesome i love this game! learn your points of domination and master this game,OTHER
so good this game is so much fun keeps me entertained for hours,OTHER
awsome this the best game i have ever played,OTHER
? best military game on android  accuracy kit and guns.,OTHER
it deserves a 5 but... ok you guy's have to fix this thing. it was awesome but every since the update it freezes on the last mexican mission  the face upgrades and the hat upgrades can't be purchased.this game is awesome but you got to fix all the bugs please.,BUG
brilliant! i have played this game for many hours and thoroughly enjoy it.,OTHER
love it i love this game.. it is so fun..,OTHER
? i love this games  is a awesome,OTHER
love i love this game on my computer and on my tablet i love it! :):):):):):):),OTHER
excellent best app  best game ever! can play for hours,OTHER
awesome amazing job in this game...keep going and u will get high downloads,OTHER
wow i love th          is game,OTHER
when will you add emoji?  geeeezzzzz when you hit the space bar or complete a sentence  the punctuation should appear. without having to switch keyboard.  please and thanks :-),FEATURE
? awesome word predictor and customization.,OTHER
great love the arrow keys  clipboard  and number row.,OTHER
loyal user  but.... took 2 hours to get my back up settings to load from my sd card on my new galaxy 3. not happy with the new suggestions and memory. and it won't stay open in tap mode anymore. hoping that isn't the case with new phone. so far not looking good tho. i love this keyboard. i've used it for years. since my bb pearl  i use the compact version like the pearl. but this kinda sucks. please fix. i bought this app. twice.,PERFORMANCE
very nice. great keyboard app. many great tools and a ton of customization.,OTHER
? best of most thank u for doing what u promise.,OTHER
on the track split mode.  direct link to foreign chars  like ? which is generally included on many latin keyboards  to avoid holding time. use space on trace to imput more than one word with out a lift.,OTHER
nice ! love it!!! have it on my galaxy phone and tablet!,OTHER
so far just downloaded it and like it so far,OTHER
so far so good! the title speaks for itself...,OTHER
cracking iv got swiftkey and prefer this! recommended!,OTHER
great app i've tried several keyboard apps and this one is by far th best!,OTHER
simple and fun so so simple  but a great laugh in the pub,OTHER
wow! this is everything i have hoped for!,OTHER
super boring doesn't have where u shot the bullet and no recoil,OTHER
? decent fun for 5 minutes. deleted for more space on phone.,OTHER
? not for motorola defy,OTHER
? guns by calford is better,OTHER
no thx fun for 3 sec,OTHER
eurosports the application is amazing.,OTHER
very good all-in-one application for sports,OTHER
s3 what is with longines advertising doesn't load the app. it's anoying!!!,OTHER
excellent application for all sports lovers good app,OTHER
grt app grt app must for all football lovers .....,OTHER
gud gud but make widget more hd and good otherwise sexy app,FEATURE
nba great app. is it possible to include nba in my alerts section? thanks,OTHER
very usefull it's great but it lags sometimes,BUG
great app must have sports app.,OTHER
great app arguably the best app on android so far for footie lovers...,OTHER
arabic where is the arabic language ???,FEATURE
4 stars for the moment rste this at 4 stars,OTHER
match cast lines up don't show i mean aside from that the app is pretty great,OTHER
nice it's a very suffisant app,OTHER
amazing very good app and interesting . the best app for sports,OTHER
great app and up to date articles yahoo!,OTHER
:/ it looks like a good app but it is taking forever to load on my pad,PERFORMANCE
cool i love music n this app is awesome...,OTHER
cool this app is really awesome,OTHER
? nice!!! really detailed  i have to learn more about music.,OTHER
tabby cat fun and easy you can sing and make music your own way. :),OTHER
i like it dome times is right one some time is a little off ?,OTHER
 love it simple and great,OTHER
? this is super cute!! love it,OTHER
great game for kids really good xx,OTHER
fun cute and fun no ads  download this!,OTHER
super fun!!! great game! i have it on an ipad and tablet. :d,OTHER
fun the game is funny,OTHER
so cool and fun ?,OTHER
its a fun game for kids 3-9 and is educational ?,OTHER
i think it's a very good  creative app. nixe. real nice.,OTHER
good i lives the challenging mini games. and the frogs were pretty cute! :),OTHER
love love lovd love it i love frogs this game is awsome!!!,OTHER
oh my games that game is without a doubt the best ever.,OTHER
wow this is such a funngame to play when you board and looking for a challenge,OTHER
nice.. very nice games and i rate it 5 stars..,OTHER
yep cool game this game is awsome.,OTHER
s3 my 3 year old loves this app and so do i lol,OTHER
i love this game! this game is wonderful!,OTHER
awesome this came is really cool,OTHER
cool!!! fun and exciting,OTHER
good this game is very nice and very funny.,OTHER
oxox great game for my daughter,OTHER
woooow it is gooooooood game:-) :-) :-),OTHER
love it it's excellent,OTHER
brilliant i love this game  its really good the only problem is when youve done most of the levels you have to wait till more levels are made. it is addictive though once you plagit you have to keep playing to improve your score. i reccomend this game to all ages though younger ages might not understand it. download now !   ~~ ~~ ~~,OTHER
sewamazing i think it is the best game over,OTHER
so so cool baby its the best app ever even for adults aspeshally kids,OTHER
wow! a really good game to play! suitable for all people.,OTHER
love it! it's a great way to stay entertained!,OTHER
very easy and good game ggsrhjuvdsh,OTHER
? this game is awesome,OTHER
tap the frog a great game  although you have to pay to remove the ads :(,USABILITY
this hame is amazing it so easy sometimes ;) i realy like it...,OTHER
wow this is really awsome,OTHER
great this game is freaking great and goddamn right amazing,OTHER
wow this is such a funngame to play when you board and looking for a challenge,OTHER
simple and fun great way to pass some time while waiting for the bus.,OTHER
? love this site and this app.,OTHER
the app is xcellent and i love it.,OTHER
? great app. the layout is very easy browse.,OTHER
love it! makes it easy to check for deals daily.,OTHER
still fun to browse with this app! very useful and well-designed!,OTHER
? great app to use.  simple and concise,OTHER
nice quick check for all the woot! sales,OTHER
the site is fantastic!  and it's great to have an app. it is wootastic!,OTHER
great app love this app and w00t!,OTHER
great app  major glitch the update was nice  but it prevents my phone from going to sleep  even when the app isn't open. uninstalling the app fixed it  but i miss it. this app alone cut my battery life by more than 20%,ENERGY
cool daily items! great for lil tech gadgets and kids toys :-),OTHER
easy to use app this app is easy to use. all woot deals are easy to see.,OTHER
great deals love it. it's saved me a lot of money so far. app is easy to use.,OTHER
does what i want it to short sweet and to the point just how i want my woot!,OTHER
great app this app is better designed than the website.,OTHER
great! the only way it could be better is if u could see multiple pics of items.,FEATURE
cool and different groupon is the same good deals,OTHER
? ok  preferred the last version but this is ok.,OTHER
better than expected fast and informative,OTHER
woot is a great site to have a nice app for woot makes it even better.,OTHER
awesome! app is easy to use and great for woot offs!,OTHER
? i like the variety and so do my friends a lot of cool things at great prices.,OTHER
it's good! best woot app,OTHER
yay this site is great glad the app is available,OTHER
love it great app for checking my daily deals,OTHER
excellent excellent and fast summary of all woots going on.,OTHER
? turns for a tablet  good deals all around.,OTHER
easier than actual website for searching  not buying,OTHER
love it ti is so nice of them,OTHER
good this game is awesome for my family,OTHER
awesome really nice and helps,OTHER
great best for baby's five,OTHER
good this game good and awesome,OTHER
amazing i love this app and everything about it!:-),OTHER
? love it.  and  it is  so easy  to use.  excelsior,OTHER
it's great thanks,OTHER
loved it good app !!!!!!!! must download for all marvel lovers,OTHER
crap gotta pay to read the good stuff and the free stuff is drunk,OTHER
? best application for reading comics i love it!!,OTHER
can't store downloads on memory card!! i was really buzzing about this app  as it can give me something to read on train journeys etc. however  i purchased a 32gb memory card to enable me to save downloads and yet it doesn't allow you to transfer to them....... i mean 'really'....what's that about??? i do see that someone else has written a review about this issue  but unfortunately i never read the reviews prior to downloading the app. all in all  disappointed - sort it out marvel.,BUG
awesome used to have it on a android at home excellent app thought o by on fone,OTHER
love marvel and love their app ! will not regret this app if you love comics,OTHER
? thanks for the app,OTHER
crap 1 comic is 60.99 $,OTHER
marvel comics all of the people tell how is this app do ; above or none,OTHER
good my favourate comics is back,OTHER
glitchy still glitchy. especially with panning and page turning.,PERFORMANCE
this is fabulous. but download slow,PERFORMANCE
this is my favorite app so time consuming read on a bus or traain or car awesome,OTHER
a must have i love marvel,OTHER
wow it's soooo good,OTHER
cool wow.....i love dis and so does my lil bro....good job,OTHER
? its fun for playing and excellent,OTHER
it's awsome it's really awsome my cousins and i allways play this game..,OTHER
... cute!! and very nice,OTHER
the compass is not working in my phone it show only getting location since 10 minutes the compass is not working only show getting location more that 10 minutes i don't understand which location is searching for ?,BUG
notifications if only it will stop popping up at the top. then it would be perfect. because constantly having the notification is really annoying. and i believe it consume  battery as well. i do hope it is fixed soon.,USABILITY
? takes so much memory  and has no option to move to sd. uninstalled.,PERFORMANCE
? good app. lots of fun. takes up a lot of space though.,PERFORMANCE
wake up guys  appreciate ! i feel pity on people who rate apps so badly. it takes skill  energy  efforts and money to develop an app. i would never rate an app below 3 stars especially when it is free and ads free. anyways  good unbiased benchmarking.,OTHER
good test but program has auto restart it seft  it drain phone ram,PERFORMANCE
make sure to read the description carefully this app will not function without the orbot app installed.  which last i checked requires root to fully function as advertised.  make sure you understand that before using this or any apps like it.  as for the app itself. it is functional but a bit slow. but that is understandable as it bounces the traffic everywhere. just remember that tor may provide anonymity but if you try to do something that announces you to the world like a torrent or logging into a website you visit often  you can still be be tracked.,PERFORMANCE
can you fix youtube can you fix youtube video freezes when on full screen thanks,BUG
? needs serious bug fixes. got several missions in and then crash and can't open save game now. waste of time :-(fix it!,BUG
awesome game but. i love this game but everytime i move up a level or try to add xp the game freezes. i played the demo and loved it. no freezeing. was hoping if i bought the full game it would be just as good if not better. would be a five but need to fix some bugs for me anyway. i have a samsung rugby smart.,BUG
can't log in this game look gud.. but i can't log in the game.. this suck.. plz fix this error and plz make all andriod mobil can play this game,BUG
? lot of bugs after maintenance. i cant enter hero mode. fix it if you want my five star,BUG
something wrong. i love this game.  but an error has happened after finishing downloading a new update.  my device is xperia m.  please fix it.,BUG
not to good i can't log in to facebook  can you fix this bug,BUG
report error what happen to my pa... the game wont open... please fix this...,BUG
update issue what happen to the update we love this game so much please fix the problem... update crash. time error its says  and cant find the server.,BUG
nice but after i update i can't open the game? pls fix this game and i love it.i will give 5 star if this game fixed the bug.  username: roenan12 server: s2 libra,BUG
network error! suddenly after downloading an update pack i cannot login and said that loading failed. check your connection network. but my connection is working finely. please fix this. thanks,BUG
fix the damm bug!!! cant even start after update.. vip5 player here and we have this problem?? i smelll compensation. ....,BUG
good but some bugs the game overall is really good and really fun but at times it will just close out and tell me the app isn't working anymore or just close and nit reopen for awhile  please fix and i'll give a five star :),BUG
the app always stops by itself unable to open at all until uninstall it happened again. i am giving up on this game!!!! now its the 4th time!!!  this is 3rd time the game unable to open once reach certain level normally 200++. so i proceed to uninstall. pity coz the game is actually good. fix that bug otherwise lose gamers!!!,BUG
? good but need more fix bugs on online gaming,BUG
draining my battery i have never had a problem with this app in the past but recently it has been draining my battery within 4 hours  so i have no choice but to uninstall. galaxy siii,ENERGY
great but! it ate too much of my battery :(   about 7 percent!!,ENERGY
my go to weather app after trying other apps  i keep going back to this as my go to weather app. efficient use of battery  great visuals  and beautiful widgets. i tried to get the temperature over seas but it wouldn't let me  that would be my only concern  but i can find that elsewhere if pressing. great job! using paranoidandroid 2.53 on samsung vibrant.,FEATURE
used to be a 5 star app goes rogue draining battery extremely fast. it has to be fixed.,ENERGY
draining my nexus 7 battery quickly like it  but...,ENERGY
great but massive battery waster i had this on both my nexus 7 and optimus g. on both devices it actually beat out the screen for most power used. outside of that  this is exactly the app i always wanted and if that gets fixed i will reinstall no questions asked  stopped caring worth the power 5 stars,ENERGY
major battery hog! great app.  i love the various radars that enable me to see weather patterns for myself.  i hate the fact that if i forget to go to the task killer and kill this app after i use it  i will return and my entire battery will be drained! wtf is that?,ENERGY
okay i would of given it 4 stars but it freezes heaps but good game should be able to tip the dealer and all the stuff thats in tue game but dosnt work at all..,OTHER
awesome app ! this is excellent.  it's a great app killer and  memory cleaner.  perfect.  exactly what i was looking for.,OTHER
nice task manager works well with cm10.1  android 4.2 on samsung captivate. i like the control it provides with exclude list. i am now getting more free memory than with other apps. i appreciate the ability to turn off ads and wish you had a donate option  via in app feature or else a pro/donate version.  i don't care for your icons. so  i use the notification bar option.  thanks.,FEATURE
notbad you only worry about your device got battery or not. heh heh.,OTHER
fun town building simulation game! definitely worth the buy! my only wish is that town decor has the same space requirement as paths  in that paths can be built right against houses while decor can't. also smarter creation of fence/hedges/wall decor  similar to path creation. please make this happen!,FEATURE
shame its a good game dont get me wrong but since theupdate with the hunter and new maps it freezes   unless you stik to old maps.... cumon update fix please,BUG
? fails to download  phone has sufficient memory and specs!,PERFORMANCE
had potential to be good. just another run of the mill game that tries to get you to spend money right away. the enemies will start doing over 1000 damage in a single turn from unrealistic combos that waste your energy  this means you can only play this game for about 15 mins an hour just so the cpu can cheat you out of energy.,USABILITY
very fun game but after the first day of playing  you're expected to do some paying otherwise you'll be waiting for energy 98% of the time if you don't get tempted to buy - uninstalling. bye!,USABILITY
puzzle time management wish it was better. needs faster energy recharge and energy recharging items buyable with coins instead of diamonds,USABILITY
for puzzler with a different twist of action n quick reaction. fun n entertaining. kill your time only lack of energy to continue on playing. can't wait for energy to restore.,OTHER
? verry  good  this  application  help  me  to  understand  the  malay  words..,OTHER
very fast and easy to understand very good,OTHER
this game is awesome but i had to delete it because my phone doesn't have enough space but its still awesome,OTHER
looks fun but.... it looks very fun and i want to install it but the sentence:(unknown error code during application install:919) will always pop up.pls fix and i'll rate 5 stars:),BUG
addictive freezes sometimes. annoying having to wait for the lives to recharge,USABILITY
kg worked for a bit... now it  freezes my phone up and it can't even display the photo,BUG
iffy nice clean app but sometimes it works and other times it doesn't.  my os just updated and now it freezes all the time so i had to uninstall.,BUG
bad it freezes your phone don't install.,BUG
app this app doesnt work. wont let me login or nothing. nothing but takes up space on my phone.,BUG
works great great app for all torrent lovers. very fast downloads  doesn't slow my phone down and doesn't suck the battery up.,OTHER
i enjoying it at times it will be a very hard game but ones u understand it u will get the hand of it i enjoying it at times it be a very hard game but ones u understand it u will get hand of it,OTHER
? this game increase memory speed disition activated key,OTHER
? works great and doesn't kill battery!,OTHER
brightness level bugs still many bugs on brightness level rooted optimus 2x ics v30b. although i already check set on boot. please fix it and i will give 5 stars.,BUG
2x cm10 battery. issues works perfectly but just drains the batt really fast like too 30 % in under an hr please fix,ENERGY
g2x rooted works great but a big battery drainer!!!,ENERGY
works.. but has a big battery drain.,ENERGY
excellent swamiji's thoughts are very inspiring. these precious thoughts give me hope and energy each day.,OTHER
appu very energytic app for youngster,OTHER
like the app but..... it does not update scores.  it freezes up.,BUG
mediocre glitchy and difficult to use compared to the alternatives.,PERFORMANCE
uses only phone memory while the app is great and does it's job  not being able to install or move it to the micro sd card is a huge problem!,FEATURE
this app's access is incredibly scary a well known and extremely trusted antivirus app has thrown great caution to downloading this particular app. what this app has access to is incredibly scary. do your homework and make sure that you understand what it is you are agreeing to. in the meantime i would request that the owner of this app explain why they need the level of access that they need. i'm curious to know what type of data mining might be going on because this app has the potential to store and change your personal text data.,SECURITY
pro features bug fixed please fix as not working with kitkat..,BUG
awesome some people amaze me! you don't understand english but degrade someone who makes a free app that does understand english? ... secondly if you understand the apps programming and language then  how can  you say it needs more ...lastly this app works on jellybean!!!! great job to the programmer,OTHER
good fix d way of its fonts n it can be easily hacked,OTHER
rubbish do not understand it. no instructions,OTHER
hit or miss on song covers. previously one of the best music detector available. fast and accurate  & the additional features are awesome: lyrics  sample clips  youtube  amazon.  -1 for incorrect results on song covers.,BUG
great app  which gets most results what a great idea about the classic page. great app. it would be awesome if there was a 1x1 widget to save space and an easier way to remove search results.,FEATURE
drained battery its used to be good but have no idea why it drained battery on my htc butterfly s.,ENERGY
the most comprehensive  but flawed. i've tried lots of other options. none offer as good a selection of routing options and rerouting while driving.  had lots of issues with bugs from the start and used premium since the day of release. it has got better but still freezes occasionally  requiring task manager shut down.  this has been the same on every touchwiz rom on an s ii  note and note ii. funnily enough  not on aosp roms.,BUG
? consumes too much battery,ENERGY
absolutely great i would say after the recent updates it's perfect  the only thing is it uses alot of battery,ENERGY
phone freezes my phone freezes during the utilisation of this app.  in every utilisation  i must remove the battery to restart the phone.  the maps are great and very accurate.,BUG
good solid performance affordable excellent 98% of the time. . still freezes occasionally .. just after you have gone wrong and need its help!,BUG
the best satnav i have ever used i used this for over a year now and absolutely love it. some many trips some lasted weeks (!) and apart from the initial bugs it never missed a beat. i read that some people with the galaxy s2 complained about the app draining the battery faster than it is charged... all i would say to them is buy a genuine samsung charger! not only will it be able to keep up but will even charge it to full. this app is the best value for money satnav!,ENERGY
only one issue but it is major one the app would be great but it is memory intensive and does not allow the option to store the maps to an external memory card (maps can only be installed on built in memory). my previous copilot versions allowed maps on external cards so i was surprised and disappointed.  my 8 gb internal was not enough and i have 32 gb external available.,FEATURE
alright  navigation but the real drawback it's the fact that customers with acer and samsung devices with internal and external memory will find it most annoying that the maps cannot be moved to external memory without rooting and manipulating their phones. i asked for support and got a email back suggesting i contact samsung  despite having specified acer as my phone  so not only is there no solution but also no interest assisting customers. it seems a rather simple fix  to select storage like other apps address this problem.,FEATURE
the best! was using sygic for a while but got fed up with the amount and frequency of issues it gave me. copilots maps and choice of route are much better as well as using less battery (amongst other good things...),OTHER
excellent app hi folks  i do not understand why everyone is complaining about this app. it does work as it suppose on my nexus 4 without any issues.,OTHER
great app update: app causes very high battery use if you do not have a data connection  no way to stop this? was going to rely on the app for touring europe but not now until the problem is fixed! galaxy s2.,ENERGY
beware of this company!!! in good faith i bought this application. it performed very poorly on my google nexus 7. the application looks like it is written for a phone  not a tablet. the battery drain is huge and the spoken directions are chronically late even after making adjustments in the setting. within 24 hours  i wrote co-pilot expressing my difficulties and requested a refund. all i have gotten is recitation of eula terms. no offer to fix my issues  no willingness to refund me an let me depart quietly.  stay away....there must be better apps than this one,PERFORMANCE
fast and good good precise and fast with alternate routes that others don't have it.good indications with clean display.better than every other nav app .the big problem is that i want to have the maps folder on the external memory of the device and not on the internal memory.please fix this and is the perfect navigation app.,FEATURE
very good but crashes occasionally even though i'm on i9305 and memory is not an issue...,BUG
excellent app! i have tried sygic  navigon  wyse  shturmann  navitel  igo  ndrive on android and tomtom on windows mobile. maps are detailed and acceptably fresh  routing is almost very good 4 of 5. app usability and features 5 of 5. ease of use 4 of 5 (because of features). battery usage is fine  seems to be better than sygic. there are few things to make it the best: 1. - disable snapping to road  as in walking mode you are alwayse snapped to road  may be after 3 meters it should be detached from main road. same applies to driving in places where are new roads  so navigator goes crazy :) 2. - pinch zoom and map panning should be a bit more subjectively fast (sgs2) at least in 2d view. 3. i think country should be selected first as in sygic then city  currently you choose city and there is big list of ones. as well as previous street names should be remembered as cities are  same applies to street numbers  better to remember combinations for easier reuse  not everyone uses category of recent destinations 4. - of course trial mode for users to try is the must on android market  to pay such amount of money. thanks god i did buy navigon - its ui an functionaly are really poor.,PERFORMANCE
co pilot europe fantastic bit of software  so impressed i bought it for the wife's s3 as well. currently running this on my galaxy s  wifi 5.0 & s2. not memory intensive as others have suggested unless there device's are steam powered! does more than tom tom with loads of free extras and free lifetime updates. it's a no brainer .. buy it!,OTHER
fun. but... great game. but it would be way better without the stupid energy bar. i like the game. but aslong as that bs is in the game i quit. take the energy out and id play this all the time.  till then 1 star!,USABILITY
stuck in one area every time i go to lower kings i always get stuck doesn't matter i'm at lvl 10 or 11. my screen goes black showing the other players below me. please fix this glitch or bug. thank you.,BUG
promising but energy in a mmorpg? seriously that's the only thing mmorpg players hate the most..,FEATURE
lag require to much memory to run causes lag.  used on razor 4g droid.  game looks fun otherwise.,PERFORMANCE
ok would give a 5 but it freezes at times but ok,BUG
i do not understand how to play it,OTHER
can't even download keeps saying error 404 can't download. please fix this so i may try this game and rate better.,BUG
always running on background always running on background even if i used greenify or manually force stop in the settings. this can make my battery drained even faster. pls fix,ENERGY
separate app for personal videos i don't understand why that was removed and ported to another app.,OTHER
freezes it freezes or restarts the movie,BUG
horrible since update ! totally crappy since most recent update. android thinking - freezes every time  can't get past the 3rd move. should have left it as it was.,BUG
great took some time learning how to play game but now can say great game for memory & response,OTHER
? i love this age old game  easy to understand and fun to play  great for a bit of brain training.,OTHER
gamer android takes far far far to  long to take his go has drained my battery several times when he takes so long maybe 5mins or more,ENERGY
kills the battery. seems as though there were a few useful tools but after i downloaded app it seemed to drain the battery and used a lot of ram. needless to say when i un installed ram dropped and battery life was normal.,ENERGY
too much! i don't understand why this app needs to go through my contacts  browsing history  and everything else. definitely uninstalling.,SECURITY
great app  but... i would give it more stars if it had the ability to be moved to the sd card. 11+mb is too much to keep on the phone's internal memory.,FEATURE
eehh... the pic come out upside down when using the front cam. must be fixed!!!!!!!!,BUG
amazing! awesome app for mathematics. worth thousand starts. thanks devs. though the ui is hard to understand. thanks for the small size,USABILITY
it does what it says it does. the program is great  i just wish it was more user friendly  and a sleeker interface would be appreciated too. i really wish there would be an easier to understand tutorial  as to i can't seem to figure out how to use most of the features the way i need to.,USABILITY
combo app love the battery saver. works better than aggressive advanced task killer. privacy scanner really opened my eyes with the results...,OTHER
meh ok battery extender  cache cleaner  etc. looks nice  and functionality is ok  but there are better apps.,OTHER
? really saved my battery!!!,OTHER
lacking needs user customizable battery saving options.,OTHER
battery saver with some quirks i downloaded this mainly for the battery saving features. some of the ways it handles power management seem a bit odd  however.  one of the main things that bugs me the most is that it seems to be disabling bluetooth when connected to a power source (such as my car charger)  forcing me to manually re-enable bluetooth. (i did not have this issue prior to downloading the app.) why turn off a power-using feature like bluetooth if it is connected to a charger  particularly since many states have laws requiring bluetooth or other hands-free phone use while driving?  would have given it 4 stars  but had to knock off 1 due to this glitch.,BUG
galaxy note i downloadd it thru a review of  times of india (mumbai edition) it saves my battery and really is a must to download and use it when u know that u hv 2 save battery ( when ur charger is unavailable),OTHER
doesn't do much battery part was very simple  three options.  consumption prediction was also simple.  trash cleaning  with any app  is not very useful.  to give the app credit  the interfce design is very pleasing.,OTHER
? cool and easy interface. a very powerful optimization  actually saves the battery,OTHER
nice i like this app cause it has a lot of stuff tht other battery saver dont have.. u should add it its really good!!!,OTHER
great app does what the name says....optimized my battery :-),OTHER
nice utility seems to be a nice one for managing the battery and memory usage,OTHER
7/10 drains the battery too fast   but otherwise solid.,ENERGY
certainly works as advertised my only qualm is that  while i don't mind it showing up in the notification tray that you pull down  i wish it didn't show up at the top notification bar as an empty space. if it is an empty space it would be better if it was at the end of the notification bar so that you couldn't tell there was an empty space. still  i'd prefer there be an option to remove it from the notifications.  edit: ah you are correct! thank you for responding and letting me know  5 stars!,USABILITY
? installs non market application in phone memory.,SECURITY
annoyed this game seems really cool but every time i start the game it freezes when i try to talk to the mayer. i will rate with more stars if this gets fixed,BUG
freezes on the galaxy s2 playing with the elf/mage will freez the game. fix please :(,BUG
really after it force closed twice in same spot i was done.why put out game with so many bugs.i have htc .uninstalled,BUG
getting there.... beautiful interface with the cover photos; the method of opening pics and videos is lovely. but as a previous review stated: more space between the  messages within a conversation would be ideal. even something as simple as the line that pops up with the time stamp... use that as well to separate individual messages.    also  app is crashing when i attempt  to open a pic within the app... droid maxx,BUG
looks nice.... but that's it love the ui.... however mms messages don't load and seriously impacted my battery life.  no response from email to support = uninstalled,ENERGY
good app i love it but i have an issue sometimes when i open a messege i cant find the messege body its just a blank space 3 stars untill i get an answer,BUG
not needed freezes most of the time on the s3,BUG
i love it   but i would love to make this my default sms app i'm an old textra and chomp user.  only gripe is need a lot of improvement like bubble chats even u don't make it bubble it's ok just have a bit of space bet messages cause it is confusing and cluttered to look at.  then also led notification that's one thing that keeps me from using. this as a. daily driver. .  we need better notifications..  this app is worth 5.stars i'd even buy it if it had a price. just to have it full featured. and also text counts on icon,USABILITY
very fun it has a few issues every now and then and it's a bit of a battery hog but very fun and addictive. use code a3clv3dm after the tutorial for a free strong monster,ENERGY
? need to fix bug from last update.  says missing update must purchase file or there close to that.thank you for fixing the bug problem,BUG
i love this game! i love this game! i find it to be addicting even though it drains my battery life. if you get this game please put the refferal code: 23cri9tm  if you put this code you will get 600 gems and will be able to buy a rare card,OTHER
f**** if during next 24 hours summon function does not provide me with some 4 stars card which matches my one i will definitely re-rate this game and uninstall. thanks for understanding:) also i do not like facebook. why can i not use google plus for sharing and invitation?,OTHER
good app. usefull information in easily to understand information,OTHER
love it helped me track down an app stuck in a loop draining the battery on my old evo.,OTHER
? horrible on moment. my battery dies faster !,ENERGY
great  but i cannot see my device info &gt; power &gt; battery information..  please fix this  it's really important to me..  thanks,BUG
? eats battery life like the cookie monster eats cookies. has the most features of any other system app. slows the system to a crawl. unistalled.,PERFORMANCE
? what about posibility to install on memory card?,FEATURE
? it gives me an effective way to diagnose memory hogs on my machine  although it is quite the hog itself!,ENERGY
amazing talk about an amazing battery saving app!,OTHER
? my battery seems to be draining faster since update...was one of my favorite apps. what happened please fix thanks,ENERGY
? would be nice to see how many apps were killed and the current memory after using the widget. i love this task app =),FEATURE
great  but i cannot see my device info > power > battery information..  please fix this  it's really important to me..  thanks,BUG
? great app! please add optional battery  memory and cpu widgets ;),FEATURE
? can't show amount of free internal phone memory on desire. some monitoring tool...,FEATURE
awsome great app.  shows how much memory you save.,OTHER
detailed i have discovered details of my phone and network that i had no idea about.  great app for people who wants more than a sort of task manager. this application has the advantage of showing real stats of cpu  battery  internal and external memory  ram and apps activity. all this in a nice and friendly interface.,OTHER
excellent quality app. only problem is that on my htc rezound  it incorrectly reports how much ram a proccess is using. it shows every process using 13mb or more of memory. never any less than 13mb. on other android phones  it shows the same proccesses using only 2 - 4mb of ram. why is it showing the incorrect amount?,BUG
? i think my battery has improved since install. this app has really helped me understand my samsung moment.,OTHER
needs updating again ! i thought the app was all good but it started the same thing as before all over again needs speed improvement and the bugs need to be fixed ! the app wont even pull up please fix !,BUG
basic & lame takes up way too much space for such a simple and boring and stupid app .. if you want to take up too much bass make the apps have more features than what it just has.. on my phone the website doesn't work so put all the clothes and accessories on the app so that i can browse and look at them,FEATURE
doesn't let me download look people when ever i try to download this update it always says there is a error 404 and could not be downloaded so if you could fix that up for the lg 4glte that will give this game a 5 star for me.,BUG
my brother angel sed its a good game couse he hacked it so i'm trying,SECURITY
very nice game good game has a few bugs i have spent money on it from iphone to android but as of  right now its not letting me connect to the online servers so fix this please i havent spent money on it for nothing so for now 4 stars untill i can connect to the online server,BUG
controls dont work anymore every single game i play the controls work for about 2 seconds then freezes for the entire game. plz reply or fix i really like this game,BUG
galaxy siii wow i will hacked these game by freedom,SECURITY
connection d: hey doods can u plz fix the connection error plz,BUG
good game but it does not run on full screen in htc desire x..there is some space left on both the sides as a result one cannot enjoy the game.any updations are highly recommended.,BUG
bad and good i like the armor and wepons but it freezes amd a lag issue so i hop you guys fix that in a new update.,BUG
takes up 2 much space i like this game. but it takes up way to much space! also a campaign mission would be better.,PERFORMANCE
locked out!!! for some reason my account got locked and it won't let me on it i don't know if i got hacked or not but please fix great game though,BUG
? the application screen previews is a good thing  but drains the cpu.,PERFORMANCE
no preview i dont understand why...no previews are available for any app i use. xperia neo v,BUG
cool it's good but does not use the screen space properly. why swipe when there is space to draw all icons?,USABILITY
decent ok game  mildly fun... too limited by the concept itself  all you do is jump and spin but its understandable since its diving... game plays and responds well without lag or glich  ads are tolerably annoying... game just gets old quick...,OTHER
cant read japanese if ur not japanese u can read it. put it in english so we can understand it.,FEATURE
great game its an amazing game but 4-1 ie impossible i know how to do it but there is such a small chance of doing it and for 3-7 you flick the battery to the plain box and the on the left side do the colours it said on the right and you do it for the otherside. everytime you get it right you should hear a ding of some sort keep doing that untill the play button comes up toget 3 stars,USABILITY
? i have trouble understanding songs every now and again and thanks to lyricfind lyrics lite  i can finally understand songs! thanks lyricfinder,OTHER
nice game like it but there bug still going on please fix it,BUG
help love this game but now it wont let me sell my fish. it freezes and crashes. please fix!,BUG
i love it   but... please fix bugs!!! every time i go to sell my fish the game closes. i can't do anything else. please help. i have a motorola atrix.,BUG
? it freezes up alot  but other than that i liked it.,BUG
? freezes on mytouch 3g. tried to uninstal in 15 min but wouldn't let me.,BUG
? very slow  starts over all the time  freezes phone often. completely worthless  a rip off and scam!!!,PERFORMANCE
? this app is not worth the money at all..u cant even see the fish and it freezes a lot:(,BUG
? this game drains my battery on the samsung vibrant. it's always running even when you stop the timer. don't bother spending your money.,ENERGY
want my money back!!!!!!!! cant sell fish game freezes then closes and doesnt save where you were. if this was fixed then 5 stars. wish i could get it for my computer on cd if i cant get my money back that would be an acceptable trade.,BUG
beware this game is very addictive  however as soon as you begin to make progress the game force closes or restarts you from the beginning. please fix this bug!,BUG
ridiculous for a game you pay for!!!!!!!!!!!! freezes up a lot then after 3 days it crashes every time you try to do something and doesn't save anything you just did so you can't progress through the game...useless! i want a fix for this or my money refunded otherwise this is a scam and everyone should know that this company is okay with scamming their customers!!!!!!  do not buy this until they fix this game  i will change my review if they do...but i doubt they will.,BUG
best alarm app i use this app every day it wakes me up at sunrise before my main alarm so that i'm prepared to get up on time. i love the random music feature and the new slide to dismiss is so much easier to use then stabbing randomly at the screen until you hit the correct button :-),OTHER
great alarm  but has new bug making it use lots of battery i like this alarm  i definitely like being able to wake up to a random playlist. but since an update its now using massive amounts of battery using the gps. i'm guessing it's something to do with sunrise feature. i don't use the sunrise alarm and i certainly don't move between countries enough for it to constantly be updating. so either a setting to not allow access to gps or to only update once a day would be useful. otherwise i'll have to go back to the standard alarm until it's fixed.,ENERGY
no new features in a year... i've switched to timely due to lack of development on this.,OTHER
bought it for the kittens. please let me long click on an alarm in the list to delete alarms. alarm didn't go off this morning (late for work. thanks.) but when i went back to the break room for my 15  i discovered it'd been going off for a while (up to 2.5 hours) and killing my battery despite me turning off the alarm that didn't go off (only one set for the day) and not ever setting one for any time after that. not sure what happened  but reliability is important for an alarm app. uninstalling.,FEATURE
missing some features you should add a sleep timer and magic radio integration. seriously.,FEATURE
app getting worst since last update i am having trouble waking up on time. the alarm will just stop after a certain time and it will stay as a notification on the notification bar stating tap to dismiss alarm. but most of the time i am already late. and is anyone having battery draining issues with this? phone was at 90% before sleeping. woke up to like 34 % was wondering if this app is causing it,ENERGY
excellent. usability failure usability issue. why don't you sort the alarm based on time? i have set up several alarms. whenever i want to activate one i have to literally go through every alarm time  search  and turn it on. if this list is sorted it will make easy to understand implicitly where to find.,USABILITY
okay  could have been better i am sorry to say  it's a okay application. no new development for a long time. basic features. only black and white background. i'm not using it anymore. i would say timely application is better than this.,OTHER
its mostly alr it keeps saying out of memory? watsup wit that,BUG
very good puzzle almost reminds me of sudoku but its a different game awesome puzzles not easy or straight forward but solvable. no popup adds  no funky  disturbing graphics. a good timepass you will never know when it consumes you in. actually if i go to an extreme i would call it game of meditation. and yes it shows your devices battery level in game so you know when to come out of meditation.,OTHER
great game  but unfortunate update i previously had a perfect 5-star review for this game. the new update definitely made a few things nicer. my favorite change was that you can now easily make very long lines without having to stop to scroll. however  the lack of non-facebook syncing is what changed this to a 4-star review. still an amazing game  but i'd like to see that feature re-added... and i just read that they got rid of the random puzzles. why in the world would you get rid of that?,FEATURE
great! very cool app for space fans!,OTHER
doesn't work on thunderbolt always says it's offline  force closes  freezes phone. uninstalling.,BUG
the best from the rest wow this really stands out and better grafix if you know wat i mean. ok graphics for those who take long to understand,USABILITY
wonderful when it works the path to your destination is very cool. show times were accurate when loaded. bad is that it crashes too often. when it does  it needs to reload times. also uses too much battery. i wish it would remember which park i chose next time i opened the app.,BUG
ok app works fine. went to san antonio sea world. very useful  but gps doesn't shut off. drained full battery in 2 hours.,ENERGY
avoid eats battery,ENERGY
cool app make sure that in the next version to be able to send app to sd memory.,FEATURE
eats battery  force close horrible  do not down load. it chewes up your battery  takes too long  then when page does load  it will force close. this app needs to be improved.,ENERGY
this app should sleep with the fishes. force closes immediately after the first screen where you choose the park. every time. this app may come in handy if you a hoarder and have to have your phone's memory full  or enjoy the yoyo experience of a brief flicker of hope welling up inside you as the app pauses and changes screens only to have  your soul crushed when it fails to live up to it's potential. repeatedly. galaxy s3.,BUG
fix it fix the bug that shuts down my tablet every time i open it i am so ****** with this game,BUG
an absolute must have! a great app! it helped me make better use of  space in my cell phone.,OTHER
memory use to much phone memory i hope u guys change it to sd card,PERFORMANCE
app running in the background all the time i know the app is new and doesn't have full features yet buy why does it have to start itself in background all the time? that drains battery and there's no way to justify this app doing that. i'll uninstall,ENERGY
ok but nobody has it yet. that's the problem with these apps. will people get into this. just takes up game space now,OTHER
great memory game great for the mind keep you on your toes. helps with memory.,OTHER
ending freezes would give 5 stars if it showed it was an ending and not leave you wondering if the game froze at the end with no replay button or credits.,BUG
great....but....game is not responding payed $.99 so i cld continue playing.  not working. will rate 5* when i can continue.  i have sufficient storage space and to b safe i uninstalled two games with large storage needs. i have shut my phone down and restarted it.  the game will still not work.,BUG
htc sense waste of time! don't even bother!! wifi or 4g it still will not open. stays on the home screen. free was too much money. i want my wasted time and energy back.,BUG
? good game  many twists  freezes at end.,BUG
battery emptied my battery for 50% in 1 hour while phone was in standby. don't know how but had to remove in immediately. sorry.,ENERGY
great; a little confusing at first loads of features for being free. can be a little hard to understand all the features at first. overall  definitely worth a try for being free.,USABILITY
live view freezes after taking the shot the live view freezes. everything else keeps working and i can take more shots but the live view stays on the first shot.,OTHER
good one excellent app for those who want dslr like controls on their smart phones. good app to get a first hand understanding on what thosr complex looking dslr controls do!,OTHER
i love it! it is simple to understand  easy to use and appears to be very secure. it doesn't even allow you to take screen capture of the app. i was surprised! i think they have done a great job.,OTHER
confusing i cant understand the period dates  too confusing. uninstalling,USABILITY
? this looks supper cute and useful.. but i can't understand it. would be better in english,USABILITY
hummm don't understand why this app would need so many unnecessary permissions.,SECURITY
sure i understand this is someone's project  and it works  but i'm never going to click the pop-ups  no one will,OTHER
waste of time! this app is a joke. it just uses the stock camera and can add a few silly color shifts to the pics. no actual effect filters. shame. i understand the app just fine  it's just not what most people are looking for. use cameringo for the best camera on the market. don't waste your time with this one.,OTHER
a very bad game.i can't understand what's going on. o star,OTHER
fun but ex i dun understand the reason for me to collect all the doriaki  only to see everything requires me to pay with bells... but overall it is still a fun game,OTHER
promising start but no signs of progress had a promising start but no signs of any updates. as it is  it's a very basic note taking app  which isn't necessarily a bad thing - not everyone needs fully featured apps like evernote. but i'm really surprised at the lack of functionality considering the development power google has at its disposal.,OTHER
fast and simple i loved it's simplicity. only thing i miss in this is undo feature. if you accidentally delete few characters  it's gone.,FEATURE
needs updated features quicker still one of the best note apps but needs a set of enhanced features asap. folders would be nice  but what i really miss is shared collaboration  when two or more people could be working on one note  without sharing them back and forth. i believe wunderlist has that,FEATURE
good but high battery usage i like this app but a few weeks ago it started using 13% of my battery.  sent emails and feedback but got no help so far. 13% is too much as i only make changes once per day so other than syncing that change what else does it do to use all that battery? beware. still eating battery. this is after the recent 'battery life improvement' claim by the developer.,ENERGY
battery issues. the app will usually consume 20-25% of my battery. constantly having to force stop.,ENERGY
used to be good after last update show conflicts  does not alway save notes correctly and what is more drains out batter in half day system shows that keep used 70% of battery!!! even if   force stop it after whilr it starts again useless now,ENERGY
needs recurring reminders the lack of this one feature is preventing me from using it as my primary task organizer.,FEATURE
? please fix the widget bug asap,BUG
so far so good so far i really like it. gps reminders are wonderful for a space case like me. only complaint is actually quite petty. i wish that there were more color/layout options but like i said  petty.,FEATURE
where's the google now integration?!?!?!?!?!! until you get google now integration this app is nothing more than a space wasting sticky pad!! gotta do better!! come on google!!! bout to erase this off my nexus 5 real soon,FEATURE
better than evernote it may lack some features evernote has  but at least it's free and doesn't push paid services on you.,OTHER
one irritating bug on my phone this app is good but it is not properly optimised for my lg - e425 when it comes to keeping remiders. after selecting the date of reminder  the done option is not able to seen or touch due to my small screen. please fix this problem,BUG
super excellent one the greatest apps ever  helping me at multiple levels  memory studying uptodate thank u google.,OTHER
i love keep  but hate this app i still use keep via chrome on my phone  but i cannot have this battery destroying app enabled until it is fixed.,ENERGY
bugs in latest update great app until last update that drain battery and continue to use huge amount of data at the background...,ENERGY
good good at general  but there is a lack of major features of any notes app  such as the pin lock and the categories.  also  there no widget yet.. that's a big deal!,FEATURE
promising start but no signs of progress had a promising start but no signs of any updates. as it is  it's a very basic note taking app  which isn't necessarily a bad thing - not everyone needs fully featured apps like evernote. but i'm really surprised at the lack of functionality considering the development power google has at its disposal.,OTHER
good app works very well.  seems to use more battery than it should need (6% in a day even when i haven't used it).,ENERGY
meh. you get 1 picture per note. it tends to be a little bit blurry compared to the original. recipts too blurry to read. the text space is limited. i found this out the hard way when i pasted part of my 2013 diary into it  cleared the old item  and found i had lost serveral weeks of my diary. grrr. there are better apps out there. i'll give an extra star because it syncs flawlessly and looks pretty. uninstall.,USABILITY
perfect on the run.. google keep works awesome when i'm really busy and don't have time to find a pen and pad. i'm a roofer and i use keep most often up on the roof when plans or random thoughts come to memory.,OTHER
draining battery does what it's supposed to do  but it is draining my battery too much when i leave it synced. please stop it from waking my phone from deep sleep so much so that i can leave it synced.,ENERGY
works well latest update brought some much needed visual updates. sync seems to consume more battery then i'd like so i disable that.,ENERGY
love this app! this app has helped me tremendously! i suffered a brain injury in 2009 & tried several different apps that would b a gr8 tool in assisting me w/ my short term memory issues. this is best app 4 that! hands down! i love this helpful app!,OTHER
brilliant app  but no notification noise! i love this app on my nexus 5  but since the last update there are now no notification noises. it either makes a partial noise  sometimes just vibrates or the majority of the time  doesn't make any noise whatsoever! this isn't helpful when i need reminding of various things  because i'll only see the notification in the notification bar after i'm supposed to have remembered it! i have found forums online where other people have the same problem. i hope there will be an update to fix this bug soon.,BUG
good but high battery usage i like this app but a few weeks ago it started using 13% of my battery.  sent emails and feedback but got no help so far. 13% is too much as i only make changes once per day so other than syncing that change what else does it do to use all that battery? beware.,ENERGY
sri krishna same here! bug in the latest update! updated and while launching widget that shows loading but not loading kindly fix widget that shows loading... instead of listing. without widget it has almost lost its functionality.,BUG
good but high battery usage i like this app but a few weeks ago it started using 13% of my battery.  sent emails and feedback but got no help so far. 13% is too much as i only make changes once per day so other than syncing that change what else does it do to use all that battery? beware. still eating battery. this is after the recent 'battery life improvement' claim by the developer. update - in the last 2 hours after charging my screen consumed 13% and keep used 19%. so have downgraded tp one star until  this gets fixed,ENERGY
embryonic - shows promise. too many devices excluded. this will evolve fast. evernote  it's not  but there is a space for a separate  similar app that can leverage the google ecosystem. am using alongside evernote  and will watch with interest .   current big pro: use multiple google accounts to run separate keep accounts alongside one another. eg one personal  one for family.  current big con: limited to certain devices. runs on galaxy notes (n7000  n7100  n8000) but not s5300.   evernote runs on all of these.,OTHER
draining when sync is on  it's really draining the battery on s3 and on note 3.,ENERGY
great and pretty  but heavy on battery in my experience it uses about 3% of battery even when i don't use it or make any changes on other devices. what does it do then so much?,ENERGY
i expect better from google the big g finally understands that design matters  but this is merely a weak app wearing pretty lipstick. aside from quick shopping lists  i don't really see the point as-is. also  the geofencing never works on time for me. as many have already stated  i'm sticking with evernote for now.,OTHER
bug latest update has some battery issues,ENERGY
hot game fun game seemed harder when i was a kid though i remember dishing coins in this game and  dieing nstantly....now i beat it in a lil under 20 min never knew this game was that short for the price they should throw in dragons lair 2 or space ace for free,OTHER
retro remember playing this back then in arcades! works good on mytouch 4g. now i really want dragons lair 2 and space ace!,OTHER
nostalgia loved this game in the old days.  hope they bring dragons lair 2 and braindead 13 to android next.  i see in other comments space ace is coming.,OTHER
resource error. won't complete the d/l. it just freezes every time i open it,BUG
galaxy s3 great game takes me back i was 4 when this came out in a arcade i used to watch my brother play when my dad worked at a castle park its a cartoon with a little simon on top cant wait for space ace and dragons lair 2,OTHER
awesome!! a perfect version of what i remember in the arcade from the early eighties.i hope to see space ace in the near future. thunderbolt.,OTHER
wow...totally worth $5! loved this game as a kid  however it was impossibly difficult at the arcade. the control prompts make this easier for a novice  the scenes load fast  great graphics  unlimited lives  and can continue from your saved game....what more could you ask for?! hope the developer releases space ace too!!,OTHER
dragon's lair ii as well  please! i love all the don bluth games! bummed how this is the only one that ever seems to get released on most platforms when it's the one with the most primitive animation and voice.  i'd love to buy high-res (or any res  really) versions of dragon's lair  dragon's lair ii  and space ace.,FEATURE
awsome love this game.when is space ace going to be available??,OTHER
this takes me back i was obsessed with this game back in the mid 80's! back then it never occured to me that i would one day be able to play it whenever i wanted too!  some of the timings are off though so... only 4 stars for that.  please bring out space ace!,BUG
wow! this is friggin' awesome - i remember this game was in a great 80's arcade  back in the day and in my former home town. what memories! many quarters blown on this one...can't wait for space ace!,OTHER
just like 83! so many people saying the controls are slow or that it's too easy... ok  just turn off the movement guide in the options if it's too easy.  :-)  oh  and the controls aren't slow  it's all timing!  to get past the black knight  be ready to hit your last movement faster than the previous ones.   dev  please give us space ace and time warp!  mad dog mccree would be great too!  the android numbers continue to climb faster and faster  please don't just focus on ios!,OTHER
now its time for dl2! please bring dragons lair 2 and space ace!,OTHER
luv luv it!!!!! i no longer to increase my internal memory by deleting my files now i download my fave apps as apk files n vo?la wen deleted it still remains in my sd card!!!!! now i have more space,OTHER
good its best app installer i ever downloaded i loved it plz clear some force close bugs than it would be perfect,BUG
good but this app rapes my battery. fun otherwise,ENERGY
cool! i'm really enjoying the game so far  however the game uses up a lot of my internal memory. an option to move to sd would make the game five stars. (my phone doesn't have much internal memory),FEATURE
bad bad  very bad  for a game so simple it has so many cons. cons 1. takes up quite some space 20+mb for a game like this is quite big 2. it freezez everytime i want to play it 3. dosent finish loading  always freezes at 36% pros 1. very good at scamming people,BUG
good but freezes good,BUG
can play again for a while i had trouble getting into the various games  some i couldn't at all but now with patience i can.  sometimes i have to tap a few times but as i understand its not the game it's my phone.  love the game.  i'm pretty addicted lol.,OTHER
delete.  no stars do not deserve space this will be last review  this game is no longer worth the space it uses on my and my family/friends devices. we are all deleting this pathetic game and we all will be posting on our face books how everyone should stay away from this game because all you do is lie cheat and rob everyone. how is it possible to sleep well at night knowing you do this to people. you are nothing but a gridy theif who plays on people who are just trying to enjoy them selves after a long hard day!!!!!!!! deleted,OTHER
its ok. the pay outs are not that great. i don't understand why you have jack pots  as much i have played i have never hit not even one. but it helps to kill time.,OTHER
can't play and i've $150k+ :-( i can't even play anymore!  after un/re-installing and restarting my phone  there is an error with facebook validation.  please fix for 5 stars  i love the games  i play daily!,BUG
love this game. always wi.. love this game. always winning and opening new games. here it is a year later and i'm still loving this game. even though it takes a lot of memory.,OTHER
eats you're battery life  not worth it. drains battery,ENERGY
excellent app. this app deserves great appreciation  as it has a lot of useful features on the home screen itself. also its simple too. the option to add timings of different countries  weekly weather info  bluetooth on/off  data on/off  wi fi on/off etc are so simple to use and added on the home screen. if the battery consumption can be reduced little more can be an added advantage. also  please try to add more customizations. overall  this app is great and needs to be specially mentioned.,ENERGY
saved ram memory good job,OTHER
excellent!! everything is awesome but so far i have found that whenever i turn on wifi my battery drains after using this software... may it happens due to widgets or panel. but if i turn off it doesn't happen.,ENERGY
? convenient but very unfriendly to the battery,ENERGY
best launcher ever! pretty awsome launcher.one problem it takes too much of my battery life away.hope you can make download much smaller.,ENERGY
awesome it is really good   and see it futures   it is unbelievable . it outlook is so creative . that why i like it . i think  it has one major problem it size is so big for small memory usear .,PERFORMANCE
great but.... great  but decrease alot of battery life on my ace 2,ENERGY
good app great launcher.  i really like it but it is killing my battery.,ENERGY
best vkontakte client by far the best in functionality and gui design (simple and neat). though i wonder why the pro version has admob ads in it  i could understand the free version but why the pro version? still 5 stars but if admob isn't removed from the pro version could cost you a  star for every future update version that this is still in it,USABILITY
down grade. ok app  good range of comics both current and back caterlog. but still a bit of a f around with bugs stuffing it up.   you will bye something and download and have the app force close  stop or frieze without reasion and have to restart   makes this app very data heavy.   additional there are no warnings when a comic has stopped downloading meaning you have to constantly check to see its working.  that and the fact that recites only have a serial number on the not tittle make it had to keep track periches.,BUG
? i can't understand,OTHER
great for comics really like this app and the store selection. wish it had the option to store content on sd card though  large digital collections easily consume all the internal space on my 16gb note 8 tablet with the sd card just sits there empty.,FEATURE
hacked just got notice that their system was hacked and all our info is out there! good job can't even protect our info!,SECURITY
love it! i love the app  very happy to be able to read the comics on my phone. i love the cell transitions which is perfect when i share my comics with my kids and the page layout is a complex design and they have a hard time following.  only problem i have is that i would like to be able to save the comic book files to my external memory. only because it's eating up my phone storage and preventing app installations.,FEATURE
meh its okay can be fun to use sometimes but most of the options are lame or don't fit right but the black and white comic strip options are its best features and fun to use.,OTHER
freezes all the time 4shared is better then this one cause it does not freeze and crash all the time...,BUG
not too thrilled all this app really does is compile your phones videos into one place. very much like default phone video player. i dont find this app necessary because it takes up space on phone. may be useful with older model phones  just not my style.,OTHER
worked good at first... when i first got it  it worked well  now it freezes up and only displays blank white screen.,BUG
great app with some tweaks needed would love to have push updates in the background despite the battery drain and when refreshing   preventing me from clicking into a delivery is not what i would expect it to do. otherwise a really well put together piece of software,ENERGY
simple and effective easy to use and understand  just drop in the tracking number and select the courier.   clean ui  no complicated menus to decipher.  easily the best tracking app i have used.,OTHER
last update good job but error after last update please fix it soon,BUG
great apps works well and looks great. lots of available providers. from the 5 or so apps i've tested  deliveries seems to support the most.  i submitted a bug report when statuses from one of the providers wasn't working as expected. the developer promptly got back to me and fixed the issue.   only feature i would like is auto-detection of provider based on the tracking number. but as a fellow programmer i understand the challenges presented by such a feature  so this doesn't affect my rating.,FEATURE
love on phone  hate on tab 3 tablet works perfect on my phone but when i installed it on my tab 3 it freezes very often and takes a long time to load. please fix!,BUG
great app great app but please some of us with limited memory need to save ebooks to sd card,FEATURE
good but... looking at the space that apps use  i noticed aldiko using quite a lot. so i went to the android folder which has all the app data files  i then checked the .download and .import folder under com.aldiko. every single book downloaded and imported were there named as random numbers and in some proprietary format.....i had to delete over 300 files in the .import....seriously can you ensure that this data is cleaned up after an import. it's unnecessary.,PERFORMANCE
bugs i loved this but this morning when i tried to open it the screen just went black and when i exit the page shows for a second but when i re-open it the black screen appears again. i checked for updates but there wasn't any. please fix this. thank you.,BUG
? its fun  decent library  but eats battery!,ENERGY
:/ i am still confused on how this works maybe make it  easier to understand,USABILITY
slow as hell... freezes after a few page flips for a while... very sluggish compared to other readers,PERFORMANCE
only 4 stars i love this app. i am able to save all of my pdf and epub documents. i only have it 4 stars because when in night mode is it very sensitive and if touched wrong the entire screen will turn the lettering black and i have to re-install the app. please work on brightness feature.,FEATURE
excellent indeed i just have a small problem  the lights always boosts to max when reading hence consuming my battery faster. but other than that  an excellent app :),ENERGY
library on ext. memory it'll be better if this app support external memory as its target for library files.  and also a flipping animation should be great too.,FEATURE
good but sucks battery power. i love everything about this app except that it does not allow you to control brightness. it seems to override whatever brightness setting i have on my phone and it goes to maximum brightness. this causes in a big drop in battery life. beyond that i really do like this app  but if you want to read for a long time on trips or anything like that you really need to find one that uses less power.,ENERGY
excellent !!! samsung captivate (galaxy s).  using this app has substantially improved the battery longevity  as the display is the primary power spender.  a must have.,OTHER
best and easy easy to access with the widget. very comfortable cuz i change the brightness often to save battery,OTHER
exellent have used this on 3 android phones. i use it everyday. so simple and easy to use. download now as you will save your eyes and battery,OTHER
doesn't work when battery is low i downloaded this because i simply cannot live with the auto dimmer when the battery gets low. but this app doesn't work at all if the battery is low (which is the only time you need it!)  so it's useless.,ENERGY
grate it saves my battery a lot.,OTHER
cannot fault it! just perfect....thanks. my battery life is now far better. well done!,OTHER
awesome app  requires low space and easy to use the most intersting thing the app closes itself when i am over with my task.......keep up the good work,OTHER
nice easy game game is awsome. it has thinking and memory involved.,OTHER
pretty cool i find it rather annoying that the time suddenly is gone when i look to see i have three minutes left only to find my time is run out.  either help me understand why this is happening or please fix the problem. aside from that i like the game.,BUG
hell why cant i find my location . it always say unknown error please fix ..,BUG
accurate and very cool! it's super accurate to my location and the actual temperature and forecast. i'm endlessly entertained by spinning the hangers. delete the widget  add it back and reconfigure location and it should stop the fc. the sensor is a nice touch but does gobble cpu and battery. added the moon at night. my favorite widget ever! great work.,PERFORMANCE
not showing today current temperature not showing current temperature even after update..can't even  search the locations in india  auto update of location is not working getting some error. pls fix the error so willl give 5 starts,BUG
? i havs same prblm that have others.wont connect to internet.evey time i open nd try to update time it shows network error plzz fix it as early as possible.,BUG
not showing today current temperature not showing current temperature even after update..can't even  search the locations in india  auto update of location is not working getting some error. pls fix the error so willl give 5 starts,BUG
best recharge app ever i nly use dis to recharge my phn. no need to waste energy goin to retailer shop. just add money type ur number n pres rechrg . dat simple. kip up da gud work. n lastly no extra chrage. n its available free.,OTHER
unable to recharge prepaid mobile i have been asked to add the amount in wallet. i did. thereafter am unable to recharge prepaid mobile below is the popup msg prompts. recharge status : failure error : an unknown error occurred.  please fix this. my login id is prince.sats@gmail.com,BUG
average most of the time facing same issue while recharging prepaid mobile number. below is the error message: invalid amount format or amount value out of admissible range. every time i had to raise ticket to solve the problem. please fix this.,BUG
need some changes and update for android user. its amazing and secured my two recharges  was fail due to network error but it has refund my money within 48 hours..  for developer. pls fix two problems 1-it is always failed to recharge my j&k bsnl no.9419695484 2-it has no option to pay bill for aircel post paid of jammu,BUG
not successful recharge i recharge my bsnl number rs- 701 is nt successful bt my balance is cut from my wallet plzz help me....after transaction my wallet balance is rs-79...then after 5 mint in my wallet balance is rs=(-2).. but how..... i can't understand what r u doing  plzzz do something......   email = cooltanweertannu@gmail.com,BUG
wtf wtf is wrong wid mobikwik dese days i mean dey olyways have sme prblm nowdays .....dis app was my fav app bt not now plz fix errors its so irritating,BUG
do not know i hv dabited with rs 40rs and some paise... and being a banker i have chacked my trans. and it was via p.o.s but i never did any recharge of this very amount... is it any quater or half yearly app usage amount ? plz let me know and sort this out.... t.q,BUG
showing unknown error showing unknown error when i try to recharge my phone from mobikwick. i lost my money. please fix this.,BUG
for me it is super function some times it shows errors or late processing but most of the times its super fine good app  strongly recommended \^/ this time unable to update due to error  after downloading . fix it,BUG
excellent app very fast and ready to go whenever needed. also take less memory & resources than paytm.,OTHER
very good awsm app butbin after 11:30 pm all the recharges status shows error..  fix it plzzz,BUG
- it's pretty cute but it's not working  it just says that i got 46% of battery!!,ENERGY
wow beta it is  the app crashes on starting up 1 in 3 times and some times i need to fiddle with cables to get it to go.  however  this app is amazing and we'll worth the money. the options and control that you have is great. i wish that you could set options without a camera just to play with the app and get a feel for the menus without running down battery's.   canon 50d and moto photon running cm9,ENERGY
works great! using this with an xperia z and a canon 400d  everything behaves as expected. wish i'd shopped around and got an otg cable that would charge too  but battery life (on the phone) hasn't been a problem yet.,OTHER
live view looking real good so far. i'm mostly gonna use it as external monitor for video shooting. so is there any chance to have a real full screen live view for 1.0  without the default android buttons at the bottom? even a small space like this makes a huge difference on ours tiny screens! thanks,USABILITY
almost perfect! but still amazing!!!!! this one app was the reason i got an android tablet over the ipad. a regular field monitor costs about the same if not much much more than a tablet. and that's for a standard 7 inch screen that's often times sub hd  with the nexus 10 (what i'm using) you have a 10 inch 2k screen with longer battery life and full camera control. it's almost crazy more people don't use this!!!  here's the one catch  the lag. it does lag a bit which makes run and gun shooting tough to say the least. i don't really do that kind of shooting as i usually will set up shots for scripted and partially scripted shoots. so for me it's really great.  if you absolutely need a filed monitor for run and gun/ fast moving subjects  it will be a better option. if you use one occasionally during interviews or other non fast moving situations  this is an incredibly amazing option. if they figure out the lag issue before the first official release then there is no reason not to get this instead of a dedicated monitor for the control features  screen size  price  screen resolution.  this developer is brilliant!!!!,OTHER
zenophil had this app for a while now on samsung galaxy s3 - using both canon 7d and canon 5d mk3 both work like a charm. after seeing chainfire's tutorial and the use of tplink mr3040 i decide to purchase nexus7 ii and the mr-3040 - all in all in took about 5 minutes to set it up (included flashing the wireless battery operate router with downloadable special firmware) and voila! now able to control my camera wirelessly. great job thanks so much.,OTHER
the best app when i came across this app i was a little leery about buying a beta  but to my surprise it works like a charm. i'm into doing wild life and thus needed the means to get remote control shots. dslr with the little tp link battery operated modem makes it so easy to get the shots i want. i was very impressed with the amount of control using the wi-fi with the tp-link modem. hands down this is the best app i've ever tried for doing remote shooting and if you like video it works there as well. i can't wait till the full version 1.0 becomes available.,OTHER
nexus 10 / 5d mk3 issues big and small i've been looking to use this app mostly to review images on the fly during portrait and fashion shoots.  biggest issue: not saving jpgs to the tablet (raw+jpg mode). reviewing a shoot has to be done from camera; android gallery app can do this and it's free.  second biggest: freezes for about 10 seconds between the main screen and review screen (maybe cable length is a factor?).  niggles: follow shot is my most used feature but takes too many clicks to set up. has to be configured to full screen on every use.  can't review previous images in follow shot screen. painfully slow when switching screens. in full screen the app still doesn't use entire screen  leaving navigation bar. image review screen doesn't use whole screen even in full screen mode  still shows image info.  i am one of many people who just need an image review (follow shot) app without live view functionality. maybe you would consider spinning that off as separate app? hard to believe that such a frequently used feature of tethered shooting  a staple of eos utility  so hard to find for android - dslr controller by far the best attempt so far.  i'll test a bit more but not sure if it's a keeper in it's present state.,BUG
s3 and canon 1100d although experienced a couple of freezes and an odd image preview glitch its ok. needs development to make it worth the ?5. commands all work with camera.,BUG
can't turn it off! drains battery really fast and off switch doesn't work! make it able to turn off properly for 5 stars.,ENERGY
? awsome but can also save in phone memory.,FEATURE
disappointed went to go back and listen to important calls over again and could not hear/understand anything. just static.,BUG
it is not worthy its hangs your call and audio does not work at all in any format  you only see call logs but you can not listen any call logs  waste of phone memory n time,BUG
wow ! this app really records all phone calls. i mean you can't understand anything  but you hear a pure static line. at least that's how it is for my siii,BUG
absolutely the best i am using this app since one year and i hv tried some other apps too. this is the number one when it comes to efficient memory footprint as well as unobtrusiveness. it had never failed me.,OTHER
good app. small niggles works smooth. worth while app even on small entry level samsung gt models  gingerbread device. list is good. search good. but selecting from search a tad frustrating. on tapping the list resets search. record quality good. space consumption is economical. however upon some use  found switching calls does not register seperate recording but it then stll records  so one has a copy  for editing.   i like. thanks guys/girls.,OTHER
the best its been 2 years since i have reviewed this theme and wanted to re review it. this is still one of my favorite themes of all time. so much so that i painstakingly add wallpaper and each icon to my homescreen when not using go(nothing wrong with go i just need other features) if you look around there is also an all black and green go sms theme as well. even with all the crazy colorful themes z.t.arts makes i still get mad compliments on this one. its very android  i just love it!!thanx z.t.arts!!,OTHER
good please change the folder icon into black-green icon.  and please fix the folder bug while the folder is opened  the folder title is half-showed.  thankyou..,BUG
? pretty fun  but it sucks your battery dry  even when you aren't using it and while your phone is off.,ENERGY
ok its ok.....freezes up alot tho,BUG
needs work this app has potential but it seems to not allow you to upload videos from your own personal files and when you try recording one in the app it contentiously freezes and how do you tell when you tagged a person a video if they veiwed it and how do you know if their actively using the site.,FEATURE
ok... but it freezes and runs slow causing me to not be able to get as many words as i could. that frustrates me. i prefer spell gems because it doesn't freeze at all and i'm able to create all the words at a fast speed.,PERFORMANCE
freezes after one or two games every time ?,BUG
never forget again you can double check now any agreement made on the phone so no misunderstandings appear later because you can save it on your phone.,OTHER
gud bt have buggs!!! gud app to record...quality of sound recorded is also gud...bt it has bug that it sometimes even keeps on recording even aftr call is disconnectd...plz fix it...,BUG
works/ high battery consumption droid dna. uses 30% of my battery.  my only issue.  i use it on about 5 contacts.  consumes battery regardless of use. so many call rec apps!!!,ENERGY
very goog app this is very helpfull to understand talk during call. important call record we save for long time.,OTHER
challenge with kitkat have been using the app for over a year on my samsung and never faced an issue. recordings were synced to local storage. i had purchased a moto g yesterday and downloaded the app and owing to the limited space have synced the recordings to dropbox. now for some reason you cannot hear the caller or the person on the other end  excepting for your own voice. now unable to identify the issue. any help would be appreciated.,BUG
great app great app however noticed a significant drain on my battery if set an auto record all calls. appreciate if developer can take a look at this,ENERGY
ok records even when not received causes wasted memory. otherwise its good.,BUG
i like it this app treet as dr for short term memory lose decese.,OTHER
nyc but needs to improve call. records space rather than 100 recordings,OTHER
drains battery. using it in samsung note 2. after i installed this app  battery drastically gets down. app consumes lot of power n running in bg all the time. pro: recordings are good. one star for battery issue. uninstalled. does at least pro version consumes less power ?,ENERGY
unrelated permissions n major issues first freezes phone unable to wake up but hard reset then microphone goes dead in call  total mute  forcing to call back  costly  inconvenience and time waster there could be an option on screen during call to say if record and an option to hide notification from showing up every time,BUG
im using android 4.0.4 doesn't work in my phone. can't understand record. please solv it.,BUG
good and spyware free everything we ever say is being recorded however  this app makes you understand that completely.,OTHER
effective like but problems when no more phone memory...,OTHER
mohammed asif very good app  was working perfect with android 2.3 and higher  but not working with android 4.4 or kitkat. please fix the bug. thanks,BUG
? works ok but you have to put your phone on speaker phone to record. also on playback sometimes hard to understand.,BUG
one side audio record only one side audio drain battery,ENERGY
hmm plz fix bug... recorded voice volum is too low i.e. other persons voice,BUG
4.1.4. its not work in 4.1.4 please fix this bug,BUG
helps to end arguments... there are some people that will not remember (or acknowledge) what was said during a phone conversation  replaying the call could jog their memory. also is great for replaying directions or instructions given to you during a call.,OTHER
excellent app but drains battery this app works really well and does exactly what's it says it does the only problem i had was that it drained my battery a lot cause it is constantly running.,ENERGY
not good not bad using htc desire 500 calls r recorded if calling from sim 1 only if calling from 2nd sim dan calls r not recorded.... please fix ds bug asap...,BUG
i don't understand this app use to record my calls without speakerphone..idk what happened,BUG
not bad it was working fine with previous version but when i had an latest version it doesn't stop the recording even after the call ends  plz fix the bug as early as possible......!!!,BUG
? love. it. works superb i record all calls and just delete ones of no interest or with no verbal data. ps.. got a terrible memory,OTHER
bug my mobile is moto g only my voice only it is recording unable to record the second person voice please fix the bug.,BUG
bug needs to be fixed when u call a 10 digit number with 0 prefix it does not record the call. phone is lava iris 405+.,BUG
draining battery on note 2 after 4.3 this app used to work fine on my note 2 on android 4.1.2 but ever since i updated to 4.3 it started draining the battery . please fix it asap,ENERGY
good i really like to have the ability to record every call. however  the sound clarity needs improvement. when i listen to my recordings sometimes is difficult to understand the other person. im using nexus 5,BUG
great app. has it all. it took time to understand how to use. the look is not nice but the functionality if very good. great and useful daily tool.,OTHER
just what it is supposed to do this app does exactly what it is supposed to do and does so in a customizable and easy to understand manner. once you figure out how the arrows and buttons work this is an amazing full featured app which i use every day.,OTHER
great time tracker i have a varied and flexible schedule  and i found this app useful in helping me to account for my time spent on assorted projects.  export function and option to place notes within each block of recorded time are useful features.  the black theme goes well with my current setup too.,OTHER
prevents phone from sleeping. huge battery hog.,ENERGY
? severe battery drain but does what its meant to do,ENERGY
fine very usefull and easy to manage and understand,OTHER
huawei premia really like dont use much memory or battery no adds,OTHER
awesome but... its a really good player no doubt. but since last update some of my albums wont show  and even songs wont show. not to mention it repeats some albums  and its not my memory card cause i only have 1 album for each group of songs. please fix this. its the best player ive come across id hate to have to uninstall it :(,BUG
simple yet great awesome app with little memory to spare. good job guys :),OTHER
littlenikki tracks sometimes freezes or skips for some reason!,BUG
awesome but... its a really good player no doubt. but since last update some of my albums wont show  and even songs wont show. not to mention it repeats some albums  and its not my memory card cause i only have 1 album for each group of songs. please fix this. its the best player ive come across id hate to have to uninstall it :(,BUG
freezes every time i try to click it freezes to the point of irritating.,BUG
fine it takes a lot space of my phone ><,PERFORMANCE
bad app!! everytime i go to open it it freezes my phone & crashes .,BUG
freezes and sucks ?,BUG
good very good program with a nice ui. well worth it. things that can be better. when printing through google cloud print  it prints only in black and white. the option to choose printing in b/w or color choices could be a feature of this app as i have seen other devs do this. (i know  this can be edited through googles web site to ptint a test page  but it does not save your settings.) thanks,FEATURE
not working. i have a wifi printer and when i try to print from my droid razr max hd it says need to download update.. then when i try to download update  it says update cannont be completed. error. fix and i'll change my rating. or advise me what to do.,BUG
awesome ... but some bugs addictive and highly recommended. however  sometimes the guns just shoot the same spot continuously and are therefore useless. just a bug which needs to be fixed ...,BUG
it's cool as a game  but developers aren't taking care of it. it'd be nice if there was a format that's easier to understand when it comes to gun ranges  rate of fire  and damage..especially when upgrading deployed guns on battle screen.also  you can't link to facebook bcuz the link is expired and that's how u get xtra resources! unfair! if they fix it i'd give 4 stars. and there's no link to report bugs like this!,BUG
? application will not sync without errors. i have used palm treo  centro  iphone and now droid. missing sync is rubbish. no eta on bug fix release.,BUG
cannot see latest comic and keep asking for update it is so far so good but it keep asking me to update and i do. but it keep error and update fail. please fix this coz i can't see those latest comic anymore.,BUG
invalid download url? i hit the install button then it downloaded but when it was being installed it suddenly showed an error saying 'invalid download url'  please fix this! i wanna play this game big time!!!,BUG
buggy(lg optimus dynamic) it won't let me get past level 2. the whole game freezes. please fix and then ill put 5 stars. hoppingjester3:kik,BUG
average no doubt the art work of the game is original and fits the environment well  but that alone does not make a good title. the gameplay is interesting but lacks a real reason to come back or be played over another game. the split screen in the only feature that stood out but even then it got boring quickly. i liked the game  thought it was promising  but a lack of ideas to keep me playing made the experience fall short.,OTHER
what a good game and something. good game that's been made here! also good to know frog mind replys to comments. i also have a new bug. on my phone when i have to watch an ad it crashes after it finishes. fix that please? phone model:e19091l,BUG
crash xperia play freezes @ loading screen & crashes phone when i try 2 exit. a shame 'cause it looks like a fun game.,BUG
bug in buy tickets i can choose the validity   by default it is set to be now. and it is not possible to change from my tablet.  please fix the bug,BUG
brilliant idea  weak execution looks like a good idea. the only problem is that the app looks bad and is full of bugs,BUG
the best this browser is simply the best browser going for android.  it is lightweight and fast.  boat beats chrome hands down.  from the speed to the features  chrome falls short of boat.  get on the boat  don't miss out on this browser.  from an it professional  my complements to the developer.  i would do uat on your work any time.,OTHER
fast but no session restore i would love to use this as my browser but can not due to the lack of session restore. i like to keep many tabs open at the same time and need this feature on my browser.,FEATURE
? it is good but not the best freezes and force closes but i could use it to keep up,BUG
freezes after about 2 minutes of gameplay,BUG
average average app. freezes but does ok,BUG
doesn't work for crap freezes and closes every time i attempt to watch a video. sidekick 4g,BUG
bugfix in level 61 the ground floor button is not getting pressed please fix it :'(,BUG
freezes wayyyyyyy tooooo muchhhh ughhhh ughhhhh,BUG
ex-blackberry user experience i've had gw mail for 2 weeks now; it's effective in allowing me to stay current on communications.  but - i do miss features that allow for searching by sender/topic/date  and really miss the ability to file or delete an e-mail without automatically opening the next one.  so - it's okay  but indeed a step down from bb.,FEATURE
used to like it was a fun game until the last update. ever since then  the game freezes almost every time i try to play it.,BUG
good start  but much work needed. good organization and look and some features work as designed   but many functional bugs and deficits.  lack of detailed information about purchased certificates  such as when used or if still valid  navigational errors  such as failure to accept information input  and screen sizing and pop-up location issues.,BUG
i love it i love it because it talks and stuff but it freezes from time to time,BUG
bad to many tutorials  it tkes to long  and it freezes up on my device please fix this until then this game is terrible to me. others may like it thought i don't.,BUG
eh it has to fix the bugs.  its okay for a one time play.,BUG
freezes all de way not @all on my samsung ace. i wasted my data for nothing,BUG
it works but buggy and barely has any features. this app is barely even worth it  it has such a lack of features and not to mention it is buggy.,BUG
bugs fun game. fix opening bugs,BUG
annoying this app will not let me watch finish any video longer than 5 minutes. it gets to 5 minutes and freezes every time. i have a galaxy note2 and wish this to be fixed asap please,BUG
fix the bug i would of gave it 5 stars  but it won't open any videos. fix this bug and i will give it 5 stars. videos keep saying its not able to played.,BUG
bad app freezes after 4 minutes,BUG
app freezes i like the fact that i can access videos the same i do online but i don't understand why my video stops mid - video and doesn't play anymore past that point. that definitely needs to be fixed.,BUG
kinda aggrivated ill be in mid video and the video freezes and i have to force close my gallery ... wtf .. please fix..and it won't let me resume my play,BUG
app freezes video after half way the video always freezes up on the long videos fix this and it gets 5 stars all day,BUG
scrolling bug when i scroll trough desktop pages and i use the minimum portion of activation area width  controls appear for a moment and then disappear also if i'm scrolling out of that area: you'll have to fix this scrolling bug ;),BUG
stopped working the app freezes at the spooky house studio screen  then the app shuts itself down. i used to enjoy this app  why would you make it unusable?,BUG
error nt able to play pls fix it,BUG
challenging hidden objects game one of the most fun of this kind i've played. love the steampunk theme. freezes up starting level 2 sometimes. have to go completely out and kill the app in background  then reload.,BUG
good launcher good and simple launcher but i really miss the folders in drawers. with this feature i would rate higher for sure.,FEATURE
optimalisation for 4.4 is pretty much needed i feel some issues after flashing the supernexus rom. i can't unpause the track -&gt; player will skip to another on the list after two second lag. also  from time to time artwork freezes on screen of the player (was happening also on 4.1.2  so it is not a android version thingy) anyways for me this is the best player on the market. 5* after fixing mentioned issues.  edit: artwork freezes pretty often,BUG
not working i have tried this app for the galaxy 3 and will not play it keeps saying adding to que   freezes and i have to reboot my phone still does not work! i do not know how to get my $3.49 refunded?,BUG
samsung grand it force stops  and hangs a lot please fix these bugs asap,BUG
? freezes after i look at the first card  fix or uninstalling !!,BUG
freezes real bad barely got started in the game and froze up. kept giving a banner to buy crystals and when i would close out of it the game froze. only got to build couple structures before game went to hell. only way to get out of game is to hit my home key. even restarting my phone didn't fix the problem. uninstalled the game. had so much hope for the game. looked beautiful and was interesting when i did play.,BUG
freezes loved what i got to play of the game  but it froze and won't give me any options to fix it. i tried updating it and i tried uninstalling and reinstalling it and got the same results :-( bummed because i really liked it!,BUG
ok the game is alright graphics are reallu good for such weird game and it freezes once in a while...,BUG
really stupid it keeps saying wi-fi is off. i have 3g but it does not accept 3g. this is dumb. uninstalling. fix this bug.,BUG
bug i still found bug. sometime  my acer z110 cant connected to my laptop via wifi. please fix this,BUG
samsung galaxy s2 got this for my lil girl and she likes it except that you have to purchase the other characters pkgs in order to use their accessories and it freezes when you try to use your own pic...please fix this problem,BUG
internal server error i really don't understand how this app could have an internal server error for several months and get zero dev attention. while all the other apps update immediately. fix it or take it down. if it'll take a while  give us an eta.,BUG
can't login!!! api error 401 please fix asap!,BUG
? good but fix bugs.in galaxy 2,BUG
stop button crash this app repatly fix that bug and u get 5 stars,BUG
wtf? acting weird today  cant upload pics? it says uploaded successfully but there's nothing there except a big white box with an x in it...please fix bug issues: using droid razr m  thnx!,BUG
it works when it wants to it freezes and i don't always get a notification when i get a msg.,BUG
sucks just sits and loads and then says unexpected error fix wow all u can  do is let it load the new update fucked it up how retarded,BUG
pof i used to love this apps since they upgrade the apps i can't send no messages every times i try to send a message error pop up say i have no services please fix this problem.,BUG
have to reboot phone daily while on it freezes keeps locking up and force closed droid x2,BUG
sucks only works when you first install it. force closes and freezes my phone. have to use web to access. horrible app. deleting!,BUG
s3 please fix the bugs in the notifications im not getting most of them and then when i do check i got a few missed,BUG
errors i just made an account and logged out then logged back in and it told me incorrect password or username which dumb because i know exactly what i put and then i put in my email to retrieve my password and it says email does not exist in database! if thats the case why did i get an email saying my account has been confimed. fix this and ill give it a 5,BUG
? freezes wont open just get a black screen,BUG
the app dont work i made am account and now i cant log in stupid u guys have to fix this it used to work very well b4 the app has an error n it won't let u view ur account please fix asap,BUG
? mess' s and freezes up,BUG
loved this app but then stopped getting notifications on messages fix this bug as i have notifications on for everything and it gives me alerts for everything but messages received.,BUG
not working this sucks keeps giving me error 7 fix it please.  i'm using samsung galaxy s4,BUG
to many bugs please fix to many bugs crashes to much,BUG
its ok its freezes to much,BUG
freezes at times only thong keeping it from 5 stars is it freezes and forces me to reset my phone to get it to work again.,BUG
signing in. i like this app but since the last update it has not been working properly. won't load my messages and now it won't let me sign back in. it says an error has occurred.  please fix and i will change rating.,BUG
fix it it won't let me do anything. i keep getting errors. i can't send messages and my account magically  doesn't exist. this is aggravating and ready to go to another dating site,BUG
it's garbage it just plain doesn't work. either won't open or freezes with an error message.,BUG
? freezes and leaves with a black or white screen. awful. do not download,BUG
pls fix the bug jordan bush fix the bug friends join my server and cant reconnect hardcore off portforwarded i dont know how fix that,BUG
nice one 4 stars  everything is ok  but some bugs is on my server. sometimes it kicked everyone and the reason is time out. can you fix it? i will rate 5 stars if you do.,BUG
fix i want make server &gt;:( pls fix i cant crate server i got error and before i can make server but now i cant make one server pls fix i ned make server i give 5 stars if u fix the start becouse im angry i cant make on server so pls fix then i rate 5 stars! &gt;:'(,BUG
nice one 4 stars  everything is ok  but some bugs is on my server. sometimes it kicked everyone and the reason is time out. can you fix it? i will rate 5 stars if you do.,BUG
found a bug well i think the games pretty good except for 1 thing. every time i try to sell a resource it forcecloses on me. like wtf. fix and ill change that 1 start to a 5. anyway it might just be my phone. i have the sidekick slide. andriod version. don't let my opinion change your mind.,BUG
? freezes your phone and not that fun,BUG
? the idea is good  the implementation is terrible. the game is full of bugs  multiple hangs on load on sgs. uninstalling.,BUG
facebook connection error oh please? what happened to this error thingy? fix this problem asap... cant really enjoy this game without neighbours!,BUG
excellent game but i am not able to login with my fb account.. pls fix d bug asap.. and i wish we could use coins instead of vouchers and diamonds for buying cool and attractive materials.,BUG
not working when i download it it always has an error... ggggggrgrrrrrrrrrrr!!!!!!!!! could you please fix it? if you will then i will give you 5 stars...got it!,BUG
gud it's funny game but i wont connect to fb when i clik add friends it's freeze and nothing works and takes me out of game need to fix bug... for fishing it asks to spend vochers i don't understand.  for neighbour house repair it asks coins. need to resolve more bugs...,BUG
update fail. fix please. the game is a 5star game...when it works. ever since the update it has not worked. every time i open the app it loads. then when my farm opens the app closes.  every time i try i get all excited then let down. i have an lg venice. please please please please please someone fix this bug in the update! ps. im gonna be really mad if i lose all my stuff.,BUG
not connecting to facebook using samsung s duos 2. the game is addicting but the problem is when trying to connect with facebook  game got strucked and getting closed automatically. upto now this bug is not fixed. getting tired of trying to connect with facebook and with out connecting to facebook i cant trade with my friends and this is the major problem with this game. please fix this...... and i'll give u 5 stars.,BUG
ehhh bug needs fixed js lately the game has crashed and i havr restarted my phone still did it please fix this bug thanks!!!,BUG
new feature please add new feature in hay day on my demand ? the amoooziii update on hay day? -&gt; buy diamond via coins ... -&gt; follow upto 10 farms -&gt; fix minor bug facebook connection  thanks please think about it...... .,BUG
fb connection crash when connecting to facebook the game freezes and then crashes in android... hope to find a fix for android... lots of fixes avaipable for ios.. but sadly none for android :(,BUG
unable to update! i really did love this game  its pretty addicting but i haven't been able to upload the update! please fix this!! im on level 32 and don't want to loose everything. i have a samsung galaxy 3 and every time i've tried to upload i get an error and can t get into the game anymore... sooo disappointing!,BUG
please fix would give 5 stars but on fiances phone it won't update it says error. please fix!!!!,BUG
? i couldn't  install this game when ever i started downloading it says there is some error in installing it's so irritating please fix it,BUG
amazing! this game is so addicting!  i just have 2 problems  1) everything that you need is to buy to order to make stuff is so pricey. 2) just about every time i get on the game  it freezes my screen and turns my phone off  does this about 3 times before i can actually get on the game.  other than that  it's such an amazing game!  just  please fix those problems. thanks!!,BUG
facebook connection bcoz of this i have given 4 stars...fix this bug fast..i don't want to uninstall this game.,BUG
error connecting i'd rate it higher but i have major problems opening it. it freezes during opening and won't open. i'd like to play but cant.,BUG
crash i love the game but it freezes then crashes.always,BUG
bugs with update since the last update this game constantly freezes up  is  no longer connected to facebook  and when i try to reconnect to facebook  the facebook icon starts wiggling and the game freezes up  i hate not being able to connect. please fix this issue and i'll give my 5 stars back.,BUG
rdx king fabulous game... bt the problem is i cant login with facebook therefore i give 3.. plz fix that bug and i will give 5,BUG
please fix the errror.. i so love the game  but theres an error after downloading it!,BUG
? i deleted the game by accident and it deleted all my game status!! ; ( please fix the bug because it doesnt do this on the  ipad or or iphone,BUG
was 5 stars now... i am using a samsung galaxy tab 2 and i keep getting an error 923 message when i tried updating it. please fix this.,BUG
the game constantly freezes. very frustrated since update. the game freezes and goes to green screen. i have to restart tablet every time to get game to respond. fix?,BUG
fb login issue. last night hayday was still working fine. this morning opened the game and it says i need to login to fb. i tried. but it glitches  freezes then closes the game. wth happened? pls fix.,BUG
error. i can't enter the game please fix    asap...thank you. .im  waitingfor the immediate action,BUG
fix please newspaper error  opening game frequently crash.,BUG
fix the bug game does not get synced with facebook on android devices . kindly fix the bug so that game gets connected with the facebook friends.,BUG
not fun anymore to many connection problems i had rated game 5 stars. since 02/13/14 update the game freezes or just shuts down every few minutes takes the fun out of game. i have contacted supercell . tried everything they suggested to include uninstalling and reinstalling game. i wish supercell would fix this other players are complaining about the same issue!,BUG
can't connect o facebook i am at level 29 and still can't connect to facebook. i tried it from beginning and it updated 4-5 times during this time period. every time i try to connect to fb it just crashes. plz fix this bug in next update.,BUG
fix the bugs please parang awa niyo na fix the facebook thingy i don't want to loose my gamer,BUG
? everytym i connect my farm in my fb account it freezes den back to my phones' homepage ive already emailed u for how many times d problem but still no reply.. can you pls fixxxxxxx this! i've bin asking u politely n patiently about this probably and still n reply from im kinda frustated with you not fixing my prob!,BUG
facebook connection error when i try to connect to facebook  it seems that the game freeze and force quit... pls fix it,BUG
samsung galaxy tab 2 10.1 played this game for a couple of weeks and really enjoyed it.   but now it's asking me to connect to facebook (which i was)  freezes up and then diconnects.  what a shame! i'm afraid to uninstall in fear of losing all of my progress.  please fix this so i can once again play.,BUG
? i love it  but some times it freezes and i have to do somthing else,BUG
the game is good but when i try to update it it says that there's an error code #919 so till you fix the game i give 1 star rating i agree with kitija.,BUG
please fix the bug! i absolutely love this game! it is very fun. but  in the last two weeks it has been closing out of the game while i'm playing  and freezing during the loading screen and making my tablet freeze up and shutdown.  please fix this. oh  yeah i'm playing on a samsung galaxy 3.,BUG
cant download! it shows that hay day cant be downloaded because of an error 912.... plz fix this!,BUG
error i cant log in to my facebook.. when i try to log in  this game is closed.. please fix it.. thanks,BUG
facebook bug will give u 5 if facebook gets connected .....fix the bug asap....,BUG
good game good game but its not connecting to fb plz fix this bug,BUG
unable to sign in with facebook i like to play this game but am not able to sign in with facebook. when i touch  the facebook icon it just shakes then freezes and then just kicks me out of the game. how can i fix this problem or can the developers please fix?? if the problem can be fixed i will give more stars. please help me!!! ?,BUG
waste please fix bugs and it doesn't connect to the facebook,BUG
buggy update- quick fix amusing game and good fun. disappointed by bugs in update   however good turnaround to fix- well done.,BUG
nice but. i love this app . but.. the hash key did not working please fix that bug. please....,BUG
dialer doesn't support # symbol wrote a review ..before a year..still the developer was not able to fix the bug. the dialer doesn't support the ussd mode..i mean it doesn't recognize the # symbol. dialing *111# ..calls the *111 no..doesn't enter ussd mode. so rating it 3,BUG
force close latest update force closes on droid x. i think it may have to do with favorites. they are acting very bugging on my phone. keep reappearing rapidly.,BUG
bugs problems when setting up the app  when trying to save and restart the app it goes back to stage one where you arent able to set it up and keeps on repeat please fix this app is amazingly awesome !!!,BUG
pretty good i would love this apparently and buy it immediately but for one fatal bug: the dates are displayed in the incorrect american way. please fix for the rest of the world :),BUG
? freezes phone,BUG
i want my money back !? so i download this abd i couldn't unfollow people because i had to upgrade to pro for 99 cents i did that and it froze so i reloaded it and it wouldnt load it kept saying error invalid so yea..... fix it please and give me my money back,BUG
not good every time i try to unfollow it says error and when on my instagram page i have to imput a security code..please fix this now please.,BUG
? freezes sometimes,BUG
what the.. the app keep saying it broken! won't let me unfollow ppl! and when i refresh everything goes to 0 and says error.. fix it please,BUG
? it worked fine but now i keep getting a server error when i log in.. i upgraded and paid for the add one.. i'll give it 5 stars again when you fix it..,BUG
it was ok at first it was ok and since i dowloaded it nobody unfollowed me yet (idk if its related to this app anymore) but anyway suddenly it stopped working and its telling me an error message hope u can fix it,BUG
having problems when i try to unfollow people it keeps saying error  please fix this!,BUG
bad it doesn't refresh and there are too many bugs! also  the info says i follow 0 accounts  i have 0 followers  0 non-followers  0 fans. fix it please asap!!!,BUG
love it but freezes sometimes so have to uninstall and then reinstall. please fix,BUG
? worked fine in the beginning  now the app freezes & loads slow.,PERFORMANCE
? it is constantly telling me when i go to follow or unfollow someone   *error* no matter how many times i log in  out or how many hours i let pass until i try it again  but ths twice it has worked  its good :) (please help fix it) but above all really good creation  well done!!. now it wont even let me go in! it keeps saying forbidden! !!,BUG
okay c: it's okay  only that sometimes it freezes and has ads  but apart from all of that it's good :-d,BUG
freezes the app keeps forseclosing. needs fixing.,BUG
can u fix bugs it freezes alot and when i unfollow people it doesn't let me unfollow them,BUG
slow/error worked well at first... i went on and unfollowing spree and after a few the app stop working properly and now it tells me there is an error loading and refreshing the info. please fix because i also paid for one of the extra packages.,BUG
error loading? it isn't loading my followers at all. can you fix this?,BUG
crap ~ refund requested the game freezes about 6mins into it everytime ~ crap shack game ~ refunds hard now.,BUG
don't recommend the graphics are very slow game freezes a lot during arcade mode very disappointed.,PERFORMANCE
ftw i download error please fix it waste of time,BUG
bad cannot download on s4...fix the bugs,BUG
funny i laught a lot with this app. but... please fix the bugs and lags and sometimes the force close!,PERFORMANCE
in give this 2 stars  because... for 1 it takes too long  to download and 1ce you get it  it freezes and then sometimes you have to delete(jeez delete has too many e's) oh ya it just to play it again,PERFORMANCE
please fix bugs in update! ever since i updated this app  it does not work. tried several times to download  but keep getting error message saying package file invalid. i refuse to uninstall due to paying so much to buy cool tom accessories over the last few years.  please fix this issue! my autistic son misses this cool app  and so do i.,BUG
slow & freezes it freezes and the game is slow,PERFORMANCE
average freezes for a short second and keeps pausing in the middle of the game  which sucks because it pauses right before traps and completely ruins my play!!!!:(,PERFORMANCE
help... i'm addicted! i just purchased and downloaded this game today and it is awesome! anyone who is a fan of wheel of fortune will enjoy. i am playing on an asus transformer infinity tf700 and experience no lag  freezes or issues whatsoever.  i recommend people having problems with the game try uninstalling and reinstalling or do a cold boot on your device.,OTHER
freezes since update game freezes after the first round every time. tried restarting and resuming  no help. please fix.,BUG
not impressed i actually paid money for this which i don't normally do  but i love the game so i did. its rubbish it freezes its very slow and switches itself off what a waste of money if only i could get it back!!!!!!,PERFORMANCE
love this game  but constantly freezes this game freezes mid-game in both solo play and together play.  i have to exit and return to game in progress several times.  sometimes it will break free and continue  other times it remains stuck to no avail.  this is frustrating!  fix this!,PERFORMANCE
freezes after update. game has been freezing after the update was installed. hopefully the issue gets fixed soon.,BUG
this game sucks it freezes super slow and always freezes dont download it waste of money,PERFORMANCE
disappointed freezes on start n letters dnt show. #refund,PERFORMANCE
just freezes at the sony screen. i want a refund! ?,BUG
good but with errors please review and fix at least the book of oseas.  i am sure there are other errors so let's start with correcting oseas.,BUG
frezzes do not download unless you want your phone to freeze!!!!! i can't even play it cause it freezes so much,BUG
ugh theres an error ...... my advice ( to the creators) fix the error and the itl be good!:),BUG
nice but buggy some times you make a move but your clock still is working till you are out of time. awfull. some cheaters can  enter 3 queens  in the game via cheating. fix it and it will be nice app.,BUG
lie all these reviews lie dont download this app it will crash and it freezes ur phone download it if u want a slow phone,BUG
? eof at 1883 error when trying to sync to my company's email. please fix it.,BUG
like it like the game...freezes alot tho...,BUG
? good game but freezes a lot,BUG
freezes game freezes every time you try to connect to your facebook account. game stops responding.,BUG
sucks..... freezes and locks up phone force closes ..pos game,BUG
little bug on galaxy note please fix galaxy note's 1280 x 800 (or was it 720?)  the title screen is wrong,BUG
bornwitclass would hv given five stars but it needs a chat feature. it freezes sometimes and i just hit the back button on my phone this doesn't happen often. this is a really good app and addictive nights i cant  sleep a play a few games or just to kill time.,FEATURE
love it! this is a very fun game!  you will love it! but my issue with it is that it freezes when im about to win and the other player ends up winning.. fix that  :),BUG
stability fix required the best app for syncing vk music with last.fm. lags and/or crashes causally  though  could use a few bug fixes. other than that  all is good.,PERFORMANCE
failed downloads since v0.9.2.5  many of my download files of above 20mb have failed exactly at 91% with failed retries henceforth. the error didn't occur for small downloads and the same larger files downloaded easily via the browsers (firefox/chrome/built-in). fix this devs!,BUG
the best it freezes every blue moon but it still cool,BUG
error please fix this. when i open the application is always an error. be first but i could not get the card. what's this? please fix it  i love super junior and want to play it again.,BUG
alright its okay but it freezes all the time,BUG
fix bug: this app is good but it force stops everytime i open it,BUG
fix fix the error plz...,BUG
constant crashes. samsung galaxy sii   the app freezes as soon as i open it. i got it to open once and it looked pretty cool. i'll keep it and hope for a fix soon.,BUG
piece of crap this game always freezes its so f-ing dumb,BUG
whoah :0 i love the show i love the app though i suck if only it were easier to get more coins. i have had some irritating issues with the app though. when a play a song i just bought it sort of freezes and if i get out of the app and back in it doesn't count it like i had play it  so it doesn't give me coins and its happened more than once  that part gets annoying to me.,BUG
the voice its ok but on my phone it freezes in the middle of my song i give it 2 star needs to be fixed!!!!!!,BUG
freezes up froze up on screen uninstalling,BUG
please fix the bug please fix the bug,BUG
uken is garbage this game freezes up all htc one x phones. don't download,BUG
freezes every time i use it on my razr it locks up until battery is dead didn't use too plez fix,BUG
? force close junkfreezes up your phone,OTHER
fun if it doesn't freeze it is fun but it freezes sometimes during the game... that's quite frustrating!! if not  absolutely five stars.,BUG
please fix the error please fix the error it says it has thanks,BUG
was awesome but super buggy now. keeps on going back to main screen after you pick the song difficulty. fix and ill go back to five stars. not happy considering ive paid for this.,BUG
? installed game twice. only game that freezes my phone  and makes it restart itself. all set  no third chance,BUG
game i can only start the game once and then when i close it and open it back up  it freezes on the title screen,BUG
? its okay but then it freezes other than that's its ok,BUG
like it i do like this game quite a bit but i would like it more if it would open when i asked it to. the first day i had it everything was fine but now i try to open it and it just freezes on a black screen. i have the galaxy s4.,BUG
awesome i love this game but my phone glitches and freezes some times,BUG
freezes my whole phone force closes then freezes my phone galaxy s5. please fix,BUG
freezes at the start every time i start the app it freezes right at the first screen. about to uninstall and save the space. i really love this game but what's the point if i cant play it?,BUG
pretty good i love this game and i live to play the songs but its annoying having to pay so much coins for a song and sometimes it freezes up on me but i really recommend it.,BUG
wont work even with the newest bug fix update  i can only play the demo and one song  because once it gets to the sign in screen  i sign in and it loads forever (not because of interneg issues  i have 4g lte). please fix for i want to play but simply can't on my galaxy s4. edit: even after some bug fix updates it still occurs.,BUG
cmon i mean really this thing is so slow on my phone its not working at all it just freezes this is a waste of time,PERFORMANCE
it's ok sometimes it freezes but other than that i like it,BUG
what happened i used to play this all the time  but now there are too many bugs.  first it wouldn't let me play any songs  kicked me back to the main menu. now after reinstalling  i can play songs  but it wants me to pay for the songs i've already paid for.  not going to happen.  fix these problems and i'll rate it higher.,BUG
this game is fun but it freezes too much it gets frustrated.... this game is fun but it freezes too much it gets frustrated....,BUG
the new version is bad! the new version ignores my fingers and has no sound even when i have the sound up high its very buggy and laggy so please fix it so i can enjoy it like i did before the update,BUG
wow i love this app  i can play let it go from feozen but it is so wtf sorry please fix bugs it creeps me all the time everytime i click this app when i play fo 20 minutes this app in the led its like a cable no signal please fix it kindly creepy,BUG
?? good   but every time when i am in a middle of a song   it freezes   then my screen goes black .,BUG
2g problem worked pretty well on wi-fi n 3g  but as soon as i converted to 2g it stopped showing data usage correctly..i wasn't aware until i downloaded big file yest n still data usage in mobile section remained same.. fix the bug,BUG
freezes me phone stupid,BUG
fix bugs love the game but it freezes up to much! please fix!!!!!,BUG
galaxy 4 love it. freezes once in while but nothing major. very addictive..,BUG
some minor bugs the graphics and fluency of the game is good however it closes down automatically  fix it and i will rate it 5,PERFORMANCE
sony xperia z1 please fix bug.unfortunately game stop.lost a lot of money and weapons on arena.every time on wave 9 game stopped without any reason!!!do something about this!,BUG
major errors i like this game but having some problem unexpected stop in wave & now in missions also. fix it i give u 5 star for this game.... now its stop in every mission,BUG
unplayable freezes every time i try to play this has been the only game in the app store to do this period. might b a good game but i wouldn't know,BUG
fun until it freezes. good time killer. hard game to play. game keeps freezing up. fix it and i'll give 5 stars. update. still freezes up during missions when almost complete.,BUG
awesome game! this is now officially now my #1 favorite first person and zombie game that i've ever played off of google play  great job. one thing if you've played black ops zombies mobile you know how when they have an indicator when the zombies are near by just before they hit you  this game would be 2x cooler if you added that kind of feature to your game  please and thank you!,FEATURE
error please fix this game it glitches back to my desktop and i opened 30 times but this is not still working. please fix this bugging game before you store imeadietly. fix it imeadietly.,BUG
crashing!!!!! i played on the arena and i reached wave 19 and the screen freezes then crash..without saving my casino chips and money..,BUG
? the best zombie fps game style a  like cod zombies and dead island in one just worse graphics but plwying on a phone it's probably the one game everyone looks for after playing every game on here related to zombies disappointed by the lack of features or storyline. this game has it all the second one is alright more for newer day gamers that like more of a straight line style gameplay with auto firing lol,OTHER
help delvopler really it has a bug it crashes and freezes helppppppp....but amazinggggg game i wanna play???????????,BUG
it close down with showing any error message.. the game is awesome. but i m facing problem of shut down the game with out any error message on my canvas turbo mini mobile.please fix it. thanks.,BUG
not bad i think it needs more improvement  there isn't much to do. my 6 year old thinks it is fun  but it freezes at times.,BUG
problem with room upgrades:/ guys  your taking it to literally. the rain bottles dont literally make it rain in the game  it just attracts bugs when your family member dumps it in the yard. bugs dont come everytime you use a bottle either. ive used several bottles and only have three bugs. you have to be patient(: i do have a complaint though. every time i try to upgrade a career room  it puts this spoon-like thing in my tray and wont upgrade a room. please fix! i cant even get my money back either:( please please fix last day of work.,BUG
this is stupid it always freezes up on me and non of my food ever saves. don't buy this!!!!!!!,BUG
? needs a few weeks to gather user data to work perfectly. works nicely on both my htc and sony ericsson devices. dont miss to check the e-mail feature.,FEATURE
ok but buggy freezes my phone a lot. tends to lag right before it happens. fun though. like angry birds,BUG
crash after 2 levels i play 2 levels and it completly freezes my phone. i have to restart my phone. fix this issue and get 5 stars,BUG
save the peasants awesome game! like angry birds  but more fun and not as frustrating. no lags or freezes as others have reported.,OTHER
not good needs polish  very buggy  freezes and needs more levels,BUG
it's not bad but misses synchronization between family accounts. lack of this feature makes it unusable for me,FEATURE
freezes freezes very easily and won't let me get back in. had to uninstall. very frustrating,BUG
it ok but it freezes alot i'm so glad to see my favorite team good,BUG
freezes it worked very good. but after a few weeks it started to make problems like not opening up.,BUG
crashes after tutorial level this looked like an awesome game i bought it for my galaxy tab 3 and surprise i could only complete the tutorial level  the game freezes afterwards and i have to reboot my device what a shame...,BUG
crashes after i do the first level the game freezes and i paid for this so its kinda frustrating,BUG
plays for a couple of minutes then freezes up galaxy tab 3,BUG
full of bugs this would be an awesome game if they would actually fix the bugs the worst one for me is i lose every time someone attacks me and have lost a lot of glory because of it even tho i look at replay and it shows me winning by a lot enemy only getting like 15-20% and no stars tottaly a game braker  they need to fix fast or a lot of ppl will stop playing i sure will,BUG
fix campaign bug please :-( i have 30 stars and can not continue because if i win campan and does not open another... please fix nexus 7 2nd  android 4.4.2,BUG
my city hall vanished fix your bugs gameloft.i have already registered a complaint but still no reply from your side.,BUG
should improve ridiculous.. my total kingdom had been changed..my total progress. . everything...please fix this error you morons.....you people just don't have any idea how to maintain a game..every time you fix an error  new error starts immediately. ...,BUG
good game little bugs to fix still,BUG
fix it..... shuts down while i search for fight do something  fix bug,BUG
samsung galaxy siii how come my account base is changed!!!!???? please fix back my old base & return my fully upgraded base!!! is like been switch or hack by other user! a lot of bugs! after updated army get fast die when deploy to battle!,BUG
. dropping my rate. match not found. error occured. disconnections. i really love the game. awesome graphics  by far my favorite... but playing single player is not fun. so i cant give my 5 stars back until match making is fixed. i thought its my internet. tried wifi. mobile internet. still same crap. impossible to find match. please fix it,BUG
ok need more improvements to the game.fix bugs. also make loading fasters than before,BUG
bugs  bugs and bugs the game would be really good  but the application is full of bugs  increasing at each release. a pity...,BUG
full of bugs the game is full of bugs!!!,BUG
nothing fix my problem. dont play this game until the problem fixed. a lot of bug,BUG
addicted love this game! im so addicted to this one but i hope they fix bugs and the server! i wud rate it 5 stars if werent for the bugs and glitches,BUG
update broke game loads up and then freezes completely after a few seconds. gutted...,BUG
bug  please fix i have many builder in my base and the upgrade progress is stopped. please fix. !!!!!!!,BUG
bug lately every battle replay is 4 or 5% won but they obtain victory anyway... please fix it!,BUG
hangs n freezes my cel this gane is becoming impossible to play. i am using salaxy s4 but still facing following problems 1. every time i.mount an attack when my legion is at war it freezes and close down 2. at times it hangs my cell i have to pull out my battery n restart my cell 3. when ever i get attacked i lose 750000+ gold n food n when ever i attack i cant fine any opponent with more than a few hundreds of.food and gold. this is cheating.  4. time it takes to upgrade a building is too damm much.,BUG
galaxy s3 mini this game is full of bugs. i've been playing this for over 4months and my profile has been swapped/hacked 3 times. i'm a paying customer and 2days ago it happened again. 600 crowns and my 5th architect has been taken from me. you're (gameloft) customer support is crap because not once have you got back to me to rectify this problem. sort it out!! i want my missing crowns and architect back.!!,BUG
? pls fix bug to get 5 star,BUG
terrible horrible graphics. tutorial takes forever. takes forever to load  frequent disconnects. force closes many bugs and glitches. sever is almost dead. extremely unbalanced. you always get attacked by someone with way higher rank than you. updates are non existent. looks like developers gave up on this one. don't download! this game is just awful. too many ads.,BUG
a bug  or cracked? my province got attacked  the replay shown; the enemy only destroyed 10% of mine  s/he did not get any star. but in my battle log showing that i have been defeated  the enemy got 3 stars  and i lost 4 points... fix that!,BUG
too many bugs now every time i am attacked the replay shows that my opponent could not get even 10% of my city. but the attack log shows that 100 % of my city was destroyed and my opponent got three stars. this happens everytime. totally beats the need to upgrade your city. please fix this coz it gets really frustrating.,BUG
pls fix it there is an error with my troops  they are not visible.,BUG
terrible horrible graphics. tutorial takes forever. takes forever to load  frequent disconnects. force closes many bugs and glitches. sever is completely dead. updates are non existent. looks like developers gave up on this one. don't download! this game is just awful.,BUG
? this game seems to have bug when i start it every times take lot of time and i always have to colse 5 times and then it startsthis game does not start.....i have to close 5 times this game and then it start.....wtf.....fix this give 5 stars,BUG
come on please fix the crashing bug,BUG
excellent hey  im just comenting that when ever i start the game and starts the deathmatch game i start playing for a while and then it freezes for no reason but can you fix it on the new update please. another thing is that i play the game for 30sec. then it freezes on a samsung galaxy light sgh-t399. why some people like they hack while im trying to shoot they move faste and thats how they kill me real quick.,BUG
smooth! no problems with my xperia z1. the only issue is that sometimes before starting a match  after spawning it freezes for a few seconds. i hope it fixes after the next update. :),BUG
force close ple bug fix,BUG
there's some issues there's some issues in asia server its laggy buggy and there's a rewards date failure so fix this issues and i will give 5 stars :),PERFORMANCE
cool just freezes everytime,BUG
bug please fix the bugs,BUG
crashing the game keeps crashing all the time. every time i begin to play it freezes after about 20 seconds. please fix this!! samsung n7100 android 4.3,BUG
excellent game freezes a lot tho...,BUG
excellent game excellent multiplyer shooter i've come across on android. but for three days game worked like a charm. since yesterday they lags and freezes have become more frequent and they leave me  frustrated. i'd like this to be looked into so that i can resume playing this game.  i am using a samsung galaxy note 2 and i've tried everything from keeping the ram free and rebooting my phone  nothing has solved these freezes.,PERFORMANCE
laggy it keeps lagging on me and i keep dieing cause it freezes and everything just wizzes by,PERFORMANCE
bug can you fix the bug,BUG
freezes fix this it freezes while ob the tutorial when is press deathmatch it freezes fix it or i will rate 1 stars 0 if i could i want to play this game badly!fix it fix iiiiiiiiiiiiiiitttttttt,BUG
ok not so bad but it always freezes on me,BUG
game freezes! i play on the pc and now tried to play over and over on my samsung s3 and it freezes up after 2 min. in the game!,BUG
used to be the best game this used to be one of my favorite games on android but now i dont like it because of the big lags it gets please fix i would like to play this game again like before  without lags now i can even private chat with my friends its seas communication error and i got good signal please fix,PERFORMANCE
freezes still freezing in zone control. ...    :(,BUG
not good this game doesn't play well on my note 3. it freezes and graphics get distorted.,BUG
ok i guess just fix the start up bug it is getting annoying,BUG
amazing i would give it a 5* but it freezes once in a while . :-(,BUG
drodx my video freezes half the time when im reviewing it.?? problem with my device or the program? other then that this program is awesome.  i always use it.,BUG
app freezes and videos are not annotated i have started using autoguard app in lge nexus 4 and the video freezes after recording for sometime and asks me to wait or quit.  my major problem is the video is neither annotated and nor the speed or map or gps speed comes when i upload the video in you tube. i can not share the video as it shown in in-app player.  however i really like the ui and the video and map side by side,BUG
watching grass grow is more better its better because i was sooooooooooooooooooooo exited to play this game than when reached 100% it said error code 919 even when you guys fix i might still keep it at one star you know what even when you guys do fix i will keep it at one star,BUG
very disapointing i am disappointed because when i gave anne (cowgirl) blonde hair (which was right) and gave her a hat ( also right) it said its wrong. please fix the bugs then i will give five stars. still fun,BUG
drm ruins the experience the licensing issue in this game completely ruined my experience with the game. those of you looking to purchase the game must be warned the google play license error message shows up after an hours play and force stops the app. if you wish to keep playing you must download and re-install the app again only to have the same process repeat itself after another hours play. an issue the developer is unwilling to fix after unresponsive bad customer service.,BUG
bugs on top of bugs. unusable. app claims i need to save the pic i want to fix to the sd card first. but  of course  the pic is already on the sd card.  then  app crashes.  crashes every  single time.  quite useless.,BUG
pretty useless shows screenshots right in the ad for the app  not really secure. oh  and it freezes a lot.,SECURITY
just doesn't work at all anymore it worked fine until the lat couple of updates. now it just freezes and crashes every time i open the app.,BUG
freezes pretty accurate,BUG
its ok freezes alot  only can see priors to horoscopes not following day.,BUG
? cool app but freezes when trying to share on facebook fix that and i would give at least a 4 star rating,BUG
yay thank you so much techgame i found a game like risk but one problem when i play it freezes for a second and then comes back on it keeps happening could you fix it,BUG
dont waste your time !!! .doesnt load well ! .always freezes ! .too many pop up ads ! always deletes all my other apps after it has frozen !,BUG
? i like the concept but it freezes my nexus one like a brick. have to remove battery. any other apps like this?,BUG
good its good but its freezes up a lot,BUG
fun freezes a bit,OTHER
nice for a beta app but it freezes when i skip  like when there's a part of the movie i want to see,BUG
issue with sound and video i'm using a spice mobile. when i use the vlc app  the sound is fine but the video freezes every 25 to 30 seconds and after few seconds video playing but sound and video mismatch.,PERFORMANCE
? its good but some video files freezes for few seconds. ..,PERFORMANCE
poor sounds fine but video freezes after 3sec...,BUG
good job !! i download it and it's awesome !! fix some bugs for lg devices ..,BUG
poor...... it freezes when i am seeking any video.....,BUG
good but beta it can play every video but usually freezes in long videos of course it is a beta so its still okay.im looking foward to the stable version. zte blade iii,BUG
error fix the errors gets stucked ....,BUG
can't show subtitles correctly at least not hebrew subtitles.  also freezes a lot.,BUG
? update is stuffed...doesn't respond on my z1...freezes and crashes...don't update,BUG
freezes no so good with htc incredible s,BUG
? after an automatic update to the beta  i cant play many videos now which i could play before this update. major bug please fix it!!,BUG
useless it crashes every time after this recent update. please fix this on my s4 and provide some update that fix these bugs.,BUG
i love it but... its awesome cause i can play my own songs! no.other games do that. not like tap tap. this has really good potential but you guys need to fix these bugs and quick. like pushing all three bottons in the middle of a song... its not going to happen. and also to make the little circles be more in symc with the music. not just all random that doesn't even go with the beat or the music phrases. please fix and ill give 5 all the way!,BUG
please fix the bug very bad game,BUG
bug fix keep it up !,BUG
bad i like the game  but i hate the ada and it freezes and pauses the game. i uninstall it... it just make me depress :(,BUG
bug fix please unknown error occured during install: 919?,BUG
it's ok. but it freezes from time to time,BUG
horrible on a galaxy s4. freezes on every spin without payout or loss. works fine on my wife's s3  but that's not what i am reviewing.,BUG
please fix i'm a frequent flyer and i really like this app  however i cannot see reservations when traveling with my son (same name) even when we have different aadvantage numbers registered on the reservation. an error is shown indicating that it cannot find my reservation because there is other people with the same name (but we are both under the same reservation!!!) please fix to make this review a 5 star.,BUG
lilcberry needs to fix bug otherwise good app,BUG
cool this game is sorta fun but it freezes a little please flicks it,BUG
cant create an account!!! i cant create an account and cant save my progress because it always says it has a network error!!!!plz fix this!!!!!!!!!!!!!!,BUG
network error please fix the game because  i can't creat an id it always says occure error,BUG
please fix the bug it always crashes when i start so please fix the bug bcoz i wnt to play it otherwise good game,BUG
not free and graveyard freezes it was advertised as free but you had to pay after 1st round.  then i was really enjoying this game but it then freezes at the graveyard. please please please please please please fix or give me my money back,BUG
need to improve it suddenly shut down  please fix this bug.,BUG
excellent to worst used to be the best app for voip in my note 2 unfortunately received errors not connecting diagnostic report's sent no answer to fix my issue changed the phone brought htc one same issue still exist but in my other phone iphone it's works perfect .please do somethi ng if you guys are reading. thanks for everything,BUG
fix this thing!!* fix this thing about errors i hate it it aget to meh head jack,BUG
good lack in feature less filters no proper user interface but a helpful app but a really simple.,OTHER
always online i use this app for 3 years. now it got issue which is not being fixed more than 3 months. if i get online in the morning it shows me online for whole day... oh come on this bug is killing me. coz my friends think that i am not replying them while i am online. plz fix it,BUG
freeze freezes right after i try to make video call  goes offline itself within few minutes of being idle does not work in backgrnd. .plaz fixxxxxxxxx. .,BUG
dont show result after searching... best irail app but now it fading plz fix bugs,BUG
it used to be a good one. need to fix some bugs. then i will give 5.,BUG
old version please update the apps to improve and for fix the bugs.... some of the train timings has been changed on 2014 onwards plz fix this bugs,BUG
? it doesn't shows the availability of seats in all the trains. it shows error for most of the trains. please fix the issue.,BUG
annoying it let me choose the pictures i want  then it freezes or force me to close it...fix it,BUG
crashed system stopped working. no matter what i did this app kept crashing the system. my phone wouldn't work. the screen kept going black and i couldn't run anything. happened all of a sudden. uninstalled and went over to go launcher ex. same features  smoother  not crashing even with more widgets running. sorry adw.,BUG
crashes! somehow i cannot do any changes on it because it freezes and then i have to go back to touchwiz! ugh!,BUG
default launcher still not fixed how can it be that you cannot manage to fix this bug? still after reboot phone always asks to choose default launcher. happens with both of my phones and with jb 4.1.1 and 4.1.2.,BUG
fix this game needs some fixing it causes my phone to shut on and off plus it freezes my phone,BUG
it suck when i want to play it take me 12minute...and please fix the bug,BUG
ok can you please put more missions and pls fix the bugs,BUG
? this app is very poor  it has to upload and once it gets to 63% then freezes and doesnt go any higher.. un install!,BUG
good game...fix the bug! when i try to change my profile pic to one from album  it force closes... and i can't complete the mission! fix please then 5 stars,BUG
excellent game this game is fun  unique and contains enough variety to keep u busy for hours. however  there is a bug where the camera doesn't respond correctly at times to what you do while in the game  the scroll will sometimes make you zoom and vica versa  fix that and this game will earn 5 stars.,BUG
lack of basic features. major changes required. add thumbnails for apks and games  add hidden files support  add per file memory counting  add backup facility for apk and system files.,BUG
freezes alot fun but freezes,BUG
? waste of 4mb. i got the same network error message others have gotten.there's no network error  i can connect just fine or i would have been able to install this in the first place. fix it.,BUG
nice gud game but lack of upgrade and features,FEATURE
changes the set ringtone? the ringtone i've set for my device automatically changes to the default ringtone. i had a suspicion that this app may be causing it. i uninstalled it & my ringtone remained the same. it is a brilliant app & i do not plan on uninstalling it  bit just fix this bug  please.,BUG
anoying bug i use both the powertoggles notification bar widget and home screen widget.  really good concept as a whole. but... the home screen widget always freezes a couple hours after i configured it.  the widgetbis used to launch my favorite apps  not for toggling anything if you want to resolve it  i can try to give you more info. ofc rating goes up if this is resolved!! :-) ** bug doesn't occur anymore! :d,BUG
bugs on nexus 5 doesn't load.  allows me to customize the toggle  but force closes when i try to save,BUG
a bit dissapointed it's an awesome app  and i really need it  but it has a huuuuge bug! i can't modify the toggle buttons. i can remove them  change their possition but can't add any other buttons than the standard ones  and after i remove them once  not even the standard buttons can't be added.. it's annoying. until you fix this i can't give more than 2 stars :(,BUG
has bugs i updated it and it wont let me change my prefered toggles. pls fix soon. will give you back 5 stars when fixed.,BUG
good app but not perfect auto-rotate is not working in moto g (xt1033). please fix this bug.,BUG
freezes on loss screen would love to unlock the alpha goggles but lucky this app is trash.,BUG
won't load freezes every time i try to load a mission.,BUG
finally works for s3 the game boots up just fine and i can navigate through all of the menus. however  when i attempt to start a mission  the game freezes on all 3 of my phones. galaxy s2  s3  and s4. will rate 5 stars if this is fixed for any of my phones.(problem has been resolved and i have changed my rating as promised. good job devs!!!),BUG
it dosent work it freezes on the black mission loading page   please fix it or make it compatible for the toshiba at100 tablet,BUG
samsung galaxy s3 freezes while loading. haven't even played a mission,BUG
won't load on s3 like everyone else game freezes when trying to load a mission. so they updated the app and now the new version isn't compatible with my phone.  bah puh!,BUG
won't start won't even start! says error downloading right on start. fix it! nexus 7  android 4.3,BUG
freezes freezes when choosing a car.,BUG
it suck monkey ball it suck monkey ball it freezes alot don't buy it a wast of money,BUG
? freezes on htc sensation,BUG
? this game is fun every now and then i have to gas pedal over and over please fix this bug,BUG
awesome awesome game love it need ta fix the bugs tho,BUG
? freezes and force closes a lot on droid incredible,BUG
? freezes alot and does not have much to it  like 7 news app much better,BUG
crashes my nexus 7 it works  to an extent  however i couldn't manage to get into any game because my nexus 7 freezes or resets.,BUG
hmmmm this looks like a nice app but one's i downloaded this app and wouldn't let me open it up and i tried entering my account and wouldn't let me and it bugs me. so please fix this problem.   thank you.,BUG
salary cap fault can't even switch my emergency players due to faults in the way the salary cap is applied  let alone perform trades.  needs an emergency bug fix before teams are named for this round.,BUG
hmm freezes on zeta abili use had to reinstall to try it out,BUG
buggy the game freeze in combat scene. try relog restart phone but didnt work. please fix asap.,BUG
error connecting to server fix it n it's a five star apps,BUG
hangs it freezes on my htc one x....,BUG
this app sucks it stops and it freezes my phone this app sucks,BUG
none of the stations work...its a terrible app. this app is terrible freezes  all the tome can't believe  you charge for this. :,BUG
galaxy s3 this update screws everything up . game freezes since ics. please fix,BUG
mytouch don't donwload this app for mytouch  it open amd it freezes your phone!,BUG
doesn't work!!! freezes everytime i try to open it and then gives me a force close message.,BUG
freezes rubbish,OTHER
fatal error have a rooted galaxy tab 3 model sm-t310 and a error message come up whn trying to load ive reported problem please try to fix and if not please refund me this is second time on second device ive pais for this app and had this happen.. please help,BUG
some cant download because when you download a swf an error appears pls fix ill rate 5 star for this,BUG
doesn't work fix bugs and maybe i'll give it 4 stars. sorry!,BUG
touch unresponsive everytime into my second game and the touch gets disabled  you have absolutely no way to get going except to restart the game  its totaly insane to restart the game every time you play one stage  please fix this bug asap  im in no mood to keep this game for long if im unable to play it for more than 1 min before restarting it everytime,BUG
freezes my phone badly slows down my phone dramatically. using galaxy s4,PERFORMANCE
the best. i tried all the torrent clients and found this and ttorrent good. this ckient lacks feature to specify the number of simultaneous downloads to control queues. another feature i miss is being able to edit and add trackers.,FEATURE
force close.. pls fix ooppssss.. its not working properly... when game starts its attempting to force close... please fix this bug... iam unable to play this game..,BUG
not working properly. .. showing wrong error msg the new update looks good but does not work  even when the total cost is same as the one been entered   it's showing an error msg  though it itself is showing 191.61/191.61. please fix this.,BUG
plz fix the game is nice but when i choose a tank the respawn freezes fix it and i give 5 stars,BUG
? game freezes after rwo respawns. galaxy s3,BUG
bad i am playing this on a tablet and it doesn't adjust to the screen it is too small it freezes up and doesn't work when it doesn't freeze up one of the worst tank games out there,BUG
its nice but it freezes sometimes when you die and cant spawn anymore and russian tanks are so weak improve there power pls,BUG
no fub please fix the game always error,BUG
took forever but working well now love the app in linux and happy to buy it in android  works okay now but took a year to fix the massive bugs.,OTHER
doesn't work. doesn't work with android. please fix the bugs!!!!,BUG
awesome but fixxxxx pls when i'm entering a room like the gym it says request timed off also whe n i'm entering my inbox it doesn't let me enter it just freezes pls fix!!!!! if you fix i will give you 5stars fix!!!!!!!!!!!!!!!!!!!!!!!!!!!!,BUG
whyy i can't download plzzz fix my error,BUG
freezes freezes...fix plz,BUG
bug when i leave the rest room i am always sent back to main menu please fix it and ill give it a better rate,BUG
crash on load i bought this game in december  hoping the developers would find a fix for the application crashing on load with my galaxy note 10.1 2014 edition after multiple reports about the problem.   sadly nothing has come of my bug reports so far. i really hope to change this review down the road if the crashing problem is ever fixed.,BUG
freezes lags restarts running jellybean 4.3 after a minute of play phone either restarts or program crashes. not sure if it's the game or phone.,BUG
freezes every time only works when you restart your phone,BUG
it freezes on htc s1 after a few uses (3) it stopped working. it goes black screen and no matter what i do it won't work. uninstalled hopefully in time to get the refund.,BUG
droid x2 please fix how it freezes all the time! soon! i dont wanna have to leave a bad rating sha,BUG
devs thank you this is my new review. last review was a 3 star because issues with photo cropping on a nexus 7 2013. now! after this update to fix a bug with kit kat my purchased app is fully playable! thank you devs for fixing this issue. might i suggest re tweaking the filters for better blending. thanks again. i will be using this app and will be updating  a newer review in a couple days  for now i give a 4 star as this is getting better and almost a 5 star.  devs: also would like the option to zoom in or out after loading  photo hole . some pictures are to close and placing a face is hard to line up. not all photo holes do this. just certain ones.,FEATURE
average sometimes freezes but  awesome when working properly,BUG
whack doesn't clear browser.. and freezes a lot.,BUG
? loved this app until update now it just freezes and locks up my galaxy,BUG
galaxy s4 will not work on my galaxy s4 it always freezes and says error...... delete. ...,BUG
deposit function error deposit does not work on my samsung device. after logging in  then taking a picture of front and back of the check  when i hit deposit an error occurrs and the app defaults back to the login screen. since i am having the same issues with another bank app  i am assuming this is an android or security certificate issue. is there a fix for this? app was working fine a month ago!,BUG
this app is a waste of time. i can log in but it always freezes and eventually crashes. i do not feel confident with the security on this app if wf can leave us hanging with a horrible app for such a big bank. uninstalled htc one,SECURITY
login error when are you going to fix the login error message? every time i open the app before i even put my info in to sign it  this error pops up!,BUG
good but a error with mario advance 4 best on the market   just fix the issue with super mario advance 4 - super mario bros 3 . there is a lot of sound errors when i play it. please fix this as these errors as i really like the game without the sound errors,BUG
cool with some freeze love it  but sooner or later it freezes until i restart the app,BUG
good  mostly. freezes and glitches often with fire emblem: sacred stones. rom worked fine on other emulators.,BUG
freezes when i use cheats,BUG
erm game freezes when i play....really want to play but kind of hard when i start and play for like 10 min and it freezes and i tried emailing the owner and nothing but automated machines :/,BUG
it freezes i have a samsung galaxy 2 and ever since i downloaded kingdom hearts chain of memories it has froze. when it gets fixed  then i'll rate it 5 stars   or 4.,BUG
uninstalling  just like the rest my phone died while i was playing and i turned it back on and said i have to buy the full version to continue.. trash lol  this thing blows just like all the others. get rid of the cheats on the free version and substitute loading. maybe then i'd pay. uninstalling this trash app  btw  fix the multi-touch bug. impossible to run in pokemon. makes you stop every few steps.,BUG
it wont work when i try to download a game on retro games an  error occurs and it wont work my freind has it nd it works for him please fix it for now 1 star,BUG
good but has a few problems runs fine but after a few minutes it freezes or closes or resets by itself  a bit frustrating,BUG
d it freezes a lot,BUG
cheats don't work freezes when i load certain games,BUG
? works ok it don't cause problems when u play but sometimes when u exit playing it the screen freezes then when i try to open up the app again it shows black that's it so then i'm forced to delete it and re download the app again can u fix that? otherwise i love it,BUG
the home screen need fixing i feel that the app isnt as appealing with the home screen just having the names of zip files and not a still image of the game of a cover art for that matter... the fact that it recognized and adds snes games and is unable to play them seems to be a bug of somesort.  please fix if so i will pay for the full version,USABILITY
:/ the game freezes when i have 3 cheats on the gabe is pokemon emerald,BUG
awesome connectivity but freezes! freezes constantly on my s3. i'm pretty upset i just paid. $5 and cant even play out of fear of freezing/losing all progress. i'd really appreciate it if tge devs would try to fix it,BUG
3/29/2014 update sucks!!! this game used to work on my phone before the 3/29 update. my phone is samsung s2. please fix this buggy update.,BUG
lots of lag issues. game freezes consistly too frequent to be enjoyable,PERFORMANCE
poor..iv had enough of this shit i have this over a week and still won't let me in to it i am frustrated i want a refund or fix the poxy bug and i see yous don't reply to any of the comments if use dint fix it i'm reporting use to google play. i downloaded this and it won't work on my experia e can use please help me with this situation i click on the app and a black screen comes up i can hear the music but still no game play if tried reinstalling it and it's still the same i want a refund or i am reporting use.,BUG
awesome game truly a fun game but please do fix the bugs and the random crashes. good fun  really enjoying it. thanks !!!,BUG
best game mtb freeride & downhill best game mtb freeride & downhill ever. need more update and fix some bug on this game .. i hope you can make bike frame with double crown fork. funny to see specialized demo 8 & intense m9 frame with single fork.. lol,FEATURE
hands down best bike game you could fix some miner bugs but really good game,BUG
i really like the game but it still has problems. fix the bugs,BUG
fix bugs ios version was functional.  android version is just bad.  looks out of date and operates like it.  today  after 3 months  i started getting network error.  junk,BUG
fix the fb login already after numerous reviews  emails and bug reports we know you are aware of the issue. it has been over a week and still you have not fixed the facebook login error. get it together or i will have to kiss all my fans goodbye and move to a different news site.,BUG
freezes upon opening. was working until today. can't recommend it to anyone like this.,BUG
puh-lease.. doesn't play sometimes because of errors but i giv u 2 star for dis. fix it pls. :-),BUG
lagging please fix bugs  this app is lagging badly.,PERFORMANCE
well done very entertaining and appetizing but it's running a bit slow. sometimes there's a bug like you can't drag the bowl and the only way to solve it is to restart the app. the other bug is when you drag the bowl to the customer (particularly the one with the teenage cool-looking boy with yellow hair with jacket and headphones)  the bowl freezes right in front of the kid  then we can't do nothing except restarting the game. keep it up  guys.,BUG
s3 galaxy i was looking for a replacement for the bb sound profile and am using this.   the app continuously gets better as the developer is constantly working on improvements.  when i contacted them for an error   the response and fix was immediate. i am thinking of getting the pro version just because of this excellent service.,OTHER
off-the-record (otr) every time your phone will be on stand by or im+ is running in the background you will get otr error . im+ will close the encryption if you you want to do anything else on the phone except chating. please try to fix this bug is really really annoying . you cannot get the messages if you for example leave the phone with the display off in your pocket . you cannot open a internet browser and leave your im+ running in background.  please chek this big bug!  thanks manolescu2014 @ gmail com if you have already any solution,BUG
lack 1 feature needs ability to change contract list's avatars. some people don't have their own pics so be nice to add my own,FEATURE
package file invalid i had my phone on factory reset and wanted to reinstall this app. getting package file invalid error. whats this all about? i always loved im+ but now seems like im beginning to hate it! pls fix this issue or tell me what to do. this had been ongoing for 2 weeks now..,BUG
liked until update won't show profile pictures now/updates kept reminding me so idid now not running the same.lags fix bugs i will rate 5 stars.was a good app,BUG
yala is an app for dowloading  and listening to arabic music and radio the idea and concept is amazing but it has so many bugs with lots of songs at times and it messes up my music when it connects to some random wifi. please stop and fix this.,BUG
fix bugs when i try to create  the screen turns white,BUG
very good game in my life please add somthing new and it lagg please fix the bug,PERFORMANCE
zeke cinema freezes on lg tv zee cinema freezes on lg tv,BUG
samsung note ii issues. ... i really miss using this app. on my droidx it was so great. i made some really creative pictures. i can't even come close now on the note 2. features are still missing. ie. iso selection  focus lock.,FEATURE
update broke app upgrade seems to have bricked the app. freezes at taking picture. motorola razr maxx original version (xt912),BUG
can't install it keeps giving the error *couldn't install on usb storage or sd card* please fix it,BUG
? during the middle of gameplay i'm not able to move any of my pieces if this is a bug please fix it. if its a do-it-urself fix please tell me how,BUG
samsung galaxy tab 3 stupid app ... don't get it   it freezes you're device & the music just keeps crackling .,BUG
i love it but bugs not fixed pls fix it...,BUG
force close on solo play please fix that bug if i play mode solo and will go to fret up then 9 must close,BUG
i love the game but... it freezes sometimes. i don't mind it except that i lose my tickets and other bonuses i've used in that game.,BUG
? i give 4 stars because it freezes so often  apart from that i am enjoying it. fix please.,BUG
issues with getting numbers game freezes occasionally and when it unfreezes it spits out multiple balls at once... other wise its fun..,BUG
best bingo love the game freezes sometimes but easy to reboot,BUG
sucks the game freezes too much causing me to lose my games. uninstalling.,BUG
freezes phones the app froze my phone the first time i tried to open it. immediately uninstalled.,BUG
it sucks now! it freezes every time i get into it and either takes the money for the game and then freezes or freezes in the middle! if the game didnt have that glitch i would like it but i'm not waisting or throwing away any more money on it!,BUG
love the game! really love and enjoy this game but it keeps messing up on me as soon as i get into a game-won't count my marks on numbers  energy bar won't work  and it just freezes everything. this needs to be fixed asap.,BUG
? i like the game a lot and enjoy playing. my only concern is that  like other people  the game freezes or doesn't stay connected  and i have lost a ton of credits. i would give it 5 stars if it freeze and lose hard earned credits.  can the people that lose them have them restored please?  i would be very happy with about 100 credits from the ones i lost!  thanks!p,BUG
not good at first the game was awesome but when u spend real money u always lose cuz it freezes n then says round over n i'm wasting all my real money n everything on my game. please fix the freezing cuz other than that the game is really cool.,BUG
? this game keeps freezing up and i keep losing my bingo tickets. just when i get into the games it freezes and i have to shut it down and i lose my bingo tickets because it doesnt add them back on. ive lost at least 26 tickets now,BUG
bingo game fun if you can actually play freezes and lose coins very frustrating.also annoying is the voice that pronounces threes as free.,BUG
fun w/ few freezes & boots i like  it's fun  but booted me out for the first few times and the caller froze on me during a game.,BUG
? fun .. but freezes some times,BUG
please fix the problems. i love this game but it continually freezes and keeps your bingo bucks and coins.    i have reported this many times. are you responding to any of us? can't keep playing if game keeps taking!!,BUG
freezes would give 5 stars but keeps freezing when i log in to facebook plz fix,BUG
? love it! but it freezes up every twenty or thirty minutes!  by battery is getting tired of being yanked from my phone. could rate five stars if. . .,BUG
3 stars  so-so... not too bad...freezes all the time! can barely play it even n when i do its only like a couple games b4 it's freezing n shutting down again. otherwise i liked it  if i could just play it!,BUG
? nice gamr freezes alot,BUG
alisa bingo game freezes alot. payouts are too low and it is difficult to get coins  keys and power ups without spending money.,USABILITY
alright game issues reasons for my low rating is because i can't login thru my facebook account it keeps on giving me an error msg and other reason because it freezes up too much other than that ok game.i would give it more stars but needs to fix those issues.,BUG
? this is my favorite bingo game  but i'm getting tired of losing my tickets because the game freezes during a game!,BUG
wtf!!! i really like playing this  but it keeps freezing and it freezes at random moments  fix it and i'll give it back its 5?rating. if not i will be uninstalling this game,BUG
can't get last one i've been trying for more than 2 months to get the last treasure in fairytale land  to no avail. but when i went into another challenge i got one  and another one got me two...all in the first time!    there has to be a glitch. unless you've decided you no longer want to give the promised payouts.  until you get this fixed  all i can give you is one star. that's not the only problem  but it is the most frustrating one. the game freezes and/or locks me out...i lose all that i've bet.,BUG
very helpful app i use this app as a non-invasive workaround for an android os bug that has persisted through numerous android updates. the bug: android devices will not allow many apps to send audio out the headphone jack. in fact  it will not allow audio out the headphone jack via the alarm in the built-in android clock. it's crazy that google hasn't fixed this bug. kudos to david woods for providing a fix with this app.,BUG
? does not install freezes up,BUG
.... the game freezes sometimes. and runs slow. fix this please.,PERFORMANCE
? motorola devour. becoming more and more sure this game freezes my phones? very fun game though? it is a challenge  and addictive?,BUG
? freezes every time i try load it,BUG
deleting app i have used this app for probably 2 yrs  have reported bug of series of events not allowing me to delete single events in that series  the app freezes the phone & will not delete any single event in a series. the main reason i have used this app for so long is because it was one of the few that synced well with my google calendar. but  now  i am moving to google calendar  upgraded to jelly bean!,BUG
favorite calendar  but freezes constantly i love the interface and the full month widget.  app worked perfectly on my ancient droid 2  but since upgrading to the galaxy s4 i find that the app freezes at least 75 percent of the time when i'm adding tasks.  will have to find another calendar  i guess.,BUG
not good enough this game when i played in windows phone it was really smooth. so i downloaded this app on my android. its a bug or something else i dont know im not able to hit the gili at all how much ever i try. pls fix this n surly il give it 5 star. make the game smoother pls,BUG
can't log in app freezes when others work fine.,BUG
the app is good for 30 seconds... it's not only the app that has some serious bugs  it's also the website & mobile view. i keep having to force close the app after 30 seconds. i have this app on my s4 - nexus5 - note3 all facing the same issue.  the app is  seriously suckish guys fix it  and fix your website aswel. it's like you guys are paying for the wrong staff? f**k all the design bs it looks alright. focus on all your optimisations  some fixes are just seriously basic!,BUG
freezes tooooo much freezes way too often.....half the time when i watch the video i don't get the credits...then when it does give me the credit the next time i play my silver is gone......complete bs,BUG
requires improvements.. i dont get the extra lives inspite of watching the video and the game suddenly freezes and i have to start all over again. otherwise  very good game.,BUG
fun this application is fun and very addictive. but the problem is it freezes a lot please fix that problem.,BUG
frustrating freezes at level 4.,BUG
cant open it keeps freezing up and when i go to pick the clock that i want it freezes and says it has to shut down. so needless to say it looked nice but i am uninstalling.,BUG
needs to fix bugs asap! i can't add or remove admins! i really need this to be fixed because it's affecting my page!,BUG
not so bad its gud aap...bt need to fix some buges,BUG
plz fix image save error unlable to save image sent my members,BUG
still incomplete installed and uninstalled it ages back because of lack of basic features. disappointed to see that one still cannot edit posts among other things.,FEATURE
something went wrong please try again this error sucks for fb messenger too. please fix it ohk.you jst keep on updating to new version bt actualy no bug is fixed  and by the way create a log out or switch account option for fb messenger .its must nd our need .get it done and is the fb owner dreaming afer purchasing whatsapp?? why are these errots coming are you going to fix it or not??,BUG
constantly freezes! this used to be ok but now just freezes my phone. very disappointed,BUG
slow app.. doesn't load when you touch from home screen notifications.  app freezes my phone.,PERFORMANCE
used to love it at first   it was really good but now i can do some things like i used to... please fix this bug... it was ok before the last update,BUG
sucks!! this app sucks!! download the app and couldn't open it  gave me a blank page. everytime i tired to open it and froze on me. gave me an error!! it needs to fix this.,BUG
good  but buggy i use this app as my personal and private diary. however  i would like to point out a few things that irked me almost every time.  1. entries are not kept offline  and must sign in to get them back. syncing the entries also take a very long time.  2. adding photos sometimes causes the app to force close. when i try to add  it goes back to screen and shows that i did not choose any photo. tapping on selection or the back button caused it to force close.  3. some timelines with photo appears as a gray box.,BUG
too many features disappointing how they keep adding useless features  intro screens and demands to sign up to social networking. miss the old simplicity. used to be 5 star now two.,USABILITY
best on the market best overall features of anything out there.  reduced to three stars due to crashing issues and lack of a stronger api.,BUG
very nice i am working in airport.. i love this game .. and please fix some bugs!!,BUG
bugs all through this game. fix them and i will give 5 stars. ?,BUG
very good game but lots of bugs gameplay is really good but app always freezes and goes back to my main page.... fix this and will give 5star,BUG
ooo ok game except when i'm at the end it stops in my turn and just suddenly freezes then i have to start a new game,BUG
fix the glitch! the glitch on level 92  is a serious problem! the rocket freezes and it shuts down the game and i lose the life i had.  i finally had to play it on my pc to get it to work.,BUG
? please fix 372 i am stuck! i'm waiting on the contruction  what is with the bug?fix the bug.,BUG
i dont understand?! if its not one thing its another.  i can't move on to the next level which is 463 because the game freezes when i go to the google store or try to play mystery quest. i don't have a facebook but even when i click on it  it freezes too. dagnabbit just fix the problem please.,BUG
pet rescue saga would give it more stars but when i try to buy anything or try to ask my friends on facebook the game freezes not happy please sort it's only since the latest update,BUG
new live keep sayibg 384 min have to keep uninstalling to fix issue.  wonder if its a bug. maybe u have a fix fot it. otherwise grest app,BUG
waiting on an update! last update continued to freeze  i uninstalled and reinstalled and it still didn't work right  please fix these errors with the upcoming updates and i will give it 5 stars...also keep the levels coming quickly #addicted,BUG
no boosters not getting boosters from friends now  ever since new update it freezes and i lose lives up to 3 before it will play right.loved this game but now not so much.,BUG
fix bugs! it keeps force closing in the middle of a game and i'm losing a life by doing that i've restarted my phone several times and its still force closing.,BUG
was loving the game i'm currently stuck on level 92.. if i hit the wrong block the game freezes than shuts off... please help me! ! and now i can't do the update this is really starting to suck... 15 min trying to update and still won't let me... ridiculous. .. will uninstall if it won't update by tom!!!,BUG
? freezes too much,BUG
mad this game has a glitch! every time i try to use my rocket the  game freezes and closes! i have lost about 30 lives because of it! something is wrong and it needs to be fixed. i am connected to facebook but this game won't recognize it! ugh!,BUG
newest update freezing!! i am on level 311 and just like others the game freezes when using the column blaster and loses a life. this happened on both my s4 and my asus prime tablet. also whats up with the automatic finishes once you reach the goal?? poor update....,BUG
:( i had loved this game so much but all of a sudden i got to 82 and it freezes when i use the rocket,BUG
fix needed level 310 freezes and game shuts down everytime i use the column buster rocket help plz fix,BUG
fix bugs at level 311! generally quite fun but upgrade for android comes too slow and lag behind apple. please fix the bugs at level 311  keep stopping unexpectedly after i use the column blaster rocket! i can't pass this level unless it is fix!,BUG
new update not working well the app won't let me log in to my facebook. it freezes my phone n the have to restart my phone. before the update it did work. now it doesn't,BUG
addictive  but.... please fix the request! i don't get any of the lives my friends send me. i get the fb notifications  but nothing shows up when i open the game on my phone. you will get more stars when bug is fixed.,BUG
it a good game but every time i log in to my facebook it freezes p.s. good game,BUG
don't download says download due to an error.(498) pls. fix because i want to play it!,BUG
keshia harris boring and difficult to play and freezes up like candy crush does on my phone so uninstalled it,BUG
freezes it keeps freezing in the middle of play ...then when it comes back i lost a life ... soooo not happy,BUG
lg optimus pro i love this game i wish there was more like it. i just wish you would fix the bugs with lives. i'm not getting the ones from friends,BUG
addicting needs fixing i'm having an issue with the game loading shuts down the game also freezes when launch the rocket. i'm on a level 102 it's not allowing me to pass the episode mystery games to unlock popped once it's been over 78hrs can you please fix it i have uninstalled the game and reinstalled the game same problem that's my only complaint i would give 5 stars if i can finish the game thank you,BUG
fun good game passes the time until i got to level 82 near enough every time i use rocket game freezes and chucks me out getting bit fed up.,BUG
did love it. just plain addictive. tried to update to newer version    and all my pets disappeared.  now i only have feet.  i've reloaded  debugged.  nothing works.  fix it i'll find a new favorite game,BUG
upset! would rate 5star but since the update its not working! please fix. now the game freezes and kicks me out then i loose my lives was my favorite game but not so sure any more!,BUG
game glitch when playing the games freezes alot. i prefer it on the computer. i really love this game please fix this.,BUG
disappointed the update took all my lives friends have sent me. i'm on level 311 and every time i use the rocket and bombs it freezes and then the whole app closes. i have tried shutting my phone off and even uninstalling the game and installing it back that's not working... can u please fix thd bugs i waited a whole month for a update and still can't even play the way i want to fix it please. once its fixed then i'll give it a better rating right now its at 2 stars from me. coming from 5 to 2 is a total down grade..,BUG
needs bug fix since update love this game but since the update ot freezes up and or shuts down and you lose lives. not good! fix the bug please. and ill fix my rating =),BUG
love the game  but.... i love this game but why does it keep closing on me? i use one of the rocket launchers and it freezes and then it closes? bummer,BUG
? it's a good game but it freezes alot on my phone be careful,BUG
bad since update the screen freezes when i use rocket    please fix this problem   game was fine before latest update,BUG
keeps freezing ever since new update it freezes and i lose lives up to 3 before it will play right.loved this game but now not so much.,BUG
my current situation ... the game freezes and takes too long for lives to reload. on candy crush in the beginning it didn't take that many mins for a full set of lives...,USABILITY
game resets and i lose lives 1 star at this time. game freezes and restarts too much and i losey lives. i said i would uninstall. i am today 11/20/13. galaxy s ii,BUG
excellent game but.... every time i go to accept extra lives from friends or pass a level  game will freeze and i have to go into my settings and force close to continue game. quite aggravating now... please fix bug.,BUG
freezes i gabe this 5 stars in the beginning  since the last update it freezes and reboots my phone at least 2-3 times a day! i loose lives because of that!fix that issue and i will go back to 5 stars!!,BUG
i love this game except... please fix!! i've reached level 82 and every time i get the rocket power up  the game freezes and then i have to start the level again using an additional life. its extremely annoying. please fix this!!!,BUG
pet rescue really luv this game but it has been acting up alot lately. im on level 82 every time i go to use my rocket booster it freezes up and closes da whole game out and i'm losing a life...dont like that. also when i send my friends a request they say they are not getting them. took me almost 2 weeks to get to the next level. would rate a 5 but needs work,BUG
nexus 7 since the update i can no longer play. when setting the rocket booster off it freezes the game and crashes. please fix,BUG
poor every time i use the rocket the game freezes and knocks me out. when i reopen the game i will lose a life.,BUG
aalways something with this game need to fix bugs,BUG
freezes the game freezes alot please fix,BUG
loss of life still the same problem!!! sometimes the game freezes and u loss the life in mid game. that needs to be addressed. otherwise the game is cool. about to uninstall this game.,BUG
love it but... on level 82 every time i use my blaster it freezes up. which causes it to stop and i lose my life..... please fix that problem. ...,BUG
pooh! i would rate higher but i'm on level 82 and every time i go to use the rocket it freezes and kicks me out and takes my life and i have to start over.almost to the point of giving a 1 star and uninstalling.,BUG
need help!!!!! loved this game but since my update the game freezes everytime i play it so i uninstall it & reinstall now i have lost all of my lifes & i had 30. please fix this issue.,BUG
error file when i download game it shows file error or invalid url.please fix it.,BUG
annoying. i play a level and it freezes and i lose my life. its done this a couple times now.,BUG
freezes entirely too much the game itself is cool but having to restart my phone  and uninstalling and reinstalling makes it hard to even give 2 stars,BUG
? going crazy. i've been trying to download this game back to my phone for three days. an error keep popping up and want install. i love this game and want it back. please fix this.,BUG
new update not working the screen freezes when i use a rocket  then all my lives disappear.  i'm owed about 15 lives!,BUG
? game freezes regularly.,BUG
freezes would give a better rating if it wouldn't freeze then go back to home screen causing me to lose a life.,BUG
keeps closing! it freezes and force closes every time i use the rocket. i used to love this game until it started doing this :(,BUG
freezes it keeps freezing and force closing. installed and installed several times and still doesn't work,BUG
error everytime i try to play a message pops up saying force stop!! can't even play game! please fix this,BUG
very good app. i'd like to manage my plans right on mobile. another feature i miss is stretching before and after run...,FEATURE
? i love the new self correcting feature that helps fat finger users... however the lack of multi touch doesn't allow the app to recognize some key entr,BUG
useless on andriod had the free version of this on my iphone  and it has 100x the features that it has for .99c on the andriod. paid for it  noticed the lack of features and quailty. hit refund. all within 60 seconds. shame that it sucks so bad.,OTHER
average at best the gesture features are really great. i do like the one when my phone is in my pocket. however  it does lack some main features. f.e. albums are split every time it has songs with featuring artists. why is there even an album artist section on a music file if you dont consider it...? and i miss sort all tracks by album artist (and not artist only!)  but this is the case with almost any android player. to sum up  yet another poor android player that chooses to have something fancy instead of the essentials,USABILITY
love it (: i love this app! (: i think  just to make this app more awesome  you should add a feature to the heads so either they cling to the side of the screen or they're more free range. (: for example  the facebook heads strictly cling to the side and this app is free range.. i think there should be a setting to choose between the two. :) still love the app  though!! :)  also  it keeps shutting down >.< i open a conversation by clicking the head and they all crash :(,FEATURE
ics camera on 4.2.2 xperia tablet z hello ics developers  i recently downloaded ics camera on 4.2.2 jelly bean  but this causes my stock sony tablet camera to fail. i miss the funny faces feature. is there a way to install ics camera without causing camera app issues? i would have given it 5 stars if it worked on my xperia tablet. winston,BUG
no updates its been a while since a saw any update from spb with tons of bugs n lack of tons of essential features spb could do better,OTHER
4 stars .. interesting app. but lack some photo editing features,FEATURE
make a good app 343. i can't even open the app because of the prompts for the settings profiles. obviously something that is much above my knowledge base. feels like i have a developer version.   i know halo reach isn't your game   but make a effort. i have a feeling bungie would have had this down perfectly.   well   i'll give you some slack for trying to take on bungies intense stat tracking features. (try and match it in the next halo game  please),USABILITY
great game but it could be the best.. you should add a chat feature during guild wars that allows you to talk to rival guilds and/or make it possible to trade armor or armor ingredients with buddies,FEATURE
wow !!!! great game! !! this is a really incredibly well done game.  it does very well and is very addictive.  the artistry is wonderful.  i love the detail in the entire game.  don't miss the bonus feature  with the additional games.  the ending ties together  the story very nicely. i have played out several times now and have enjoyed it just like the first time.,OTHER
texts if your in the process of typing and receive a text it deletes what you already had typed unless you dismiss your incoming text. so i disabled the sms feature. other than that i like it.,BUG
simple  trouble free app does what it's supposed to - which is to set up the chromecast stick on your network.   not sure why all these people are complaining about features  or lack of  of the chromecast device itself - they have nothing to do with this app...,OTHER
love this app... but i've been using poweramp for 3-4 years  and i've been impressed with the extensive functionality and features. the music always sound clear  with unbelievable bass feedback. but  i'm not satisfied with this recent update. my music sounds terrible. the rich bass is gone  and replaced with a hollow  hard thump on beat drops. i can say that i'm knowledgeable of every feature on this app.  i've configured the equalizer  tone  and soundfx feature as much as possible to get the sound that i've lost. i've also turned off the tablet's built-in sound enhancer. no luck... i'm forced to use my stock music player  which sounds like how my poweramp used to sound. please developer  revert this update.  i miss using this app.,OTHER
awesome full featured music player with one exception. intuitive design and smooth music player.  it's chock full of features including autostop and autoplay when disconnecting auxilery audio cable or bluetooth headset and replay gain to normalize some of my low volume music.  the only thing that's missing to make this a one stop music player is the lack of playlist total playtime!  that would be very handy to create a playlist for an event where knowing if i have enough music to last the entire time.,FEATURE
simply the best i very rarely write reviews. even more rare is when i like an app enough to buy it. this app deserves both. i have  seriously  tried most music players for the android and this one has everything i need. audio engine is tops  start and stop via headphone jack  great album art download. lots of other programs have these things but either lack in these or other features. i especially like the simple issue of bass and treble control. price a little high  that was the only thing holding me back from buying it sooner. was thinking of giving it 4 stars because of price but; what the heck- i gave it five.,OTHER
love this app should add the feature:  sendto todo list from other apps to this one.   also the ability to choose the path of backups such as external_sd,FEATURE
a real management game f2p  finally. just miss some ld features to destabilize the system and add challenge.,FEATURE
makes me miss my iphone i want an app to help me navigate the park. while it does have wait times  although i dont know how reliable  its missing important  things like a park map and complete menus. not everyone knows every inch of the park like the back of their hand.   this app also has a ton of useless features. full access to the forums for one.  who goes to the park to spend time on a forum? live webcams. i'm already there!!  i can't beleive this is the only option we have other than touringplans. disappointing.,USABILITY
misses some features i miss the group participation features. it would mile too to have some1to1 chat on mobile. it works fine on my galaxy note 2,FEATURE
solid and intimate its a solid web browser and the customizing features make for an intimate and streamlined web browsing experience. flash doesn't play nicely though  you should add a toggle option for the keyboard on sites with flash heavy forms,USABILITY
fast better than chrome  but does lack other top browser features  still 5 stars.  it does what it's supposed to,FEATURE
best browsrer for android i have used many browsers including opera  chrome and firefox but they are not as good as their desktop vesrion. they lack of many features. i knew about dolphin browser before but i thought it wasn't good. today i decided to give it a try and i loved it!! it's very smooth  lightweight  fast  has many feautures and very easy to use. thanks for this app!,OTHER
best browser... ... to date  runs brilliantly and browses the quickest on my galaxy s3  it's just way above  the rest of the browsers i've tested(including my favourites on pc - firefox & opera). couldn't care less about the swipe features  but a very good gui nonetheless - 10/10 would bang. the only thing i miss are  well  firefox plugins.,FEATURE
it's got it all new to this android environment and must've tested every browser out there.  dolphin has every feature you can ask for while all other browsers lack one feature or another. think i finally found a home browser that can match any desktop any day.,OTHER
always come back to it pretty good. i have been using easy profiles for over a year - have tried others  but always come back to it. i only miss being able to set some settings without selecting a profile (e.g. enabling or disabling display timeout depending on the foreground app). i miss the screenlock feature  too. used to be there...,FEATURE
hideous logo  weird permissions  lack of features dropbox has now lost me as a paying customer. the new logo is horrible  the app has a lack of features  and the new permissions we are forced to accept are just weird. i don't want the app to access my camera or contacts!,SECURITY
best cloud so far i used to be a sugarsync user  but after they changed there free policy  i swap to dropbox to find out a much better cloud package...i do not give it 5 stars becaue of he lack of some features that are replaced by third party apps. (these features needed for me is the freedom to sync any folder on my pc and android device... so you requiere symbolic links in windows and dropsync ($) on android).,FEATURE
mediocre this is an ok app it would be alot better if they stoped gatekeeping site features for paying members only. the ui can be very hit and miss and defys the laws of ergonomics at times requireing frequent reloading of the app when the ui fails. the sight  also suffers from a lack of diversity in its user base compared to other dating apps.,USABILITY
miss moody excellent app! simple and easy to grasp. lots of features and pretty too :-),OTHER
suggestion you should add a test draw feature for the decks in the next update.,FEATURE
no updates used to be great but with the lack of updates  it's fairly featureless.,OTHER
need less confusing options also needs an option to lock when pressing power button vs. screen timeout delay. i had this in my last rom and miss this feature.,FEATURE
? very good interface  except for the lack of an easily accessible undo feature.,USABILITY
need some features..!! i miss the landscape optn...actually that really helps when u hav a bigger phone...and dis makes difficult in portrait modes...hope i'll see this feature very soon!,FEATURE
very helpful! i imagine this will be a very useful app as it gets closer and closer to black friday! seems pretty easy to go through all the stores to see where to find the best deal! i really like the shopping list feature so i can save the deals that i'm most interested in!,OTHER
one thing missing i really like this app. simple user interface and works smoothly. espn should add a feature to notify you when your current selection is finished. that is the only thing missing.,FEATURE
pretty decent works like its supposed to  great for editing pics. love to see a lot more features for editing  there are many stickers and clip art categories you are missing as well. seems like you don't plan on adding new stuff cause ive had this app a while now and it's been minor changes the whole time. please consider adding a diff color background option with black a black edged pic means you can't see the edges.,FEATURE
great improvements the features on the new mobile app are exceptional. in addition  is a much faster app than the old version. i love the averaging of totals as opposed to the raw totals  which were difficult to analyze because of the lack of information concerning the number of games played over the selected span.  in fact  the biggest improvement that can be made is one more column that lists the number of games played over the particular selected time span.,FEATURE
gets the job done i was a handyshopper user and  although i miss being able to record aisles and prices for many stores for one item  i love that i can add something to the shopping list with my phone and my husband can see it immediately on his phone.  i also like that out of milk has a web site where i can build a list  so when i'm planning meals for the week  i can be building the list too using a regular keyboard.  i see the value of the pantry option.  i'll probably be using it to keep an inventory of our freeer and our spices.  i would like to see a way to add items to more than one list.  for example  i'd like chips to be on the costco list and the snack list so if i'm shopping at one store and see a great price  i'd know i needed chips.  overall  thisi app gets the job done and it's popularity makes me think the features i want may be added some day.,FEATURE
does what it says -1 for speed -1 for graphics -1 for features -1 for price  way too overpriced for a low quality app like this one. this is the only feature i miss from my iphone  android is a much better os and they still haven't come up with a similar/decent app to control itunes? -_-,OTHER
fantastic and more features on the way!  i loved apex  mainly because of its app drawers  and i still miss that  that's the only feature i really miss custom and organised app drawers. and if you released a paid version with only that. i'd gladly drop $5. heck i'd pay that already.,FEATURE
great launcher what a nice launcher  should add locker feature,FEATURE
swell spectacular scintillating man i don't what to say.far better than go silk smart and atom.but still needs a major and complete make over.everybody know s about its advantage s.still some thing s that are missing.take my word seriously you may think i'm crazy but it will help to double your populariy and combination.1.sidebar missing 2.few wallpapers 3.no upper and bottom dock 4.speed is not up to the mark 5.absence of gesture drawing feature according to drawing specific apps open 5.lack of icon pack and more long review already,FEATURE
great app  service not going the direction i'd like the app fulfills its purpose  is relatively quick  has a usable ui  and i've never had it crash.  not really sure about fitocracy as a platform any more  -maybe what they want to be and what i want them to be are two different things.  the mechanics don't seem to be getting the kind of upgrades i'd have hoped for. whilst they have a variety of exercises to choose from  they don't have everything and they seem to be rarely updated. far too many of my exercises have to go under generic/incorrect items such as bicep curls. this makes it really difficult to use the stats to track my progress. i wish they would either open up this section to trusted users to add to the repository or allow users to create new activities. also i'm disappointed in the lack of a public api - i'm sure there's tons of people with great ideas for what could be done with all the data - especially seems as fitocracy themselves aren't doing much with it. the social features are good but as a stat junkie i feel my data is less precise than it could be  and woefully inaccessible... but i can't quit levelling up. clearly in hooked - it really is like an rpg!,FEATURE
manual focus i have used this app for years and it has always been the best one on the store. however it has fallen from grace due to the lack of touch focus on the recent update which makes it hard to scan small tags up close. it would be great to see the return of that feature and maybe manual focus?,FEATURE
pretty good the app is pretty good  but the new sms feature is not acceptable.  i was very excited when i saw the update  but now i am disappointed. it works in its very essence  but even then it's very clumsy. things like only allowing the text being sent to one person  not allowing the ringing the editing of the recipient after initial insertion  etc. the text messages take forever to actually be sent. plus  it's an eyesore compared to the rest of the app. the cursor and send button are white on a white background and so are difficult to see...at least make it black to match. it's clear to me that they threw it in last second without much testing.,USABILITY
good game to kill time. i think you all should add more features. for example  a room  for friends to play together. i believe it would be better(:,FEATURE
love this alarm! this app has more features than i could ever use. options are endless. my favorite part is being able to set the flash and vibrate to happen before the sound. my only complaint is sometimes the snooze/dismiss screen does not come upwhen it should  so i end up snoozing with the power button just to shut it up. originally bought for lg optimus  also used on my touch  and now lg g2.,BUG
i love it i love the app for all of it's features. i still occasionally have this bug... when i dismiss the alarm the alarm sound stops momentarily then restarts immediately and i have found no way to stop the sound again with out restarting the phone... i have a galaxy s3. i use the math dismiss feature.,BUG
? used this for quite a while  learned to work around the ui bugs. i work and sleep on a complicated schedule so some of the features were great. not anymore... it has become unreliable  you will miss work. sometimes you must reboot to end an alarm too..,BUG
great  despite some bugs it has all functionality you need. you ll never miss an alarm again. i would ask for some extra features such as : nap alarms should be editable as nap  not just as absolute and. a system option could control if dismissed nap alarms are deleted automatically. note that nap alarms are usually not regular alarms and  so not due to reuse.   steger creating some alarms out does not update home screen. developer  attention to tix minor bug.,FEATURE
some bugs it has all functionality you need. you ll never miss an alarm again. i would ask for some extra features such as : nap alarms should be editable as nap  not just as absolute and. a system option could control if dismissed nap alarms are deleted automatically. note that nap alarms are usually not regular alarms and  so not due to reuse.   strangely  creating some alarms  does not update home screen. developer  attention to this minor bugs,FEATURE
okay for the most part  it's a great alarm clock. the only issue i'm having is that it's still ringing after i dismiss it. there's nothing in the settings about it or anything  it's not a feature (that i'm aware of). the only way i've been able to shut it off is by force closing it.,BUG
i love it! it is a fun game especially for children. you should add more features to it but it is still 5 stars. great job.,FEATURE
crash and lack of features first of all it crashed on my galaxy s4. also you can't rewind or fast forward tracks. also you don't have access to profiles of people that you're following.,BUG
this is great it looks good and it works well.  i do jeweler want a roper dismiss feature so it shuts up about that specific event.  also  a function to make it show in the notification pull down menu would be great! at least one tablets.,FEATURE
heads up feature something's wrong with the heads up feature on htc one. the notifications keep coming back even after you dismiss it,BUG
buggy new heads up feature is incredibly buggy. poor qc. can't dismiss heads up reminders. if it isn't remedied in the next day or so  i'll uninstall. it's annoying and counterproductive.,BUG
excellent i uninstalled it several time duebto yhe widget featurevlack now that we have one am quite happy.. great app 5stars!!,OTHER
finally! i was extremely hesitant to purchase this app since it was lagging behind in iphone features.  now that it's on par with the iphone features  it's worth every penny.  i did miss out on the $20.00 deal in late fall oh well...i'm still happy with the app.    note to developers:  android users would purchase this app if the release cycles are close to the iphone's app.  don't neglect the android community.,OTHER
great news tool i miss two features  though: tapping images to open them  and a dark theme.,FEATURE
useless such a lack of detail and features  it is a waste of space.,OTHER
great game! you should add more buildings and a 'upgrade' feature near start of game  also add more land ?,FEATURE
love groupon  but app needs work you miss out on alot of features vs the desktop version. ie  can not make one final purchase  but multiple purchases for each individual item.  cant take advantage of free shipping when buying more.   also  a feature to filter the products into categories (vs just goods or local) would be nice.,FEATURE
good app great app! miss the text message feature though.,FEATURE
better than avg not as fully featured as the full site. miss seeing editor's choices and features. a must for deal hunters.,FEATURE
cool :) its pro  should add more features,FEATURE
how do i donate?! shut up and take my money! i've used many cache and system cleaners before this and have always been  turned off by the ui and lack of user-friendliness.  360 blew me away when i used its cleaning features.  i will never not use this app  cleared out over 4 gb of data in one sweep!,OTHER
update: great ui and powerful detection but... as stated above this antivirus app has a very nice and intuitive ui and the protection is top quality (rated highest in av-labs) but a few simple features let it down  the app only scans installed apps and not sd files ect. missing features would be a 'scheduled scan' set on certain days/times by user  'automatic update' before 'scheduled scan'  new main theme like pc version & black notifer panel/widget themes. other than that  its an epic app and i will continue to use it thank you :),FEATURE
absolutely wonderful! has all the features of premium antivirus absolutely free....  cool ui high privacy boosts spped.  excellent app... a mostwanted app for android devices. ..  the one and only drawback is lack of themes... i got bored of the white theme... could use more creative themes..need a more good looking tray in the notification panel...    keep yp the gud work (y) ..!,OTHER
really like this app allows me to both catalog my collection and display and sort my collection to make it easier for friends to decide what they want to watch.  i recommend you get the pro version. it's diverse features and ability to access your database from any of your appliances or computers is a blessing. the ability to modify the meta data stored for your movies would be good as sometimes the data is miss classified or incorrectly genred,OTHER
the simplicty has gine the latest update is a step back  i know you can't please everyone but the reason i chose the older version was it's simplicity and lack of unnecessary bloat. so much so that i even put up with it crash every time i ran it and had to run it twice to get working. i also miss the ability to look back  another feature which most apps don't have. why remove that?,FEATURE
good but lacking all in all the app works  but its pretty lack-luster. it does a few things well and a few ok  like the feed  friends list and adding  messaging  and connecting to your ps4 for second display features. but it stops there. the store takes you a external browser  the second screen features are limited and the keyboard is a bit buggy and only works 70% of the time  its slow and the positioning of things is not efficient. the ui isn't all that intuitive with its lack of gestures and easily accessible features.,FEATURE
far from as cool as smartglass i went with a ps4 rather than the xbox one  but i do miss smart glass. they need to make this app enable the voice features  and things like the store should be built-in  not a browser link.,FEATURE
should add more filters filters are a little lame and don't suit my pictures. if you add more filters  i'll rate it 5 stars &lt;3 and you should add more fonts  and unique features unlike other editing apps.,FEATURE
i love it i love this app and use it when posting pics on ig. the only thing i miss is how i use to be able to flip the same photo and have it facing the other. it was so cool and made pics more interesting. pls bring this back so i don't have to install another app just for that feature.,FEATURE
nice apps  lack of stability and features it would be better if there is downloading and downloaded list rather than checking each kind of genre. the player features is also lack most of important features. very prone to crash if it's running in the background.,FEATURE
what if you added a  feature to estimate your calories. when i miss a day (always horrible) the app assumes i ate nothing that day and my weekly nutrition does not include that day. the ability to assume an average of calories based on previous days would be incredibly helpful.,FEATURE
awesome app .. love every thing about it!! must admit i started out looking for a food diary but this is amazing!  the my recipes feature is my favorite.   i don't have to miss out .. just enter the recipe and the rest easy.,OTHER
very useful app. (nexus 7 2nd gen)                                                                                                                          this app is really good  looks great and seems to be accurate. some stuff is still messed up for me though  one thing being the create recipe feature (that i still miss alot)  and the barcode scanner screws up  also the top of my app goes black every so often :(.,FEATURE
lack features no decimal point on weight goal. no calc beginning vs desired weight. no browseable recipes or activities beyond exercise. got pie chart and fb  so what? fatsecret can do a lot more than this.,FEATURE
nice app they should add a priority feature in it...so that the task with highest priority can be on top of the stack!!,FEATURE
what i wanted i'm not big on changing a lot of stuff on my phone but this i had to get. i love all the things you can customize and especially love that the app menu is transparent instead of a black screen. i wish more features were available for free but i like what i have too,FEATURE
solid launcher! looked around in the settings  and managed to make the drawer look like gel's  which is perfect. much more customizability  compared to gel  and doesn't hog memory either. perfect! worth the money for bonus features.  only drawback is lack of google now  which is - hopefully - yet to be implemented. for this reason  i'll give 4 stars. once it's been implemented  5 star app!,FEATURE
great app for a fair price this app is a well rounded app and is the best of its kind on the market. the only cons include  lag  lack of minor features  and it tends to sometimes crash alot,PERFORMANCE
best audio player excellent sound quality and have all setting features. but one thing i miss is setting star rating to songs.,FEATURE
the new update makes it great it's probably the most beautiful google reader app and it doesn't lack usability and features either. i only wish for 2 changes : the ability to edit my feeds and better performance especially in android 4.3...,FEATURE
conference scores miss the conference scores feature for college basketball in the new version.,FEATURE
from plume to carbon  a whole new universe after being annoyed with plume  an other twitter client for android  because of invasive ads  i decided to give carbon a try... and i don't regret it! everything can be accessed quickly and without digging in infinite submenus.  the only features i miss would be a real time update on new mentions/dm  and led color customization.,FEATURE
? easy to use and simple but miss some features like changing color or font for multiple nodes,FEATURE
awesome features  terrible management this is my favorite video calling app because of all the neat stuff it can do. but the lack of a friends list and the requirement of a phone number are dragging it down hard. i want to be able to use it with my phone  tablet  and pc ask on the same profile. make an effective profile. stop piggy backing my phone's contact list and make an effective profile system and it will be perfect.,FEATURE
unbelievable how they screw customers over i've been waiting for this app to be released since i bought my 1912.  i'm completely blown away that they are screwing the old customers and making an app thats only compatible with the 13 devices.  the 12's obviously have the capability  i'm going to be selling my denon and will never buy another denon product.  between this app and the lack of feature upgrades denon has really disappointed me.,OTHER
post upgrade the app has become more friendly after the upgrade. also a lot of info is being covered. it should add the feature of pushing news to the user via pop-ups like its sister app,FEATURE
lack some features please provide option for marking notifications as read or unread also option for commenting on post using picture,FEATURE
what happened to the news feed sort order??? looks good at first glance with an extensive menu to enable account management and configuration... then i realise the option to order the news feed posts by time/date has been removed. there will be a lot of stuff i'm going to miss until this has been resolved  very disappointed. i'm not the sort to scroll continuously just to find the latest updates from friends. i want it to be there in front of me. either i'm missing something or there has been a huge oversight when rolling out the latest release. this is going to be a 1 star until i can find guidance on where this feature has been moved to or the sort ability has been restored. additional info: i have just had version 8.0.0.26.24 pushed out to me  update: seems to work on some level this morning (a day later) but the ordering is still unpredictable. a bit bugy but better than it was. strangely it's still the same release as if it took a while to take effect. very strange,FEATURE
lack possibilities we see fb app on other platforms specifically ios and than this android app and wonder if this app is still in beta phase for android? as this android app lack features.,FEATURE
needs development newsfeed loading time is increasing day by day. 1 star down features i miss copy text from other's post photo comment option unfollow a post,FEATURE
better but still needs work it's better then the last one although i miss the push feature on the top bar,FEATURE
add more feature photo comment should add in this version  when it is done it desrved 5 star!!,FEATURE
sorry but it's not ready yet to beat whatsapp. don't know why rim's server so unreliable compared to other players' in this field. communication is not instantaneous enough.. lack of many features,PERFORMANCE
still not marched triumphant upon its 'younger' competitors. its really funny that other similar services provide voice call for android 2.3 devices with minor issues but worked just fine.then why does a widely-known-through-out-the-world messaging/interaction service from the great blackberry lack it ?.its a hassle to connect my tablet just to voice called my bbm friends which doesn't shared the same pin regardless its bb id.just a standard messaging provided for the gingerbread users which is somewhat useless despite others provide more features/services.,FEATURE
great looks  not useful so... this app looks awesome on the surface  but i had to uninstall because the lack of features available. going back to myfitnesspal to receive all features and more without having to hand over my credit card.,FEATURE
good for unreliable connections. ui needs work the only android client to implement xep-0198  for reliable messaging over unreliable connections. this requires support from your xmpp server -- e.g prosody with the unofficial mod_smash module -- and your colleagues im clients -- e.g. gajim  and gibberbot itself. many of the most popular xmpp servers and clients still lack this critical feature (looking at you  ejabberd  pidgin  xabber). it would be good if other software projects started to take these stream management extensions more seriously  especially as gtalk  with its proprietary stream management  looks like it's biting the dust. we need clients gibberbot (and gajim etc) to get things moving on this front. there are issues with gibberbot. the ui needs work (e.g. the formatting of the chat window changes randomly when scrolling up and down; the background image can be corrupted when touching the screen; there is no option to select a different notification sound  and notifications don't always work with open chats)  and sometimes it takes time to negotiate a connection. xabber has a better ui (and is gpled  hint hint)  but if you must have reliable and secure xmpp messaging on the move  this is currently your only choice.,PERFORMANCE
? one of the best navigation programs  lacks free map download in pro version and customizable trip computer pagei use many versions of navigation applications. this one is highly customizable  and has more features than most. the only downside is a lack of trip computer page with customizable data fields  and inability to download map tiles for free in the pro version. it does have a great compass page with set data fields. osm cycle map is awesome topographical 10k. aerial maps is mapquest only. has many great features that equil or rival garmin stand alone units.,FEATURE
what happened to map search i miss the feature where you can explore around the country on your own. this new version took that out for no reason  it was a really great feature and why i really liked this app.,FEATURE
solid app  unique interface. i really enjoy the cubic organization. this app works well and is impressively clean. most third party players are cluttered with features that are useful but unnecessary  or get in the way of the music. the only reason this is not a five star app is the lack of alac support. coming from an apple environment  many of my cds were ripped to lossless to preserve quality whilst talking up less space. the addition of alac support would make this the only player i use.,FEATURE
ever best. but.. since update. many feature gone and  many lack when use.,OTHER
this is now my default camera app. the one missing feature i noticed  (versus the aosp camera) is the lack of zoom in video mode.,FEATURE
lots of features this app is incomparable in it's feature list  but it does lack some intuitiveness to the user interface. very useful app once you learn it.,USABILITY
more features please a very good game but it lack a little more features thank you             :-),FEATURE
great but... great app. stable  smooth and has great features  but not as many as moon+. really the only thing that bugs me is lack of vertical scrolling on epubs  especially when trying to annotate something that goes over 2 pages. this feature would make it the best reader on android. also some more theme customisation features would be nice but the vertical scrolling should be at the top of the dev list.,FEATURE
one of the best exchange mail apps it took me a few days to get used to it (i was using samsung's default email client so far). its exchange active sync works fluently and ui has many options and settings as well. one thing i really miss (exists in default s2 email app but for some reason do not exist in any other mail client) is the ability to use bold and color fonts when composing a message. touchdown guys: you did a very good work with this software. adding the this feature will really make it great for me (and special in the market),FEATURE
one of the best but... this is one of the best app's to store sensitive data. i know it supports export to sdcard  but would be awesome (complete application) if allowed sync across devices (like windows for example) and the ability to cloud sync. these lack of features made me choose something else  neverless  this is perfect for a standalone app. congrats to the team for the simplicity and functionality.,FEATURE
update miss download image n photo sync :( update miss download image feature :( n photo sync,FEATURE
cant disable the app? i dont want this app runnin gin the backghround giving me reminders  it needs a feature to disable it from starting up automaticaly  and feature to disable all reminders  the  'pause' thing isnt good enough.  also  white on black text would be better  this is a sleep related app  why the heck is it a bright white screen?,FEATURE
almost perfect ;)(have some suggestions) this game is awesome! i really like that you guys have planes which were in wwi and wwii  especially the b-17. i hope you guys plan to add the b-24 and b-29  also i had an idea for the bombers. because they are different from fighters i think maybe you guys should add turrets that auto fire once a plane gets in range on them so flying a bomber and fighter is completly different. and if you guys could add more customizeable features such as color  i like to have my plne unique  that would be flightastic :),FEATURE
decent app would give this app 5 stars if it had tasker integration  or a better featured alarm system. its a great app for seeing what's going on with your engine  but the alarms lack options or even a simple tasker integration. i emailed the developer over a year  but he seemed less than interested in adding more features to this app.,FEATURE
good nice app but lack certain features,FEATURE
short but fun it's a fun spin on tower defense where you play as an invasion force leading a convoy through a maze of turrets and towers.  there are 3 difficulty levels and 15 main missions.  there are two challenge modes called squad assault where you try to attack through 10 and 20 waves of towers respectively.  each wave gives you 5 minutes to complete.  annoying thing in those modes though is that there is no save feature so if you need to take a break or have an incoming phone call you completely lose your spot.  it's very frustrating.  other than those shortcomings it's a fantastic little strategy game despite lack of replayability.,FEATURE
issue/request...finally--after years of waiting! 1 issue and 1 feature request...   issue is that sort order isn't retained (i.e when i choose sort by thread date instead of last post  and then return to that subforum  it's sorted by last post again).   request is for ability to rep.  thanks!  having been a member since 2004  and lurker before then  i'm so happy to have this on my phone. despite the great site deal alerts  i'd often miss notifications as they got buried among the 50+ emails/day i get.,FEATURE
smaller fonts! i really like the mobile basic html site because i can see way more deals without constantly scrolling down the page.  would also like to see a dark theme for night browsing.  also i miss the ability to subscribe to threads.  edit: no need for apologies  but thanks for reading. looking forward to all future tweaks/features!,FEATURE
ups and downs my interest my jawbone up band rises and falls very quickly. some days it's great some days i could care less. eventually you get used to the alarm feature on the band and you miss your alarm some days.,OTHER
good its good bt i think outfit 7should add more features  maybe make it mor interesting but...not wierd!ok,FEATURE
much better as a shop owner  this app used to lack necessary functionality on the go.  much better features now!  .,FEATURE
nice features with some ugly creepers some of the art well technically improved is very ugly.  call me shallow  i want to watch pretty pictures.  some of the sounds like the tat spin are grating.  thankfully the expanding wilds are randomly unlocked frequently for those who are seasoned veteran time wasters. otherwise  the slots themes are varied  facebook  and i like the auto spin.  lack of cute  jackpot and faster losses make this my less played app.,USABILITY
nice features with some ugly creepers some of the art while technically improved is very ugly.  call me shallow  i want to watch pretty pictures.  some of the sounds like the tat spin are grating.  thankfully the expanding wilds are randomly unlocked frequently for those who are not seasoned veteran time wasters. otherwise  the slots themes are varied  facebook  and i like the auto spin.  lack of cute  jackpot and faster losses make this my less played app.,USABILITY
good but could've been great i'm leaving this app because of the lack of double tap to zoom to column feature!,FEATURE
terrible..  wish i never purchased this version. first off   the game and story are incredible. the graphics and story have been well adapted for android.  on to the bad part: 1. the dpad is nearly unusable.   with the current dpad system i find myself wasting minutes trying to talk to a moving npc. 2. nowhere in the specifications do they list that they require you to be connected to the internet.  3. when switching between other apps the game is very hit or miss with the autosave feature.   good luck with enjoying the game if you choose to purchase.,USABILITY
? its a gr8 app i recommend it fully but its lack of 2 features as customized scan schedule scan..its very fast scanning gr8 app,FEATURE
great app - but kinks w/ new firmware update :( newest firmware update from verizon has made it impossible to read incoming text messages (black text on black background).  so far am working around this by copying and pasting  but if the problem is not resolved in the near term - i will have to switch to another sms client  and forgo encrypted sms's unless it is absolutely urgent.    it would be great if a feature to preempt this could be developed moving forward :) not much maneuvering can be done on the firmware end.  i've been using this app for about two years though  and on the whole - super happy with it!  expecting this issue to be a temporary kink at most :),BUG
great app! i love this app! it's great to have my book lists with me wherever i go and i can easily keep track of which books i've read to each of my kids. one thing missing is the browse feature like the apple version has; i miss that! add that and i will rate 5 stars!,FEATURE
+1 with download folder and auto-sync folder i miss whole folder download and ability to set folder to sync automatically. otherwise great so far. dropbox is better at these features but lacks at security. spideroak is far behind on this without the ability to upload files.,FEATURE
i love it  but... i use smart launcher for months  i love how it consume less memory than other launchers and without lack of features. but one thing that bothers me sometimes is that the screen transition between home screen and the drawer is not smooth enough. i hope you guys see my review and get it done. overall  5 stars!,PERFORMANCE
good but could be better no landscape preview. locate gopro feature allowed me to recover a ?1000+ quadcopter and hero3black from 20' up a completely different hedge top that i thought it had ditched into.  invaluable feature.,OTHER
lack of important functions 1/ you can not select multiple images to send at once in this same application. 2/ you can not send photos to friends they didn't move to telegram yet. 3/ no option for copying a fragment of a message. 4/ no automatic sending of any media if the connection is established again (you have to do it manually). not to mention that these features are available in whatsapp. implement these and you will be a serious challenger and gain 5 stars.,FEATURE
amazing i think you should add the flag button  anyway really well done interface  a lot of attention for graphic experience details. the features work smooth and fast. this is how apps should be made.,FEATURE
android un-friendly the app is significantly less developed than its ios counterpart  and the lack of chromecast support is a glaring omission of one of the fundamental features of an android video experience.,FEATURE
blunt tool when you need it to be sharper lack of ability to view users video list  stilted playback (no landscape pre play layout?) and search features that can't index or list newly uploaded videos frustrate no end. please please take this back to the drawing board.,FEATURE
great fun and free!! very atmospheric game. great sound and graphics. have been comments about the lack of a save feature but on a game this short a save option would have made things too easy. would thoroughly recommend.,OTHER
annoying app the content is useful  the interface is poor. the text selection feature often disrupts reading accidentally when scrolling  so i lose my place. the black background is annoying  should have option to change to white,USABILITY
this is the one. i have tried sooo many launchers for my nexus 7  buying a few in desperation  and i've always been frustrated at one or usually more lack of features. i'm using the oriental theme for sslauncher and this is now the tablet i've wanted all along. easy and/or customizable. thank you.,OTHER
critically broken logic it baffles me how good this app potentially is but the lack of updates to add basic features is dissapointing. recurring options are poor  lacks even basic task search capability  no location based reminders  terrible sorting. if you have more than 10todos they can easily become a mess.  i have at if least 100 tasks and lists and it is a pita to try to find something.  if the daily plan option wasnt so good this might be one of the worst todo apps there is....,FEATURE
beautiful design  missing key functionality although any.do is great to look at - clean  simple  and elegant - it is missing some necessary functionality.  for example  you cannot reorder folders or subtasks.  my biggest disappointment is the lack of location-based reminders in the android application - which was it's most intriguing feature and the one that differentiated it from other task managers.  i will keep an eye on this and i look forward to future updates.,FEATURE
straightforward  useful very useful for what it should do  and the basic functionality is great. i do like the any.do moment feature  which asks you to plan out your day. the interface for the companion calendar  cal  is incredible  while any.do is just decent - nothing special. the big complaint i have  then  is a lack of sub-tasks  and a relatively difficult interface for viewing or editing anything more than a task title (e.g. notes or locations or reminders are all a tad difficult to access). overall  though  not bad at all,FEATURE
good but expecting more features when something is good we expect more. same here. i was looking for a gtd app which is always with me and can remind me time to time. so this app is better than many other gtd apps. what i miss here; 1) shared list/folder : i need to share a task every time. what if i make a shared folder. 2) no planning for routine or repeated tasks : i can't skip particular task from planning. so i am supposed to set time for routine task on every planning. which is panic. 3) manual planning : if i had set timing for day planning  it always pop up that time  even if i have already done it manually.  i hope these issues/features would be noticed earlier. as a developer i can say that they are easy to implement.,FEATURE
should have great app and nice features like increasing brightness of scanned pages and option to scan only in black and white mode and many more great features,OTHER
great customization  but old and outdated the keyboard has excellent customization  but it lack a feature to learn new words automatically  and the ui are old,FEATURE
horrible installed perfectly and though was great app. uploaded some pics from gallery with no problem. when wanted to take a pic as demo here shows above  it was just a black scree. pressed camera button  nothing. can upload from gallery  but cant use the main feature of this app which is what is advertised. why would i use this to upload from my phone? my phone hasd bluetooth  and a usb to hook up to my pc. i can send those pics via text  email  and facebook. the main purpose of this app does not work!,BUG
missing some stuff i just miss home button (which could be added above navigation buttons in tabs panel)  quick access to fullscreen and user-agent in options bar and ability to choose external sd card as default download location. i'm still gonna give it 5 stars but it would be awesome to include at least some of these features :),USABILITY
amazing amazing game!!!.. they should add a feature where you can buy different characters though!,FEATURE
add save feature. three times now i've sunk endless hours into this game only to have to reinstall and lose everything. i miss playing but there is no point if everytime you reinstall our get a new phone you have to start from scratch.,BUG
need to add a feature you guys should add a custom car builder feature where you can just build your own car but every part you buy will just keep adding up your total overall great app its fun and it kills time,FEATURE
it's kind of cool.  it needs to be able to hold more pics in a slide show. 24 is no where near enough! on the filters  i'd like to be able to use 2 or 3 on 1 pic. it only allows for 1.  the ink sketch filter looks like a bunch of black ants crawling all over your teeth. kind of nasty.  i love the caption feature  but i'd really love it if you could change color  font size & style & where it's positioned on the pic. all in all it makes pretty cool pics.,FEATURE
no date i love the crescendo feature. the alarm is very effective. not too disturbing   not too subtle. however i cannot program it to go off on a certain date and therefore i still miss important events because i have to rely on the useless calendar alarm :s,FEATURE
really useful! this is by far the best price checking app i've tried. great design  easy to use.  however  i miss the option to not get messages about discounts in general  but only apps on the watch list.  edit: it seems like they added my request! besides  other great features  such as app screenshots  have come with this update. nothing to complain about now :d,OTHER
awesome please add feature for encryption before being uploaded to cloud. having to encrypt elsewhere causes extra work and security risk. your app is a life and space saver. way to be green. i do agree with enhancement improvement is needed.anti shake would be helpful. the digi level is laggy. using advanced image options causes black screen and have to restart process. also please add option to join scans. scan seems to lose quality when further away  this makes receipts a little tough so adding   joined scans will keep quality.,SECURITY
it's okay so what i dislike about this app is that the base drum is in front of the snare drum so it's kind of hard to tap the base drum repeatedly and keep a steady rhythm with the snare. i think you should add a feature that lets you move the parts to wherever is more comfortable for you. another thing that i have a problem with is that the snare drum is too small on phones. i have a galaxy s3 and it has a pretty big screen but it's still pretty hard to tap the snare at a fast pace with one finger.,FEATURE
the best calendar app! this is my one and only calender.  it saved me from the frustration of every other calenders lack of functionality.  the drag and drop feature is excellent and a must have for me. i found it even better than the native iphone calender(ios 6) and much better than the new iphone calender (ios 7) .   the level of customization is awesome yet extremely user friendly. thank you for developing this app! this calender was a huge reason i be was able to switch from iphone to droid because it's essential for my job,OTHER
wont play my mp4 videos (9.17.12)this used to be a great app. after the update  i cant play videos anymore.. i switched to mobo player too. geez im going to miss the zoom feature.. (4.21.14)i re-installed this app  this time the mp4 files play but the avi files has black polka dots on the screen. mkv files still doesnt play.,BUG
crashes frequently intuitive and feature-rich  but crashes frequently on my asus transformer  including every time waking up from sleep. i just get a black screen and have to close and reopen the app.,BUG
seems to work on my htc one replaces the only feature on my s3 that i missed.  only used it for 5 mins  but seems to do what it says. i'm sitting in a reasonably dark room  i turned the timeout down to 15 secs. point the phone away from me and the screen goes black after 15 secs. point the phone at me and the screen doesn't go off.  upgraded to the pro version  and the continuous scan mode doesn't seem to work (but then it is labelled beta) - but.. well app seems to do what it does in the description.,BUG
excellent calculator this is an excellent floating calculator  in spite of some (minor) shortcomings. it has all the features that one would want in a small calculator that can be used while one is using other apps. the lack of memory functions is easily overcome with the use of parentheses  and with these  the copy function is more than adequate for most purposes. one useful feature which it does not have at the moment  is the ability to paste/insert data copied from  say  a text file. this would make it possible to use earier results stored in a text file. nevertheless  this is an excellent app  and the developer should be congratulated for a job well done  and for generously making it available a no cost.,FEATURE
nice interface but still lack of features especially ability to sync across devices or at least autobackup to sd  ability to add account like bank/cash/credit  and custom date to date overview.,FEATURE
nice design but lack many important features such as current balance  wallet  budget  saving plans .. i hope you guy will come up with more features later :),FEATURE
great application i miss a couple of features from the web version but still it is very good. it would be nice if it wouldn't freeze for couple of seconds when the network connection is poor. all in all it's a very good for learning new language.,FEATURE
overall good. in general experience on app is good. pleasant to eye and lag-proof thing. although i do miss that feature of new concept which is present on web version of duolingo. hope to see it get added soon.,FEATURE
? best home around... tried several others. author should add some more features and charge $ for it. well worth money now! moto droid.,OTHER
implement automatic discovery i love the app  but i miss the feature to automatically discover macs on the local network. such feature will be great and will enable users to set it up much easily. also you won't need to check your mac's ip every time when you need to connect  especially on a different network. (maybe add it by mac address);,FEATURE
good idea... there are better apps that provide these features. playing ads all night  having to keep the screen on the whole time  and lack of calibration makes me want to look elsewhere.,FEATURE
ui is almost perfect  nearly there on features. title basically says what needs to be said. in terms of ui and basic usability this app is unbeatable  though i wish the dark theme were a little more palatable and that the plain theme made more use of color. i'd like to be able to cut/paste tasks and still determine my own indentation hierarchy within the due date sorting scheme as well. as the service is now it has become essential on my device  but there's still a ways to go. the app suffers from a lack of granularity  especially in widget list selection. the addition of sharing from other apps more smoothly is a hugely welcome one  and it's good to see this app continuing to improve.,FEATURE
awesome but: miss a very critical feature. for me i really miss exchange integration. will be great to have mt office tasks in its own list.   set reminders by location will be great as well.  happy to pay slightly more for these two features.,FEATURE
? lack a bit of advanced features  but overall great app for tracking,FEATURE
disapointed this app crashes more than before and the widget is still broken. the built in browser is a burdon with its lack of features. this is a terrible replacement for the original google reader .,BUG
very easy and fun not many programs deserve a 5 star but this is one of them. i do miss some features (or maybe i just don't know how to use the app) like continue reading from my last page ad it sometimes reloads from start with me articles but overall this is a very good app. thanks guys!,FEATURE
works great i still kinda miss greader   but feedly did manage to pump in some new  welcome features.,FEATURE
beats google reader feedly has definitely filled in for google reader and went beyond with added features  and incorporates cross-platform capability with feedly cloud. there are a few quirks with the app  such as starting the app and having to log back in every once and awhile  or the lack of response when refreshing for new articles  but looking past those shortcomings  it's a great replacement to the former king  google reader.,BUG
great app this is a great app. i've had a lot of fun playing with all the features. but for some reason the frames black out my picture. still a great photo editing app!,BUG
sound engineering! these people do really know sound. but still lack certain features. so 4 stars. first important feature is enque option.,FEATURE
good app...but... not having folder mapping is a dealbreaker. as pretty and good as this app is  the lack of that one feature keeps me with aquamail.,FEATURE
great app has good feature set to begin with. but i found the lack of 2 step authenticated sign-ons a let down. though accessing app accounts at once is available  switching between accounts requires more touches compared to peer apps. currently seems to be supporting many type of email providers for free and with no restrictions on number of accounts which is an excellent thing.,USABILITY
not so grand the features are great if they work  which unfortunately is nearly never. constantly loses connection to the server when i'm on stable wifi  crashes continuously  doesn't keep up the stream to chat and doesn't like to load lootables at all. this app hasn't been updated in over a year and it's easy to see the lack of support.,BUG
awesome browsing speed my only problem is that the browser doesn't seem to remember form data. i'm hoping i have overlooked something and this browser doesn't lack such a basic feature..,FEATURE
should add bowling awesome!!!!!!but.....should add few features like player stats bowling team managment.if all these are added it will be d best android cricket game,FEATURE
great great twitter app  but i really miss share feature from tweet detail. starring tweets also don't work  now!,FEATURE
wtf! new version doesn't support lists? tweetlanes was my favourite client because i can read my lists! that feature coped with the lack of other basic ones like notifications or autocomplete. removing lists is nonsense. i'll have to take a look at the code and see what happened  now that it's been open sourced.,FEATURE
good one complain is lack on notifications. when this feature will be implemented it will be one of best twitter clients in market.,FEATURE
best twitter client! if you are looking for the best twitter client  search no more. this is it! it's similar to tweetbot on ios. you get all the great features from pull to refresh  inline images  column views  white/black holo theme background  tap to jump to top  and so much more. oh and there are no ads in this version. it is simply amazing.,OTHER
frustrating lack of features requested long ago. the lack of ability to save magazines to the external sd card is why i rarely use this anymore. it's ridiculous that i am forced to save to my 8gb of internal space when i have a 64gb microsd card installed.  inability to remove multiple issues at once is frustrating too.,FEATURE
simple and easy great app. to the point. crisp and easy to use. loses a star cause of lack of features; gains a star for being truly free. no ads.  all features are unlocked.,FEATURE
could have been great! !! the app is really cool. but it lack some basic feature like deleting the categories we don't use and the vibration on app lock is very much annoying. looking forward to see it from developer,FEATURE
xelent 5 stars r very less for dis  i would like to give more but u should add one feature. we should be able to change d pic of gallery and music    otr wise    gr88,FEATURE
excellent but needs modifications hi team. done pretty well job but should add a small feature to set wallpaper which will appear over all tiles...   done excellent job...,FEATURE
lab and staring place problem i miss some google maps feature in gingerbread. like lab  distance counter. and that we can star a place to our maps,FEATURE
good app works great. sometimes gps signal can take a minute to pinpoint my location. also  i miss the places feature.. searching for restaurants and businesses takes a lot longer without it.. bring it back google!,PERFORMANCE
a beautiful and efficient app with one glaringly annoying flaw... this is what got me to a smartphone in the first place  and it remains the best of the best. i miss the labs features  but i like the current incarnation. thanks for putting the scale bar back in but why does it disappear? a map (especially one that zooms and pans) needs a scale bar. keep it visible and i can give you back that 5th star.,FEATURE
why google? i can understand the refreshed look but why remove so many features that could be enabled? like zoom buttons  the double tap and now backwards slide to zoom is so unnatural. measure? larger areas to download for offline? miss the old and google gets a thumbs down,FEATURE
pretty good i read the other reviews about v7 of maps & don't really understand why people don't like it or think some features are gone. navigation  searching nearby  accuracy  compass  etc...all work fine for me. yes  things are in new places but once you're used to the new interface it's actually very user friendly. i will agree the lack of zoom in/out buttons is annoying but that's minor. i use this app extensively for exploring & searching both home & away and find it very useful & accurate.,OTHER
ui nice  but missing features i used to love this app. newer version missing key functions  esp labs - i miss zoom buttons!!  can't pinch-zoom with 1 hand  & double-tap/slide is frustrating! :(   wish nav offered alternate routes like online version (no tolls  etc) .,FEATURE
missing features i miss the navigation icon as well as the option to remove certain routes in the directions. please bring this feature back!!!,FEATURE
do not update... if you're like me & miss all the great features from the last google maps. i have found the answer. anyone looking to going back to v6.14.4 before the update please email me at: nemichoco@gmail.com,FEATURE
please just bring back the old maps!! how do you update a software and take away all the good features  while not adding any new ones?  i miss so many things.  the button that shows my entire route in nav  the option for other routes  the option to search while in nav for things in my route  the option to just view the map while nav is still running separately.  i use the gps a lot for work and this update is killing me.  i need old version of maps please,FEATURE
? why can i not see bus stop id's like i used to be able to? i had the galaxy. first one. now i have a moto x. its very difficult being on the road and attempting to find public transit on the fly and all i have to go on is intersecting streets and a rough estimate of where stops should be! and thats even if gps is working. i miss being able to see actually names of buildings and whatnot. helped find get my bearings and such. please bring back the old google maps. hate that i have to use the web browser everytime i want to travel. the feature of adding stop by stop was good. but i feel its become way to simplistic. i'm not always going to have gps and perhaps i do have access to it  doesn't mean i want to use it. i should be able to locate where i am and where i want to go and get directions that shows everything!  from actual streets to bus stops and shelters along the way. i used to be able to click on the blue bus symbol and it told me when the next bus would be coming. not to mention when all possible routes would be passing through.,FEATURE
good with some serious shortcomings i really liked mark's book and the app is a great helper for the daily workout. however  i really miss some features:  - the ability to save changed workout plans. i have some injuries and thus have to change a number of exercises. however those changes are not saved; press the back button once too much and the changes are lost. actually  i gave up on that and now often just use the app as a glorified workout timer  substituting the workouts with my owns. its really a pity.  - of course  it would be cool would the progress data be saved in a cloud somewhere  for if i switch devices.  - also  i am not a bug fan of the user interface style; sometimes less is more  i think. but that's a matter of taste i think.,FEATURE
auto download not working for me the auto download feature seems hit and miss for me  with some podcasts downloading and others not.  i can't figure it out and i've frankly given up.  it's a shame  since this is otherwise a really nice app.,BUG
excellent really great app  much better than other bus apps. the data is sometimes poor  but this is not the app's fault. looses 1 star as it occasionally force closes on launch (but isn't really a problem as it auto-reloads).   feature requests: buses moving along the google maps in real time; colour in times that i can easily walk to (from current gps) in green  ones i have to run to in orange and ones i'll miss in red.,FEATURE
integration of emails is nice. would like more features  coming from ms exchange  the lack of features is a bit frustrating. unable to organize at the level i am used to. could use automation festured.  un,FEATURE
good application best news application  it should add a feature of notification also @-}--,FEATURE
great launcher after trying many launchers i have accidentally bumped into this app. after using it i was satisfied with the features provided(while most of the popular one's either lack or restrict them to their pro versions) and gorgeous look of the launcher. i definitely recommend every body out there to try it out,OTHER
this is getting rediculous!!!  so much wasted potential and time... i gave this a better review because after months i was finally promised some actual resolution... and that was days ago... and as is becoming the trend with gameloft... nothing has changed or been done to actually resolve the situation.  what is fundamentally a great game  and one of the best on google play worthy of 3-4 stars is mired in poor customer service  that is double the 'three days' promised when contacting them.   what leads to the largest number of complaints and the sole cause of most issues  as well as keeping this from being a 4-5 star game is a lack of any sort of way to save your game and progress across devices  installs or in case of hardware/software failure.  don't spend money unless you don't mind potentially losing it... because if you ask for a refund when you do  you get promised credited gems... that i'm almost certain i won't recieve for at least a month if at all as past experience has shown.  i've stopped spending money on gameloft at all.  any app  in app purchases... even on games with a save feature... what is the point of supporting them financially when they clearly do not actually care about the customers?  i give up.  buyer beware!,FEATURE
some features aren't available gold box deals take longer to update once available and there is no option to join wait list on deals. it might not be a problem on regular days  but it did annoy me on black friday  when i missed some deals. it is fair to join wait list on smartphone app and get notification  whereas waiting in front of browser for the whole time.  old review: simple enough to search and shop. only thing i wish it had was an option to save password. i hate putting password every time  but its understandable!,FEATURE
almost perfect! it lacks some feature. there is something they should add to make the app better.,FEATURE
great app and great books i love the black background feature and the idea of free books is really awesome....,OTHER
i love wattpad! i love wattpad and i use it everyday  both to read and write. i love the new inline comments feature  but i am missing something i used to use quite often  automatic scrolling. it was nice to snuggle under the covers and not that to leave the warmth to scroll down or flip the page. i noticed on the wattpad website where it says take wattpad on the go the iphone version has the scrolling options  why doesn't my android.i also miss the option of having it set to both scroll & page flip.,USABILITY
it's great! latest updates improved app significantly. i still miss an old feature where you could change both background and text colours.,FEATURE
holy crap i lack the words to describe just how amazing this is on 4.1+. seriously  i've tried to explain it to people who haven't used it  and i just can't. i fail as an orator.  pretty pointless on older android versions though. although i have to wonder what the typical 1 star trolls are going on about battery use. the amount of my battery this uses is almost nonexistent. and complaining that an optional opt-in feature is running in the background when its entire purpose is to run in the background is just stupid.,OTHER
? looks sharp  works well  but the lack of customization makes it mediocre. not uninstalling yet... will wait for an update and hope for more features.,FEATURE
keep to one theme love the features  everything works well  but please make it look better! change the loading thing to a simple grey circle  and make the app icon flatter and simpler. also  the green in the logo doesn't fit in. i would make the overall theme flat & grey/white  and make the black toolbars grey. and change that loading thing!,OTHER
excellent app! but add more! this is much better than samsung's equation detection but the only thing missing in this app is the lack of variety. just like in the note 10.1  please add more equations and have the ability to solve complex algebra. i'll be glad to pay for such a feature. makes work so much easier!,FEATURE
horrible  lacking  & crashes! paid for this last night and wish i hadn't. the app has very limited features. no realistic audio. no customizations  and on top of that is buggy  and crashes. now i just get a black screen. refund please!,FEATURE
hate new update i loved this app and used it regularly before the new update  now it's useless.i miss the previous ease of translating back and forth to make sure the translation was saying what i wanted it to  which always helped me catch errors in the phrasing of what i was trying to translate. unless the next update brings back the now missing features  i'm going top have to uninstall since this app is now useless to me.,FEATURE
good client this does what i need it to do. keep it lean. plenty of feature-clogged apps out there  but i like this. i also liked the black & white icon by the way.,OTHER
the best design but that's all holo design and customizeable in this small app. most important thing about twitter is refreshing which is incredibly slow in tweedle because it download 3+ hour twit. should have option to limit to 25 or 50 tweet or by time like at most 1 hour tweet. quiet miss using this for inline image and auto expand twitlonger but can't stand the slow load and lost other important point for twitter management is add people to list. i need pict saving but okay since this only additional feature,PERFORMANCE
great idea  nice ui ... but the photo dismiss feature is a little inaccurate. i tested by taking a photo of my sink as the trigger  then i was able to dismiss the alarm by taking a photo of my pillow. i had photo accuracy set to high while testing. keep up the good work and keep the improvements coming. also... users  beware that if you have this app installed on your device  it will silence all other alarm apps. so you might be late to work. at least - that's what happened to me.,PERFORMANCE
urgent please help!!! i've forgotten the pattern lock key  can you please help? half of my phone's locked and am stuck! i loved the features of ur app  but by far ur services have been very poor! i wrote a mail to u 4 days ago and haven't heard back! even the general settings of my phone are locked  along with the play store  text messages and more! please help!!! its impossible to use a phone in this state! its a 5 star app  but ur lack of help is bothering me...,OTHER
it's really helpful in communication i really enjoyed this application   i wish you should add some new features on it  like to make video calls and the rest,FEATURE
lack of core features no address book editing  no calendar.,FEATURE
very good but can you add download all attachment as zip option ?  we miss this very nice feature which is available in web version.,FEATURE
i won't update the pc version interface is burdensome now and i do not like it. hence i will hold off updates here until they force me... which they do. i really miss my sms alerts. why   they take away features is beyond me. this is now my spam account.,FEATURE
? good app - not great but better than i have seen from google chrome website and going to yahoo mail without the app  just the website .  for my desk top  i do use google chrome or firefox and it works great. but for my samsung galaxy tablet   i prefer the android yahoo email app. there are some features that i wish were different. primarily  i miss being able to open multiple emails at the same time. i have been used to this email more so than gmail  and because the wife uses yahoo mail  it will be my primary mail app.,FEATURE
widget i think the implementation of some type of widget would make this application perfect. anything to where it could be displayed on the home screen. i think that to use the widget you would be required to have a device password (pin  pattern etc.) other than the lack of a widget feature i am so thankful for this service and the app works great!,FEATURE
superb app! i have supported jared since the beginning and he never fails to disappoint!!! amazing app and simply the best dev out there!!! buy it now if you haven't already - you will be very glad you did and will support an absolutely amazing developer!! seems to lack a little bit of functionality included with tb pro but i still prefer to use rom toolbox because the ui is so much better. be nice to have some tb pro features but superb!!!,FEATURE
useful app but needs an upgrage the app is very useful and easy to operate but could you guys add a sort of night mode option such that a white background in a text document turns black and a plain text turns white instead. its a lot more easier to read such texts at night. many apps do have this feature.,FEATURE
poor performance & features this is not expected from adobe. poor performance & lack of features. there are better readers available with good performance & features.,PERFORMANCE
great! app... so far so good but would like to see adding full screen feature croping black bars while using chromecast.,FEATURE
great i like the new update  i just miss the favorites feature.,FEATURE
unusable! stopped working  just get a black screen now! also can't get new features and my forward facing camera has never worked :(,BUG
old snap was better this new snap chat is confusing.  i just want to send  recieve  and be done.  i also miss the clear feed feature! bring it back!,FEATURE
? its cool but you should add more features like fonts  edit  etc. you know things like that. and the videos should be able to go for just a little bit longer.,FEATURE
grr why won't it work in wifi as good? and messages are saving on their own and i want to get rid of them. i miss the double tap to reply feature a lot.,BUG
awesome great game  but in the next update y'all should add a bet with cash feature,FEATURE
drag racing this is one of the best games out but i miss some of the old features but this is my 3dr upgrade 6 years 3 phones and this game has been on everyone,FEATURE
great app great work  easy to use  the ui is beautiful  but i miss a few features  such as  - ability to import the exported csv files  - incomes  what can manually set the monthly limit (whenever a new income is added  current months limit is raised)  - add recurring expenses (and incomes)  monthly  weekly  annual  biannual  etc.  - google account sync maybe for the settings and information stored?  otherwise  so far the best and easiest to use expense manager app!,FEATURE
smooth  simple and easy to use this is exactly what i've been looking for - a clean  clear ui; easy input; an uncluttered summary view and a nice  simple design. a spot on app for managing my expenses - well worth the ?1.99 i paid for the premium features.  one minor issue i have is the lack of back button functionality. i seem to always forget that it takes me right out of the app  rather than to the precious screen. but this /is/ just a minor nitpick.,FEATURE
perfect note pad well i had a palm pilot before the smartphone and one feature i miss is the ability to just write on the screen.  while this app won't do that  it does bring up a nice notepad to type things on and there's color coding and home screen icons for notes you use a lot...like a shopping lust or workout schedule.,FEATURE
wd mobile app is good  but still needs work.. the apps work fine  the drive works very well.  the integration with the mobile apps seem to lack features like most.  ie would be great to backup  contacts  email   phone configuration  text messages and other types of content.      i have to use multiple apps to give me all that i ask  it would be nice to have a all in one with a cloud device. keep up the good work and please consider adding more features and content.,FEATURE
a fine piece of software that offers an interesting feature viral is a nice little video viewer that offers users a sweet capability - a pop-out viewer. this is nice  but it pales in comparison to another advantage - its remarkable stability and lack of slow-loading  unlike the far-worse youtube android app.,OTHER
massieko this is the best ocarina app i've used on android thus far. it worked great on my lg optimus black other than not being able to use the blow feature. unfortunately it doesn't support more than two touches on my new htc one x,OTHER
suggestions  comprehensive an incredibly solid start. there are some quirks and bugs (that aren't suuuper major) and an overall lack of features  but the base here is startlingly fresh and good. the lack of gesture support and more icon customization  as well as a way to hide the settings page (tucking it away in a gesture  overflow menu somewhere  or separate app shortcut) make it difficult to leave nova launcher. here are my suggestions  and what it would take to make me switch:  - customize app icons on long-press  individually. applying a theme is great  but they rarely cover 100% of all apps  and the inconsistency drives me mad.  - gesture support. i love being able to swipe down anywhere and pulling down my notification shade  or swiping up for my app drawer  etc.  - customization of panels. i'd like to be able to decide if i want a full apps list  or the launcher settings  and be able to decide where they are located.  i have already purchased the pro key  so i'm excited to see if these features get implemented. i currently run a custom setup i made for myself in nova launcher mimicking the google now aesthetic  but having it in launcher form would be 10x better. good luck!,FEATURE
it is what it is its a good app  i wish it would show the real feel on the widget. also wish it had the same feature as my old one did where it gave full screen animation... i miss that.,FEATURE
? i miss the custom tab feature in the drawer  i use that all the time  it makes my use of the phone much faster. otherwise it's a very good launcher and it's free.,FEATURE
good fun game. i miss the feature where players get steamy or on a tilt like in the pc game. other than that i am enjoying this game very much.,FEATURE
its ok but should be better its ok but ive played better games that this should add more features and sort out the reset after upgrade issue,FEATURE
x( works but wish it could send pictures and text. its too simple. they should add features to be like voxer!,FEATURE
greedy app  seeks more money when you have the chance to make your gift to art progress  you should honor that blessing. selling a guitar learning tool  and then limiting the features to sell more and more 'pro' versions  is showing your lack of respect to music. deceiving is bad. ambition kills culture.,OTHER
great reddit client i've tried many android reddit clients and bacon reader is my favorite  far and away. i especially like the black theme since i try to run a lot of dark-themed apps for battery savings. it has all the features you'd want in a reddit client and is smooth/sleek.,OTHER
good app  has some issues i miss the coach feature  which is available on ios. gps lacks accuracy. otherwise quite good.,PERFORMANCE
good features  needs maps i l iike most things about this app. the primary weakness is the lack of a map while running. also it would be great if it could track all works  line cycling  swimming  weights etc.,FEATURE
great app i installed it a few days ago but whenever i open challenges  screen goes black subsequently the app crashes. otherwise it is fine. adding tips or coach feature would be great.,FEATURE
lack of common sense you gave away go launcher prime free for 24h back in december 2013. you said it is free  but now all features disappeared and i am prompted to buy it again.  what happens?,OTHER
slow  no point. the viewfinder display is really laggy and slow.  doesn't seem to offer any creative black and white features so how does it improve over just desaturating color photos?,PERFORMANCE
slow  no point. the viewfinder display is really laggy and slow.  doesn't seem to offer any creative black and white features so how does it improve over just desaturating color photos?,PERFORMANCE
an excellent offline rss reader on my nexus 7. a solid  simple  lightweight reader. the only feature i miss compared with my desktop reader is the ability to group feeds in folders. thanks are due to the author.  this is an open source program and there are similar apps based on it. if you have one of these installed  as i had  uninstall it first or you get a 'duplicate' error.  this is not a web-based reader like google reader  but you can import your feeds as an opml file.,FEATURE
party feature overall the game is fun  but it lack of one feature where u can party with friends and race with other random people if not when there is only 2 or 3 friends online  they cant play in a 4 person race. hope u guys can implement this features! thanks..,FEATURE
excellent dialer replacement (+) quick & good-looking (+) dialpad tones are on the media channel  not the ringtone channel - so  not as loud for me (+) good choice of colours for theming (+) don't need android 4.4 for the web search feature (-) lack of auto-rotate support,FEATURE
good app layout i like the app layout but i miss the old color scheme the menu and features and operation of the app is really good but i miss that blue on black color scheme now its orange on black and i don't like that as much  update: thanks for adding more color options. i'm now giving you a full 5 stars. thanks!!,OTHER
great idea in theory i like the idea of predictive texting  however the flow feature simply isn't very effective when you make mistakes (and you will make mistakes once in a while).  swype and google keyboard have a much better and more accurate way to say what you are trying to say even if you miss a key or two.  i actually found that i wanted more options for word choice rather than predictive options since lifting my finger to select the predictive word really took about the same amount of time as completing the word.,PERFORMANCE
great keyboard  needs some tweaks so far i've been switching back and forth between this and google keyboard on my xt1080. would like to see the following features: 1) disable auto-correct in the chrome url bar; 2) disable automatic entry of space after autocorrect and suggested word insertion (makes inserting punctuation easier); 3) improve detection of objects blocking the keyboard  for example my bank app places a black settings bar at the bottom of the screen that blocks the bottom row of the swiftkey  but not google  keyboard.,FEATURE
vast improvement since i last used and gave it 2 stars it has come a long way since then  now it is my default keyboard for galaxy note 2. the only feature i miss from my oem keyboard is the s-pen write to text conversion. but overall lots on improvement.   now waiting for minuum keyboard to launch in android store.,FEATURE
nice nice keyboard  used it for years with no issues but there is now a lack of innovation compared to other keyboard apps. i remember there being some talk of an emoji capability being built in and that was months ago now  with emoji capability built into android now this should be a main feature. i would like to keep using this keyboard but will switch to another if there isn't an update soon,FEATURE
nope. sadly this one-trick pony just got put out to pasture. the new kii has taken over. i do miss my predicted text  but kii offers a lot more than a single feature. sorry swiftkey  you have miles of ground to make up and flow isn't going to cut it. users want a more customized keyboard.,FEATURE
multiwindows?i love the app! especially it's  ability to insert videos into the notebook. one  of the best apps for students studying for oral exams.   it would surclass even samsung's spen app if it would have multiwindow features .  i only  give it a 4 because of the lack of multiwindows,FEATURE
not user friendly not user friendly anymore i really miss being able to swipe over to my notifications from my timeline can you please restore this feature also tweet button > tweet bar the  i also have a constant unread bubble on my notification timeline  button with 1 unread even though i have clearly read all my notifications. can you change it back to when it worked and flowed  twitter? don't ruin what you had its even worse with ever update -_- what happened twitter,FEATURE
not user friendly not user friendly anymore i really miss being able to swipe over to my notifications from my timeline can you please restore this feature also tweet button > tweet bar the  i also have a constant unread bubble on my notification timeline  button with 1 unread even though i have clearly read all my notifications. can you change it back to when it worked and flowed  twitter? don't ruin what you had its even worse with ever update -_- what happened twitter  i have been forced to rollback 5.0.4,FEATURE
cool user inrerface finally!! you guys have done it right  i never see my old avatar in my profile after updated it anymore  i can change the profile bio directly in the app  new feature send pics via dm is good. and the best is i truly loved the new ui  but miss the last blue color and to scroll from timeline to connect/ mention. regards - sony xperia j users,OTHER
i miss pc... missing features: set font size; set file priorities. bugs: stops downloading for no reason; sometimes it used the phone memory instead of the sdcard  even though it's configured correctly.,FEATURE
? good  but it should add more features in the free version,FEATURE
something you need i voted 4 stars because i think u should add a feature that let's you choose a skin that you downloaded on your device. if u add that i will give 5 stars,FEATURE
waaay 2 slow on notifications! twitter is like a chat.. so when twidere decides to alert me to a mention on twitter it comes 20 to 30 minutes after the person has composed the message! worse yet i cant change how frequently to check my account for updates.  some good features like twit longer added to this app... but severely let down on lack of additional user features around how you are notified... when... with what tone.. etc fox this and we might be dealing with a decent app,FEATURE
you can't deposit checks with the android i'm disappointed in the features with the android vs the iphone when it comes to the chase app. i miss being able to take a picture of checks and i have to continue to hit the return to go back to the account screen. i think i'm spoiled by my iphone apps.,OTHER
? great reddit app. the devs should add some res like features.,FEATURE
lack of updates and features what happened to this glorious launcher. lack of updates and features. are the developer has already abonded this awesome launcher and let it be a vaporware. somebody should take over this developer project and make this glorious launcher back to life.,FEATURE
dude on samsung galaxy s4 install the application on my phone and it consistently fails to operate. specifically  everytime i open it it causes with a black screen and then i get an error message informing me that it will not function. i have tried uninstalling and then reinstalling the product with the same failed results. from the product video i like the features and i hope that this is a temporary setback for my model of phone.,BUG
piece of crap since update the new version does no longer allow you to save favorites  i really miss this feature. furthermore  on e.g. lock/unlock of your phone  switch between apps etc the app reloads the view and starts at the top of the page again. very annoying and expensive when on roaming.,FEATURE
come on  developers! the ad banner constantly pushes the buttons off screen  making the game unplayable! this used to be a rare happening  but now is most of the time! would also be nice if you could actually win on the double up feature instead of constantly bearing dealt cards smaller than the face-up card. i sure miss this game being playable!,USABILITY
mostly pretty happy like this app a lot.  but miss  being able to delete the crossed off items and leave the rest.  any chance of getting that feature back?,FEATURE
great app love the- my list feature.  i can find the best deals and plan my black friday shopping trip,OTHER
best app in class. needs some updates. having tried various other similar services for android i have come back to rtm.  its a very flexible and mature product with seamless sync. it costs $25 a year for pro but for me its worth every penny. it loses a star for the aging web interface (though i like the key shortcuts)  lack of any official import/export features  lack of proper subtasks and a little sign of any new features from the developers. however it is still in my view the best option available.,FEATURE
costly upgrade ui feels outdated!!  25$ for sync alone is too pricey. google tasks works well for me but miss features like smart add & search.,OTHER
simple and fun to use love sharing routes with friends and tracking my progress. i don't use all the features but like what i do use.    would give 5 stars but miss seeing my pace on the android app. since i dont run with my phone i enter info manually. i enter distance and time but the app no longer displays the pace...seems an obvious one to include.,FEATURE
good app  but lacks important updates i love this app. it does exactly what it's suppose to do. it tracks runs  bike rides  and other forms of moving exercises. the data is quick to get to and the running screen is easy to read and see all the important info at a glance.  unfortunately  they're slow with updating the app to use android's latest features. specifically bluetooth low energy for heart rate monitors. i understand not everyone is on android 4.3+ but for those of us who are  the lack of ble support is discouraging  given how important heart rate info can be when training. for this reason  i've moved over to mapmyfitness which supports bluetooth low energy heart rate monitors. once runkeeper brings in ble support  i'll switch back as i like the app better.,FEATURE
works well but lacks functionality  abandoned by the devs? pocket casts used to be my go-to podcatcher  however it's falling behind in features compared to the other well known podcatching apps  ie. you can't read the show notes for a podcast without first downloading and playing the episode. there also hasn't been an update since february 2012 and the ui badly needs a redesign to fit in with ics/jb. the lack of updates leads me to believe that the developers have abandoned this app in favour of their new ventures  and their ios version of pocket casts.,FEATURE
95% perfect app it's the only podcast app that i can live with. tried literally every other app  but their interface and functionality made me just angry. the only feature i miss in pocket casts is auto-resuming when i connect headphones. we got auto-pause on headphones disconnect  why not make this feature complete? it's very very useful when driving  because i don't have to look at the screen or at the phone at all to do it. please  make this happen :) apart from that the app is amazing  i like everything about it.,FEATURE
cute ... short you guys should add more features ...,FEATURE
great it works but only they should add auto update feature for apps and upload newest versions of apps,FEATURE
good does what it says  but lack in only one thing  it would have been great if it had keep screen on feature in it,FEATURE
best after-astrid to-do app with astrid shutting down  i've been looking for a comparable to do app  and prodo is as close as it gets. prodo doesn't require a sign in  or a yearly fee for more features. it works with swipe  has a very simple to set due date and alarm  and can be added as a widget on your homescreen. the only thing i miss is astrid's sarcastic wit  but maybe prodo will add that too.,FEATURE
fantastic only surpassed by the beta version ;)  sometimes i miss the zoom bubble feature from chrome but that's a minor feature in comparison to everything else.,FEATURE
one missing feature i miss the swipe to switch tabs from chrome. with this it would be my favorite browser.,FEATURE
fast and easy to use so far i find no faults with this excellent browser. i'd recommend it in a second. my only complaint is the lack of gif support  which is a feature from chrome that i miss.,FEATURE
good but not the best should add more features like show poi,FEATURE
almost useless compared to ios lack of feature and videos. the ios version is way better,FEATURE
galaxy note 3 best battery saver. great feature is it will disable the wifi wen we not using and checks for online notifications in some interwells. this is a great idea for those who dont want to miss important notifications becz of wifi off. why not 5 stars:  while using mobile data  if the screen is off  it disables the data connection and not resuming upon when display is on. so we have to activate mobile data manually each time. white list is not working correctely. tested apps: voip discount and websharing lite.,USABILITY
wow new after a month i left and dont play ss due to all of the problems my friends ask me to come back when i open my ss alot of new feature i hope no more lags and miss compute essence,OTHER
extremely basic  more so than stock. the stock moto g app has a nicer interface (subjective) and more features  yet almost all reviews complain about a lack of them.,FEATURE
good additional features required love the software  the multi stop planning is great as is the trip optimisation. a number of multi drop couriers use this as a work tool. i would like to have the option to export saved multi stop journeys to smemo or a tab deliniated file. this app is not happy running in background  bringing back to foreground sometimes results in black screen  does this on both my galaxy s3 and tab2  changing orientation restores - annoying. would like the option of future destinations listed.,FEATURE
lack of essential features please add some features that are essential and doesn't take too much time to be implemented like:   - support to mark bookmarks and read the existents.  - synchronize the recent viewed between different devices.  - if there are different qualities of the videos add the option to disable the hd on devices.,FEATURE
needs more features to be great app really needs some additional features to be great. lack of support for bookmarks can be frustrating. rewinding and fast forwarding sometimes messes up video steam. overall app provides enough to get the job done on a mobile device.,FEATURE
? you should add a gif feature,FEATURE
missing some features this app is somewhat limited compared to the website. there really should be a setting to change text and background settings  white text with a black background is not very easy on the eyes.   i would also like to see more filtering options  for example to find geology stories you have to manually seach through all of the earth & climate articles  on the web site you can filter on just geology.,FEATURE
pretty good it works nicely and keeps up with my classes. only problem is  which i'm not sure if it's their fault or the camtasia software  videos won't go to landscape mode. there is also no way to rewind or fast forward. i find that very frustrating especially if i miss something me teacher said or i just wanted to go over a particular part of the video. these features are active on desktop mode but it would be nice if they were also on mobile.,OTHER
love spotify i love this app. it's my daily companion application when commuting to the office. love the variety of music and the recommendation system is very good to. besides that i miss some features of the ios app and the user experience could be way better. price for premium is okay. keep it up.,FEATURE
filled with issues i love spotify  and for the most part the android version was good  but now it's barely usable and there are still features lacking (metadata still not working over bluetooth). the switch from stars to checkmarks is weird and i miss having my starred playlist automatically updated. it feels like all these changes weren't planned out.,FEATURE
not worth the iphone app sadly  i miss the features of the iphone app.  the downloaded section is great  but we don't have our folder organization anymore  and without the ability to modify playlists this app is merely a music player.,FEATURE
improving rapidly. this app used to be crappy while the service was ok  but recently the app has started receiving updates on a regular basis adding a lot of basic functionality that should have been there from the beginning. now it features landscape support  resume from last position  notification bar controls and save to sd card. however  i still sorely miss a decent widget  easily sortable queues or the extensions found in the desktop app.,FEATURE
great features love this app. adds many new features that i now miss on my regular camera. highly recommended.,FEATURE
lack of some features overall is ok. however lack of some of the convenient features such as save or print the receipt/transaction for record purpose. secondly  favaorite account is only available after  saved it during online webpage  which bring some of the inconvenient.,FEATURE
airplane mode :/ i know you can't do anything about it  but the lack of airplane mode scheduling in kitkat just sucks. other features are very useful.,FEATURE
okay but lack some features some features i would love to see is the ability to log in and being able to see the ratings and comments on memes kinda like the ios version,FEATURE
very well made.. i've nothing against this keyboard. but  if you can add gesture feature like swype  it can be more useful. other than that  please make the symbol be placed at the back of the letters like any other keyboards out there  and add themes to it too! it's just lack some themes and additional settings!,FEATURE
great idea  but a bit flaky i really like the speaking features  especially the ability to hear my upcoming calendar. however  it is very unresponsive  often the snooze/dismiss buttons don't come up or take a long time to come up. it seems to have gotten better in the last few months.,PERFORMANCE
pages don't fill the screen well  with the latest update i'm now able to sign into the app on my galaxy s4  and it's considerably more stable and responsive on my nook hd+  but unfortunately now when i try to read comics the pages only take up about 2/3 of the screen's available real estate with black borders on the left  right  and bottom.  even if i pinch zoom to fill the screen  when i move to the next page it goes back to the original size.  hopefully they can address that issue and then start adding some of the other standard features of comic readers.  update 8/26/13: today's update still doesn't resolve the issue with comics rendering in about 2/3 of the screen.  while i'm happy to see that they've doubled the number of issues you can have offline  the first time i tried to open one the app crashed back to the launcher.  all in all  this app is still completely unusable on android imo.,USABILITY
disappointed i was hoping to see more features and visual enhancements on the new update. not being able to save password makes the app pretty much unusable. very poor space utilization.  avoid bold and big font . it seems like the app is running in accessibility mode for visually impaired. improve charts . the one big miss in my opinion is the trading screen needs to be simpler   so much unnecessary information is being displayed. position should show ask/bid cost and maket values. needs so much work.,USABILITY
didn't get the full features of kit kat my navigation button on nexus 4 still remain in black background.,OTHER
black screen hello   just loaded it really look forward to enjoying the features then it went to black and every time i try it it goes black after 20 minutes.,OTHER
a potentially great game ruined by terrible rules. i am a huge fan of this game's spiritual flash-based internet predecessor  isketch. i was excited when i initially believed sketchit worked more-or-less the same way. unfortunately  this game lacks the structure and discipline of isketch. cheating is rampant due to a lack of a community self-policing feature. the scoring system is unfair to artists who take on the more challenging subjects  rather than abusing the 'skip' feature. abuse of the hint feature does nothing to deter the artist from abusing it  and is even accessible after the word has been guessed. also  nothing differentiates a player who is the second to guess a drawing by only a fraction of a second  from one that has guessed 30 seconds later after several hints. this game's rules seem centered around appeasing the lowest common denominator.  it's not all bad though. the interface of the game is exceptional. the 'top sketches' gallery is a great feature. the responsiveness to my galaxy note's stylus is phenomenal. the game is very well built in almost every technical sense. and bottom line  it's fun to draw.  it's really just that close to being a great game. if it adopted isketch rules  it would be a perfect 5/5.,FEATURE
good app! it has improved a lot recently. one feature that i really miss is the subtitles.,FEATURE
? i wuld have given this app 5 stars if it had two additional features and the font size whad a wider range.this app should have an option for white text on black and it would be nice to be able to highlight and tag something you wanted to find  later.,FEATURE
? nice ...but lack some features need update,FEATURE
? it always says invalid login id password nd sometimes unable to process.. nd it also lack some features like mobile/dth recharge.,FEATURE
more feature needed you should add a feature that could combine 2 or 3 pictures. other than that  i love it. will recommend to my friends.,FEATURE
lack lustre too much time invested in adding useless extra features rather than making this a proper native app. could be a lot better.,OTHER
miss always incognito setting otherwise  great browser. fast with great features. floating window mode is nice to have.,FEATURE
the best! finally  i found the browser whith all the features i ever wanted from android browser. smooth  fast  displays javascript with no problems (opera). nice ui  soft and simple. you can disable the right sliding panel  that's great (dolphin).  the must : firefox sync ! that's a great idea. all of his in a quite light app. i'm happy. i bought pro version. i just miss some more add-ons  such as an adblock  come on !,FEATURE
lack luster really missing a lot of features like the last price. not half as easy to navigate as the ebay app. that said it can be useful but i find myself using the full site.,FEATURE
great memories... i miss playing this game so much.....but for me the slide feature is not very responsive....and my frog dies at times for no reason.,PERFORMANCE
best available it's the best triple triad app available  but that's not saying too much as there is not many on the market. i don't like that there are unoriginal cards in the game. card selection needs to be improved  maybe less cards visible via pages (making them appear larger). there aren't separate difficulties  only quick play. it hasn't been updated in a while  so there is still no store feature. the 5/5 score figure would be nice as well. the menus are nice. i love shuffle & boogie while playing. i understand this is beta  but the lack of updates grants a full review. just below the 4 star marker for me.,FEATURE
i love it! i no longer need more than one homescreen. i can access the same amount of stuff in 3 or 4 screens with the quickdrawer and quickpage feature. covers is brilliant! instead of having a homescreen dedicated to fitness apps i have one cover! i use the shutter feature to access my calendar. with the direct text and direct call shortcuts i don't need my contacts icon. it's super smooth  runs like a champ!   somethings i would like to see!  -notifications! i want my icons to show if i've missed a call or text or if i have a facebook notification.  -the ability to customize the action bar. for example  the size and apps it uses. i love the search feature it presently includes.  -the ability to customize the size of the icons. i do miss this feature  and it is included with just about any other launcher.    -the ability to use either double tap or swipe to access shutter or cover.   issues i had: -i had a hard time making folders! those icons moved around a ton!  -swiping a shutter or cover in the doc bar never worked. had disable to bar.,FEATURE
awesome just excellent! is there a possibility to make it that you can drag the now playing song up when in listview or somewhere else like in google play music? miss that feature,FEATURE
hug the maker of this game lack of commentry and some other feature mentioned by someone before is noticed but gaming experience is good 14.81 mb does't go waste but playing is easy timing matters this is why 2 stars are off,FEATURE
gorgeous  fast  and feature filled love how modern and fluid and aesthetically pleasing this app is. well done dev i must say. keep up the work. thank you for adding indv. notification icon personalization  love that feature. just bought the personalize pack. love the dark and black themes. the layouts are great too. just keeps getting better.,OTHER
lots of features for organizing. i would rate 5 stars if the database didn't miss so often.,BUG
great app to monitor following should add a feature to copy followers that a account follows  not just who follows them. and once you follow or should auto like there last pic,FEATURE
great app  but i miss some features... it's a very good application  i adore it. however  after losing the data on the phone  it will not be restored from the site. would be nice to be able to sync with the site even backwards. would also be nice to see a leader-board inside the app that would also contain the ranks of our friends. still  totally worth buying it  got me addicted to doing squats :),FEATURE
regret buying this app fcs so randomly that it's almost impossible to use it for longer period of time.  lack of updates have made it even more impossible to use.  haven't seen even a single much requested feature by the community being implemented in this app despite being ok play store for more or less 4 months now.  disappointed.,USABILITY
good auto correction but inferior prediction i understand that the intention of this keyboard is not speed like swift key achieves through its prediction algorithm however the level of prediction available should be a little higher this is one main feature i miss the most among a few more minor ones that i hope will be implemented later. but in my opinion from my time using the current version i believe this has potential and is better than a few other keyboards that change the keyboard layout. but it still needs a lot of work to beat swiftkey & swype,FEATURE
best twitter client. period to app is fantastic  the new ui made it on par with other modern apps but which lack features. plume now has it all. the looks and all the functionality you need.,OTHER
lack some features a  list's notification and/or unread tweet's counting.  consume much api when swype between columns.,FEATURE
awesome great ui  wonderful features like swipe to play next and a great eq. i'd like an option to make the default be the volume bar  not ratings.                                                      my only complaint is the profound lack of a remotely viable video player. add this and i'll buy the full version.,FEATURE
needs updates/lack of features this app can get a little more better.,FEATURE
less features. lack of features.you cannot find your poker buddies. should have more features like the web version. and most importantly  i've found a bug  that you have to restart the game in order to refresh leaderboards!,FEATURE
update sux for gs4 i have fun on game just wish there was more things to buy. like a shot of liquor. or rum and coke. pack of cigarettes. a gold lighter. black rose. some thing new. just need some new features for phone versions for androids. can only see 1buddy at a time change it back so i can see all at once. bring back my drinks,FEATURE
request for 5 stars! generally i know what hour it is  how about a minute clock bar instead of a full day clock? also i should be able to put a black line at intervals i want for more precise measures  like every 10%  15%  or 25%. would recommend it to anyone!  what added features come with the unlocked version?,FEATURE
blech. horrible lack of features and customization. good for only occasional typing  i guess.,FEATURE
needs a few upgrades no comma on the main keyboard  and no way to change any colors?  the grey/white/black ui makes it very hard to see selections.  and commas are so important to use  so why not make that key available for the main keyboard?  come on google.. you're awesome at so much... but this one falls flat.  we'll see how accurate it is  and that may be it's best feature.,FEATURE
blech. horrible lack of features and customization. good for only occasional typing  i guess.,FEATURE
would like to see more i have the htc one. i have set the keyboard to display nav arrows so i can move the cursor through text to correct errors. i miss this feature in the google keyboard so have removed it. also i was unable to find a way to calibrate the keyboard to reduce errors etc (htc keyboard has the option)  hope to see this in future updates thanks ;),FEATURE
features and new color theme awful. i really hate the new android color  or lack thereof. the blue was fine  and i'm pretty upset you guys got rid of it. bring back the blue  and the punctuation on long-pressing the period! and why is the keyboard shrinking when i switch to symbols?!,FEATURE
canon pixma solutions hello its an amazing app but still missing some features. can you please add the  black & white color option also print options like settings of how u like to print before you print.? colors options page settings etc etc...... thanks other then that the app is amazing. good job.,FEATURE
a superb app i came to android about a year ago from an iphone  and i tried every reddit client out there such as baconreader and reddit news. these were all good apps  but none of them compared to my experience with alienblue. then  i tried reddit sync and it has become almost exclusively the only way i read redditch anymore. the holo interface and black night mode are easy on my eyes and it has all of the features i need.,OTHER
just great excellent i wish it had the black list feature,FEATURE
could be better nice  and deserve 5 stars but should add sone features like  erase the name  zoom or crop  effect  widget  or splash to hide a name  or to get it fade.,FEATURE
? good features  slow deliveries  and hit and miss notifications.,OTHER
no copy text feature this app is good  but i just wish it would allow me to copy text from pdfs.  sometimes i need to paste text from a pdf document into a word document.  i find this lack of functionality quite frustrating.  if the developers add this feature i would give this app 5 out of 5 stars.,FEATURE
perfect haven't used all its features yet but even just as an ssh client its ahead of the rest. the popup extra keys  don't have to use hackers keyboard to compensate like i did with other apps lack of ctrl keys etc. very polished interface that is great to use and well made. keep it up.,OTHER
like this app... i like this application because it is easy to use and looks great as well.  one feature i miss (in fact i use in conjunction with business calendar) is the contact suggestion from the global address book (corporate account),FEATURE
needs improvement! this app is pretty strange. works great sometimes and sometimes it just doesn't seem to work.  i get a black screen and then the software just hangs. i love it but 5 stars is a stretch. i wish it would just work all the time.  the icons are great and the launcher has lots of good features. if the black screens are sorted  its 5 stars easy.,BUG
good enough to compete with htc sense 5 i like this launcher a lot. it is comparable to the htc sense 5 launcher. imho  i believe that the prime version should at least allow you to use your phone's factory widgets. most importantly  the blinkfeed feature. if you don't plan on unlocking it in prime version  please develop blinkfeed and release it in the next update. i mean  give us a reason to want to purchase the prime version. i did.. but i still miss my factory widgets & blinkfeed.,FEATURE
poor support and lack of common sense you gave away go launcher prime free for 24h back in december 2013. you said it is free  but now all features disappeared and i am prompted to buy it again since latest update.  what happens?,BUG
average somehow i feel like it is still lack of some features,FEATURE
offline browsing please allow us to open local html or swf files.  there are few browsers out there that can not play local html but those lack the browsing/playing features of this app.,FEATURE
very slow people lie this browser is too slow,PERFORMANCE
new tab not working opening a link innew tab not working and very slow on 4.0.4  :-(,PERFORMANCE
? unable to select 31 jan.... hidden with no way to scroll. nice interface  but very slow in processing. focus on improvement should be efficiency not better gui!,PERFORMANCE
recent update i dun know...this app is very slow to open...i am using note 3...even with full network line and working mobile data  this app is very slow to open compared to the previous version...please fix!!,PERFORMANCE
sucks now! you should have just left it alone now it's just difficult to use  why take something so simple and make it so difficult for no apparent reason. i'm un installing,USABILITY
slow! very slow on my symphony w10,PERFORMANCE
? its awesome! it even worked on my genious friend! but the camera can be difficult to use.,USABILITY
slow and unreliable very slow app to run and regularly had network problems. the same functionality is available on the mobile website so i'm going to stick with that,PERFORMANCE
too much lag it hangs ang very slow,PERFORMANCE
bit disappointed it works very slow.,PERFORMANCE
ads obscure content its free so i understand the need for ads  but they overlay the options bar so that its quite difficult to use.,USABILITY
lol quite nice but very slow,PERFORMANCE
extremely very slow and bad very bad,PERFORMANCE
cant play it in my phone after playing it takes too much memory in my phone after playing it for a couple of days it goes forced close when the start button appears... fix this bug,PERFORMANCE
love this game awesome game but sometimes very slow to load,PERFORMANCE
sucks very slow,PERFORMANCE
takes to much memory ok game not bad plz just fix it to be less mb,PERFORMANCE
my highscore is 9999999999 a game that can be hacked is a bad game.,SECURITY
could have been 5 so easily.. performance issues on samsung galaxy s3. some levels are impossible to beet  some just won't work. fix these problems and you got your self a five star rating in a heart beat.,PERFORMANCE
blah loads very very very slow!,PERFORMANCE
no it is a virus i have a antivirus app and it said virus on the bright side it is fun,SECURITY
generally a good game. difficult to use strategy while attacking  but still good all the same.,USABILITY
eh. difficult to use. ads are annoying  but i understand the necessity for them.,USABILITY
? performance issues galaxy ace 2,PERFORMANCE
lag very very slow and laggy,PERFORMANCE
poor the app is really difficult to use. the firat time i downloaded it  it made my phone froze  everytime i try to open and put some picture from my gallery it keeps on comming back to homescreen. fix it and i'll definitely give you 5 stars.,USABILITY
great potential  steep learning curve this app has more options than go go gadget but its very difficult to use for anyone that hasn't use photoshop before. it should come with an interactive guide or instructional video. will give more stars if i figure out how to use it.,USABILITY
disappointing it's no where near as good as i would expect especially given other reviews.  it's near impossible to zoom in and out without drawing all over the photo you are editing. it's also incredibly difficult to use the pippette to select the colour you want. shame really given that it's ?3.,USABILITY
slow its very slow on my galaxy note pro 12.2 otherwise great and fun game,PERFORMANCE
nice but controls very difficult to use due to small size,USABILITY
alright to pass some time i prefer point and tap rather than point and drag which makes this harder to control and the lack of instructions for certain things made it difficult to use to start with,USABILITY
start problem this update is now very slow. plz new update soon. id 2480913.,PERFORMANCE
cute piggies :) but this game is a virus there is a black flash .,SECURITY
good time killer is easy to use once you get the hang of it. lacking a stylus makes it difficult to use on a small screen but i get by. would have given this 5-stars but is lacking the restoration portion of the full-version on facebook.,USABILITY
disappointing very slow running always crashing and just in general disappointed  love the game on fb but far too buggy on phone :(,PERFORMANCE
ok good but very slow,PERFORMANCE
performance issues got some issues on my android..not sure if its the game itself or my phone..loading into the battles often get stucked and sometimes during the battles..hope to get this resolved soon! thanks...,PERFORMANCE
okay but.... should be able to rotate game to landscape view.  portrait view on a tablet is difficult to use.,USABILITY
nice game very excellent game but server is very slow...,PERFORMANCE
kinda ok its handy to be able to play inn the go but the interface isn't that beat and it reloads everything every two seconds which takes first if you aren't in a really good connection area  making it extremely difficult to use.,USABILITY
controls it's a little difficult to use the controls. please fix it,USABILITY
? poor graphics very slow and not enough payouts,PERFORMANCE
disappointed this game uses way way much memory then it say. uses around 700 and something mb instead of the 33.49 mb thatbit states. over its an okay app to play.,PERFORMANCE
? this game is addictive but its telling me this game is a virus so i uninstalled it.,SECURITY
laggy very slow even on wifi.,PERFORMANCE
? the game was runing very slow,PERFORMANCE
its a great app but too much memory and it will slowdown the game. excellente!!! war on my bros.!!!,PERFORMANCE
mediocre pretty laggy and quite difficult to use,USABILITY
nice but difficult great app but difficult to use at times.,USABILITY
good game  too much memory you can beat the favorite app level by touching the logo,PERFORMANCE
? not an appropriate game for kids but also takes way too much memory for such a silly game to have a dude poopeww,PERFORMANCE
samsung galaxy s3 its very slow and it takes long time to open,PERFORMANCE
? requires download of adobe air  which uses too much memory  so i didn't even get to try the game :(,PERFORMANCE
very slow deleteing,PERFORMANCE
? terrible!!!!  tons of pop ups and very slow.,PERFORMANCE
you may never know there is many many hackers dont friend poisin ivi and some one else u will be hacked for ever,SECURITY
bad freeze this game freeze on me all the time i let my sis look at it and it freeze your hole phone because it is a virus get rid of game fast do?t get it,SECURITY
? it's very slow i didn't even get to download it ... but im just going to stick with msp on the internet !!!,PERFORMANCE
jees prety good but im scared to be hacked so i make 6 acc lol,SECURITY
rating ked but if u could make movies it would be better btw american is a virus and hackers chatroom,SECURITY
very difficult to use on htc one almost impossible to move and select on htc one. renders game frustrating and a core to play.,USABILITY
great little difficult to use but am otherwise great app.,USABILITY
this is a virus don't install.,SECURITY
too much memory it consumes too much memory.when i download thia app it was 4mb.after using it consumes over than 15 mb.try to resolve that,PERFORMANCE
back key process slow i using micromax a110 canvas 2 all fine but back key process very slow  i pressing back key after 4 second it process...,PERFORMANCE
tiny cursor  slow movement in the trackpad setting (my preferred)  the mouse pointer is so tiny i can't find it.  it also moves very 'jerky' and screen panning is very slow.  other vnc apps i tried are much smoother  and a bigger pointer.,PERFORMANCE
terrible gui it works but it ain't pretty...,USABILITY
forces landscape forces landscape orientation where the keyboard  a: becomes cumbersome  and b: obscures most of the screen. this even affects entering the settings  where a big area at the top of the screen doesn't scroll. edit: i just had a look at 'special' key entry  and i can't believe it. this is not usable for more than the most trivial tasks.,USABILITY
? do not download this is a virus app!!!!!!!dont download,SECURITY
haseeb ahmad friends it is a virus,SECURITY
virus game!!!!! this game is a virus!!!!! caution!!!!!!,SECURITY
net qin antivirus says this is a virus! wtf? net qin antivirus says this is a virus! wtf?,SECURITY
virus good try but this game is a virus,SECURITY
very disappointing samsung galaxy tab 2 i waited 20 minutes for ths app to download! i was discusted with the results because the app didn't even come on so therefore don't download it. there is a virus with it also.,SECURITY
? this was no better than my regular camera app and difficult to use.,USABILITY
not good its very slow. it keeps on loading all the time. pls fix it,PERFORMANCE
very difficult to use it will leave you scratching your head. if you know how to use this app you have way too much time on your hands,USABILITY
do not download!!!!!!! this is a virus after my phone opened this app ut worked as expected. but about five minutes later it controled my screen until i managed to uninstal it.,SECURITY
good  but needs tweaks the app is good overall  and has good sounds. one problem is that the bass drum pedals are very close together and difficult to use.,USABILITY
lots of really useful info great info  although i found the forms a bit difficult to use,USABILITY
ok but  very slow,PERFORMANCE
buggy and difficult to use the position of the colour doesn't match where i point it  and the colour look very artificial,USABILITY
adware this app is a virus,SECURITY
game loading the game loading is very slow!!! i want to play it.... :((,PERFORMANCE
is this a virus? virus protection says so bout to delete it.,SECURITY
? difficult to use this app,USABILITY
xperia c5503 my anti-virus scanned this application and it says  addisplay.airpush.j  --is this a virus???,SECURITY
needs improvements controls are difficult to use. bad ui.,USABILITY
bad there is a virus attached to this!! ever since i downloaded this app  my phone wont even turn on. someone please help me?! it will not let me uninstall it either!!,SECURITY
has a virus nice creations but there is a virus,SECURITY
adware this app is adware wich is a virus 8 think,SECURITY
crap this app is a virus that is adware do not install,SECURITY
stupid it is a virus it slows your tablet down when loading i know that it is a virus because i have an antivirus app that uninstalls all things that are viruses and that was the only virus do not download,SECURITY
frustrating very slow and double words. also there is not a way to edit work once saved.,PERFORMANCE
? so very difficult to use spreadsheet as compared to other softwares,USABILITY
? difficult to use....,USABILITY
o.k. it takes tooooo much memory or storage around 50mb only by installed nd after use it reaches about 90-100mb else everything is o.k.,PERFORMANCE
can't open the game at all is this a virus or what? can't even open the game at all:( uninstalled!!!!,SECURITY
terrible gui slider is bad  takes ages to get a single day. tiny text and no real warning to tell when permits about to expire. by default sends text which incurs an extra 20p charge. can't handle intermittent web access.,USABILITY
? takes up sooooo much memory !!!,PERFORMANCE
bad it will not do anything! it is a virus take my advice and don't download it it is a very bad choice to make i had to buy a whole new phone because the virus wouldn't stop! again do not download it!,SECURITY
? takes up to much memory but it is still cool,PERFORMANCE
warning: app includes spyware vine was identified by anti spy mobile as containing spyware  which lends the possibility for vine to be hacked by evildoers wanting to steal your private information. downloaders beware.,SECURITY
not impressed controls are difficult to use and often don't send the stone in the direction indicated by the arrow.,USABILITY
toxic this is a virus masquerading as an app. do not download!,SECURITY
virusss:-#:-# it is a virus plz dnt download dizz... fck hell it is nt even getting uninstalld.... plz tel me how to uninstall it,SECURITY
ughhhh!!! i was trying to get this app to clean my memory so i can get more apps. but this takes up so much memory  my tablet wont let me get it!!!,PERFORMANCE
alright but not intuitive too difficult to use. the buttons need to be more intuitive.,USABILITY
virus by avg just now scanned by avg antivirus pro - it says that abbyy is a virus - please fix it,SECURITY
does not work properly very difficult to use video does not work when screen is rotated.,USABILITY
latest update ruined a good news app i. way too difficult to use now. also  for some reason  it has fewer current news articles. too bad they had to mess with a good thing.,USABILITY
do not wate your time overly complicated and very difficult to use.,USABILITY
not very effective. difficult to use. no matter how many times i tried  it won't let me use grid layout.,USABILITY
very slow low response,PERFORMANCE
bad developers this is a virus app  doesnt work on my device   how google can allow such mindless to devrlope apps such like this.,SECURITY
sucks it is a virus,SECURITY
very slow intresting to play,PERFORMANCE
disappointing update the update has made this app sluggish and more difficult to use. disappointing  especially because it was previously a very good app.  let's hope this new 'ground up' rebuild is the beginning of something more impressive.,USABILITY
poor performance i have used this app for some time but it has become very slow and is plagued with adds.,PERFORMANCE
very slow very slow,PERFORMANCE
this is a big nasty virus this game is a virus that crashes your android after instalation,SECURITY
 ..   difficult to use....        ,USABILITY
listen guys!!!! this is a virus app,SECURITY
very slow! fix this to samsung galaxy y!,PERFORMANCE
basic rubbish difficult to use and basic does not give you any useful features. meaning you will have to pay to become even more disappointed.,USABILITY
