/home/ubuntu/.local/lib/python3.10/site-packages/torch/cuda/__init__.py:68: FutureWarning: The pynvml package is deprecated. Please install nvidia-ml-py instead. If you did not install pynvml directly, please report this to the maintainers of the package that installed pynvml for you.
  import pynvml  # type: ignore[import]
/usr/lib/python3/dist-packages/scipy/__init__.py:146: UserWarning: A NumPy version >=1.17.3 and <1.25.0 is required for this version of SciPy (detected version 1.26.4
  warnings.warn(f"A NumPy version >={np_minversion} and <{np_maxversion}"
2026-09-16 06:03:19,658 [INFO] Model: roberta-large-mnli | Family: nli | Dataset: f-droid
2026-09-16 06:03:19,974 [INFO] Gold label mapping applied: ['1', '2'] -> ['CRASHES', 'FEATURE & UI BUGS']
2026-09-16 06:03:19,975 [INFO] Loaded 'f-droid' — 2841 rows
2026-09-16 06:03:19,975 [INFO] Starting inference — Family: nli
2026-09-16 06:03:22,955 [INFO] HTTP Request: HEAD https://huggingface.co/roberta-large-mnli/resolve/main/config.json "HTTP/1.1 200 OK"
2026-09-16 06:03:23,007 [INFO] HTTP Request: HEAD https://huggingface.co/roberta-large-mnli/resolve/main/config.json "HTTP/1.1 200 OK"
Loading weights:   0%|          | 0/393 [00:00<?, ?it/s]Loading weights: 100%|██████████| 393/393 [00:00<00:00, 6458.19it/s]
[transformers] [1mRobertaForSequenceClassification LOAD REPORT[0m from: roberta-large-mnli
Key                         | Status     | Details
----------------------------+------------+--------
roberta.pooler.dense.bias   | UNEXPECTED |        
roberta.pooler.dense.weight | UNEXPECTED |        

Notes:
- UNEXPECTED:	can be ignored when loading from different task/architecture; not ok if you expect identical arch.
2026-09-16 06:03:23,511 [INFO] HTTP Request: GET https://huggingface.co/api/models/roberta-large-mnli/tree/main/additional_chat_templates?recursive=false&expand=false "HTTP/1.1 307 Temporary Redirect"
2026-09-16 06:03:23,530 [INFO] HTTP Request: GET https://huggingface.co/api/models/FacebookAI/roberta-large-mnli/tree/main/additional_chat_templates?recursive=false&expand=false "HTTP/1.1 404 Not Found"
2026-09-16 06:03:23,549 [INFO] HTTP Request: GET https://huggingface.co/api/models/roberta-large-mnli/tree/main?recursive=true&expand=false "HTTP/1.1 307 Temporary Redirect"
2026-09-16 06:03:23,571 [INFO] HTTP Request: GET https://huggingface.co/api/models/FacebookAI/roberta-large-mnli/tree/main?recursive=true&expand=false "HTTP/1.1 200 OK"
2026-09-16 06:03:23,813 [INFO] HTTP Request: HEAD https://huggingface.co/roberta-large-mnli/resolve/main/processor_config.json "HTTP/1.1 404 Not Found"
2026-09-16 06:03:23,834 [INFO] HTTP Request: HEAD https://huggingface.co/roberta-large-mnli/resolve/main/video_preprocessor_config.json "HTTP/1.1 404 Not Found"
2026-09-16 06:03:23,864 [INFO] HTTP Request: HEAD https://huggingface.co/roberta-large-mnli/resolve/main/preprocessor_config.json "HTTP/1.1 404 Not Found"
2026-09-16 06:03:24,276 [INFO] Loaded NLI pipeline: roberta-large-mnli
2026-09-16 06:03:24,520 [INFO] 1/2841 done
2026-09-16 06:03:24,550 [INFO] 2/2841 done
2026-09-16 06:03:24,578 [INFO] 3/2841 done
2026-09-16 06:03:24,607 [INFO] 4/2841 done
2026-09-16 06:03:24,639 [INFO] 5/2841 done
2026-09-16 06:03:24,667 [INFO] 6/2841 done
2026-09-16 06:03:24,695 [INFO] 7/2841 done
2026-09-16 06:03:24,723 [INFO] 8/2841 done
2026-09-16 06:03:24,752 [INFO] 9/2841 done
2026-09-16 06:03:24,780 [INFO] 10/2841 done
[transformers] You seem to be using the pipelines sequentially on GPU. In order to maximize efficiency please use a dataset
2026-09-16 06:03:24,808 [INFO] 11/2841 done
2026-09-16 06:03:24,836 [INFO] 12/2841 done
2026-09-16 06:03:24,864 [INFO] 13/2841 done
2026-09-16 06:03:24,892 [INFO] 14/2841 done
2026-09-16 06:03:24,920 [INFO] 15/2841 done
2026-09-16 06:03:24,948 [INFO] 16/2841 done
2026-09-16 06:03:24,976 [INFO] 17/2841 done
2026-09-16 06:03:25,004 [INFO] 18/2841 done
2026-09-16 06:03:25,032 [INFO] 19/2841 done
2026-09-16 06:03:25,060 [INFO] 20/2841 done
2026-09-16 06:03:25,088 [INFO] 21/2841 done
2026-09-16 06:03:25,116 [INFO] 22/2841 done
2026-09-16 06:03:25,144 [INFO] 23/2841 done
2026-09-16 06:03:25,172 [INFO] 24/2841 done
2026-09-16 06:03:25,199 [INFO] 25/2841 done
2026-09-16 06:03:25,227 [INFO] 26/2841 done
2026-09-16 06:03:25,255 [INFO] 27/2841 done
2026-09-16 06:03:25,283 [INFO] 28/2841 done
2026-09-16 06:03:25,311 [INFO] 29/2841 done
2026-09-16 06:03:25,339 [INFO] 30/2841 done
2026-09-16 06:03:25,367 [INFO] 31/2841 done
2026-09-16 06:03:25,395 [INFO] 32/2841 done
2026-09-16 06:03:25,423 [INFO] 33/2841 done
2026-09-16 06:03:25,451 [INFO] 34/2841 done
2026-09-16 06:03:25,479 [INFO] 35/2841 done
2026-09-16 06:03:25,507 [INFO] 36/2841 done
2026-09-16 06:03:25,535 [INFO] 37/2841 done
2026-09-16 06:03:25,563 [INFO] 38/2841 done
2026-09-16 06:03:25,591 [INFO] 39/2841 done
2026-09-16 06:03:25,619 [INFO] 40/2841 done
2026-09-16 06:03:25,647 [INFO] 41/2841 done
2026-09-16 06:03:25,675 [INFO] 42/2841 done
2026-09-16 06:03:25,703 [INFO] 43/2841 done
2026-09-16 06:03:25,731 [INFO] 44/2841 done
2026-09-16 06:03:25,759 [INFO] 45/2841 done
2026-09-16 06:03:25,787 [INFO] 46/2841 done
2026-09-16 06:03:25,815 [INFO] 47/2841 done
2026-09-16 06:03:25,843 [INFO] 48/2841 done
2026-09-16 06:03:25,871 [INFO] 49/2841 done
2026-09-16 06:03:25,900 [INFO] 50/2841 done
2026-09-16 06:03:25,928 [INFO] 51/2841 done
2026-09-16 06:03:25,956 [INFO] 52/2841 done
2026-09-16 06:03:25,984 [INFO] 53/2841 done
2026-09-16 06:03:26,012 [INFO] 54/2841 done
2026-09-16 06:03:26,040 [INFO] 55/2841 done
2026-09-16 06:03:26,067 [INFO] 56/2841 done
2026-09-16 06:03:26,095 [INFO] 57/2841 done
2026-09-16 06:03:26,123 [INFO] 58/2841 done
2026-09-16 06:03:26,151 [INFO] 59/2841 done
2026-09-16 06:03:26,179 [INFO] 60/2841 done
2026-09-16 06:03:26,207 [INFO] 61/2841 done
2026-09-16 06:03:26,235 [INFO] 62/2841 done
2026-09-16 06:03:26,263 [INFO] 63/2841 done
2026-09-16 06:03:26,291 [INFO] 64/2841 done
2026-09-16 06:03:26,319 [INFO] 65/2841 done
2026-09-16 06:03:26,347 [INFO] 66/2841 done
2026-09-16 06:03:26,374 [INFO] 67/2841 done
2026-09-16 06:03:26,402 [INFO] 68/2841 done
2026-09-16 06:03:26,430 [INFO] 69/2841 done
2026-09-16 06:03:26,458 [INFO] 70/2841 done
2026-09-16 06:03:26,486 [INFO] 71/2841 done
2026-09-16 06:03:26,514 [INFO] 72/2841 done
2026-09-16 06:03:26,542 [INFO] 73/2841 done
2026-09-16 06:03:26,570 [INFO] 74/2841 done
2026-09-16 06:03:26,599 [INFO] 75/2841 done
2026-09-16 06:03:26,626 [INFO] 76/2841 done
2026-09-16 06:03:26,654 [INFO] 77/2841 done
2026-09-16 06:03:26,683 [INFO] 78/2841 done
2026-09-16 06:03:26,711 [INFO] 79/2841 done
2026-09-16 06:03:26,739 [INFO] 80/2841 done
2026-09-16 06:03:26,767 [INFO] 81/2841 done
2026-09-16 06:03:26,796 [INFO] 82/2841 done
2026-09-16 06:03:26,823 [INFO] 83/2841 done
2026-09-16 06:03:26,851 [INFO] 84/2841 done
2026-09-16 06:03:26,879 [INFO] 85/2841 done
2026-09-16 06:03:26,907 [INFO] 86/2841 done
2026-09-16 06:03:26,935 [INFO] 87/2841 done
2026-09-16 06:03:26,962 [INFO] 88/2841 done
2026-09-16 06:03:26,990 [INFO] 89/2841 done
2026-09-16 06:03:27,018 [INFO] 90/2841 done
2026-09-16 06:03:27,046 [INFO] 91/2841 done
2026-09-16 06:03:27,074 [INFO] 92/2841 done
2026-09-16 06:03:27,102 [INFO] 93/2841 done
2026-09-16 06:03:27,130 [INFO] 94/2841 done
2026-09-16 06:03:27,158 [INFO] 95/2841 done
2026-09-16 06:03:27,186 [INFO] 96/2841 done
2026-09-16 06:03:27,214 [INFO] 97/2841 done
2026-09-16 06:03:27,242 [INFO] 98/2841 done
2026-09-16 06:03:27,271 [INFO] 99/2841 done
2026-09-16 06:03:27,298 [INFO] 100/2841 done
2026-09-16 06:03:27,326 [INFO] 101/2841 done
2026-09-16 06:03:27,354 [INFO] 102/2841 done
2026-09-16 06:03:27,382 [INFO] 103/2841 done
2026-09-16 06:03:27,409 [INFO] 104/2841 done
2026-09-16 06:03:27,437 [INFO] 105/2841 done
2026-09-16 06:03:27,465 [INFO] 106/2841 done
2026-09-16 06:03:27,493 [INFO] 107/2841 done
2026-09-16 06:03:27,521 [INFO] 108/2841 done
2026-09-16 06:03:27,549 [INFO] 109/2841 done
2026-09-16 06:03:27,576 [INFO] 110/2841 done
2026-09-16 06:03:27,604 [INFO] 111/2841 done
2026-09-16 06:03:27,633 [INFO] 112/2841 done
2026-09-16 06:03:27,661 [INFO] 113/2841 done
2026-09-16 06:03:27,688 [INFO] 114/2841 done
2026-09-16 06:03:27,716 [INFO] 115/2841 done
2026-09-16 06:03:27,744 [INFO] 116/2841 done
2026-09-16 06:03:27,772 [INFO] 117/2841 done
2026-09-16 06:03:27,800 [INFO] 118/2841 done
2026-09-16 06:03:27,827 [INFO] 119/2841 done
2026-09-16 06:03:27,855 [INFO] 120/2841 done
2026-09-16 06:03:27,884 [INFO] 121/2841 done
2026-09-16 06:03:27,912 [INFO] 122/2841 done
2026-09-16 06:03:27,940 [INFO] 123/2841 done
2026-09-16 06:03:27,967 [INFO] 124/2841 done
2026-09-16 06:03:27,995 [INFO] 125/2841 done
2026-09-16 06:03:28,023 [INFO] 126/2841 done
2026-09-16 06:03:28,051 [INFO] 127/2841 done
2026-09-16 06:03:28,079 [INFO] 128/2841 done
2026-09-16 06:03:28,107 [INFO] 129/2841 done
2026-09-16 06:03:28,135 [INFO] 130/2841 done
2026-09-16 06:03:28,163 [INFO] 131/2841 done
2026-09-16 06:03:28,191 [INFO] 132/2841 done
2026-09-16 06:03:28,219 [INFO] 133/2841 done
2026-09-16 06:03:28,247 [INFO] 134/2841 done
2026-09-16 06:03:28,274 [INFO] 135/2841 done
2026-09-16 06:03:28,302 [INFO] 136/2841 done
2026-09-16 06:03:28,330 [INFO] 137/2841 done
2026-09-16 06:03:28,358 [INFO] 138/2841 done
2026-09-16 06:03:28,386 [INFO] 139/2841 done
2026-09-16 06:03:28,415 [INFO] 140/2841 done
2026-09-16 06:03:28,443 [INFO] 141/2841 done
2026-09-16 06:03:28,470 [INFO] 142/2841 done
2026-09-16 06:03:28,498 [INFO] 143/2841 done
2026-09-16 06:03:28,526 [INFO] 144/2841 done
2026-09-16 06:03:28,554 [INFO] 145/2841 done
2026-09-16 06:03:28,582 [INFO] 146/2841 done
2026-09-16 06:03:28,610 [INFO] 147/2841 done
2026-09-16 06:03:28,638 [INFO] 148/2841 done
2026-09-16 06:03:28,665 [INFO] 149/2841 done
2026-09-16 06:03:28,694 [INFO] 150/2841 done
2026-09-16 06:03:28,722 [INFO] 151/2841 done
2026-09-16 06:03:28,749 [INFO] 152/2841 done
2026-09-16 06:03:28,777 [INFO] 153/2841 done
2026-09-16 06:03:28,805 [INFO] 154/2841 done
2026-09-16 06:03:28,834 [INFO] 155/2841 done
2026-09-16 06:03:28,861 [INFO] 156/2841 done
2026-09-16 06:03:28,889 [INFO] 157/2841 done
2026-09-16 06:03:28,917 [INFO] 158/2841 done
2026-09-16 06:03:28,944 [INFO] 159/2841 done
2026-09-16 06:03:28,972 [INFO] 160/2841 done
2026-09-16 06:03:29,000 [INFO] 161/2841 done
2026-09-16 06:03:29,028 [INFO] 162/2841 done
2026-09-16 06:03:29,056 [INFO] 163/2841 done
2026-09-16 06:03:29,084 [INFO] 164/2841 done
2026-09-16 06:03:29,112 [INFO] 165/2841 done
2026-09-16 06:03:29,140 [INFO] 166/2841 done
2026-09-16 06:03:29,167 [INFO] 167/2841 done
2026-09-16 06:03:29,196 [INFO] 168/2841 done
2026-09-16 06:03:29,223 [INFO] 169/2841 done
2026-09-16 06:03:29,251 [INFO] 170/2841 done
2026-09-16 06:03:29,279 [INFO] 171/2841 done
2026-09-16 06:03:29,307 [INFO] 172/2841 done
2026-09-16 06:03:29,335 [INFO] 173/2841 done
2026-09-16 06:03:29,363 [INFO] 174/2841 done
2026-09-16 06:03:29,391 [INFO] 175/2841 done
2026-09-16 06:03:29,419 [INFO] 176/2841 done
2026-09-16 06:03:29,447 [INFO] 177/2841 done
2026-09-16 06:03:29,475 [INFO] 178/2841 done
2026-09-16 06:03:29,503 [INFO] 179/2841 done
2026-09-16 06:03:29,531 [INFO] 180/2841 done
2026-09-16 06:03:29,559 [INFO] 181/2841 done
2026-09-16 06:03:29,587 [INFO] 182/2841 done
2026-09-16 06:03:29,615 [INFO] 183/2841 done
2026-09-16 06:03:29,643 [INFO] 184/2841 done
2026-09-16 06:03:29,671 [INFO] 185/2841 done
2026-09-16 06:03:29,699 [INFO] 186/2841 done
2026-09-16 06:03:29,726 [INFO] 187/2841 done
2026-09-16 06:03:29,754 [INFO] 188/2841 done
2026-09-16 06:03:29,782 [INFO] 189/2841 done
2026-09-16 06:03:29,810 [INFO] 190/2841 done
2026-09-16 06:03:29,838 [INFO] 191/2841 done
2026-09-16 06:03:29,866 [INFO] 192/2841 done
2026-09-16 06:03:29,894 [INFO] 193/2841 done
2026-09-16 06:03:29,921 [INFO] 194/2841 done
2026-09-16 06:03:29,949 [INFO] 195/2841 done
2026-09-16 06:03:29,976 [INFO] 196/2841 done
2026-09-16 06:03:30,004 [INFO] 197/2841 done
2026-09-16 06:03:30,031 [INFO] 198/2841 done
2026-09-16 06:03:30,059 [INFO] 199/2841 done
2026-09-16 06:03:30,087 [INFO] 200/2841 done
2026-09-16 06:03:30,115 [INFO] 201/2841 done
2026-09-16 06:03:30,143 [INFO] 202/2841 done
2026-09-16 06:03:30,170 [INFO] 203/2841 done
2026-09-16 06:03:30,198 [INFO] 204/2841 done
2026-09-16 06:03:30,226 [INFO] 205/2841 done
2026-09-16 06:03:30,254 [INFO] 206/2841 done
2026-09-16 06:03:30,282 [INFO] 207/2841 done
2026-09-16 06:03:30,310 [INFO] 208/2841 done
2026-09-16 06:03:30,337 [INFO] 209/2841 done
2026-09-16 06:03:30,365 [INFO] 210/2841 done
2026-09-16 06:03:30,392 [INFO] 211/2841 done
2026-09-16 06:03:30,420 [INFO] 212/2841 done
2026-09-16 06:03:30,448 [INFO] 213/2841 done
2026-09-16 06:03:30,475 [INFO] 214/2841 done
2026-09-16 06:03:30,503 [INFO] 215/2841 done
2026-09-16 06:03:30,531 [INFO] 216/2841 done
2026-09-16 06:03:30,558 [INFO] 217/2841 done
2026-09-16 06:03:30,586 [INFO] 218/2841 done
2026-09-16 06:03:30,613 [INFO] 219/2841 done
2026-09-16 06:03:30,641 [INFO] 220/2841 done
2026-09-16 06:03:30,668 [INFO] 221/2841 done
2026-09-16 06:03:30,696 [INFO] 222/2841 done
2026-09-16 06:03:30,724 [INFO] 223/2841 done
2026-09-16 06:03:30,751 [INFO] 224/2841 done
2026-09-16 06:03:30,779 [INFO] 225/2841 done
2026-09-16 06:03:30,807 [INFO] 226/2841 done
2026-09-16 06:03:30,836 [INFO] 227/2841 done
2026-09-16 06:03:30,863 [INFO] 228/2841 done
2026-09-16 06:03:30,891 [INFO] 229/2841 done
2026-09-16 06:03:30,919 [INFO] 230/2841 done
2026-09-16 06:03:30,947 [INFO] 231/2841 done
2026-09-16 06:03:30,974 [INFO] 232/2841 done
2026-09-16 06:03:31,002 [INFO] 233/2841 done
2026-09-16 06:03:31,030 [INFO] 234/2841 done
2026-09-16 06:03:31,058 [INFO] 235/2841 done
2026-09-16 06:03:31,086 [INFO] 236/2841 done
2026-09-16 06:03:31,114 [INFO] 237/2841 done
2026-09-16 06:03:31,142 [INFO] 238/2841 done
2026-09-16 06:03:31,170 [INFO] 239/2841 done
2026-09-16 06:03:31,198 [INFO] 240/2841 done
2026-09-16 06:03:31,226 [INFO] 241/2841 done
2026-09-16 06:03:31,254 [INFO] 242/2841 done
2026-09-16 06:03:31,282 [INFO] 243/2841 done
2026-09-16 06:03:31,310 [INFO] 244/2841 done
2026-09-16 06:03:31,338 [INFO] 245/2841 done
2026-09-16 06:03:31,365 [INFO] 246/2841 done
2026-09-16 06:03:31,393 [INFO] 247/2841 done
2026-09-16 06:03:31,421 [INFO] 248/2841 done
2026-09-16 06:03:31,449 [INFO] 249/2841 done
2026-09-16 06:03:31,477 [INFO] 250/2841 done
2026-09-16 06:03:31,504 [INFO] 251/2841 done
2026-09-16 06:03:31,532 [INFO] 252/2841 done
2026-09-16 06:03:31,559 [INFO] 253/2841 done
2026-09-16 06:03:31,587 [INFO] 254/2841 done
2026-09-16 06:03:31,615 [INFO] 255/2841 done
2026-09-16 06:03:31,643 [INFO] 256/2841 done
2026-09-16 06:03:31,671 [INFO] 257/2841 done
2026-09-16 06:03:31,699 [INFO] 258/2841 done
2026-09-16 06:03:31,727 [INFO] 259/2841 done
2026-09-16 06:03:31,754 [INFO] 260/2841 done
2026-09-16 06:03:31,782 [INFO] 261/2841 done
2026-09-16 06:03:31,809 [INFO] 262/2841 done
2026-09-16 06:03:31,837 [INFO] 263/2841 done
2026-09-16 06:03:31,865 [INFO] 264/2841 done
2026-09-16 06:03:31,893 [INFO] 265/2841 done
2026-09-16 06:03:31,921 [INFO] 266/2841 done
2026-09-16 06:03:31,949 [INFO] 267/2841 done
2026-09-16 06:03:31,976 [INFO] 268/2841 done
2026-09-16 06:03:32,005 [INFO] 269/2841 done
2026-09-16 06:03:32,032 [INFO] 270/2841 done
2026-09-16 06:03:32,060 [INFO] 271/2841 done
2026-09-16 06:03:32,088 [INFO] 272/2841 done
2026-09-16 06:03:32,116 [INFO] 273/2841 done
2026-09-16 06:03:32,143 [INFO] 274/2841 done
2026-09-16 06:03:32,171 [INFO] 275/2841 done
2026-09-16 06:03:32,199 [INFO] 276/2841 done
2026-09-16 06:03:32,227 [INFO] 277/2841 done
2026-09-16 06:03:32,255 [INFO] 278/2841 done
2026-09-16 06:03:32,283 [INFO] 279/2841 done
2026-09-16 06:03:32,311 [INFO] 280/2841 done
2026-09-16 06:03:32,339 [INFO] 281/2841 done
2026-09-16 06:03:32,366 [INFO] 282/2841 done
2026-09-16 06:03:32,394 [INFO] 283/2841 done
2026-09-16 06:03:32,422 [INFO] 284/2841 done
2026-09-16 06:03:32,450 [INFO] 285/2841 done
2026-09-16 06:03:32,478 [INFO] 286/2841 done
2026-09-16 06:03:32,506 [INFO] 287/2841 done
2026-09-16 06:03:32,534 [INFO] 288/2841 done
2026-09-16 06:03:32,564 [INFO] 289/2841 done
2026-09-16 06:03:32,591 [INFO] 290/2841 done
2026-09-16 06:03:32,619 [INFO] 291/2841 done
2026-09-16 06:03:32,647 [INFO] 292/2841 done
2026-09-16 06:03:32,675 [INFO] 293/2841 done
2026-09-16 06:03:32,703 [INFO] 294/2841 done
2026-09-16 06:03:32,731 [INFO] 295/2841 done
2026-09-16 06:03:32,760 [INFO] 296/2841 done
2026-09-16 06:03:32,787 [INFO] 297/2841 done
2026-09-16 06:03:32,815 [INFO] 298/2841 done
2026-09-16 06:03:32,843 [INFO] 299/2841 done
2026-09-16 06:03:32,871 [INFO] 300/2841 done
2026-09-16 06:03:32,899 [INFO] 301/2841 done
2026-09-16 06:03:32,926 [INFO] 302/2841 done
2026-09-16 06:03:32,954 [INFO] 303/2841 done
2026-09-16 06:03:32,982 [INFO] 304/2841 done
2026-09-16 06:03:33,009 [INFO] 305/2841 done
2026-09-16 06:03:33,038 [INFO] 306/2841 done
2026-09-16 06:03:33,065 [INFO] 307/2841 done
2026-09-16 06:03:33,094 [INFO] 308/2841 done
2026-09-16 06:03:33,121 [INFO] 309/2841 done
2026-09-16 06:03:33,149 [INFO] 310/2841 done
2026-09-16 06:03:33,177 [INFO] 311/2841 done
2026-09-16 06:03:33,205 [INFO] 312/2841 done
2026-09-16 06:03:33,232 [INFO] 313/2841 done
2026-09-16 06:03:33,260 [INFO] 314/2841 done
2026-09-16 06:03:33,288 [INFO] 315/2841 done
2026-09-16 06:03:33,316 [INFO] 316/2841 done
2026-09-16 06:03:33,344 [INFO] 317/2841 done
2026-09-16 06:03:33,372 [INFO] 318/2841 done
2026-09-16 06:03:33,400 [INFO] 319/2841 done
2026-09-16 06:03:33,428 [INFO] 320/2841 done
2026-09-16 06:03:33,456 [INFO] 321/2841 done
2026-09-16 06:03:33,484 [INFO] 322/2841 done
2026-09-16 06:03:33,513 [INFO] 323/2841 done
2026-09-16 06:03:33,540 [INFO] 324/2841 done
2026-09-16 06:03:33,568 [INFO] 325/2841 done
2026-09-16 06:03:33,596 [INFO] 326/2841 done
2026-09-16 06:03:33,625 [INFO] 327/2841 done
2026-09-16 06:03:33,653 [INFO] 328/2841 done
2026-09-16 06:03:33,681 [INFO] 329/2841 done
2026-09-16 06:03:33,709 [INFO] 330/2841 done
2026-09-16 06:03:33,737 [INFO] 331/2841 done
2026-09-16 06:03:33,765 [INFO] 332/2841 done
2026-09-16 06:03:33,793 [INFO] 333/2841 done
2026-09-16 06:03:33,821 [INFO] 334/2841 done
2026-09-16 06:03:33,849 [INFO] 335/2841 done
2026-09-16 06:03:33,877 [INFO] 336/2841 done
2026-09-16 06:03:33,905 [INFO] 337/2841 done
2026-09-16 06:03:33,933 [INFO] 338/2841 done
2026-09-16 06:03:33,960 [INFO] 339/2841 done
2026-09-16 06:03:33,989 [INFO] 340/2841 done
2026-09-16 06:03:34,017 [INFO] 341/2841 done
2026-09-16 06:03:34,044 [INFO] 342/2841 done
2026-09-16 06:03:34,072 [INFO] 343/2841 done
2026-09-16 06:03:34,100 [INFO] 344/2841 done
2026-09-16 06:03:34,127 [INFO] 345/2841 done
2026-09-16 06:03:34,155 [INFO] 346/2841 done
2026-09-16 06:03:34,182 [INFO] 347/2841 done
2026-09-16 06:03:34,210 [INFO] 348/2841 done
2026-09-16 06:03:34,237 [INFO] 349/2841 done
2026-09-16 06:03:34,265 [INFO] 350/2841 done
2026-09-16 06:03:34,293 [INFO] 351/2841 done
2026-09-16 06:03:34,320 [INFO] 352/2841 done
2026-09-16 06:03:34,348 [INFO] 353/2841 done
2026-09-16 06:03:34,375 [INFO] 354/2841 done
2026-09-16 06:03:34,403 [INFO] 355/2841 done
2026-09-16 06:03:34,431 [INFO] 356/2841 done
2026-09-16 06:03:34,459 [INFO] 357/2841 done
2026-09-16 06:03:34,486 [INFO] 358/2841 done
2026-09-16 06:03:34,514 [INFO] 359/2841 done
2026-09-16 06:03:34,541 [INFO] 360/2841 done
2026-09-16 06:03:34,569 [INFO] 361/2841 done
2026-09-16 06:03:34,597 [INFO] 362/2841 done
2026-09-16 06:03:34,624 [INFO] 363/2841 done
2026-09-16 06:03:34,652 [INFO] 364/2841 done
2026-09-16 06:03:34,680 [INFO] 365/2841 done
2026-09-16 06:03:34,708 [INFO] 366/2841 done
2026-09-16 06:03:34,736 [INFO] 367/2841 done
2026-09-16 06:03:34,763 [INFO] 368/2841 done
2026-09-16 06:03:34,791 [INFO] 369/2841 done
2026-09-16 06:03:34,819 [INFO] 370/2841 done
2026-09-16 06:03:34,847 [INFO] 371/2841 done
2026-09-16 06:03:34,874 [INFO] 372/2841 done
2026-09-16 06:03:34,903 [INFO] 373/2841 done
2026-09-16 06:03:34,930 [INFO] 374/2841 done
2026-09-16 06:03:34,958 [INFO] 375/2841 done
2026-09-16 06:03:34,985 [INFO] 376/2841 done
2026-09-16 06:03:35,013 [INFO] 377/2841 done
2026-09-16 06:03:35,040 [INFO] 378/2841 done
2026-09-16 06:03:35,068 [INFO] 379/2841 done
2026-09-16 06:03:35,096 [INFO] 380/2841 done
2026-09-16 06:03:35,124 [INFO] 381/2841 done
2026-09-16 06:03:35,151 [INFO] 382/2841 done
2026-09-16 06:03:35,179 [INFO] 383/2841 done
2026-09-16 06:03:35,207 [INFO] 384/2841 done
2026-09-16 06:03:35,235 [INFO] 385/2841 done
2026-09-16 06:03:35,262 [INFO] 386/2841 done
2026-09-16 06:03:35,289 [INFO] 387/2841 done
2026-09-16 06:03:35,317 [INFO] 388/2841 done
2026-09-16 06:03:35,345 [INFO] 389/2841 done
2026-09-16 06:03:35,373 [INFO] 390/2841 done
2026-09-16 06:03:35,401 [INFO] 391/2841 done
2026-09-16 06:03:35,429 [INFO] 392/2841 done
2026-09-16 06:03:35,457 [INFO] 393/2841 done
2026-09-16 06:03:35,484 [INFO] 394/2841 done
2026-09-16 06:03:35,512 [INFO] 395/2841 done
2026-09-16 06:03:35,540 [INFO] 396/2841 done
2026-09-16 06:03:35,567 [INFO] 397/2841 done
2026-09-16 06:03:35,595 [INFO] 398/2841 done
2026-09-16 06:03:35,623 [INFO] 399/2841 done
2026-09-16 06:03:35,651 [INFO] 400/2841 done
2026-09-16 06:03:35,679 [INFO] 401/2841 done
2026-09-16 06:03:35,707 [INFO] 402/2841 done
2026-09-16 06:03:35,734 [INFO] 403/2841 done
2026-09-16 06:03:35,762 [INFO] 404/2841 done
2026-09-16 06:03:35,791 [INFO] 405/2841 done
2026-09-16 06:03:35,819 [INFO] 406/2841 done
2026-09-16 06:03:35,847 [INFO] 407/2841 done
2026-09-16 06:03:35,875 [INFO] 408/2841 done
2026-09-16 06:03:35,903 [INFO] 409/2841 done
2026-09-16 06:03:35,931 [INFO] 410/2841 done
2026-09-16 06:03:35,959 [INFO] 411/2841 done
2026-09-16 06:03:35,987 [INFO] 412/2841 done
2026-09-16 06:03:36,015 [INFO] 413/2841 done
2026-09-16 06:03:36,043 [INFO] 414/2841 done
2026-09-16 06:03:36,071 [INFO] 415/2841 done
2026-09-16 06:03:36,099 [INFO] 416/2841 done
2026-09-16 06:03:36,127 [INFO] 417/2841 done
2026-09-16 06:03:36,155 [INFO] 418/2841 done
2026-09-16 06:03:36,183 [INFO] 419/2841 done
2026-09-16 06:03:36,211 [INFO] 420/2841 done
2026-09-16 06:03:36,238 [INFO] 421/2841 done
2026-09-16 06:03:36,266 [INFO] 422/2841 done
2026-09-16 06:03:36,294 [INFO] 423/2841 done
2026-09-16 06:03:36,322 [INFO] 424/2841 done
2026-09-16 06:03:36,350 [INFO] 425/2841 done
2026-09-16 06:03:36,378 [INFO] 426/2841 done
2026-09-16 06:03:36,405 [INFO] 427/2841 done
2026-09-16 06:03:36,433 [INFO] 428/2841 done
2026-09-16 06:03:36,461 [INFO] 429/2841 done
2026-09-16 06:03:36,489 [INFO] 430/2841 done
2026-09-16 06:03:36,518 [INFO] 431/2841 done
2026-09-16 06:03:36,545 [INFO] 432/2841 done
2026-09-16 06:03:36,573 [INFO] 433/2841 done
2026-09-16 06:03:36,601 [INFO] 434/2841 done
2026-09-16 06:03:36,629 [INFO] 435/2841 done
2026-09-16 06:03:36,657 [INFO] 436/2841 done
2026-09-16 06:03:36,684 [INFO] 437/2841 done
2026-09-16 06:03:36,712 [INFO] 438/2841 done
2026-09-16 06:03:36,740 [INFO] 439/2841 done
2026-09-16 06:03:36,768 [INFO] 440/2841 done
2026-09-16 06:03:36,796 [INFO] 441/2841 done
2026-09-16 06:03:36,823 [INFO] 442/2841 done
2026-09-16 06:03:36,850 [INFO] 443/2841 done
2026-09-16 06:03:36,878 [INFO] 444/2841 done
2026-09-16 06:03:36,906 [INFO] 445/2841 done
2026-09-16 06:03:36,934 [INFO] 446/2841 done
2026-09-16 06:03:36,961 [INFO] 447/2841 done
2026-09-16 06:03:36,989 [INFO] 448/2841 done
2026-09-16 06:03:37,017 [INFO] 449/2841 done
2026-09-16 06:03:37,045 [INFO] 450/2841 done
2026-09-16 06:03:37,073 [INFO] 451/2841 done
2026-09-16 06:03:37,101 [INFO] 452/2841 done
2026-09-16 06:03:37,129 [INFO] 453/2841 done
2026-09-16 06:03:37,157 [INFO] 454/2841 done
2026-09-16 06:03:37,184 [INFO] 455/2841 done
2026-09-16 06:03:37,212 [INFO] 456/2841 done
2026-09-16 06:03:37,240 [INFO] 457/2841 done
2026-09-16 06:03:37,268 [INFO] 458/2841 done
2026-09-16 06:03:37,296 [INFO] 459/2841 done
2026-09-16 06:03:37,324 [INFO] 460/2841 done
2026-09-16 06:03:37,352 [INFO] 461/2841 done
2026-09-16 06:03:37,380 [INFO] 462/2841 done
2026-09-16 06:03:37,407 [INFO] 463/2841 done
2026-09-16 06:03:37,435 [INFO] 464/2841 done
2026-09-16 06:03:37,463 [INFO] 465/2841 done
2026-09-16 06:03:37,491 [INFO] 466/2841 done
2026-09-16 06:03:37,519 [INFO] 467/2841 done
2026-09-16 06:03:37,547 [INFO] 468/2841 done
2026-09-16 06:03:37,575 [INFO] 469/2841 done
2026-09-16 06:03:37,603 [INFO] 470/2841 done
2026-09-16 06:03:37,631 [INFO] 471/2841 done
2026-09-16 06:03:37,659 [INFO] 472/2841 done
2026-09-16 06:03:37,686 [INFO] 473/2841 done
2026-09-16 06:03:37,714 [INFO] 474/2841 done
2026-09-16 06:03:37,742 [INFO] 475/2841 done
2026-09-16 06:03:37,770 [INFO] 476/2841 done
2026-09-16 06:03:37,798 [INFO] 477/2841 done
2026-09-16 06:03:37,826 [INFO] 478/2841 done
2026-09-16 06:03:37,854 [INFO] 479/2841 done
2026-09-16 06:03:37,882 [INFO] 480/2841 done
2026-09-16 06:03:37,910 [INFO] 481/2841 done
2026-09-16 06:03:37,938 [INFO] 482/2841 done
2026-09-16 06:03:37,965 [INFO] 483/2841 done
2026-09-16 06:03:37,993 [INFO] 484/2841 done
2026-09-16 06:03:38,021 [INFO] 485/2841 done
2026-09-16 06:03:38,048 [INFO] 486/2841 done
2026-09-16 06:03:38,076 [INFO] 487/2841 done
2026-09-16 06:03:38,104 [INFO] 488/2841 done
2026-09-16 06:03:38,131 [INFO] 489/2841 done
2026-09-16 06:03:38,159 [INFO] 490/2841 done
2026-09-16 06:03:38,187 [INFO] 491/2841 done
2026-09-16 06:03:38,215 [INFO] 492/2841 done
2026-09-16 06:03:38,243 [INFO] 493/2841 done
2026-09-16 06:03:38,279 [INFO] 494/2841 done
2026-09-16 06:03:38,323 [INFO] 495/2841 done
2026-09-16 06:03:38,351 [INFO] 496/2841 done
2026-09-16 06:03:38,379 [INFO] 497/2841 done
2026-09-16 06:03:38,406 [INFO] 498/2841 done
2026-09-16 06:03:38,434 [INFO] 499/2841 done
2026-09-16 06:03:38,462 [INFO] 500/2841 done
2026-09-16 06:03:38,489 [INFO] 501/2841 done
2026-09-16 06:03:38,517 [INFO] 502/2841 done
2026-09-16 06:03:38,545 [INFO] 503/2841 done
2026-09-16 06:03:38,572 [INFO] 504/2841 done
2026-09-16 06:03:38,599 [INFO] 505/2841 done
2026-09-16 06:03:38,627 [INFO] 506/2841 done
2026-09-16 06:03:38,654 [INFO] 507/2841 done
2026-09-16 06:03:38,682 [INFO] 508/2841 done
2026-09-16 06:03:38,710 [INFO] 509/2841 done
2026-09-16 06:03:38,737 [INFO] 510/2841 done
2026-09-16 06:03:38,765 [INFO] 511/2841 done
2026-09-16 06:03:38,793 [INFO] 512/2841 done
2026-09-16 06:03:38,821 [INFO] 513/2841 done
2026-09-16 06:03:38,849 [INFO] 514/2841 done
2026-09-16 06:03:38,876 [INFO] 515/2841 done
2026-09-16 06:03:38,904 [INFO] 516/2841 done
2026-09-16 06:03:38,931 [INFO] 517/2841 done
2026-09-16 06:03:38,959 [INFO] 518/2841 done
2026-09-16 06:03:38,986 [INFO] 519/2841 done
2026-09-16 06:03:39,014 [INFO] 520/2841 done
2026-09-16 06:03:39,042 [INFO] 521/2841 done
2026-09-16 06:03:39,069 [INFO] 522/2841 done
2026-09-16 06:03:39,096 [INFO] 523/2841 done
2026-09-16 06:03:39,124 [INFO] 524/2841 done
2026-09-16 06:03:39,152 [INFO] 525/2841 done
2026-09-16 06:03:39,179 [INFO] 526/2841 done
2026-09-16 06:03:39,207 [INFO] 527/2841 done
2026-09-16 06:03:39,234 [INFO] 528/2841 done
2026-09-16 06:03:39,262 [INFO] 529/2841 done
2026-09-16 06:03:39,290 [INFO] 530/2841 done
2026-09-16 06:03:39,317 [INFO] 531/2841 done
2026-09-16 06:03:39,344 [INFO] 532/2841 done
2026-09-16 06:03:39,371 [INFO] 533/2841 done
2026-09-16 06:03:39,399 [INFO] 534/2841 done
2026-09-16 06:03:39,426 [INFO] 535/2841 done
2026-09-16 06:03:39,454 [INFO] 536/2841 done
2026-09-16 06:03:39,481 [INFO] 537/2841 done
2026-09-16 06:03:39,508 [INFO] 538/2841 done
2026-09-16 06:03:39,536 [INFO] 539/2841 done
2026-09-16 06:03:39,564 [INFO] 540/2841 done
2026-09-16 06:03:39,591 [INFO] 541/2841 done
2026-09-16 06:03:39,619 [INFO] 542/2841 done
2026-09-16 06:03:39,646 [INFO] 543/2841 done
2026-09-16 06:03:39,673 [INFO] 544/2841 done
2026-09-16 06:03:39,701 [INFO] 545/2841 done
2026-09-16 06:03:39,729 [INFO] 546/2841 done
2026-09-16 06:03:39,756 [INFO] 547/2841 done
2026-09-16 06:03:39,783 [INFO] 548/2841 done
2026-09-16 06:03:39,811 [INFO] 549/2841 done
2026-09-16 06:03:39,838 [INFO] 550/2841 done
2026-09-16 06:03:39,865 [INFO] 551/2841 done
2026-09-16 06:03:39,892 [INFO] 552/2841 done
2026-09-16 06:03:39,920 [INFO] 553/2841 done
2026-09-16 06:03:39,947 [INFO] 554/2841 done
2026-09-16 06:03:39,974 [INFO] 555/2841 done
2026-09-16 06:03:40,002 [INFO] 556/2841 done
2026-09-16 06:03:40,029 [INFO] 557/2841 done
2026-09-16 06:03:40,056 [INFO] 558/2841 done
2026-09-16 06:03:40,084 [INFO] 559/2841 done
2026-09-16 06:03:40,111 [INFO] 560/2841 done
2026-09-16 06:03:40,139 [INFO] 561/2841 done
2026-09-16 06:03:40,166 [INFO] 562/2841 done
2026-09-16 06:03:40,194 [INFO] 563/2841 done
2026-09-16 06:03:40,221 [INFO] 564/2841 done
2026-09-16 06:03:40,248 [INFO] 565/2841 done
2026-09-16 06:03:40,275 [INFO] 566/2841 done
2026-09-16 06:03:40,303 [INFO] 567/2841 done
2026-09-16 06:03:40,330 [INFO] 568/2841 done
2026-09-16 06:03:40,358 [INFO] 569/2841 done
2026-09-16 06:03:40,385 [INFO] 570/2841 done
2026-09-16 06:03:40,413 [INFO] 571/2841 done
2026-09-16 06:03:40,440 [INFO] 572/2841 done
2026-09-16 06:03:40,467 [INFO] 573/2841 done
2026-09-16 06:03:40,495 [INFO] 574/2841 done
2026-09-16 06:03:40,522 [INFO] 575/2841 done
2026-09-16 06:03:40,549 [INFO] 576/2841 done
2026-09-16 06:03:40,576 [INFO] 577/2841 done
2026-09-16 06:03:40,604 [INFO] 578/2841 done
2026-09-16 06:03:40,631 [INFO] 579/2841 done
2026-09-16 06:03:40,658 [INFO] 580/2841 done
2026-09-16 06:03:40,686 [INFO] 581/2841 done
2026-09-16 06:03:40,713 [INFO] 582/2841 done
2026-09-16 06:03:40,740 [INFO] 583/2841 done
2026-09-16 06:03:40,767 [INFO] 584/2841 done
2026-09-16 06:03:40,795 [INFO] 585/2841 done
2026-09-16 06:03:40,822 [INFO] 586/2841 done
2026-09-16 06:03:40,849 [INFO] 587/2841 done
2026-09-16 06:03:40,877 [INFO] 588/2841 done
2026-09-16 06:03:40,904 [INFO] 589/2841 done
2026-09-16 06:03:40,932 [INFO] 590/2841 done
2026-09-16 06:03:40,959 [INFO] 591/2841 done
2026-09-16 06:03:40,986 [INFO] 592/2841 done
2026-09-16 06:03:41,014 [INFO] 593/2841 done
2026-09-16 06:03:41,041 [INFO] 594/2841 done
2026-09-16 06:03:41,068 [INFO] 595/2841 done
2026-09-16 06:03:41,095 [INFO] 596/2841 done
2026-09-16 06:03:41,122 [INFO] 597/2841 done
2026-09-16 06:03:41,150 [INFO] 598/2841 done
2026-09-16 06:03:41,178 [INFO] 599/2841 done
2026-09-16 06:03:41,206 [INFO] 600/2841 done
2026-09-16 06:03:41,233 [INFO] 601/2841 done
2026-09-16 06:03:41,260 [INFO] 602/2841 done
2026-09-16 06:03:41,287 [INFO] 603/2841 done
2026-09-16 06:03:41,315 [INFO] 604/2841 done
2026-09-16 06:03:41,343 [INFO] 605/2841 done
2026-09-16 06:03:41,370 [INFO] 606/2841 done
2026-09-16 06:03:41,398 [INFO] 607/2841 done
2026-09-16 06:03:41,426 [INFO] 608/2841 done
2026-09-16 06:03:41,453 [INFO] 609/2841 done
2026-09-16 06:03:41,481 [INFO] 610/2841 done
2026-09-16 06:03:41,508 [INFO] 611/2841 done
2026-09-16 06:03:41,536 [INFO] 612/2841 done
2026-09-16 06:03:41,563 [INFO] 613/2841 done
2026-09-16 06:03:41,590 [INFO] 614/2841 done
2026-09-16 06:03:41,617 [INFO] 615/2841 done
2026-09-16 06:03:41,645 [INFO] 616/2841 done
2026-09-16 06:03:41,673 [INFO] 617/2841 done
2026-09-16 06:03:41,700 [INFO] 618/2841 done
2026-09-16 06:03:41,728 [INFO] 619/2841 done
2026-09-16 06:03:41,755 [INFO] 620/2841 done
2026-09-16 06:03:41,783 [INFO] 621/2841 done
2026-09-16 06:03:41,811 [INFO] 622/2841 done
2026-09-16 06:03:41,838 [INFO] 623/2841 done
2026-09-16 06:03:41,866 [INFO] 624/2841 done
2026-09-16 06:03:41,893 [INFO] 625/2841 done
2026-09-16 06:03:41,921 [INFO] 626/2841 done
2026-09-16 06:03:41,948 [INFO] 627/2841 done
2026-09-16 06:03:41,976 [INFO] 628/2841 done
2026-09-16 06:03:42,004 [INFO] 629/2841 done
2026-09-16 06:03:42,032 [INFO] 630/2841 done
2026-09-16 06:03:42,059 [INFO] 631/2841 done
2026-09-16 06:03:42,087 [INFO] 632/2841 done
2026-09-16 06:03:42,114 [INFO] 633/2841 done
2026-09-16 06:03:42,142 [INFO] 634/2841 done
2026-09-16 06:03:42,170 [INFO] 635/2841 done
2026-09-16 06:03:42,197 [INFO] 636/2841 done
2026-09-16 06:03:42,225 [INFO] 637/2841 done
2026-09-16 06:03:42,253 [INFO] 638/2841 done
2026-09-16 06:03:42,280 [INFO] 639/2841 done
2026-09-16 06:03:42,307 [INFO] 640/2841 done
2026-09-16 06:03:42,335 [INFO] 641/2841 done
2026-09-16 06:03:42,363 [INFO] 642/2841 done
2026-09-16 06:03:42,390 [INFO] 643/2841 done
2026-09-16 06:03:42,417 [INFO] 644/2841 done
2026-09-16 06:03:42,445 [INFO] 645/2841 done
2026-09-16 06:03:42,473 [INFO] 646/2841 done
2026-09-16 06:03:42,500 [INFO] 647/2841 done
2026-09-16 06:03:42,528 [INFO] 648/2841 done
2026-09-16 06:03:42,556 [INFO] 649/2841 done
2026-09-16 06:03:42,583 [INFO] 650/2841 done
2026-09-16 06:03:42,610 [INFO] 651/2841 done
2026-09-16 06:03:42,637 [INFO] 652/2841 done
2026-09-16 06:03:42,665 [INFO] 653/2841 done
2026-09-16 06:03:42,692 [INFO] 654/2841 done
2026-09-16 06:03:42,720 [INFO] 655/2841 done
2026-09-16 06:03:42,748 [INFO] 656/2841 done
2026-09-16 06:03:42,775 [INFO] 657/2841 done
2026-09-16 06:03:42,802 [INFO] 658/2841 done
2026-09-16 06:03:42,829 [INFO] 659/2841 done
2026-09-16 06:03:42,856 [INFO] 660/2841 done
2026-09-16 06:03:42,884 [INFO] 661/2841 done
2026-09-16 06:03:42,911 [INFO] 662/2841 done
2026-09-16 06:03:42,938 [INFO] 663/2841 done
2026-09-16 06:03:42,965 [INFO] 664/2841 done
2026-09-16 06:03:42,993 [INFO] 665/2841 done
2026-09-16 06:03:43,020 [INFO] 666/2841 done
2026-09-16 06:03:43,047 [INFO] 667/2841 done
2026-09-16 06:03:43,075 [INFO] 668/2841 done
2026-09-16 06:03:43,102 [INFO] 669/2841 done
2026-09-16 06:03:43,130 [INFO] 670/2841 done
2026-09-16 06:03:43,157 [INFO] 671/2841 done
2026-09-16 06:03:43,184 [INFO] 672/2841 done
2026-09-16 06:03:43,211 [INFO] 673/2841 done
2026-09-16 06:03:43,239 [INFO] 674/2841 done
2026-09-16 06:03:43,267 [INFO] 675/2841 done
2026-09-16 06:03:43,294 [INFO] 676/2841 done
2026-09-16 06:03:43,321 [INFO] 677/2841 done
2026-09-16 06:03:43,348 [INFO] 678/2841 done
2026-09-16 06:03:43,376 [INFO] 679/2841 done
2026-09-16 06:03:43,403 [INFO] 680/2841 done
2026-09-16 06:03:43,430 [INFO] 681/2841 done
2026-09-16 06:03:43,458 [INFO] 682/2841 done
2026-09-16 06:03:43,485 [INFO] 683/2841 done
2026-09-16 06:03:43,513 [INFO] 684/2841 done
2026-09-16 06:03:43,540 [INFO] 685/2841 done
2026-09-16 06:03:43,567 [INFO] 686/2841 done
2026-09-16 06:03:43,594 [INFO] 687/2841 done
2026-09-16 06:03:43,622 [INFO] 688/2841 done
2026-09-16 06:03:43,649 [INFO] 689/2841 done
2026-09-16 06:03:43,677 [INFO] 690/2841 done
2026-09-16 06:03:43,703 [INFO] 691/2841 done
2026-09-16 06:03:43,730 [INFO] 692/2841 done
2026-09-16 06:03:43,758 [INFO] 693/2841 done
2026-09-16 06:03:43,786 [INFO] 694/2841 done
2026-09-16 06:03:43,813 [INFO] 695/2841 done
2026-09-16 06:03:43,840 [INFO] 696/2841 done
2026-09-16 06:03:43,868 [INFO] 697/2841 done
2026-09-16 06:03:43,895 [INFO] 698/2841 done
2026-09-16 06:03:43,923 [INFO] 699/2841 done
2026-09-16 06:03:43,950 [INFO] 700/2841 done
2026-09-16 06:03:43,978 [INFO] 701/2841 done
2026-09-16 06:03:44,006 [INFO] 702/2841 done
2026-09-16 06:03:44,033 [INFO] 703/2841 done
2026-09-16 06:03:44,061 [INFO] 704/2841 done
2026-09-16 06:03:44,088 [INFO] 705/2841 done
2026-09-16 06:03:44,116 [INFO] 706/2841 done
2026-09-16 06:03:44,144 [INFO] 707/2841 done
2026-09-16 06:03:44,171 [INFO] 708/2841 done
2026-09-16 06:03:44,206 [INFO] 709/2841 done
2026-09-16 06:03:44,233 [INFO] 710/2841 done
2026-09-16 06:03:44,261 [INFO] 711/2841 done
2026-09-16 06:03:44,288 [INFO] 712/2841 done
2026-09-16 06:03:44,315 [INFO] 713/2841 done
2026-09-16 06:03:44,342 [INFO] 714/2841 done
2026-09-16 06:03:44,370 [INFO] 715/2841 done
2026-09-16 06:03:44,397 [INFO] 716/2841 done
2026-09-16 06:03:44,424 [INFO] 717/2841 done
2026-09-16 06:03:44,452 [INFO] 718/2841 done
2026-09-16 06:03:44,479 [INFO] 719/2841 done
2026-09-16 06:03:44,506 [INFO] 720/2841 done
2026-09-16 06:03:44,533 [INFO] 721/2841 done
2026-09-16 06:03:44,561 [INFO] 722/2841 done
2026-09-16 06:03:44,588 [INFO] 723/2841 done
2026-09-16 06:03:44,616 [INFO] 724/2841 done
2026-09-16 06:03:44,643 [INFO] 725/2841 done
2026-09-16 06:03:44,670 [INFO] 726/2841 done
2026-09-16 06:03:44,697 [INFO] 727/2841 done
2026-09-16 06:03:44,724 [INFO] 728/2841 done
2026-09-16 06:03:44,752 [INFO] 729/2841 done
2026-09-16 06:03:44,779 [INFO] 730/2841 done
2026-09-16 06:03:44,806 [INFO] 731/2841 done
2026-09-16 06:03:44,834 [INFO] 732/2841 done
2026-09-16 06:03:44,861 [INFO] 733/2841 done
2026-09-16 06:03:44,888 [INFO] 734/2841 done
2026-09-16 06:03:44,915 [INFO] 735/2841 done
2026-09-16 06:03:44,943 [INFO] 736/2841 done
2026-09-16 06:03:44,970 [INFO] 737/2841 done
2026-09-16 06:03:44,997 [INFO] 738/2841 done
2026-09-16 06:03:45,025 [INFO] 739/2841 done
2026-09-16 06:03:45,052 [INFO] 740/2841 done
2026-09-16 06:03:45,079 [INFO] 741/2841 done
2026-09-16 06:03:45,106 [INFO] 742/2841 done
2026-09-16 06:03:45,133 [INFO] 743/2841 done
2026-09-16 06:03:45,161 [INFO] 744/2841 done
2026-09-16 06:03:45,188 [INFO] 745/2841 done
2026-09-16 06:03:45,215 [INFO] 746/2841 done
2026-09-16 06:03:45,242 [INFO] 747/2841 done
2026-09-16 06:03:45,270 [INFO] 748/2841 done
2026-09-16 06:03:45,297 [INFO] 749/2841 done
2026-09-16 06:03:45,324 [INFO] 750/2841 done
2026-09-16 06:03:45,351 [INFO] 751/2841 done
2026-09-16 06:03:45,378 [INFO] 752/2841 done
2026-09-16 06:03:45,405 [INFO] 753/2841 done
2026-09-16 06:03:45,433 [INFO] 754/2841 done
2026-09-16 06:03:45,460 [INFO] 755/2841 done
2026-09-16 06:03:45,487 [INFO] 756/2841 done
2026-09-16 06:03:45,514 [INFO] 757/2841 done
2026-09-16 06:03:45,550 [INFO] 758/2841 done
2026-09-16 06:03:45,577 [INFO] 759/2841 done
2026-09-16 06:03:45,605 [INFO] 760/2841 done
2026-09-16 06:03:45,632 [INFO] 761/2841 done
2026-09-16 06:03:45,659 [INFO] 762/2841 done
2026-09-16 06:03:45,687 [INFO] 763/2841 done
2026-09-16 06:03:45,714 [INFO] 764/2841 done
2026-09-16 06:03:45,741 [INFO] 765/2841 done
2026-09-16 06:03:45,769 [INFO] 766/2841 done
2026-09-16 06:03:45,796 [INFO] 767/2841 done
2026-09-16 06:03:45,823 [INFO] 768/2841 done
2026-09-16 06:03:45,851 [INFO] 769/2841 done
2026-09-16 06:03:45,879 [INFO] 770/2841 done
2026-09-16 06:03:45,906 [INFO] 771/2841 done
2026-09-16 06:03:45,933 [INFO] 772/2841 done
2026-09-16 06:03:45,961 [INFO] 773/2841 done
2026-09-16 06:03:45,988 [INFO] 774/2841 done
2026-09-16 06:03:46,015 [INFO] 775/2841 done
2026-09-16 06:03:46,043 [INFO] 776/2841 done
2026-09-16 06:03:46,070 [INFO] 777/2841 done
2026-09-16 06:03:46,106 [INFO] 778/2841 done
2026-09-16 06:03:46,133 [INFO] 779/2841 done
2026-09-16 06:03:46,161 [INFO] 780/2841 done
2026-09-16 06:03:46,188 [INFO] 781/2841 done
2026-09-16 06:03:46,215 [INFO] 782/2841 done
2026-09-16 06:03:46,243 [INFO] 783/2841 done
2026-09-16 06:03:46,270 [INFO] 784/2841 done
2026-09-16 06:03:46,298 [INFO] 785/2841 done
2026-09-16 06:03:46,326 [INFO] 786/2841 done
2026-09-16 06:03:46,353 [INFO] 787/2841 done
2026-09-16 06:03:46,380 [INFO] 788/2841 done
2026-09-16 06:03:46,408 [INFO] 789/2841 done
2026-09-16 06:03:46,435 [INFO] 790/2841 done
2026-09-16 06:03:46,463 [INFO] 791/2841 done
2026-09-16 06:03:46,490 [INFO] 792/2841 done
2026-09-16 06:03:46,517 [INFO] 793/2841 done
2026-09-16 06:03:46,545 [INFO] 794/2841 done
2026-09-16 06:03:46,573 [INFO] 795/2841 done
2026-09-16 06:03:46,601 [INFO] 796/2841 done
2026-09-16 06:03:46,629 [INFO] 797/2841 done
2026-09-16 06:03:46,656 [INFO] 798/2841 done
2026-09-16 06:03:46,685 [INFO] 799/2841 done
2026-09-16 06:03:46,712 [INFO] 800/2841 done
2026-09-16 06:03:46,740 [INFO] 801/2841 done
2026-09-16 06:03:46,767 [INFO] 802/2841 done
2026-09-16 06:03:46,795 [INFO] 803/2841 done
2026-09-16 06:03:46,822 [INFO] 804/2841 done
2026-09-16 06:03:46,850 [INFO] 805/2841 done
2026-09-16 06:03:46,878 [INFO] 806/2841 done
2026-09-16 06:03:46,906 [INFO] 807/2841 done
2026-09-16 06:03:46,933 [INFO] 808/2841 done
2026-09-16 06:03:46,961 [INFO] 809/2841 done
2026-09-16 06:03:46,989 [INFO] 810/2841 done
2026-09-16 06:03:47,017 [INFO] 811/2841 done
2026-09-16 06:03:47,044 [INFO] 812/2841 done
2026-09-16 06:03:47,072 [INFO] 813/2841 done
2026-09-16 06:03:47,100 [INFO] 814/2841 done
2026-09-16 06:03:47,128 [INFO] 815/2841 done
2026-09-16 06:03:47,156 [INFO] 816/2841 done
2026-09-16 06:03:47,190 [INFO] 817/2841 done
2026-09-16 06:03:47,217 [INFO] 818/2841 done
2026-09-16 06:03:47,245 [INFO] 819/2841 done
2026-09-16 06:03:47,272 [INFO] 820/2841 done
2026-09-16 06:03:47,299 [INFO] 821/2841 done
2026-09-16 06:03:47,327 [INFO] 822/2841 done
2026-09-16 06:03:47,355 [INFO] 823/2841 done
2026-09-16 06:03:47,383 [INFO] 824/2841 done
2026-09-16 06:03:47,410 [INFO] 825/2841 done
2026-09-16 06:03:47,438 [INFO] 826/2841 done
2026-09-16 06:03:47,465 [INFO] 827/2841 done
2026-09-16 06:03:47,493 [INFO] 828/2841 done
2026-09-16 06:03:47,521 [INFO] 829/2841 done
2026-09-16 06:03:47,548 [INFO] 830/2841 done
2026-09-16 06:03:47,575 [INFO] 831/2841 done
2026-09-16 06:03:47,603 [INFO] 832/2841 done
2026-09-16 06:03:47,630 [INFO] 833/2841 done
2026-09-16 06:03:47,658 [INFO] 834/2841 done
2026-09-16 06:03:47,685 [INFO] 835/2841 done
2026-09-16 06:03:47,712 [INFO] 836/2841 done
2026-09-16 06:03:47,739 [INFO] 837/2841 done
2026-09-16 06:03:47,767 [INFO] 838/2841 done
2026-09-16 06:03:47,795 [INFO] 839/2841 done
2026-09-16 06:03:47,822 [INFO] 840/2841 done
2026-09-16 06:03:47,849 [INFO] 841/2841 done
2026-09-16 06:03:47,877 [INFO] 842/2841 done
2026-09-16 06:03:47,904 [INFO] 843/2841 done
2026-09-16 06:03:47,932 [INFO] 844/2841 done
2026-09-16 06:03:47,959 [INFO] 845/2841 done
2026-09-16 06:03:47,986 [INFO] 846/2841 done
2026-09-16 06:03:48,014 [INFO] 847/2841 done
2026-09-16 06:03:48,041 [INFO] 848/2841 done
2026-09-16 06:03:48,069 [INFO] 849/2841 done
2026-09-16 06:03:48,096 [INFO] 850/2841 done
2026-09-16 06:03:48,123 [INFO] 851/2841 done
2026-09-16 06:03:48,151 [INFO] 852/2841 done
2026-09-16 06:03:48,178 [INFO] 853/2841 done
2026-09-16 06:03:48,205 [INFO] 854/2841 done
2026-09-16 06:03:48,237 [INFO] 855/2841 done
2026-09-16 06:03:48,264 [INFO] 856/2841 done
2026-09-16 06:03:48,292 [INFO] 857/2841 done
2026-09-16 06:03:48,319 [INFO] 858/2841 done
2026-09-16 06:03:48,347 [INFO] 859/2841 done
2026-09-16 06:03:48,374 [INFO] 860/2841 done
2026-09-16 06:03:48,401 [INFO] 861/2841 done
2026-09-16 06:03:48,428 [INFO] 862/2841 done
2026-09-16 06:03:48,456 [INFO] 863/2841 done
2026-09-16 06:03:48,483 [INFO] 864/2841 done
2026-09-16 06:03:48,511 [INFO] 865/2841 done
2026-09-16 06:03:48,538 [INFO] 866/2841 done
2026-09-16 06:03:48,566 [INFO] 867/2841 done
2026-09-16 06:03:48,593 [INFO] 868/2841 done
2026-09-16 06:03:48,621 [INFO] 869/2841 done
2026-09-16 06:03:48,648 [INFO] 870/2841 done
2026-09-16 06:03:48,675 [INFO] 871/2841 done
2026-09-16 06:03:48,703 [INFO] 872/2841 done
2026-09-16 06:03:48,730 [INFO] 873/2841 done
2026-09-16 06:03:48,758 [INFO] 874/2841 done
2026-09-16 06:03:48,785 [INFO] 875/2841 done
2026-09-16 06:03:48,813 [INFO] 876/2841 done
2026-09-16 06:03:48,841 [INFO] 877/2841 done
2026-09-16 06:03:48,868 [INFO] 878/2841 done
2026-09-16 06:03:48,896 [INFO] 879/2841 done
2026-09-16 06:03:48,923 [INFO] 880/2841 done
2026-09-16 06:03:48,950 [INFO] 881/2841 done
2026-09-16 06:03:48,978 [INFO] 882/2841 done
2026-09-16 06:03:49,005 [INFO] 883/2841 done
2026-09-16 06:03:49,033 [INFO] 884/2841 done
2026-09-16 06:03:49,060 [INFO] 885/2841 done
2026-09-16 06:03:49,087 [INFO] 886/2841 done
2026-09-16 06:03:49,114 [INFO] 887/2841 done
2026-09-16 06:03:49,141 [INFO] 888/2841 done
2026-09-16 06:03:49,168 [INFO] 889/2841 done
2026-09-16 06:03:49,196 [INFO] 890/2841 done
2026-09-16 06:03:49,223 [INFO] 891/2841 done
2026-09-16 06:03:49,250 [INFO] 892/2841 done
2026-09-16 06:03:49,278 [INFO] 893/2841 done
2026-09-16 06:03:49,305 [INFO] 894/2841 done
2026-09-16 06:03:49,333 [INFO] 895/2841 done
2026-09-16 06:03:49,360 [INFO] 896/2841 done
2026-09-16 06:03:49,387 [INFO] 897/2841 done
2026-09-16 06:03:49,414 [INFO] 898/2841 done
2026-09-16 06:03:49,442 [INFO] 899/2841 done
2026-09-16 06:03:49,469 [INFO] 900/2841 done
2026-09-16 06:03:49,497 [INFO] 901/2841 done
2026-09-16 06:03:49,524 [INFO] 902/2841 done
2026-09-16 06:03:49,551 [INFO] 903/2841 done
2026-09-16 06:03:49,578 [INFO] 904/2841 done
2026-09-16 06:03:49,606 [INFO] 905/2841 done
2026-09-16 06:03:49,633 [INFO] 906/2841 done
2026-09-16 06:03:49,660 [INFO] 907/2841 done
2026-09-16 06:03:49,688 [INFO] 908/2841 done
2026-09-16 06:03:49,716 [INFO] 909/2841 done
2026-09-16 06:03:49,743 [INFO] 910/2841 done
2026-09-16 06:03:49,771 [INFO] 911/2841 done
2026-09-16 06:03:49,798 [INFO] 912/2841 done
2026-09-16 06:03:49,826 [INFO] 913/2841 done
2026-09-16 06:03:49,853 [INFO] 914/2841 done
2026-09-16 06:03:49,880 [INFO] 915/2841 done
2026-09-16 06:03:49,908 [INFO] 916/2841 done
2026-09-16 06:03:49,934 [INFO] 917/2841 done
2026-09-16 06:03:49,962 [INFO] 918/2841 done
2026-09-16 06:03:49,989 [INFO] 919/2841 done
2026-09-16 06:03:50,016 [INFO] 920/2841 done
2026-09-16 06:03:50,044 [INFO] 921/2841 done
2026-09-16 06:03:50,071 [INFO] 922/2841 done
2026-09-16 06:03:50,099 [INFO] 923/2841 done
2026-09-16 06:03:50,126 [INFO] 924/2841 done
2026-09-16 06:03:50,153 [INFO] 925/2841 done
2026-09-16 06:03:50,180 [INFO] 926/2841 done
2026-09-16 06:03:50,208 [INFO] 927/2841 done
2026-09-16 06:03:50,235 [INFO] 928/2841 done
2026-09-16 06:03:50,262 [INFO] 929/2841 done
2026-09-16 06:03:50,290 [INFO] 930/2841 done
2026-09-16 06:03:50,317 [INFO] 931/2841 done
2026-09-16 06:03:50,345 [INFO] 932/2841 done
2026-09-16 06:03:50,372 [INFO] 933/2841 done
2026-09-16 06:03:50,399 [INFO] 934/2841 done
2026-09-16 06:03:50,427 [INFO] 935/2841 done
2026-09-16 06:03:50,455 [INFO] 936/2841 done
2026-09-16 06:03:50,482 [INFO] 937/2841 done
2026-09-16 06:03:50,510 [INFO] 938/2841 done
2026-09-16 06:03:50,537 [INFO] 939/2841 done
2026-09-16 06:03:50,564 [INFO] 940/2841 done
2026-09-16 06:03:50,591 [INFO] 941/2841 done
2026-09-16 06:03:50,619 [INFO] 942/2841 done
2026-09-16 06:03:50,646 [INFO] 943/2841 done
2026-09-16 06:03:50,673 [INFO] 944/2841 done
2026-09-16 06:03:50,700 [INFO] 945/2841 done
2026-09-16 06:03:50,728 [INFO] 946/2841 done
2026-09-16 06:03:50,755 [INFO] 947/2841 done
2026-09-16 06:03:50,782 [INFO] 948/2841 done
2026-09-16 06:03:50,810 [INFO] 949/2841 done
2026-09-16 06:03:50,837 [INFO] 950/2841 done
2026-09-16 06:03:50,865 [INFO] 951/2841 done
2026-09-16 06:03:50,892 [INFO] 952/2841 done
2026-09-16 06:03:50,919 [INFO] 953/2841 done
2026-09-16 06:03:50,947 [INFO] 954/2841 done
2026-09-16 06:03:50,974 [INFO] 955/2841 done
2026-09-16 06:03:51,002 [INFO] 956/2841 done
2026-09-16 06:03:51,030 [INFO] 957/2841 done
2026-09-16 06:03:51,057 [INFO] 958/2841 done
2026-09-16 06:03:51,085 [INFO] 959/2841 done
2026-09-16 06:03:51,112 [INFO] 960/2841 done
2026-09-16 06:03:51,140 [INFO] 961/2841 done
2026-09-16 06:03:51,168 [INFO] 962/2841 done
2026-09-16 06:03:51,195 [INFO] 963/2841 done
2026-09-16 06:03:51,223 [INFO] 964/2841 done
2026-09-16 06:03:51,250 [INFO] 965/2841 done
2026-09-16 06:03:51,278 [INFO] 966/2841 done
2026-09-16 06:03:51,305 [INFO] 967/2841 done
2026-09-16 06:03:51,333 [INFO] 968/2841 done
2026-09-16 06:03:51,360 [INFO] 969/2841 done
2026-09-16 06:03:51,387 [INFO] 970/2841 done
2026-09-16 06:03:51,415 [INFO] 971/2841 done
2026-09-16 06:03:51,443 [INFO] 972/2841 done
2026-09-16 06:03:51,470 [INFO] 973/2841 done
2026-09-16 06:03:51,498 [INFO] 974/2841 done
2026-09-16 06:03:51,526 [INFO] 975/2841 done
2026-09-16 06:03:51,554 [INFO] 976/2841 done
2026-09-16 06:03:51,582 [INFO] 977/2841 done
2026-09-16 06:03:51,610 [INFO] 978/2841 done
2026-09-16 06:03:51,638 [INFO] 979/2841 done
2026-09-16 06:03:51,665 [INFO] 980/2841 done
2026-09-16 06:03:51,692 [INFO] 981/2841 done
2026-09-16 06:03:51,720 [INFO] 982/2841 done
2026-09-16 06:03:51,748 [INFO] 983/2841 done
2026-09-16 06:03:51,775 [INFO] 984/2841 done
2026-09-16 06:03:51,803 [INFO] 985/2841 done
2026-09-16 06:03:51,830 [INFO] 986/2841 done
2026-09-16 06:03:51,857 [INFO] 987/2841 done
2026-09-16 06:03:51,885 [INFO] 988/2841 done
2026-09-16 06:03:51,913 [INFO] 989/2841 done
2026-09-16 06:03:51,940 [INFO] 990/2841 done
2026-09-16 06:03:51,968 [INFO] 991/2841 done
2026-09-16 06:03:51,996 [INFO] 992/2841 done
2026-09-16 06:03:52,023 [INFO] 993/2841 done
2026-09-16 06:03:52,051 [INFO] 994/2841 done
2026-09-16 06:03:52,078 [INFO] 995/2841 done
2026-09-16 06:03:52,106 [INFO] 996/2841 done
2026-09-16 06:03:52,134 [INFO] 997/2841 done
2026-09-16 06:03:52,162 [INFO] 998/2841 done
2026-09-16 06:03:52,189 [INFO] 999/2841 done
2026-09-16 06:03:52,216 [INFO] 1000/2841 done
2026-09-16 06:03:52,244 [INFO] 1001/2841 done
2026-09-16 06:03:52,272 [INFO] 1002/2841 done
2026-09-16 06:03:52,299 [INFO] 1003/2841 done
2026-09-16 06:03:52,326 [INFO] 1004/2841 done
2026-09-16 06:03:52,354 [INFO] 1005/2841 done
2026-09-16 06:03:52,382 [INFO] 1006/2841 done
2026-09-16 06:03:52,409 [INFO] 1007/2841 done
2026-09-16 06:03:52,437 [INFO] 1008/2841 done
2026-09-16 06:03:52,464 [INFO] 1009/2841 done
2026-09-16 06:03:52,492 [INFO] 1010/2841 done
2026-09-16 06:03:52,520 [INFO] 1011/2841 done
2026-09-16 06:03:52,548 [INFO] 1012/2841 done
2026-09-16 06:03:52,575 [INFO] 1013/2841 done
2026-09-16 06:03:52,603 [INFO] 1014/2841 done
2026-09-16 06:03:52,631 [INFO] 1015/2841 done
2026-09-16 06:03:52,659 [INFO] 1016/2841 done
2026-09-16 06:03:52,687 [INFO] 1017/2841 done
2026-09-16 06:03:52,714 [INFO] 1018/2841 done
2026-09-16 06:03:52,742 [INFO] 1019/2841 done
2026-09-16 06:03:52,769 [INFO] 1020/2841 done
2026-09-16 06:03:52,797 [INFO] 1021/2841 done
2026-09-16 06:03:52,825 [INFO] 1022/2841 done
2026-09-16 06:03:52,853 [INFO] 1023/2841 done
2026-09-16 06:03:52,880 [INFO] 1024/2841 done
2026-09-16 06:03:52,908 [INFO] 1025/2841 done
2026-09-16 06:03:52,935 [INFO] 1026/2841 done
2026-09-16 06:03:52,963 [INFO] 1027/2841 done
2026-09-16 06:03:52,990 [INFO] 1028/2841 done
2026-09-16 06:03:53,017 [INFO] 1029/2841 done
2026-09-16 06:03:53,045 [INFO] 1030/2841 done
2026-09-16 06:03:53,072 [INFO] 1031/2841 done
2026-09-16 06:03:53,100 [INFO] 1032/2841 done
2026-09-16 06:03:53,127 [INFO] 1033/2841 done
2026-09-16 06:03:53,155 [INFO] 1034/2841 done
2026-09-16 06:03:53,182 [INFO] 1035/2841 done
2026-09-16 06:03:53,210 [INFO] 1036/2841 done
2026-09-16 06:03:53,238 [INFO] 1037/2841 done
2026-09-16 06:03:53,265 [INFO] 1038/2841 done
2026-09-16 06:03:53,292 [INFO] 1039/2841 done
2026-09-16 06:03:53,320 [INFO] 1040/2841 done
2026-09-16 06:03:53,348 [INFO] 1041/2841 done
2026-09-16 06:03:53,375 [INFO] 1042/2841 done
2026-09-16 06:03:53,402 [INFO] 1043/2841 done
2026-09-16 06:03:53,430 [INFO] 1044/2841 done
2026-09-16 06:03:53,458 [INFO] 1045/2841 done
2026-09-16 06:03:53,485 [INFO] 1046/2841 done
2026-09-16 06:03:53,513 [INFO] 1047/2841 done
2026-09-16 06:03:53,541 [INFO] 1048/2841 done
2026-09-16 06:03:53,568 [INFO] 1049/2841 done
2026-09-16 06:03:53,595 [INFO] 1050/2841 done
2026-09-16 06:03:53,623 [INFO] 1051/2841 done
2026-09-16 06:03:53,651 [INFO] 1052/2841 done
2026-09-16 06:03:53,678 [INFO] 1053/2841 done
2026-09-16 06:03:53,705 [INFO] 1054/2841 done
2026-09-16 06:03:53,733 [INFO] 1055/2841 done
2026-09-16 06:03:53,760 [INFO] 1056/2841 done
2026-09-16 06:03:53,788 [INFO] 1057/2841 done
2026-09-16 06:03:53,816 [INFO] 1058/2841 done
2026-09-16 06:03:53,843 [INFO] 1059/2841 done
2026-09-16 06:03:53,871 [INFO] 1060/2841 done
2026-09-16 06:03:53,898 [INFO] 1061/2841 done
2026-09-16 06:03:53,925 [INFO] 1062/2841 done
2026-09-16 06:03:53,953 [INFO] 1063/2841 done
2026-09-16 06:03:53,980 [INFO] 1064/2841 done
2026-09-16 06:03:54,007 [INFO] 1065/2841 done
2026-09-16 06:03:54,035 [INFO] 1066/2841 done
2026-09-16 06:03:54,062 [INFO] 1067/2841 done
2026-09-16 06:03:54,089 [INFO] 1068/2841 done
2026-09-16 06:03:54,116 [INFO] 1069/2841 done
2026-09-16 06:03:54,144 [INFO] 1070/2841 done
2026-09-16 06:03:54,171 [INFO] 1071/2841 done
2026-09-16 06:03:54,198 [INFO] 1072/2841 done
2026-09-16 06:03:54,225 [INFO] 1073/2841 done
2026-09-16 06:03:54,252 [INFO] 1074/2841 done
2026-09-16 06:03:54,280 [INFO] 1075/2841 done
2026-09-16 06:03:54,307 [INFO] 1076/2841 done
2026-09-16 06:03:54,335 [INFO] 1077/2841 done
2026-09-16 06:03:54,362 [INFO] 1078/2841 done
2026-09-16 06:03:54,389 [INFO] 1079/2841 done
2026-09-16 06:03:54,416 [INFO] 1080/2841 done
2026-09-16 06:03:54,444 [INFO] 1081/2841 done
2026-09-16 06:03:54,471 [INFO] 1082/2841 done
2026-09-16 06:03:54,498 [INFO] 1083/2841 done
2026-09-16 06:03:54,526 [INFO] 1084/2841 done
2026-09-16 06:03:54,553 [INFO] 1085/2841 done
2026-09-16 06:03:54,581 [INFO] 1086/2841 done
2026-09-16 06:03:54,608 [INFO] 1087/2841 done
2026-09-16 06:03:54,636 [INFO] 1088/2841 done
2026-09-16 06:03:54,663 [INFO] 1089/2841 done
2026-09-16 06:03:54,691 [INFO] 1090/2841 done
2026-09-16 06:03:54,718 [INFO] 1091/2841 done
2026-09-16 06:03:54,745 [INFO] 1092/2841 done
2026-09-16 06:03:54,772 [INFO] 1093/2841 done
2026-09-16 06:03:54,800 [INFO] 1094/2841 done
2026-09-16 06:03:54,827 [INFO] 1095/2841 done
2026-09-16 06:03:54,854 [INFO] 1096/2841 done
2026-09-16 06:03:54,881 [INFO] 1097/2841 done
2026-09-16 06:03:54,909 [INFO] 1098/2841 done
2026-09-16 06:03:54,936 [INFO] 1099/2841 done
2026-09-16 06:03:54,964 [INFO] 1100/2841 done
2026-09-16 06:03:54,991 [INFO] 1101/2841 done
2026-09-16 06:03:55,018 [INFO] 1102/2841 done
2026-09-16 06:03:55,046 [INFO] 1103/2841 done
2026-09-16 06:03:55,073 [INFO] 1104/2841 done
2026-09-16 06:03:55,100 [INFO] 1105/2841 done
2026-09-16 06:03:55,128 [INFO] 1106/2841 done
2026-09-16 06:03:55,155 [INFO] 1107/2841 done
2026-09-16 06:03:55,182 [INFO] 1108/2841 done
2026-09-16 06:03:55,209 [INFO] 1109/2841 done
2026-09-16 06:03:55,237 [INFO] 1110/2841 done
2026-09-16 06:03:55,264 [INFO] 1111/2841 done
2026-09-16 06:03:55,291 [INFO] 1112/2841 done
2026-09-16 06:03:55,318 [INFO] 1113/2841 done
2026-09-16 06:03:55,346 [INFO] 1114/2841 done
2026-09-16 06:03:55,373 [INFO] 1115/2841 done
2026-09-16 06:03:55,400 [INFO] 1116/2841 done
2026-09-16 06:03:55,428 [INFO] 1117/2841 done
2026-09-16 06:03:55,455 [INFO] 1118/2841 done
2026-09-16 06:03:55,483 [INFO] 1119/2841 done
2026-09-16 06:03:55,511 [INFO] 1120/2841 done
2026-09-16 06:03:55,538 [INFO] 1121/2841 done
2026-09-16 06:03:55,566 [INFO] 1122/2841 done
2026-09-16 06:03:55,593 [INFO] 1123/2841 done
2026-09-16 06:03:55,621 [INFO] 1124/2841 done
2026-09-16 06:03:55,648 [INFO] 1125/2841 done
2026-09-16 06:03:55,675 [INFO] 1126/2841 done
2026-09-16 06:03:55,703 [INFO] 1127/2841 done
2026-09-16 06:03:55,730 [INFO] 1128/2841 done
2026-09-16 06:03:55,758 [INFO] 1129/2841 done
2026-09-16 06:03:55,785 [INFO] 1130/2841 done
2026-09-16 06:03:55,812 [INFO] 1131/2841 done
2026-09-16 06:03:55,840 [INFO] 1132/2841 done
2026-09-16 06:03:55,867 [INFO] 1133/2841 done
2026-09-16 06:03:55,894 [INFO] 1134/2841 done
2026-09-16 06:03:55,922 [INFO] 1135/2841 done
2026-09-16 06:03:55,949 [INFO] 1136/2841 done
2026-09-16 06:03:55,977 [INFO] 1137/2841 done
2026-09-16 06:03:56,004 [INFO] 1138/2841 done
2026-09-16 06:03:56,031 [INFO] 1139/2841 done
2026-09-16 06:03:56,058 [INFO] 1140/2841 done
2026-09-16 06:03:56,085 [INFO] 1141/2841 done
2026-09-16 06:03:56,113 [INFO] 1142/2841 done
2026-09-16 06:03:56,140 [INFO] 1143/2841 done
2026-09-16 06:03:56,167 [INFO] 1144/2841 done
2026-09-16 06:03:56,195 [INFO] 1145/2841 done
2026-09-16 06:03:56,222 [INFO] 1146/2841 done
2026-09-16 06:03:56,250 [INFO] 1147/2841 done
2026-09-16 06:03:56,277 [INFO] 1148/2841 done
2026-09-16 06:03:56,304 [INFO] 1149/2841 done
2026-09-16 06:03:56,332 [INFO] 1150/2841 done
2026-09-16 06:03:56,359 [INFO] 1151/2841 done
2026-09-16 06:03:56,386 [INFO] 1152/2841 done
2026-09-16 06:03:56,414 [INFO] 1153/2841 done
2026-09-16 06:03:56,441 [INFO] 1154/2841 done
2026-09-16 06:03:56,469 [INFO] 1155/2841 done
2026-09-16 06:03:56,496 [INFO] 1156/2841 done
2026-09-16 06:03:56,524 [INFO] 1157/2841 done
2026-09-16 06:03:56,551 [INFO] 1158/2841 done
2026-09-16 06:03:56,578 [INFO] 1159/2841 done
2026-09-16 06:03:56,606 [INFO] 1160/2841 done
2026-09-16 06:03:56,633 [INFO] 1161/2841 done
2026-09-16 06:03:56,661 [INFO] 1162/2841 done
2026-09-16 06:03:56,688 [INFO] 1163/2841 done
2026-09-16 06:03:56,715 [INFO] 1164/2841 done
2026-09-16 06:03:56,742 [INFO] 1165/2841 done
2026-09-16 06:03:56,770 [INFO] 1166/2841 done
2026-09-16 06:03:56,797 [INFO] 1167/2841 done
2026-09-16 06:03:56,824 [INFO] 1168/2841 done
2026-09-16 06:03:56,852 [INFO] 1169/2841 done
2026-09-16 06:03:56,879 [INFO] 1170/2841 done
2026-09-16 06:03:56,906 [INFO] 1171/2841 done
2026-09-16 06:03:56,933 [INFO] 1172/2841 done
2026-09-16 06:03:56,961 [INFO] 1173/2841 done
2026-09-16 06:03:56,988 [INFO] 1174/2841 done
2026-09-16 06:03:57,015 [INFO] 1175/2841 done
2026-09-16 06:03:57,042 [INFO] 1176/2841 done
2026-09-16 06:03:57,070 [INFO] 1177/2841 done
2026-09-16 06:03:57,097 [INFO] 1178/2841 done
2026-09-16 06:03:57,125 [INFO] 1179/2841 done
2026-09-16 06:03:57,152 [INFO] 1180/2841 done
2026-09-16 06:03:57,180 [INFO] 1181/2841 done
2026-09-16 06:03:57,207 [INFO] 1182/2841 done
2026-09-16 06:03:57,235 [INFO] 1183/2841 done
2026-09-16 06:03:57,262 [INFO] 1184/2841 done
2026-09-16 06:03:57,289 [INFO] 1185/2841 done
2026-09-16 06:03:57,317 [INFO] 1186/2841 done
2026-09-16 06:03:57,344 [INFO] 1187/2841 done
2026-09-16 06:03:57,372 [INFO] 1188/2841 done
2026-09-16 06:03:57,399 [INFO] 1189/2841 done
2026-09-16 06:03:57,426 [INFO] 1190/2841 done
2026-09-16 06:03:57,454 [INFO] 1191/2841 done
2026-09-16 06:03:57,481 [INFO] 1192/2841 done
2026-09-16 06:03:57,508 [INFO] 1193/2841 done
2026-09-16 06:03:57,536 [INFO] 1194/2841 done
2026-09-16 06:03:57,563 [INFO] 1195/2841 done
2026-09-16 06:03:57,591 [INFO] 1196/2841 done
2026-09-16 06:03:57,618 [INFO] 1197/2841 done
2026-09-16 06:03:57,645 [INFO] 1198/2841 done
2026-09-16 06:03:57,672 [INFO] 1199/2841 done
2026-09-16 06:03:57,700 [INFO] 1200/2841 done
2026-09-16 06:03:57,727 [INFO] 1201/2841 done
2026-09-16 06:03:57,755 [INFO] 1202/2841 done
2026-09-16 06:03:57,782 [INFO] 1203/2841 done
2026-09-16 06:03:57,809 [INFO] 1204/2841 done
2026-09-16 06:03:57,836 [INFO] 1205/2841 done
2026-09-16 06:03:57,864 [INFO] 1206/2841 done
2026-09-16 06:03:57,891 [INFO] 1207/2841 done
2026-09-16 06:03:57,918 [INFO] 1208/2841 done
2026-09-16 06:03:57,946 [INFO] 1209/2841 done
2026-09-16 06:03:57,973 [INFO] 1210/2841 done
2026-09-16 06:03:58,001 [INFO] 1211/2841 done
2026-09-16 06:03:58,028 [INFO] 1212/2841 done
2026-09-16 06:03:58,055 [INFO] 1213/2841 done
2026-09-16 06:03:58,082 [INFO] 1214/2841 done
2026-09-16 06:03:58,110 [INFO] 1215/2841 done
2026-09-16 06:03:58,137 [INFO] 1216/2841 done
2026-09-16 06:03:58,165 [INFO] 1217/2841 done
2026-09-16 06:03:58,192 [INFO] 1218/2841 done
2026-09-16 06:03:58,220 [INFO] 1219/2841 done
2026-09-16 06:03:58,247 [INFO] 1220/2841 done
2026-09-16 06:03:58,275 [INFO] 1221/2841 done
2026-09-16 06:03:58,302 [INFO] 1222/2841 done
2026-09-16 06:03:58,330 [INFO] 1223/2841 done
2026-09-16 06:03:58,358 [INFO] 1224/2841 done
2026-09-16 06:03:58,385 [INFO] 1225/2841 done
2026-09-16 06:03:58,412 [INFO] 1226/2841 done
2026-09-16 06:03:58,456 [INFO] 1227/2841 done
2026-09-16 06:03:58,483 [INFO] 1228/2841 done
2026-09-16 06:03:58,511 [INFO] 1229/2841 done
2026-09-16 06:03:58,538 [INFO] 1230/2841 done
2026-09-16 06:03:58,582 [INFO] 1231/2841 done
2026-09-16 06:03:58,609 [INFO] 1232/2841 done
2026-09-16 06:03:58,636 [INFO] 1233/2841 done
2026-09-16 06:03:58,663 [INFO] 1234/2841 done
2026-09-16 06:03:58,691 [INFO] 1235/2841 done
2026-09-16 06:03:58,718 [INFO] 1236/2841 done
2026-09-16 06:03:58,745 [INFO] 1237/2841 done
2026-09-16 06:03:58,772 [INFO] 1238/2841 done
2026-09-16 06:03:58,800 [INFO] 1239/2841 done
2026-09-16 06:03:58,827 [INFO] 1240/2841 done
2026-09-16 06:03:58,854 [INFO] 1241/2841 done
2026-09-16 06:03:58,882 [INFO] 1242/2841 done
2026-09-16 06:03:58,909 [INFO] 1243/2841 done
2026-09-16 06:03:58,937 [INFO] 1244/2841 done
2026-09-16 06:03:58,964 [INFO] 1245/2841 done
2026-09-16 06:03:58,991 [INFO] 1246/2841 done
2026-09-16 06:03:59,019 [INFO] 1247/2841 done
2026-09-16 06:03:59,046 [INFO] 1248/2841 done
2026-09-16 06:03:59,074 [INFO] 1249/2841 done
2026-09-16 06:03:59,102 [INFO] 1250/2841 done
2026-09-16 06:03:59,129 [INFO] 1251/2841 done
2026-09-16 06:03:59,157 [INFO] 1252/2841 done
2026-09-16 06:03:59,185 [INFO] 1253/2841 done
2026-09-16 06:03:59,212 [INFO] 1254/2841 done
2026-09-16 06:03:59,240 [INFO] 1255/2841 done
2026-09-16 06:03:59,267 [INFO] 1256/2841 done
2026-09-16 06:03:59,294 [INFO] 1257/2841 done
2026-09-16 06:03:59,322 [INFO] 1258/2841 done
2026-09-16 06:03:59,349 [INFO] 1259/2841 done
2026-09-16 06:03:59,376 [INFO] 1260/2841 done
2026-09-16 06:03:59,404 [INFO] 1261/2841 done
2026-09-16 06:03:59,431 [INFO] 1262/2841 done
2026-09-16 06:03:59,459 [INFO] 1263/2841 done
2026-09-16 06:03:59,486 [INFO] 1264/2841 done
2026-09-16 06:03:59,513 [INFO] 1265/2841 done
2026-09-16 06:03:59,540 [INFO] 1266/2841 done
2026-09-16 06:03:59,568 [INFO] 1267/2841 done
2026-09-16 06:03:59,595 [INFO] 1268/2841 done
2026-09-16 06:03:59,623 [INFO] 1269/2841 done
2026-09-16 06:03:59,651 [INFO] 1270/2841 done
2026-09-16 06:03:59,678 [INFO] 1271/2841 done
2026-09-16 06:03:59,705 [INFO] 1272/2841 done
2026-09-16 06:03:59,733 [INFO] 1273/2841 done
2026-09-16 06:03:59,760 [INFO] 1274/2841 done
2026-09-16 06:03:59,788 [INFO] 1275/2841 done
2026-09-16 06:03:59,815 [INFO] 1276/2841 done
2026-09-16 06:03:59,842 [INFO] 1277/2841 done
2026-09-16 06:03:59,869 [INFO] 1278/2841 done
2026-09-16 06:03:59,897 [INFO] 1279/2841 done
2026-09-16 06:03:59,924 [INFO] 1280/2841 done
2026-09-16 06:03:59,952 [INFO] 1281/2841 done
2026-09-16 06:03:59,979 [INFO] 1282/2841 done
2026-09-16 06:04:00,007 [INFO] 1283/2841 done
2026-09-16 06:04:00,034 [INFO] 1284/2841 done
2026-09-16 06:04:00,061 [INFO] 1285/2841 done
2026-09-16 06:04:00,088 [INFO] 1286/2841 done
2026-09-16 06:04:00,116 [INFO] 1287/2841 done
2026-09-16 06:04:00,143 [INFO] 1288/2841 done
2026-09-16 06:04:00,171 [INFO] 1289/2841 done
2026-09-16 06:04:00,198 [INFO] 1290/2841 done
2026-09-16 06:04:00,225 [INFO] 1291/2841 done
2026-09-16 06:04:00,252 [INFO] 1292/2841 done
2026-09-16 06:04:00,280 [INFO] 1293/2841 done
2026-09-16 06:04:00,307 [INFO] 1294/2841 done
2026-09-16 06:04:00,334 [INFO] 1295/2841 done
2026-09-16 06:04:00,362 [INFO] 1296/2841 done
2026-09-16 06:04:00,389 [INFO] 1297/2841 done
2026-09-16 06:04:00,416 [INFO] 1298/2841 done
2026-09-16 06:04:00,443 [INFO] 1299/2841 done
2026-09-16 06:04:00,471 [INFO] 1300/2841 done
2026-09-16 06:04:00,498 [INFO] 1301/2841 done
2026-09-16 06:04:00,526 [INFO] 1302/2841 done
2026-09-16 06:04:00,553 [INFO] 1303/2841 done
2026-09-16 06:04:00,580 [INFO] 1304/2841 done
2026-09-16 06:04:00,607 [INFO] 1305/2841 done
2026-09-16 06:04:00,635 [INFO] 1306/2841 done
2026-09-16 06:04:00,663 [INFO] 1307/2841 done
2026-09-16 06:04:00,690 [INFO] 1308/2841 done
2026-09-16 06:04:00,718 [INFO] 1309/2841 done
2026-09-16 06:04:00,745 [INFO] 1310/2841 done
2026-09-16 06:04:00,772 [INFO] 1311/2841 done
2026-09-16 06:04:00,799 [INFO] 1312/2841 done
2026-09-16 06:04:00,827 [INFO] 1313/2841 done
2026-09-16 06:04:00,854 [INFO] 1314/2841 done
2026-09-16 06:04:00,881 [INFO] 1315/2841 done
2026-09-16 06:04:00,908 [INFO] 1316/2841 done
2026-09-16 06:04:00,936 [INFO] 1317/2841 done
2026-09-16 06:04:00,963 [INFO] 1318/2841 done
2026-09-16 06:04:00,990 [INFO] 1319/2841 done
2026-09-16 06:04:01,017 [INFO] 1320/2841 done
2026-09-16 06:04:01,044 [INFO] 1321/2841 done
2026-09-16 06:04:01,072 [INFO] 1322/2841 done
2026-09-16 06:04:01,099 [INFO] 1323/2841 done
2026-09-16 06:04:01,127 [INFO] 1324/2841 done
2026-09-16 06:04:01,154 [INFO] 1325/2841 done
2026-09-16 06:04:01,182 [INFO] 1326/2841 done
2026-09-16 06:04:01,209 [INFO] 1327/2841 done
2026-09-16 06:04:01,236 [INFO] 1328/2841 done
2026-09-16 06:04:01,263 [INFO] 1329/2841 done
2026-09-16 06:04:01,290 [INFO] 1330/2841 done
2026-09-16 06:04:01,318 [INFO] 1331/2841 done
2026-09-16 06:04:01,345 [INFO] 1332/2841 done
2026-09-16 06:04:01,372 [INFO] 1333/2841 done
2026-09-16 06:04:01,400 [INFO] 1334/2841 done
2026-09-16 06:04:01,427 [INFO] 1335/2841 done
2026-09-16 06:04:01,454 [INFO] 1336/2841 done
2026-09-16 06:04:01,481 [INFO] 1337/2841 done
2026-09-16 06:04:01,508 [INFO] 1338/2841 done
2026-09-16 06:04:01,535 [INFO] 1339/2841 done
2026-09-16 06:04:01,563 [INFO] 1340/2841 done
2026-09-16 06:04:01,590 [INFO] 1341/2841 done
2026-09-16 06:04:01,617 [INFO] 1342/2841 done
2026-09-16 06:04:01,644 [INFO] 1343/2841 done
2026-09-16 06:04:01,672 [INFO] 1344/2841 done
2026-09-16 06:04:01,699 [INFO] 1345/2841 done
2026-09-16 06:04:01,726 [INFO] 1346/2841 done
2026-09-16 06:04:01,753 [INFO] 1347/2841 done
2026-09-16 06:04:01,780 [INFO] 1348/2841 done
2026-09-16 06:04:01,808 [INFO] 1349/2841 done
2026-09-16 06:04:01,835 [INFO] 1350/2841 done
2026-09-16 06:04:01,863 [INFO] 1351/2841 done
2026-09-16 06:04:01,891 [INFO] 1352/2841 done
2026-09-16 06:04:01,918 [INFO] 1353/2841 done
2026-09-16 06:04:01,945 [INFO] 1354/2841 done
2026-09-16 06:04:01,973 [INFO] 1355/2841 done
2026-09-16 06:04:02,000 [INFO] 1356/2841 done
2026-09-16 06:04:02,028 [INFO] 1357/2841 done
2026-09-16 06:04:02,056 [INFO] 1358/2841 done
2026-09-16 06:04:02,083 [INFO] 1359/2841 done
2026-09-16 06:04:02,111 [INFO] 1360/2841 done
2026-09-16 06:04:02,138 [INFO] 1361/2841 done
2026-09-16 06:04:02,165 [INFO] 1362/2841 done
2026-09-16 06:04:02,193 [INFO] 1363/2841 done
2026-09-16 06:04:02,220 [INFO] 1364/2841 done
2026-09-16 06:04:02,247 [INFO] 1365/2841 done
2026-09-16 06:04:02,274 [INFO] 1366/2841 done
2026-09-16 06:04:02,302 [INFO] 1367/2841 done
2026-09-16 06:04:02,329 [INFO] 1368/2841 done
2026-09-16 06:04:02,356 [INFO] 1369/2841 done
2026-09-16 06:04:02,383 [INFO] 1370/2841 done
2026-09-16 06:04:02,411 [INFO] 1371/2841 done
2026-09-16 06:04:02,438 [INFO] 1372/2841 done
2026-09-16 06:04:02,466 [INFO] 1373/2841 done
2026-09-16 06:04:02,493 [INFO] 1374/2841 done
2026-09-16 06:04:02,521 [INFO] 1375/2841 done
2026-09-16 06:04:02,549 [INFO] 1376/2841 done
2026-09-16 06:04:02,576 [INFO] 1377/2841 done
2026-09-16 06:04:02,603 [INFO] 1378/2841 done
2026-09-16 06:04:02,631 [INFO] 1379/2841 done
2026-09-16 06:04:02,658 [INFO] 1380/2841 done
2026-09-16 06:04:02,686 [INFO] 1381/2841 done
2026-09-16 06:04:02,713 [INFO] 1382/2841 done
2026-09-16 06:04:02,741 [INFO] 1383/2841 done
2026-09-16 06:04:02,768 [INFO] 1384/2841 done
2026-09-16 06:04:02,795 [INFO] 1385/2841 done
2026-09-16 06:04:02,823 [INFO] 1386/2841 done
2026-09-16 06:04:02,850 [INFO] 1387/2841 done
2026-09-16 06:04:02,878 [INFO] 1388/2841 done
2026-09-16 06:04:02,905 [INFO] 1389/2841 done
2026-09-16 06:04:02,932 [INFO] 1390/2841 done
2026-09-16 06:04:02,959 [INFO] 1391/2841 done
2026-09-16 06:04:02,987 [INFO] 1392/2841 done
2026-09-16 06:04:03,014 [INFO] 1393/2841 done
2026-09-16 06:04:03,041 [INFO] 1394/2841 done
2026-09-16 06:04:03,068 [INFO] 1395/2841 done
2026-09-16 06:04:03,095 [INFO] 1396/2841 done
2026-09-16 06:04:03,123 [INFO] 1397/2841 done
2026-09-16 06:04:03,151 [INFO] 1398/2841 done
2026-09-16 06:04:03,178 [INFO] 1399/2841 done
2026-09-16 06:04:03,206 [INFO] 1400/2841 done
2026-09-16 06:04:03,233 [INFO] 1401/2841 done
2026-09-16 06:04:03,260 [INFO] 1402/2841 done
2026-09-16 06:04:03,287 [INFO] 1403/2841 done
2026-09-16 06:04:03,314 [INFO] 1404/2841 done
2026-09-16 06:04:03,341 [INFO] 1405/2841 done
2026-09-16 06:04:03,369 [INFO] 1406/2841 done
2026-09-16 06:04:03,396 [INFO] 1407/2841 done
2026-09-16 06:04:03,424 [INFO] 1408/2841 done
2026-09-16 06:04:03,452 [INFO] 1409/2841 done
2026-09-16 06:04:03,479 [INFO] 1410/2841 done
2026-09-16 06:04:03,506 [INFO] 1411/2841 done
2026-09-16 06:04:03,534 [INFO] 1412/2841 done
2026-09-16 06:04:03,561 [INFO] 1413/2841 done
2026-09-16 06:04:03,589 [INFO] 1414/2841 done
2026-09-16 06:04:03,616 [INFO] 1415/2841 done
2026-09-16 06:04:03,643 [INFO] 1416/2841 done
2026-09-16 06:04:03,671 [INFO] 1417/2841 done
2026-09-16 06:04:03,698 [INFO] 1418/2841 done
2026-09-16 06:04:03,725 [INFO] 1419/2841 done
2026-09-16 06:04:03,753 [INFO] 1420/2841 done
2026-09-16 06:04:03,780 [INFO] 1421/2841 done
2026-09-16 06:04:03,807 [INFO] 1422/2841 done
2026-09-16 06:04:03,835 [INFO] 1423/2841 done
2026-09-16 06:04:03,862 [INFO] 1424/2841 done
2026-09-16 06:04:03,890 [INFO] 1425/2841 done
2026-09-16 06:04:03,917 [INFO] 1426/2841 done
2026-09-16 06:04:03,945 [INFO] 1427/2841 done
2026-09-16 06:04:03,972 [INFO] 1428/2841 done
2026-09-16 06:04:03,999 [INFO] 1429/2841 done
2026-09-16 06:04:04,027 [INFO] 1430/2841 done
2026-09-16 06:04:04,054 [INFO] 1431/2841 done
2026-09-16 06:04:04,082 [INFO] 1432/2841 done
2026-09-16 06:04:04,109 [INFO] 1433/2841 done
2026-09-16 06:04:04,136 [INFO] 1434/2841 done
2026-09-16 06:04:04,164 [INFO] 1435/2841 done
2026-09-16 06:04:04,191 [INFO] 1436/2841 done
2026-09-16 06:04:04,219 [INFO] 1437/2841 done
2026-09-16 06:04:04,246 [INFO] 1438/2841 done
2026-09-16 06:04:04,273 [INFO] 1439/2841 done
2026-09-16 06:04:04,300 [INFO] 1440/2841 done
2026-09-16 06:04:04,327 [INFO] 1441/2841 done
2026-09-16 06:04:04,355 [INFO] 1442/2841 done
2026-09-16 06:04:04,382 [INFO] 1443/2841 done
2026-09-16 06:04:04,409 [INFO] 1444/2841 done
2026-09-16 06:04:04,437 [INFO] 1445/2841 done
2026-09-16 06:04:04,463 [INFO] 1446/2841 done
2026-09-16 06:04:04,491 [INFO] 1447/2841 done
2026-09-16 06:04:04,518 [INFO] 1448/2841 done
2026-09-16 06:04:04,545 [INFO] 1449/2841 done
2026-09-16 06:04:04,573 [INFO] 1450/2841 done
2026-09-16 06:04:04,600 [INFO] 1451/2841 done
2026-09-16 06:04:04,627 [INFO] 1452/2841 done
2026-09-16 06:04:04,654 [INFO] 1453/2841 done
2026-09-16 06:04:04,681 [INFO] 1454/2841 done
2026-09-16 06:04:04,709 [INFO] 1455/2841 done
2026-09-16 06:04:04,736 [INFO] 1456/2841 done
2026-09-16 06:04:04,763 [INFO] 1457/2841 done
2026-09-16 06:04:04,791 [INFO] 1458/2841 done
2026-09-16 06:04:04,818 [INFO] 1459/2841 done
2026-09-16 06:04:04,845 [INFO] 1460/2841 done
2026-09-16 06:04:04,872 [INFO] 1461/2841 done
2026-09-16 06:04:04,900 [INFO] 1462/2841 done
2026-09-16 06:04:04,927 [INFO] 1463/2841 done
2026-09-16 06:04:04,954 [INFO] 1464/2841 done
2026-09-16 06:04:04,981 [INFO] 1465/2841 done
2026-09-16 06:04:05,008 [INFO] 1466/2841 done
2026-09-16 06:04:05,036 [INFO] 1467/2841 done
2026-09-16 06:04:05,063 [INFO] 1468/2841 done
2026-09-16 06:04:05,091 [INFO] 1469/2841 done
2026-09-16 06:04:05,118 [INFO] 1470/2841 done
2026-09-16 06:04:05,145 [INFO] 1471/2841 done
2026-09-16 06:04:05,173 [INFO] 1472/2841 done
2026-09-16 06:04:05,200 [INFO] 1473/2841 done
2026-09-16 06:04:05,227 [INFO] 1474/2841 done
2026-09-16 06:04:05,254 [INFO] 1475/2841 done
2026-09-16 06:04:05,281 [INFO] 1476/2841 done
2026-09-16 06:04:05,308 [INFO] 1477/2841 done
2026-09-16 06:04:05,336 [INFO] 1478/2841 done
2026-09-16 06:04:05,363 [INFO] 1479/2841 done
2026-09-16 06:04:05,390 [INFO] 1480/2841 done
2026-09-16 06:04:05,418 [INFO] 1481/2841 done
2026-09-16 06:04:05,445 [INFO] 1482/2841 done
2026-09-16 06:04:05,472 [INFO] 1483/2841 done
2026-09-16 06:04:05,499 [INFO] 1484/2841 done
2026-09-16 06:04:05,527 [INFO] 1485/2841 done
2026-09-16 06:04:05,554 [INFO] 1486/2841 done
2026-09-16 06:04:05,581 [INFO] 1487/2841 done
2026-09-16 06:04:05,609 [INFO] 1488/2841 done
2026-09-16 06:04:05,637 [INFO] 1489/2841 done
2026-09-16 06:04:05,664 [INFO] 1490/2841 done
2026-09-16 06:04:05,691 [INFO] 1491/2841 done
2026-09-16 06:04:05,718 [INFO] 1492/2841 done
2026-09-16 06:04:05,746 [INFO] 1493/2841 done
2026-09-16 06:04:05,773 [INFO] 1494/2841 done
2026-09-16 06:04:05,800 [INFO] 1495/2841 done
2026-09-16 06:04:05,827 [INFO] 1496/2841 done
2026-09-16 06:04:05,855 [INFO] 1497/2841 done
2026-09-16 06:04:05,882 [INFO] 1498/2841 done
2026-09-16 06:04:05,909 [INFO] 1499/2841 done
2026-09-16 06:04:05,937 [INFO] 1500/2841 done
2026-09-16 06:04:05,964 [INFO] 1501/2841 done
2026-09-16 06:04:05,991 [INFO] 1502/2841 done
2026-09-16 06:04:06,019 [INFO] 1503/2841 done
2026-09-16 06:04:06,048 [INFO] 1504/2841 done
2026-09-16 06:04:06,075 [INFO] 1505/2841 done
2026-09-16 06:04:06,102 [INFO] 1506/2841 done
2026-09-16 06:04:06,130 [INFO] 1507/2841 done
2026-09-16 06:04:06,157 [INFO] 1508/2841 done
2026-09-16 06:04:06,184 [INFO] 1509/2841 done
2026-09-16 06:04:06,212 [INFO] 1510/2841 done
2026-09-16 06:04:06,239 [INFO] 1511/2841 done
2026-09-16 06:04:06,267 [INFO] 1512/2841 done
2026-09-16 06:04:06,294 [INFO] 1513/2841 done
2026-09-16 06:04:06,322 [INFO] 1514/2841 done
2026-09-16 06:04:06,349 [INFO] 1515/2841 done
2026-09-16 06:04:06,377 [INFO] 1516/2841 done
2026-09-16 06:04:06,404 [INFO] 1517/2841 done
2026-09-16 06:04:06,432 [INFO] 1518/2841 done
2026-09-16 06:04:06,459 [INFO] 1519/2841 done
2026-09-16 06:04:06,487 [INFO] 1520/2841 done
2026-09-16 06:04:06,515 [INFO] 1521/2841 done
2026-09-16 06:04:06,543 [INFO] 1522/2841 done
2026-09-16 06:04:06,570 [INFO] 1523/2841 done
2026-09-16 06:04:06,598 [INFO] 1524/2841 done
2026-09-16 06:04:06,625 [INFO] 1525/2841 done
2026-09-16 06:04:06,653 [INFO] 1526/2841 done
2026-09-16 06:04:06,680 [INFO] 1527/2841 done
2026-09-16 06:04:06,708 [INFO] 1528/2841 done
2026-09-16 06:04:06,735 [INFO] 1529/2841 done
2026-09-16 06:04:06,763 [INFO] 1530/2841 done
2026-09-16 06:04:06,790 [INFO] 1531/2841 done
2026-09-16 06:04:06,818 [INFO] 1532/2841 done
2026-09-16 06:04:06,846 [INFO] 1533/2841 done
2026-09-16 06:04:06,874 [INFO] 1534/2841 done
2026-09-16 06:04:06,901 [INFO] 1535/2841 done
2026-09-16 06:04:06,929 [INFO] 1536/2841 done
2026-09-16 06:04:06,956 [INFO] 1537/2841 done
2026-09-16 06:04:06,984 [INFO] 1538/2841 done
2026-09-16 06:04:07,011 [INFO] 1539/2841 done
2026-09-16 06:04:07,039 [INFO] 1540/2841 done
2026-09-16 06:04:07,067 [INFO] 1541/2841 done
2026-09-16 06:04:07,094 [INFO] 1542/2841 done
2026-09-16 06:04:07,122 [INFO] 1543/2841 done
2026-09-16 06:04:07,149 [INFO] 1544/2841 done
2026-09-16 06:04:07,177 [INFO] 1545/2841 done
2026-09-16 06:04:07,204 [INFO] 1546/2841 done
2026-09-16 06:04:07,232 [INFO] 1547/2841 done
2026-09-16 06:04:07,259 [INFO] 1548/2841 done
2026-09-16 06:04:07,287 [INFO] 1549/2841 done
2026-09-16 06:04:07,314 [INFO] 1550/2841 done
2026-09-16 06:04:07,342 [INFO] 1551/2841 done
2026-09-16 06:04:07,369 [INFO] 1552/2841 done
2026-09-16 06:04:07,396 [INFO] 1553/2841 done
2026-09-16 06:04:07,423 [INFO] 1554/2841 done
2026-09-16 06:04:07,451 [INFO] 1555/2841 done
2026-09-16 06:04:07,478 [INFO] 1556/2841 done
2026-09-16 06:04:07,505 [INFO] 1557/2841 done
2026-09-16 06:04:07,532 [INFO] 1558/2841 done
2026-09-16 06:04:07,560 [INFO] 1559/2841 done
2026-09-16 06:04:07,587 [INFO] 1560/2841 done
2026-09-16 06:04:07,615 [INFO] 1561/2841 done
2026-09-16 06:04:07,641 [INFO] 1562/2841 done
2026-09-16 06:04:07,669 [INFO] 1563/2841 done
2026-09-16 06:04:07,696 [INFO] 1564/2841 done
2026-09-16 06:04:07,723 [INFO] 1565/2841 done
2026-09-16 06:04:07,751 [INFO] 1566/2841 done
2026-09-16 06:04:07,778 [INFO] 1567/2841 done
2026-09-16 06:04:07,805 [INFO] 1568/2841 done
2026-09-16 06:04:07,833 [INFO] 1569/2841 done
2026-09-16 06:04:07,870 [INFO] 1570/2841 done
2026-09-16 06:04:07,898 [INFO] 1571/2841 done
2026-09-16 06:04:07,925 [INFO] 1572/2841 done
2026-09-16 06:04:07,952 [INFO] 1573/2841 done
2026-09-16 06:04:07,980 [INFO] 1574/2841 done
2026-09-16 06:04:08,007 [INFO] 1575/2841 done
2026-09-16 06:04:08,034 [INFO] 1576/2841 done
2026-09-16 06:04:08,061 [INFO] 1577/2841 done
2026-09-16 06:04:08,088 [INFO] 1578/2841 done
2026-09-16 06:04:08,116 [INFO] 1579/2841 done
2026-09-16 06:04:08,144 [INFO] 1580/2841 done
2026-09-16 06:04:08,171 [INFO] 1581/2841 done
2026-09-16 06:04:08,199 [INFO] 1582/2841 done
2026-09-16 06:04:08,226 [INFO] 1583/2841 done
2026-09-16 06:04:08,254 [INFO] 1584/2841 done
2026-09-16 06:04:08,281 [INFO] 1585/2841 done
2026-09-16 06:04:08,309 [INFO] 1586/2841 done
2026-09-16 06:04:08,337 [INFO] 1587/2841 done
2026-09-16 06:04:08,364 [INFO] 1588/2841 done
2026-09-16 06:04:08,391 [INFO] 1589/2841 done
2026-09-16 06:04:08,419 [INFO] 1590/2841 done
2026-09-16 06:04:08,447 [INFO] 1591/2841 done
2026-09-16 06:04:08,475 [INFO] 1592/2841 done
2026-09-16 06:04:08,502 [INFO] 1593/2841 done
2026-09-16 06:04:08,529 [INFO] 1594/2841 done
2026-09-16 06:04:08,557 [INFO] 1595/2841 done
2026-09-16 06:04:08,584 [INFO] 1596/2841 done
2026-09-16 06:04:08,611 [INFO] 1597/2841 done
2026-09-16 06:04:08,639 [INFO] 1598/2841 done
2026-09-16 06:04:08,667 [INFO] 1599/2841 done
2026-09-16 06:04:08,695 [INFO] 1600/2841 done
2026-09-16 06:04:08,722 [INFO] 1601/2841 done
2026-09-16 06:04:08,750 [INFO] 1602/2841 done
2026-09-16 06:04:08,777 [INFO] 1603/2841 done
2026-09-16 06:04:08,805 [INFO] 1604/2841 done
2026-09-16 06:04:08,832 [INFO] 1605/2841 done
2026-09-16 06:04:08,859 [INFO] 1606/2841 done
2026-09-16 06:04:08,887 [INFO] 1607/2841 done
2026-09-16 06:04:08,914 [INFO] 1608/2841 done
2026-09-16 06:04:08,942 [INFO] 1609/2841 done
2026-09-16 06:04:08,969 [INFO] 1610/2841 done
2026-09-16 06:04:08,997 [INFO] 1611/2841 done
2026-09-16 06:04:09,024 [INFO] 1612/2841 done
2026-09-16 06:04:09,051 [INFO] 1613/2841 done
2026-09-16 06:04:09,079 [INFO] 1614/2841 done
2026-09-16 06:04:09,107 [INFO] 1615/2841 done
2026-09-16 06:04:09,134 [INFO] 1616/2841 done
2026-09-16 06:04:09,161 [INFO] 1617/2841 done
2026-09-16 06:04:09,188 [INFO] 1618/2841 done
2026-09-16 06:04:09,216 [INFO] 1619/2841 done
2026-09-16 06:04:09,243 [INFO] 1620/2841 done
2026-09-16 06:04:09,270 [INFO] 1621/2841 done
2026-09-16 06:04:09,298 [INFO] 1622/2841 done
2026-09-16 06:04:09,325 [INFO] 1623/2841 done
2026-09-16 06:04:09,353 [INFO] 1624/2841 done
2026-09-16 06:04:09,380 [INFO] 1625/2841 done
2026-09-16 06:04:09,408 [INFO] 1626/2841 done
2026-09-16 06:04:09,435 [INFO] 1627/2841 done
2026-09-16 06:04:09,463 [INFO] 1628/2841 done
2026-09-16 06:04:09,490 [INFO] 1629/2841 done
2026-09-16 06:04:09,517 [INFO] 1630/2841 done
2026-09-16 06:04:09,544 [INFO] 1631/2841 done
2026-09-16 06:04:09,572 [INFO] 1632/2841 done
2026-09-16 06:04:09,599 [INFO] 1633/2841 done
2026-09-16 06:04:09,626 [INFO] 1634/2841 done
2026-09-16 06:04:09,654 [INFO] 1635/2841 done
2026-09-16 06:04:09,682 [INFO] 1636/2841 done
2026-09-16 06:04:09,709 [INFO] 1637/2841 done
2026-09-16 06:04:09,736 [INFO] 1638/2841 done
2026-09-16 06:04:09,764 [INFO] 1639/2841 done
2026-09-16 06:04:09,791 [INFO] 1640/2841 done
2026-09-16 06:04:09,818 [INFO] 1641/2841 done
2026-09-16 06:04:09,845 [INFO] 1642/2841 done
2026-09-16 06:04:09,872 [INFO] 1643/2841 done
2026-09-16 06:04:09,900 [INFO] 1644/2841 done
2026-09-16 06:04:09,927 [INFO] 1645/2841 done
2026-09-16 06:04:09,955 [INFO] 1646/2841 done
2026-09-16 06:04:09,982 [INFO] 1647/2841 done
2026-09-16 06:04:10,010 [INFO] 1648/2841 done
2026-09-16 06:04:10,038 [INFO] 1649/2841 done
2026-09-16 06:04:10,065 [INFO] 1650/2841 done
2026-09-16 06:04:10,092 [INFO] 1651/2841 done
2026-09-16 06:04:10,120 [INFO] 1652/2841 done
2026-09-16 06:04:10,147 [INFO] 1653/2841 done
2026-09-16 06:04:10,174 [INFO] 1654/2841 done
2026-09-16 06:04:10,201 [INFO] 1655/2841 done
2026-09-16 06:04:10,229 [INFO] 1656/2841 done
2026-09-16 06:04:10,256 [INFO] 1657/2841 done
2026-09-16 06:04:10,284 [INFO] 1658/2841 done
2026-09-16 06:04:10,311 [INFO] 1659/2841 done
2026-09-16 06:04:10,338 [INFO] 1660/2841 done
2026-09-16 06:04:10,365 [INFO] 1661/2841 done
2026-09-16 06:04:10,393 [INFO] 1662/2841 done
2026-09-16 06:04:10,421 [INFO] 1663/2841 done
2026-09-16 06:04:10,456 [INFO] 1664/2841 done
2026-09-16 06:04:10,484 [INFO] 1665/2841 done
2026-09-16 06:04:10,511 [INFO] 1666/2841 done
2026-09-16 06:04:10,538 [INFO] 1667/2841 done
2026-09-16 06:04:10,565 [INFO] 1668/2841 done
2026-09-16 06:04:10,592 [INFO] 1669/2841 done
2026-09-16 06:04:10,619 [INFO] 1670/2841 done
2026-09-16 06:04:10,647 [INFO] 1671/2841 done
2026-09-16 06:04:10,674 [INFO] 1672/2841 done
2026-09-16 06:04:10,701 [INFO] 1673/2841 done
2026-09-16 06:04:10,729 [INFO] 1674/2841 done
2026-09-16 06:04:10,756 [INFO] 1675/2841 done
2026-09-16 06:04:10,783 [INFO] 1676/2841 done
2026-09-16 06:04:10,810 [INFO] 1677/2841 done
2026-09-16 06:04:10,838 [INFO] 1678/2841 done
2026-09-16 06:04:10,865 [INFO] 1679/2841 done
2026-09-16 06:04:10,892 [INFO] 1680/2841 done
2026-09-16 06:04:10,919 [INFO] 1681/2841 done
2026-09-16 06:04:10,947 [INFO] 1682/2841 done
2026-09-16 06:04:10,974 [INFO] 1683/2841 done
2026-09-16 06:04:11,002 [INFO] 1684/2841 done
2026-09-16 06:04:11,029 [INFO] 1685/2841 done
2026-09-16 06:04:11,057 [INFO] 1686/2841 done
2026-09-16 06:04:11,084 [INFO] 1687/2841 done
2026-09-16 06:04:11,112 [INFO] 1688/2841 done
2026-09-16 06:04:11,140 [INFO] 1689/2841 done
2026-09-16 06:04:11,167 [INFO] 1690/2841 done
2026-09-16 06:04:11,195 [INFO] 1691/2841 done
2026-09-16 06:04:11,222 [INFO] 1692/2841 done
2026-09-16 06:04:11,250 [INFO] 1693/2841 done
2026-09-16 06:04:11,277 [INFO] 1694/2841 done
2026-09-16 06:04:11,305 [INFO] 1695/2841 done
2026-09-16 06:04:11,332 [INFO] 1696/2841 done
2026-09-16 06:04:11,359 [INFO] 1697/2841 done
2026-09-16 06:04:11,387 [INFO] 1698/2841 done
2026-09-16 06:04:11,414 [INFO] 1699/2841 done
2026-09-16 06:04:11,442 [INFO] 1700/2841 done
2026-09-16 06:04:11,470 [INFO] 1701/2841 done
2026-09-16 06:04:11,497 [INFO] 1702/2841 done
2026-09-16 06:04:11,524 [INFO] 1703/2841 done
2026-09-16 06:04:11,552 [INFO] 1704/2841 done
2026-09-16 06:04:11,579 [INFO] 1705/2841 done
2026-09-16 06:04:11,607 [INFO] 1706/2841 done
2026-09-16 06:04:11,635 [INFO] 1707/2841 done
2026-09-16 06:04:11,662 [INFO] 1708/2841 done
2026-09-16 06:04:11,690 [INFO] 1709/2841 done
2026-09-16 06:04:11,718 [INFO] 1710/2841 done
2026-09-16 06:04:11,745 [INFO] 1711/2841 done
2026-09-16 06:04:11,773 [INFO] 1712/2841 done
2026-09-16 06:04:11,800 [INFO] 1713/2841 done
2026-09-16 06:04:11,827 [INFO] 1714/2841 done
2026-09-16 06:04:11,855 [INFO] 1715/2841 done
2026-09-16 06:04:11,883 [INFO] 1716/2841 done
2026-09-16 06:04:11,910 [INFO] 1717/2841 done
2026-09-16 06:04:11,937 [INFO] 1718/2841 done
2026-09-16 06:04:11,965 [INFO] 1719/2841 done
2026-09-16 06:04:11,992 [INFO] 1720/2841 done
2026-09-16 06:04:12,020 [INFO] 1721/2841 done
2026-09-16 06:04:12,048 [INFO] 1722/2841 done
2026-09-16 06:04:12,076 [INFO] 1723/2841 done
2026-09-16 06:04:12,104 [INFO] 1724/2841 done
2026-09-16 06:04:12,132 [INFO] 1725/2841 done
2026-09-16 06:04:12,160 [INFO] 1726/2841 done
2026-09-16 06:04:12,188 [INFO] 1727/2841 done
2026-09-16 06:04:12,215 [INFO] 1728/2841 done
2026-09-16 06:04:12,243 [INFO] 1729/2841 done
2026-09-16 06:04:12,271 [INFO] 1730/2841 done
2026-09-16 06:04:12,298 [INFO] 1731/2841 done
2026-09-16 06:04:12,326 [INFO] 1732/2841 done
2026-09-16 06:04:12,353 [INFO] 1733/2841 done
2026-09-16 06:04:12,381 [INFO] 1734/2841 done
2026-09-16 06:04:12,409 [INFO] 1735/2841 done
2026-09-16 06:04:12,437 [INFO] 1736/2841 done
2026-09-16 06:04:12,465 [INFO] 1737/2841 done
2026-09-16 06:04:12,500 [INFO] 1738/2841 done
2026-09-16 06:04:12,528 [INFO] 1739/2841 done
2026-09-16 06:04:12,565 [INFO] 1740/2841 done
2026-09-16 06:04:12,593 [INFO] 1741/2841 done
2026-09-16 06:04:12,620 [INFO] 1742/2841 done
2026-09-16 06:04:12,647 [INFO] 1743/2841 done
2026-09-16 06:04:12,675 [INFO] 1744/2841 done
2026-09-16 06:04:12,702 [INFO] 1745/2841 done
2026-09-16 06:04:12,730 [INFO] 1746/2841 done
2026-09-16 06:04:12,758 [INFO] 1747/2841 done
2026-09-16 06:04:12,785 [INFO] 1748/2841 done
2026-09-16 06:04:12,813 [INFO] 1749/2841 done
2026-09-16 06:04:12,840 [INFO] 1750/2841 done
2026-09-16 06:04:12,868 [INFO] 1751/2841 done
2026-09-16 06:04:12,895 [INFO] 1752/2841 done
2026-09-16 06:04:12,923 [INFO] 1753/2841 done
2026-09-16 06:04:12,950 [INFO] 1754/2841 done
2026-09-16 06:04:12,980 [INFO] 1755/2841 done
2026-09-16 06:04:13,008 [INFO] 1756/2841 done
2026-09-16 06:04:13,035 [INFO] 1757/2841 done
2026-09-16 06:04:13,063 [INFO] 1758/2841 done
2026-09-16 06:04:13,090 [INFO] 1759/2841 done
2026-09-16 06:04:13,117 [INFO] 1760/2841 done
2026-09-16 06:04:13,144 [INFO] 1761/2841 done
2026-09-16 06:04:13,172 [INFO] 1762/2841 done
2026-09-16 06:04:13,199 [INFO] 1763/2841 done
2026-09-16 06:04:13,226 [INFO] 1764/2841 done
2026-09-16 06:04:13,254 [INFO] 1765/2841 done
2026-09-16 06:04:13,281 [INFO] 1766/2841 done
2026-09-16 06:04:13,308 [INFO] 1767/2841 done
2026-09-16 06:04:13,336 [INFO] 1768/2841 done
2026-09-16 06:04:13,363 [INFO] 1769/2841 done
2026-09-16 06:04:13,391 [INFO] 1770/2841 done
2026-09-16 06:04:13,418 [INFO] 1771/2841 done
2026-09-16 06:04:13,446 [INFO] 1772/2841 done
2026-09-16 06:04:13,473 [INFO] 1773/2841 done
2026-09-16 06:04:13,501 [INFO] 1774/2841 done
2026-09-16 06:04:13,528 [INFO] 1775/2841 done
2026-09-16 06:04:13,556 [INFO] 1776/2841 done
2026-09-16 06:04:13,583 [INFO] 1777/2841 done
2026-09-16 06:04:13,610 [INFO] 1778/2841 done
2026-09-16 06:04:13,638 [INFO] 1779/2841 done
2026-09-16 06:04:13,665 [INFO] 1780/2841 done
2026-09-16 06:04:13,692 [INFO] 1781/2841 done
2026-09-16 06:04:13,719 [INFO] 1782/2841 done
2026-09-16 06:04:13,746 [INFO] 1783/2841 done
2026-09-16 06:04:13,774 [INFO] 1784/2841 done
2026-09-16 06:04:13,802 [INFO] 1785/2841 done
2026-09-16 06:04:13,829 [INFO] 1786/2841 done
2026-09-16 06:04:13,857 [INFO] 1787/2841 done
2026-09-16 06:04:13,884 [INFO] 1788/2841 done
2026-09-16 06:04:13,911 [INFO] 1789/2841 done
2026-09-16 06:04:13,939 [INFO] 1790/2841 done
2026-09-16 06:04:13,966 [INFO] 1791/2841 done
2026-09-16 06:04:13,993 [INFO] 1792/2841 done
2026-09-16 06:04:14,021 [INFO] 1793/2841 done
2026-09-16 06:04:14,048 [INFO] 1794/2841 done
2026-09-16 06:04:14,075 [INFO] 1795/2841 done
2026-09-16 06:04:14,102 [INFO] 1796/2841 done
2026-09-16 06:04:14,130 [INFO] 1797/2841 done
2026-09-16 06:04:14,157 [INFO] 1798/2841 done
2026-09-16 06:04:14,185 [INFO] 1799/2841 done
2026-09-16 06:04:14,213 [INFO] 1800/2841 done
2026-09-16 06:04:14,240 [INFO] 1801/2841 done
2026-09-16 06:04:14,268 [INFO] 1802/2841 done
2026-09-16 06:04:14,295 [INFO] 1803/2841 done
2026-09-16 06:04:14,323 [INFO] 1804/2841 done
2026-09-16 06:04:14,350 [INFO] 1805/2841 done
2026-09-16 06:04:14,378 [INFO] 1806/2841 done
2026-09-16 06:04:14,405 [INFO] 1807/2841 done
2026-09-16 06:04:14,433 [INFO] 1808/2841 done
2026-09-16 06:04:14,460 [INFO] 1809/2841 done
2026-09-16 06:04:14,487 [INFO] 1810/2841 done
2026-09-16 06:04:14,515 [INFO] 1811/2841 done
2026-09-16 06:04:14,542 [INFO] 1812/2841 done
2026-09-16 06:04:14,570 [INFO] 1813/2841 done
2026-09-16 06:04:14,597 [INFO] 1814/2841 done
2026-09-16 06:04:14,625 [INFO] 1815/2841 done
2026-09-16 06:04:14,652 [INFO] 1816/2841 done
2026-09-16 06:04:14,679 [INFO] 1817/2841 done
2026-09-16 06:04:14,707 [INFO] 1818/2841 done
2026-09-16 06:04:14,734 [INFO] 1819/2841 done
2026-09-16 06:04:14,761 [INFO] 1820/2841 done
2026-09-16 06:04:14,789 [INFO] 1821/2841 done
2026-09-16 06:04:14,816 [INFO] 1822/2841 done
2026-09-16 06:04:14,844 [INFO] 1823/2841 done
2026-09-16 06:04:14,871 [INFO] 1824/2841 done
2026-09-16 06:04:14,899 [INFO] 1825/2841 done
2026-09-16 06:04:14,926 [INFO] 1826/2841 done
2026-09-16 06:04:14,953 [INFO] 1827/2841 done
2026-09-16 06:04:14,981 [INFO] 1828/2841 done
2026-09-16 06:04:15,008 [INFO] 1829/2841 done
2026-09-16 06:04:15,035 [INFO] 1830/2841 done
2026-09-16 06:04:15,063 [INFO] 1831/2841 done
2026-09-16 06:04:15,090 [INFO] 1832/2841 done
2026-09-16 06:04:15,117 [INFO] 1833/2841 done
2026-09-16 06:04:15,145 [INFO] 1834/2841 done
2026-09-16 06:04:15,172 [INFO] 1835/2841 done
2026-09-16 06:04:15,200 [INFO] 1836/2841 done
2026-09-16 06:04:15,227 [INFO] 1837/2841 done
2026-09-16 06:04:15,254 [INFO] 1838/2841 done
2026-09-16 06:04:15,282 [INFO] 1839/2841 done
2026-09-16 06:04:15,309 [INFO] 1840/2841 done
2026-09-16 06:04:15,336 [INFO] 1841/2841 done
2026-09-16 06:04:15,364 [INFO] 1842/2841 done
2026-09-16 06:04:15,391 [INFO] 1843/2841 done
2026-09-16 06:04:15,418 [INFO] 1844/2841 done
2026-09-16 06:04:15,445 [INFO] 1845/2841 done
2026-09-16 06:04:15,472 [INFO] 1846/2841 done
2026-09-16 06:04:15,499 [INFO] 1847/2841 done
2026-09-16 06:04:15,526 [INFO] 1848/2841 done
2026-09-16 06:04:15,554 [INFO] 1849/2841 done
2026-09-16 06:04:15,581 [INFO] 1850/2841 done
2026-09-16 06:04:15,608 [INFO] 1851/2841 done
2026-09-16 06:04:15,636 [INFO] 1852/2841 done
2026-09-16 06:04:15,663 [INFO] 1853/2841 done
2026-09-16 06:04:15,690 [INFO] 1854/2841 done
2026-09-16 06:04:15,717 [INFO] 1855/2841 done
2026-09-16 06:04:15,745 [INFO] 1856/2841 done
2026-09-16 06:04:15,772 [INFO] 1857/2841 done
2026-09-16 06:04:15,799 [INFO] 1858/2841 done
2026-09-16 06:04:15,827 [INFO] 1859/2841 done
2026-09-16 06:04:15,854 [INFO] 1860/2841 done
2026-09-16 06:04:15,882 [INFO] 1861/2841 done
2026-09-16 06:04:15,909 [INFO] 1862/2841 done
2026-09-16 06:04:15,937 [INFO] 1863/2841 done
2026-09-16 06:04:15,964 [INFO] 1864/2841 done
2026-09-16 06:04:15,991 [INFO] 1865/2841 done
2026-09-16 06:04:16,018 [INFO] 1866/2841 done
2026-09-16 06:04:16,046 [INFO] 1867/2841 done
2026-09-16 06:04:16,073 [INFO] 1868/2841 done
2026-09-16 06:04:16,100 [INFO] 1869/2841 done
2026-09-16 06:04:16,128 [INFO] 1870/2841 done
2026-09-16 06:04:16,155 [INFO] 1871/2841 done
2026-09-16 06:04:16,183 [INFO] 1872/2841 done
2026-09-16 06:04:16,210 [INFO] 1873/2841 done
2026-09-16 06:04:16,238 [INFO] 1874/2841 done
2026-09-16 06:04:16,265 [INFO] 1875/2841 done
2026-09-16 06:04:16,292 [INFO] 1876/2841 done
2026-09-16 06:04:16,320 [INFO] 1877/2841 done
2026-09-16 06:04:16,347 [INFO] 1878/2841 done
2026-09-16 06:04:16,375 [INFO] 1879/2841 done
2026-09-16 06:04:16,403 [INFO] 1880/2841 done
2026-09-16 06:04:16,430 [INFO] 1881/2841 done
2026-09-16 06:04:16,458 [INFO] 1882/2841 done
2026-09-16 06:04:16,485 [INFO] 1883/2841 done
2026-09-16 06:04:16,512 [INFO] 1884/2841 done
2026-09-16 06:04:16,539 [INFO] 1885/2841 done
2026-09-16 06:04:16,567 [INFO] 1886/2841 done
2026-09-16 06:04:16,594 [INFO] 1887/2841 done
2026-09-16 06:04:16,622 [INFO] 1888/2841 done
2026-09-16 06:04:16,649 [INFO] 1889/2841 done
2026-09-16 06:04:16,676 [INFO] 1890/2841 done
2026-09-16 06:04:16,704 [INFO] 1891/2841 done
2026-09-16 06:04:16,731 [INFO] 1892/2841 done
2026-09-16 06:04:16,759 [INFO] 1893/2841 done
2026-09-16 06:04:16,787 [INFO] 1894/2841 done
2026-09-16 06:04:16,814 [INFO] 1895/2841 done
2026-09-16 06:04:16,842 [INFO] 1896/2841 done
2026-09-16 06:04:16,869 [INFO] 1897/2841 done
2026-09-16 06:04:16,897 [INFO] 1898/2841 done
2026-09-16 06:04:16,925 [INFO] 1899/2841 done
2026-09-16 06:04:16,952 [INFO] 1900/2841 done
2026-09-16 06:04:16,980 [INFO] 1901/2841 done
2026-09-16 06:04:17,008 [INFO] 1902/2841 done
2026-09-16 06:04:17,035 [INFO] 1903/2841 done
2026-09-16 06:04:17,063 [INFO] 1904/2841 done
2026-09-16 06:04:17,090 [INFO] 1905/2841 done
2026-09-16 06:04:17,118 [INFO] 1906/2841 done
2026-09-16 06:04:17,145 [INFO] 1907/2841 done
2026-09-16 06:04:17,172 [INFO] 1908/2841 done
2026-09-16 06:04:17,199 [INFO] 1909/2841 done
2026-09-16 06:04:17,227 [INFO] 1910/2841 done
2026-09-16 06:04:17,254 [INFO] 1911/2841 done
2026-09-16 06:04:17,281 [INFO] 1912/2841 done
2026-09-16 06:04:17,309 [INFO] 1913/2841 done
2026-09-16 06:04:17,336 [INFO] 1914/2841 done
2026-09-16 06:04:17,363 [INFO] 1915/2841 done
2026-09-16 06:04:17,390 [INFO] 1916/2841 done
2026-09-16 06:04:17,418 [INFO] 1917/2841 done
2026-09-16 06:04:17,445 [INFO] 1918/2841 done
2026-09-16 06:04:17,472 [INFO] 1919/2841 done
2026-09-16 06:04:17,499 [INFO] 1920/2841 done
2026-09-16 06:04:17,526 [INFO] 1921/2841 done
2026-09-16 06:04:17,554 [INFO] 1922/2841 done
2026-09-16 06:04:17,580 [INFO] 1923/2841 done
2026-09-16 06:04:17,608 [INFO] 1924/2841 done
2026-09-16 06:04:17,635 [INFO] 1925/2841 done
2026-09-16 06:04:17,662 [INFO] 1926/2841 done
2026-09-16 06:04:17,689 [INFO] 1927/2841 done
2026-09-16 06:04:17,716 [INFO] 1928/2841 done
2026-09-16 06:04:17,744 [INFO] 1929/2841 done
2026-09-16 06:04:17,771 [INFO] 1930/2841 done
2026-09-16 06:04:17,798 [INFO] 1931/2841 done
2026-09-16 06:04:17,825 [INFO] 1932/2841 done
2026-09-16 06:04:17,853 [INFO] 1933/2841 done
2026-09-16 06:04:17,880 [INFO] 1934/2841 done
2026-09-16 06:04:17,907 [INFO] 1935/2841 done
2026-09-16 06:04:17,935 [INFO] 1936/2841 done
2026-09-16 06:04:17,962 [INFO] 1937/2841 done
2026-09-16 06:04:17,989 [INFO] 1938/2841 done
2026-09-16 06:04:18,016 [INFO] 1939/2841 done
2026-09-16 06:04:18,043 [INFO] 1940/2841 done
2026-09-16 06:04:18,070 [INFO] 1941/2841 done
2026-09-16 06:04:18,098 [INFO] 1942/2841 done
2026-09-16 06:04:18,125 [INFO] 1943/2841 done
2026-09-16 06:04:18,152 [INFO] 1944/2841 done
2026-09-16 06:04:18,180 [INFO] 1945/2841 done
2026-09-16 06:04:18,207 [INFO] 1946/2841 done
2026-09-16 06:04:18,235 [INFO] 1947/2841 done
2026-09-16 06:04:18,262 [INFO] 1948/2841 done
2026-09-16 06:04:18,290 [INFO] 1949/2841 done
2026-09-16 06:04:18,317 [INFO] 1950/2841 done
2026-09-16 06:04:18,345 [INFO] 1951/2841 done
2026-09-16 06:04:18,372 [INFO] 1952/2841 done
2026-09-16 06:04:18,400 [INFO] 1953/2841 done
2026-09-16 06:04:18,428 [INFO] 1954/2841 done
2026-09-16 06:04:18,455 [INFO] 1955/2841 done
2026-09-16 06:04:18,482 [INFO] 1956/2841 done
2026-09-16 06:04:18,510 [INFO] 1957/2841 done
2026-09-16 06:04:18,537 [INFO] 1958/2841 done
2026-09-16 06:04:18,564 [INFO] 1959/2841 done
2026-09-16 06:04:18,591 [INFO] 1960/2841 done
2026-09-16 06:04:18,619 [INFO] 1961/2841 done
2026-09-16 06:04:18,646 [INFO] 1962/2841 done
2026-09-16 06:04:18,674 [INFO] 1963/2841 done
2026-09-16 06:04:18,701 [INFO] 1964/2841 done
2026-09-16 06:04:18,728 [INFO] 1965/2841 done
2026-09-16 06:04:18,756 [INFO] 1966/2841 done
2026-09-16 06:04:18,783 [INFO] 1967/2841 done
2026-09-16 06:04:18,810 [INFO] 1968/2841 done
2026-09-16 06:04:18,838 [INFO] 1969/2841 done
2026-09-16 06:04:18,865 [INFO] 1970/2841 done
2026-09-16 06:04:18,893 [INFO] 1971/2841 done
2026-09-16 06:04:18,920 [INFO] 1972/2841 done
2026-09-16 06:04:18,947 [INFO] 1973/2841 done
2026-09-16 06:04:18,975 [INFO] 1974/2841 done
2026-09-16 06:04:19,003 [INFO] 1975/2841 done
2026-09-16 06:04:19,031 [INFO] 1976/2841 done
2026-09-16 06:04:19,058 [INFO] 1977/2841 done
2026-09-16 06:04:19,086 [INFO] 1978/2841 done
2026-09-16 06:04:19,114 [INFO] 1979/2841 done
2026-09-16 06:04:19,141 [INFO] 1980/2841 done
2026-09-16 06:04:19,169 [INFO] 1981/2841 done
2026-09-16 06:04:19,196 [INFO] 1982/2841 done
2026-09-16 06:04:19,223 [INFO] 1983/2841 done
2026-09-16 06:04:19,250 [INFO] 1984/2841 done
2026-09-16 06:04:19,278 [INFO] 1985/2841 done
2026-09-16 06:04:19,305 [INFO] 1986/2841 done
2026-09-16 06:04:19,332 [INFO] 1987/2841 done
2026-09-16 06:04:19,360 [INFO] 1988/2841 done
2026-09-16 06:04:19,387 [INFO] 1989/2841 done
2026-09-16 06:04:19,414 [INFO] 1990/2841 done
2026-09-16 06:04:19,442 [INFO] 1991/2841 done
2026-09-16 06:04:19,469 [INFO] 1992/2841 done
2026-09-16 06:04:19,497 [INFO] 1993/2841 done
2026-09-16 06:04:19,524 [INFO] 1994/2841 done
2026-09-16 06:04:19,552 [INFO] 1995/2841 done
2026-09-16 06:04:19,579 [INFO] 1996/2841 done
2026-09-16 06:04:19,607 [INFO] 1997/2841 done
2026-09-16 06:04:19,634 [INFO] 1998/2841 done
2026-09-16 06:04:19,661 [INFO] 1999/2841 done
2026-09-16 06:04:19,688 [INFO] 2000/2841 done
2026-09-16 06:04:19,716 [INFO] 2001/2841 done
2026-09-16 06:04:19,743 [INFO] 2002/2841 done
2026-09-16 06:04:19,770 [INFO] 2003/2841 done
2026-09-16 06:04:19,797 [INFO] 2004/2841 done
2026-09-16 06:04:19,825 [INFO] 2005/2841 done
2026-09-16 06:04:19,852 [INFO] 2006/2841 done
2026-09-16 06:04:19,879 [INFO] 2007/2841 done
2026-09-16 06:04:19,907 [INFO] 2008/2841 done
2026-09-16 06:04:19,934 [INFO] 2009/2841 done
2026-09-16 06:04:19,961 [INFO] 2010/2841 done
2026-09-16 06:04:19,989 [INFO] 2011/2841 done
2026-09-16 06:04:20,016 [INFO] 2012/2841 done
2026-09-16 06:04:20,043 [INFO] 2013/2841 done
2026-09-16 06:04:20,070 [INFO] 2014/2841 done
2026-09-16 06:04:20,098 [INFO] 2015/2841 done
2026-09-16 06:04:20,125 [INFO] 2016/2841 done
2026-09-16 06:04:20,152 [INFO] 2017/2841 done
2026-09-16 06:04:20,179 [INFO] 2018/2841 done
2026-09-16 06:04:20,207 [INFO] 2019/2841 done
2026-09-16 06:04:20,234 [INFO] 2020/2841 done
2026-09-16 06:04:20,261 [INFO] 2021/2841 done
2026-09-16 06:04:20,289 [INFO] 2022/2841 done
2026-09-16 06:04:20,316 [INFO] 2023/2841 done
2026-09-16 06:04:20,344 [INFO] 2024/2841 done
2026-09-16 06:04:20,371 [INFO] 2025/2841 done
2026-09-16 06:04:20,399 [INFO] 2026/2841 done
2026-09-16 06:04:20,426 [INFO] 2027/2841 done
2026-09-16 06:04:20,453 [INFO] 2028/2841 done
2026-09-16 06:04:20,480 [INFO] 2029/2841 done
2026-09-16 06:04:20,507 [INFO] 2030/2841 done
2026-09-16 06:04:20,535 [INFO] 2031/2841 done
2026-09-16 06:04:20,562 [INFO] 2032/2841 done
2026-09-16 06:04:20,589 [INFO] 2033/2841 done
2026-09-16 06:04:20,617 [INFO] 2034/2841 done
2026-09-16 06:04:20,644 [INFO] 2035/2841 done
2026-09-16 06:04:20,671 [INFO] 2036/2841 done
2026-09-16 06:04:20,699 [INFO] 2037/2841 done
2026-09-16 06:04:20,726 [INFO] 2038/2841 done
2026-09-16 06:04:20,764 [INFO] 2039/2841 done
2026-09-16 06:04:20,791 [INFO] 2040/2841 done
2026-09-16 06:04:20,818 [INFO] 2041/2841 done
2026-09-16 06:04:20,845 [INFO] 2042/2841 done
2026-09-16 06:04:20,872 [INFO] 2043/2841 done
2026-09-16 06:04:20,900 [INFO] 2044/2841 done
2026-09-16 06:04:20,927 [INFO] 2045/2841 done
2026-09-16 06:04:20,954 [INFO] 2046/2841 done
2026-09-16 06:04:20,982 [INFO] 2047/2841 done
2026-09-16 06:04:21,009 [INFO] 2048/2841 done
2026-09-16 06:04:21,036 [INFO] 2049/2841 done
2026-09-16 06:04:21,063 [INFO] 2050/2841 done
2026-09-16 06:04:21,090 [INFO] 2051/2841 done
2026-09-16 06:04:21,118 [INFO] 2052/2841 done
2026-09-16 06:04:21,145 [INFO] 2053/2841 done
2026-09-16 06:04:21,173 [INFO] 2054/2841 done
2026-09-16 06:04:21,200 [INFO] 2055/2841 done
2026-09-16 06:04:21,227 [INFO] 2056/2841 done
2026-09-16 06:04:21,254 [INFO] 2057/2841 done
2026-09-16 06:04:21,282 [INFO] 2058/2841 done
2026-09-16 06:04:21,309 [INFO] 2059/2841 done
2026-09-16 06:04:21,336 [INFO] 2060/2841 done
2026-09-16 06:04:21,363 [INFO] 2061/2841 done
2026-09-16 06:04:21,390 [INFO] 2062/2841 done
2026-09-16 06:04:21,418 [INFO] 2063/2841 done
2026-09-16 06:04:21,445 [INFO] 2064/2841 done
2026-09-16 06:04:21,472 [INFO] 2065/2841 done
2026-09-16 06:04:21,499 [INFO] 2066/2841 done
2026-09-16 06:04:21,526 [INFO] 2067/2841 done
2026-09-16 06:04:21,553 [INFO] 2068/2841 done
2026-09-16 06:04:21,580 [INFO] 2069/2841 done
2026-09-16 06:04:21,607 [INFO] 2070/2841 done
2026-09-16 06:04:21,635 [INFO] 2071/2841 done
2026-09-16 06:04:21,662 [INFO] 2072/2841 done
2026-09-16 06:04:21,689 [INFO] 2073/2841 done
2026-09-16 06:04:21,717 [INFO] 2074/2841 done
2026-09-16 06:04:21,744 [INFO] 2075/2841 done
2026-09-16 06:04:21,772 [INFO] 2076/2841 done
2026-09-16 06:04:21,799 [INFO] 2077/2841 done
2026-09-16 06:04:21,826 [INFO] 2078/2841 done
2026-09-16 06:04:21,853 [INFO] 2079/2841 done
2026-09-16 06:04:21,881 [INFO] 2080/2841 done
2026-09-16 06:04:21,908 [INFO] 2081/2841 done
2026-09-16 06:04:21,935 [INFO] 2082/2841 done
2026-09-16 06:04:21,962 [INFO] 2083/2841 done
2026-09-16 06:04:21,990 [INFO] 2084/2841 done
2026-09-16 06:04:22,017 [INFO] 2085/2841 done
2026-09-16 06:04:22,044 [INFO] 2086/2841 done
2026-09-16 06:04:22,072 [INFO] 2087/2841 done
2026-09-16 06:04:22,099 [INFO] 2088/2841 done
2026-09-16 06:04:22,126 [INFO] 2089/2841 done
2026-09-16 06:04:22,153 [INFO] 2090/2841 done
2026-09-16 06:04:22,180 [INFO] 2091/2841 done
2026-09-16 06:04:22,208 [INFO] 2092/2841 done
2026-09-16 06:04:22,235 [INFO] 2093/2841 done
2026-09-16 06:04:22,262 [INFO] 2094/2841 done
2026-09-16 06:04:22,289 [INFO] 2095/2841 done
2026-09-16 06:04:22,316 [INFO] 2096/2841 done
2026-09-16 06:04:22,344 [INFO] 2097/2841 done
2026-09-16 06:04:22,371 [INFO] 2098/2841 done
2026-09-16 06:04:22,399 [INFO] 2099/2841 done
2026-09-16 06:04:22,426 [INFO] 2100/2841 done
2026-09-16 06:04:22,453 [INFO] 2101/2841 done
2026-09-16 06:04:22,480 [INFO] 2102/2841 done
2026-09-16 06:04:22,508 [INFO] 2103/2841 done
2026-09-16 06:04:22,535 [INFO] 2104/2841 done
2026-09-16 06:04:22,562 [INFO] 2105/2841 done
2026-09-16 06:04:22,590 [INFO] 2106/2841 done
2026-09-16 06:04:22,617 [INFO] 2107/2841 done
2026-09-16 06:04:22,644 [INFO] 2108/2841 done
2026-09-16 06:04:22,672 [INFO] 2109/2841 done
2026-09-16 06:04:22,699 [INFO] 2110/2841 done
2026-09-16 06:04:22,726 [INFO] 2111/2841 done
2026-09-16 06:04:22,754 [INFO] 2112/2841 done
2026-09-16 06:04:22,781 [INFO] 2113/2841 done
2026-09-16 06:04:22,808 [INFO] 2114/2841 done
2026-09-16 06:04:22,836 [INFO] 2115/2841 done
2026-09-16 06:04:22,863 [INFO] 2116/2841 done
2026-09-16 06:04:22,890 [INFO] 2117/2841 done
2026-09-16 06:04:22,918 [INFO] 2118/2841 done
2026-09-16 06:04:22,945 [INFO] 2119/2841 done
2026-09-16 06:04:22,972 [INFO] 2120/2841 done
2026-09-16 06:04:22,999 [INFO] 2121/2841 done
2026-09-16 06:04:23,027 [INFO] 2122/2841 done
2026-09-16 06:04:23,054 [INFO] 2123/2841 done
2026-09-16 06:04:23,081 [INFO] 2124/2841 done
2026-09-16 06:04:23,109 [INFO] 2125/2841 done
2026-09-16 06:04:23,136 [INFO] 2126/2841 done
2026-09-16 06:04:23,163 [INFO] 2127/2841 done
2026-09-16 06:04:23,190 [INFO] 2128/2841 done
2026-09-16 06:04:23,218 [INFO] 2129/2841 done
2026-09-16 06:04:23,245 [INFO] 2130/2841 done
2026-09-16 06:04:23,272 [INFO] 2131/2841 done
2026-09-16 06:04:23,300 [INFO] 2132/2841 done
2026-09-16 06:04:23,327 [INFO] 2133/2841 done
2026-09-16 06:04:23,354 [INFO] 2134/2841 done
2026-09-16 06:04:23,381 [INFO] 2135/2841 done
2026-09-16 06:04:23,409 [INFO] 2136/2841 done
2026-09-16 06:04:23,436 [INFO] 2137/2841 done
2026-09-16 06:04:23,463 [INFO] 2138/2841 done
2026-09-16 06:04:23,490 [INFO] 2139/2841 done
2026-09-16 06:04:23,517 [INFO] 2140/2841 done
2026-09-16 06:04:23,545 [INFO] 2141/2841 done
2026-09-16 06:04:23,572 [INFO] 2142/2841 done
2026-09-16 06:04:23,599 [INFO] 2143/2841 done
2026-09-16 06:04:23,626 [INFO] 2144/2841 done
2026-09-16 06:04:23,654 [INFO] 2145/2841 done
2026-09-16 06:04:23,681 [INFO] 2146/2841 done
2026-09-16 06:04:23,708 [INFO] 2147/2841 done
2026-09-16 06:04:23,736 [INFO] 2148/2841 done
2026-09-16 06:04:23,763 [INFO] 2149/2841 done
2026-09-16 06:04:23,791 [INFO] 2150/2841 done
2026-09-16 06:04:23,818 [INFO] 2151/2841 done
2026-09-16 06:04:23,845 [INFO] 2152/2841 done
2026-09-16 06:04:23,873 [INFO] 2153/2841 done
2026-09-16 06:04:23,900 [INFO] 2154/2841 done
2026-09-16 06:04:23,928 [INFO] 2155/2841 done
2026-09-16 06:04:23,955 [INFO] 2156/2841 done
2026-09-16 06:04:23,983 [INFO] 2157/2841 done
2026-09-16 06:04:24,010 [INFO] 2158/2841 done
2026-09-16 06:04:24,037 [INFO] 2159/2841 done
2026-09-16 06:04:24,064 [INFO] 2160/2841 done
2026-09-16 06:04:24,092 [INFO] 2161/2841 done
2026-09-16 06:04:24,119 [INFO] 2162/2841 done
2026-09-16 06:04:24,146 [INFO] 2163/2841 done
2026-09-16 06:04:24,173 [INFO] 2164/2841 done
2026-09-16 06:04:24,201 [INFO] 2165/2841 done
2026-09-16 06:04:24,228 [INFO] 2166/2841 done
2026-09-16 06:04:24,255 [INFO] 2167/2841 done
2026-09-16 06:04:24,283 [INFO] 2168/2841 done
2026-09-16 06:04:24,310 [INFO] 2169/2841 done
2026-09-16 06:04:24,338 [INFO] 2170/2841 done
2026-09-16 06:04:24,365 [INFO] 2171/2841 done
2026-09-16 06:04:24,392 [INFO] 2172/2841 done
2026-09-16 06:04:24,419 [INFO] 2173/2841 done
2026-09-16 06:04:24,446 [INFO] 2174/2841 done
2026-09-16 06:04:24,474 [INFO] 2175/2841 done
2026-09-16 06:04:24,501 [INFO] 2176/2841 done
2026-09-16 06:04:24,528 [INFO] 2177/2841 done
2026-09-16 06:04:24,555 [INFO] 2178/2841 done
2026-09-16 06:04:24,583 [INFO] 2179/2841 done
2026-09-16 06:04:24,610 [INFO] 2180/2841 done
2026-09-16 06:04:24,637 [INFO] 2181/2841 done
2026-09-16 06:04:24,665 [INFO] 2182/2841 done
2026-09-16 06:04:24,692 [INFO] 2183/2841 done
2026-09-16 06:04:24,719 [INFO] 2184/2841 done
2026-09-16 06:04:24,747 [INFO] 2185/2841 done
2026-09-16 06:04:24,774 [INFO] 2186/2841 done
2026-09-16 06:04:24,801 [INFO] 2187/2841 done
2026-09-16 06:04:24,828 [INFO] 2188/2841 done
2026-09-16 06:04:24,856 [INFO] 2189/2841 done
2026-09-16 06:04:24,883 [INFO] 2190/2841 done
2026-09-16 06:04:24,910 [INFO] 2191/2841 done
2026-09-16 06:04:24,937 [INFO] 2192/2841 done
2026-09-16 06:04:24,965 [INFO] 2193/2841 done
2026-09-16 06:04:24,992 [INFO] 2194/2841 done
2026-09-16 06:04:25,020 [INFO] 2195/2841 done
2026-09-16 06:04:25,047 [INFO] 2196/2841 done
2026-09-16 06:04:25,074 [INFO] 2197/2841 done
2026-09-16 06:04:25,101 [INFO] 2198/2841 done
2026-09-16 06:04:25,128 [INFO] 2199/2841 done
2026-09-16 06:04:25,156 [INFO] 2200/2841 done
2026-09-16 06:04:25,183 [INFO] 2201/2841 done
2026-09-16 06:04:25,210 [INFO] 2202/2841 done
2026-09-16 06:04:25,237 [INFO] 2203/2841 done
2026-09-16 06:04:25,265 [INFO] 2204/2841 done
2026-09-16 06:04:25,292 [INFO] 2205/2841 done
2026-09-16 06:04:25,319 [INFO] 2206/2841 done
2026-09-16 06:04:25,346 [INFO] 2207/2841 done
2026-09-16 06:04:25,373 [INFO] 2208/2841 done
2026-09-16 06:04:25,400 [INFO] 2209/2841 done
2026-09-16 06:04:25,428 [INFO] 2210/2841 done
2026-09-16 06:04:25,455 [INFO] 2211/2841 done
2026-09-16 06:04:25,482 [INFO] 2212/2841 done
2026-09-16 06:04:25,509 [INFO] 2213/2841 done
2026-09-16 06:04:25,537 [INFO] 2214/2841 done
2026-09-16 06:04:25,564 [INFO] 2215/2841 done
2026-09-16 06:04:25,591 [INFO] 2216/2841 done
2026-09-16 06:04:25,618 [INFO] 2217/2841 done
2026-09-16 06:04:25,646 [INFO] 2218/2841 done
2026-09-16 06:04:25,673 [INFO] 2219/2841 done
2026-09-16 06:04:25,700 [INFO] 2220/2841 done
2026-09-16 06:04:25,728 [INFO] 2221/2841 done
2026-09-16 06:04:25,755 [INFO] 2222/2841 done
2026-09-16 06:04:25,782 [INFO] 2223/2841 done
2026-09-16 06:04:25,809 [INFO] 2224/2841 done
2026-09-16 06:04:25,836 [INFO] 2225/2841 done
2026-09-16 06:04:25,863 [INFO] 2226/2841 done
2026-09-16 06:04:25,891 [INFO] 2227/2841 done
2026-09-16 06:04:25,918 [INFO] 2228/2841 done
2026-09-16 06:04:25,945 [INFO] 2229/2841 done
2026-09-16 06:04:25,972 [INFO] 2230/2841 done
2026-09-16 06:04:26,000 [INFO] 2231/2841 done
2026-09-16 06:04:26,027 [INFO] 2232/2841 done
2026-09-16 06:04:26,054 [INFO] 2233/2841 done
2026-09-16 06:04:26,081 [INFO] 2234/2841 done
2026-09-16 06:04:26,108 [INFO] 2235/2841 done
2026-09-16 06:04:26,136 [INFO] 2236/2841 done
2026-09-16 06:04:26,163 [INFO] 2237/2841 done
2026-09-16 06:04:26,190 [INFO] 2238/2841 done
2026-09-16 06:04:26,217 [INFO] 2239/2841 done
2026-09-16 06:04:26,244 [INFO] 2240/2841 done
2026-09-16 06:04:26,271 [INFO] 2241/2841 done
2026-09-16 06:04:26,298 [INFO] 2242/2841 done
2026-09-16 06:04:26,326 [INFO] 2243/2841 done
2026-09-16 06:04:26,353 [INFO] 2244/2841 done
2026-09-16 06:04:26,380 [INFO] 2245/2841 done
2026-09-16 06:04:26,407 [INFO] 2246/2841 done
2026-09-16 06:04:26,434 [INFO] 2247/2841 done
2026-09-16 06:04:26,462 [INFO] 2248/2841 done
2026-09-16 06:04:26,489 [INFO] 2249/2841 done
2026-09-16 06:04:26,516 [INFO] 2250/2841 done
2026-09-16 06:04:26,543 [INFO] 2251/2841 done
2026-09-16 06:04:26,570 [INFO] 2252/2841 done
2026-09-16 06:04:26,597 [INFO] 2253/2841 done
2026-09-16 06:04:26,624 [INFO] 2254/2841 done
2026-09-16 06:04:26,651 [INFO] 2255/2841 done
2026-09-16 06:04:26,679 [INFO] 2256/2841 done
2026-09-16 06:04:26,706 [INFO] 2257/2841 done
2026-09-16 06:04:26,734 [INFO] 2258/2841 done
2026-09-16 06:04:26,761 [INFO] 2259/2841 done
2026-09-16 06:04:26,788 [INFO] 2260/2841 done
2026-09-16 06:04:26,815 [INFO] 2261/2841 done
2026-09-16 06:04:26,842 [INFO] 2262/2841 done
2026-09-16 06:04:26,869 [INFO] 2263/2841 done
2026-09-16 06:04:26,896 [INFO] 2264/2841 done
2026-09-16 06:04:26,924 [INFO] 2265/2841 done
2026-09-16 06:04:26,951 [INFO] 2266/2841 done
2026-09-16 06:04:26,978 [INFO] 2267/2841 done
2026-09-16 06:04:27,005 [INFO] 2268/2841 done
2026-09-16 06:04:27,032 [INFO] 2269/2841 done
2026-09-16 06:04:27,060 [INFO] 2270/2841 done
2026-09-16 06:04:27,087 [INFO] 2271/2841 done
2026-09-16 06:04:27,114 [INFO] 2272/2841 done
2026-09-16 06:04:27,141 [INFO] 2273/2841 done
2026-09-16 06:04:27,168 [INFO] 2274/2841 done
2026-09-16 06:04:27,195 [INFO] 2275/2841 done
2026-09-16 06:04:27,223 [INFO] 2276/2841 done
2026-09-16 06:04:27,250 [INFO] 2277/2841 done
2026-09-16 06:04:27,277 [INFO] 2278/2841 done
2026-09-16 06:04:27,305 [INFO] 2279/2841 done
2026-09-16 06:04:27,332 [INFO] 2280/2841 done
2026-09-16 06:04:27,359 [INFO] 2281/2841 done
2026-09-16 06:04:27,387 [INFO] 2282/2841 done
2026-09-16 06:04:27,414 [INFO] 2283/2841 done
2026-09-16 06:04:27,441 [INFO] 2284/2841 done
2026-09-16 06:04:27,469 [INFO] 2285/2841 done
2026-09-16 06:04:27,496 [INFO] 2286/2841 done
2026-09-16 06:04:27,523 [INFO] 2287/2841 done
2026-09-16 06:04:27,550 [INFO] 2288/2841 done
2026-09-16 06:04:27,578 [INFO] 2289/2841 done
2026-09-16 06:04:27,605 [INFO] 2290/2841 done
2026-09-16 06:04:27,633 [INFO] 2291/2841 done
2026-09-16 06:04:27,660 [INFO] 2292/2841 done
2026-09-16 06:04:27,687 [INFO] 2293/2841 done
2026-09-16 06:04:27,714 [INFO] 2294/2841 done
2026-09-16 06:04:27,741 [INFO] 2295/2841 done
2026-09-16 06:04:27,769 [INFO] 2296/2841 done
2026-09-16 06:04:27,796 [INFO] 2297/2841 done
2026-09-16 06:04:27,823 [INFO] 2298/2841 done
2026-09-16 06:04:27,851 [INFO] 2299/2841 done
2026-09-16 06:04:27,878 [INFO] 2300/2841 done
2026-09-16 06:04:27,906 [INFO] 2301/2841 done
2026-09-16 06:04:27,932 [INFO] 2302/2841 done
2026-09-16 06:04:27,959 [INFO] 2303/2841 done
2026-09-16 06:04:27,987 [INFO] 2304/2841 done
2026-09-16 06:04:28,014 [INFO] 2305/2841 done
2026-09-16 06:04:28,041 [INFO] 2306/2841 done
2026-09-16 06:04:28,068 [INFO] 2307/2841 done
2026-09-16 06:04:28,095 [INFO] 2308/2841 done
2026-09-16 06:04:28,122 [INFO] 2309/2841 done
2026-09-16 06:04:28,149 [INFO] 2310/2841 done
2026-09-16 06:04:28,177 [INFO] 2311/2841 done
2026-09-16 06:04:28,204 [INFO] 2312/2841 done
2026-09-16 06:04:28,231 [INFO] 2313/2841 done
2026-09-16 06:04:28,258 [INFO] 2314/2841 done
2026-09-16 06:04:28,285 [INFO] 2315/2841 done
2026-09-16 06:04:28,312 [INFO] 2316/2841 done
2026-09-16 06:04:28,340 [INFO] 2317/2841 done
2026-09-16 06:04:28,367 [INFO] 2318/2841 done
2026-09-16 06:04:28,394 [INFO] 2319/2841 done
2026-09-16 06:04:28,422 [INFO] 2320/2841 done
2026-09-16 06:04:28,449 [INFO] 2321/2841 done
2026-09-16 06:04:28,476 [INFO] 2322/2841 done
2026-09-16 06:04:28,504 [INFO] 2323/2841 done
2026-09-16 06:04:28,532 [INFO] 2324/2841 done
2026-09-16 06:04:28,559 [INFO] 2325/2841 done
2026-09-16 06:04:28,586 [INFO] 2326/2841 done
2026-09-16 06:04:28,614 [INFO] 2327/2841 done
2026-09-16 06:04:28,641 [INFO] 2328/2841 done
2026-09-16 06:04:28,668 [INFO] 2329/2841 done
2026-09-16 06:04:28,696 [INFO] 2330/2841 done
2026-09-16 06:04:28,723 [INFO] 2331/2841 done
2026-09-16 06:04:28,750 [INFO] 2332/2841 done
2026-09-16 06:04:28,777 [INFO] 2333/2841 done
2026-09-16 06:04:28,804 [INFO] 2334/2841 done
2026-09-16 06:04:28,832 [INFO] 2335/2841 done
2026-09-16 06:04:28,859 [INFO] 2336/2841 done
2026-09-16 06:04:28,886 [INFO] 2337/2841 done
2026-09-16 06:04:28,914 [INFO] 2338/2841 done
2026-09-16 06:04:28,941 [INFO] 2339/2841 done
2026-09-16 06:04:28,968 [INFO] 2340/2841 done
2026-09-16 06:04:28,995 [INFO] 2341/2841 done
2026-09-16 06:04:29,022 [INFO] 2342/2841 done
2026-09-16 06:04:29,050 [INFO] 2343/2841 done
2026-09-16 06:04:29,077 [INFO] 2344/2841 done
2026-09-16 06:04:29,104 [INFO] 2345/2841 done
2026-09-16 06:04:29,132 [INFO] 2346/2841 done
2026-09-16 06:04:29,159 [INFO] 2347/2841 done
2026-09-16 06:04:29,186 [INFO] 2348/2841 done
2026-09-16 06:04:29,213 [INFO] 2349/2841 done
2026-09-16 06:04:29,241 [INFO] 2350/2841 done
2026-09-16 06:04:29,268 [INFO] 2351/2841 done
2026-09-16 06:04:29,296 [INFO] 2352/2841 done
2026-09-16 06:04:29,323 [INFO] 2353/2841 done
2026-09-16 06:04:29,350 [INFO] 2354/2841 done
2026-09-16 06:04:29,377 [INFO] 2355/2841 done
2026-09-16 06:04:29,404 [INFO] 2356/2841 done
2026-09-16 06:04:29,432 [INFO] 2357/2841 done
2026-09-16 06:04:29,459 [INFO] 2358/2841 done
2026-09-16 06:04:29,486 [INFO] 2359/2841 done
2026-09-16 06:04:29,513 [INFO] 2360/2841 done
2026-09-16 06:04:29,540 [INFO] 2361/2841 done
2026-09-16 06:04:29,567 [INFO] 2362/2841 done
2026-09-16 06:04:29,595 [INFO] 2363/2841 done
2026-09-16 06:04:29,622 [INFO] 2364/2841 done
2026-09-16 06:04:29,649 [INFO] 2365/2841 done
2026-09-16 06:04:29,676 [INFO] 2366/2841 done
2026-09-16 06:04:29,704 [INFO] 2367/2841 done
2026-09-16 06:04:29,731 [INFO] 2368/2841 done
2026-09-16 06:04:29,758 [INFO] 2369/2841 done
2026-09-16 06:04:29,785 [INFO] 2370/2841 done
2026-09-16 06:04:29,813 [INFO] 2371/2841 done
2026-09-16 06:04:29,840 [INFO] 2372/2841 done
2026-09-16 06:04:29,867 [INFO] 2373/2841 done
2026-09-16 06:04:29,894 [INFO] 2374/2841 done
2026-09-16 06:04:29,921 [INFO] 2375/2841 done
2026-09-16 06:04:29,948 [INFO] 2376/2841 done
2026-09-16 06:04:29,976 [INFO] 2377/2841 done
2026-09-16 06:04:30,003 [INFO] 2378/2841 done
2026-09-16 06:04:30,030 [INFO] 2379/2841 done
2026-09-16 06:04:30,057 [INFO] 2380/2841 done
2026-09-16 06:04:30,084 [INFO] 2381/2841 done
2026-09-16 06:04:30,112 [INFO] 2382/2841 done
2026-09-16 06:04:30,139 [INFO] 2383/2841 done
2026-09-16 06:04:30,166 [INFO] 2384/2841 done
2026-09-16 06:04:30,193 [INFO] 2385/2841 done
2026-09-16 06:04:30,220 [INFO] 2386/2841 done
2026-09-16 06:04:30,247 [INFO] 2387/2841 done
2026-09-16 06:04:30,275 [INFO] 2388/2841 done
2026-09-16 06:04:30,302 [INFO] 2389/2841 done
2026-09-16 06:04:30,329 [INFO] 2390/2841 done
2026-09-16 06:04:30,356 [INFO] 2391/2841 done
2026-09-16 06:04:30,383 [INFO] 2392/2841 done
2026-09-16 06:04:30,411 [INFO] 2393/2841 done
2026-09-16 06:04:30,438 [INFO] 2394/2841 done
2026-09-16 06:04:30,466 [INFO] 2395/2841 done
2026-09-16 06:04:30,493 [INFO] 2396/2841 done
2026-09-16 06:04:30,520 [INFO] 2397/2841 done
2026-09-16 06:04:30,547 [INFO] 2398/2841 done
2026-09-16 06:04:30,574 [INFO] 2399/2841 done
2026-09-16 06:04:30,602 [INFO] 2400/2841 done
2026-09-16 06:04:30,629 [INFO] 2401/2841 done
2026-09-16 06:04:30,656 [INFO] 2402/2841 done
2026-09-16 06:04:30,683 [INFO] 2403/2841 done
2026-09-16 06:04:30,711 [INFO] 2404/2841 done
2026-09-16 06:04:30,738 [INFO] 2405/2841 done
2026-09-16 06:04:30,765 [INFO] 2406/2841 done
2026-09-16 06:04:30,792 [INFO] 2407/2841 done
2026-09-16 06:04:30,819 [INFO] 2408/2841 done
2026-09-16 06:04:30,846 [INFO] 2409/2841 done
2026-09-16 06:04:30,874 [INFO] 2410/2841 done
2026-09-16 06:04:30,901 [INFO] 2411/2841 done
2026-09-16 06:04:30,928 [INFO] 2412/2841 done
2026-09-16 06:04:30,955 [INFO] 2413/2841 done
2026-09-16 06:04:30,982 [INFO] 2414/2841 done
2026-09-16 06:04:31,009 [INFO] 2415/2841 done
2026-09-16 06:04:31,037 [INFO] 2416/2841 done
2026-09-16 06:04:31,064 [INFO] 2417/2841 done
2026-09-16 06:04:31,091 [INFO] 2418/2841 done
2026-09-16 06:04:31,119 [INFO] 2419/2841 done
2026-09-16 06:04:31,146 [INFO] 2420/2841 done
2026-09-16 06:04:31,174 [INFO] 2421/2841 done
2026-09-16 06:04:31,201 [INFO] 2422/2841 done
2026-09-16 06:04:31,228 [INFO] 2423/2841 done
2026-09-16 06:04:31,256 [INFO] 2424/2841 done
2026-09-16 06:04:31,283 [INFO] 2425/2841 done
2026-09-16 06:04:31,310 [INFO] 2426/2841 done
2026-09-16 06:04:31,337 [INFO] 2427/2841 done
2026-09-16 06:04:31,364 [INFO] 2428/2841 done
2026-09-16 06:04:31,392 [INFO] 2429/2841 done
2026-09-16 06:04:31,419 [INFO] 2430/2841 done
2026-09-16 06:04:31,446 [INFO] 2431/2841 done
2026-09-16 06:04:31,473 [INFO] 2432/2841 done
2026-09-16 06:04:31,501 [INFO] 2433/2841 done
2026-09-16 06:04:31,528 [INFO] 2434/2841 done
2026-09-16 06:04:31,555 [INFO] 2435/2841 done
2026-09-16 06:04:31,583 [INFO] 2436/2841 done
2026-09-16 06:04:31,610 [INFO] 2437/2841 done
2026-09-16 06:04:31,637 [INFO] 2438/2841 done
2026-09-16 06:04:31,665 [INFO] 2439/2841 done
2026-09-16 06:04:31,692 [INFO] 2440/2841 done
2026-09-16 06:04:31,719 [INFO] 2441/2841 done
2026-09-16 06:04:31,747 [INFO] 2442/2841 done
2026-09-16 06:04:31,774 [INFO] 2443/2841 done
2026-09-16 06:04:31,801 [INFO] 2444/2841 done
2026-09-16 06:04:31,828 [INFO] 2445/2841 done
2026-09-16 06:04:31,856 [INFO] 2446/2841 done
2026-09-16 06:04:31,883 [INFO] 2447/2841 done
2026-09-16 06:04:31,910 [INFO] 2448/2841 done
2026-09-16 06:04:31,938 [INFO] 2449/2841 done
2026-09-16 06:04:31,964 [INFO] 2450/2841 done
2026-09-16 06:04:31,991 [INFO] 2451/2841 done
2026-09-16 06:04:32,018 [INFO] 2452/2841 done
2026-09-16 06:04:32,046 [INFO] 2453/2841 done
2026-09-16 06:04:32,074 [INFO] 2454/2841 done
2026-09-16 06:04:32,102 [INFO] 2455/2841 done
2026-09-16 06:04:32,129 [INFO] 2456/2841 done
2026-09-16 06:04:32,157 [INFO] 2457/2841 done
2026-09-16 06:04:32,185 [INFO] 2458/2841 done
2026-09-16 06:04:32,213 [INFO] 2459/2841 done
2026-09-16 06:04:32,240 [INFO] 2460/2841 done
2026-09-16 06:04:32,268 [INFO] 2461/2841 done
2026-09-16 06:04:32,296 [INFO] 2462/2841 done
2026-09-16 06:04:32,323 [INFO] 2463/2841 done
2026-09-16 06:04:32,351 [INFO] 2464/2841 done
2026-09-16 06:04:32,379 [INFO] 2465/2841 done
2026-09-16 06:04:32,406 [INFO] 2466/2841 done
2026-09-16 06:04:32,433 [INFO] 2467/2841 done
2026-09-16 06:04:32,461 [INFO] 2468/2841 done
2026-09-16 06:04:32,489 [INFO] 2469/2841 done
2026-09-16 06:04:32,516 [INFO] 2470/2841 done
2026-09-16 06:04:32,544 [INFO] 2471/2841 done
2026-09-16 06:04:32,572 [INFO] 2472/2841 done
2026-09-16 06:04:32,599 [INFO] 2473/2841 done
2026-09-16 06:04:32,627 [INFO] 2474/2841 done
2026-09-16 06:04:32,654 [INFO] 2475/2841 done
2026-09-16 06:04:32,682 [INFO] 2476/2841 done
2026-09-16 06:04:32,710 [INFO] 2477/2841 done
2026-09-16 06:04:32,737 [INFO] 2478/2841 done
2026-09-16 06:04:32,765 [INFO] 2479/2841 done
2026-09-16 06:04:32,792 [INFO] 2480/2841 done
2026-09-16 06:04:32,821 [INFO] 2481/2841 done
2026-09-16 06:04:32,849 [INFO] 2482/2841 done
2026-09-16 06:04:32,876 [INFO] 2483/2841 done
2026-09-16 06:04:32,903 [INFO] 2484/2841 done
2026-09-16 06:04:32,931 [INFO] 2485/2841 done
2026-09-16 06:04:32,958 [INFO] 2486/2841 done
2026-09-16 06:04:32,985 [INFO] 2487/2841 done
2026-09-16 06:04:33,013 [INFO] 2488/2841 done
2026-09-16 06:04:33,040 [INFO] 2489/2841 done
2026-09-16 06:04:33,068 [INFO] 2490/2841 done
2026-09-16 06:04:33,095 [INFO] 2491/2841 done
2026-09-16 06:04:33,123 [INFO] 2492/2841 done
2026-09-16 06:04:33,150 [INFO] 2493/2841 done
2026-09-16 06:04:33,178 [INFO] 2494/2841 done
2026-09-16 06:04:33,205 [INFO] 2495/2841 done
2026-09-16 06:04:33,233 [INFO] 2496/2841 done
2026-09-16 06:04:33,261 [INFO] 2497/2841 done
2026-09-16 06:04:33,288 [INFO] 2498/2841 done
2026-09-16 06:04:33,316 [INFO] 2499/2841 done
2026-09-16 06:04:33,343 [INFO] 2500/2841 done
2026-09-16 06:04:33,370 [INFO] 2501/2841 done
2026-09-16 06:04:33,398 [INFO] 2502/2841 done
2026-09-16 06:04:33,426 [INFO] 2503/2841 done
2026-09-16 06:04:33,453 [INFO] 2504/2841 done
2026-09-16 06:04:33,480 [INFO] 2505/2841 done
2026-09-16 06:04:33,507 [INFO] 2506/2841 done
2026-09-16 06:04:33,535 [INFO] 2507/2841 done
2026-09-16 06:04:33,562 [INFO] 2508/2841 done
2026-09-16 06:04:33,590 [INFO] 2509/2841 done
2026-09-16 06:04:33,617 [INFO] 2510/2841 done
2026-09-16 06:04:33,644 [INFO] 2511/2841 done
2026-09-16 06:04:33,672 [INFO] 2512/2841 done
2026-09-16 06:04:33,699 [INFO] 2513/2841 done
2026-09-16 06:04:33,726 [INFO] 2514/2841 done
2026-09-16 06:04:33,754 [INFO] 2515/2841 done
2026-09-16 06:04:33,781 [INFO] 2516/2841 done
2026-09-16 06:04:33,808 [INFO] 2517/2841 done
2026-09-16 06:04:33,836 [INFO] 2518/2841 done
2026-09-16 06:04:33,863 [INFO] 2519/2841 done
2026-09-16 06:04:33,891 [INFO] 2520/2841 done
2026-09-16 06:04:33,918 [INFO] 2521/2841 done
2026-09-16 06:04:33,946 [INFO] 2522/2841 done
2026-09-16 06:04:33,973 [INFO] 2523/2841 done
2026-09-16 06:04:34,000 [INFO] 2524/2841 done
2026-09-16 06:04:34,027 [INFO] 2525/2841 done
2026-09-16 06:04:34,055 [INFO] 2526/2841 done
2026-09-16 06:04:34,083 [INFO] 2527/2841 done
2026-09-16 06:04:34,110 [INFO] 2528/2841 done
2026-09-16 06:04:34,137 [INFO] 2529/2841 done
2026-09-16 06:04:34,165 [INFO] 2530/2841 done
2026-09-16 06:04:34,192 [INFO] 2531/2841 done
2026-09-16 06:04:34,220 [INFO] 2532/2841 done
2026-09-16 06:04:34,247 [INFO] 2533/2841 done
2026-09-16 06:04:34,274 [INFO] 2534/2841 done
2026-09-16 06:04:34,302 [INFO] 2535/2841 done
2026-09-16 06:04:34,329 [INFO] 2536/2841 done
2026-09-16 06:04:34,357 [INFO] 2537/2841 done
2026-09-16 06:04:34,384 [INFO] 2538/2841 done
2026-09-16 06:04:34,412 [INFO] 2539/2841 done
2026-09-16 06:04:34,439 [INFO] 2540/2841 done
2026-09-16 06:04:34,467 [INFO] 2541/2841 done
2026-09-16 06:04:34,494 [INFO] 2542/2841 done
2026-09-16 06:04:34,522 [INFO] 2543/2841 done
2026-09-16 06:04:34,550 [INFO] 2544/2841 done
2026-09-16 06:04:34,578 [INFO] 2545/2841 done
2026-09-16 06:04:34,606 [INFO] 2546/2841 done
2026-09-16 06:04:34,633 [INFO] 2547/2841 done
2026-09-16 06:04:34,660 [INFO] 2548/2841 done
2026-09-16 06:04:34,688 [INFO] 2549/2841 done
2026-09-16 06:04:34,716 [INFO] 2550/2841 done
2026-09-16 06:04:34,743 [INFO] 2551/2841 done
2026-09-16 06:04:34,770 [INFO] 2552/2841 done
2026-09-16 06:04:34,797 [INFO] 2553/2841 done
2026-09-16 06:04:34,824 [INFO] 2554/2841 done
2026-09-16 06:04:34,852 [INFO] 2555/2841 done
2026-09-16 06:04:34,879 [INFO] 2556/2841 done
2026-09-16 06:04:34,907 [INFO] 2557/2841 done
2026-09-16 06:04:34,934 [INFO] 2558/2841 done
2026-09-16 06:04:34,962 [INFO] 2559/2841 done
2026-09-16 06:04:34,989 [INFO] 2560/2841 done
2026-09-16 06:04:35,017 [INFO] 2561/2841 done
2026-09-16 06:04:35,044 [INFO] 2562/2841 done
2026-09-16 06:04:35,071 [INFO] 2563/2841 done
2026-09-16 06:04:35,099 [INFO] 2564/2841 done
2026-09-16 06:04:35,127 [INFO] 2565/2841 done
2026-09-16 06:04:35,154 [INFO] 2566/2841 done
2026-09-16 06:04:35,181 [INFO] 2567/2841 done
2026-09-16 06:04:35,209 [INFO] 2568/2841 done
2026-09-16 06:04:35,236 [INFO] 2569/2841 done
2026-09-16 06:04:35,263 [INFO] 2570/2841 done
2026-09-16 06:04:35,290 [INFO] 2571/2841 done
2026-09-16 06:04:35,318 [INFO] 2572/2841 done
2026-09-16 06:04:35,345 [INFO] 2573/2841 done
2026-09-16 06:04:35,372 [INFO] 2574/2841 done
2026-09-16 06:04:35,400 [INFO] 2575/2841 done
2026-09-16 06:04:35,427 [INFO] 2576/2841 done
2026-09-16 06:04:35,454 [INFO] 2577/2841 done
2026-09-16 06:04:35,481 [INFO] 2578/2841 done
2026-09-16 06:04:35,508 [INFO] 2579/2841 done
2026-09-16 06:04:35,535 [INFO] 2580/2841 done
2026-09-16 06:04:35,563 [INFO] 2581/2841 done
2026-09-16 06:04:35,590 [INFO] 2582/2841 done
2026-09-16 06:04:35,618 [INFO] 2583/2841 done
2026-09-16 06:04:35,645 [INFO] 2584/2841 done
2026-09-16 06:04:35,672 [INFO] 2585/2841 done
2026-09-16 06:04:35,700 [INFO] 2586/2841 done
2026-09-16 06:04:35,727 [INFO] 2587/2841 done
2026-09-16 06:04:35,755 [INFO] 2588/2841 done
2026-09-16 06:04:35,782 [INFO] 2589/2841 done
2026-09-16 06:04:35,809 [INFO] 2590/2841 done
2026-09-16 06:04:35,837 [INFO] 2591/2841 done
2026-09-16 06:04:35,864 [INFO] 2592/2841 done
2026-09-16 06:04:35,892 [INFO] 2593/2841 done
2026-09-16 06:04:35,919 [INFO] 2594/2841 done
2026-09-16 06:04:35,946 [INFO] 2595/2841 done
2026-09-16 06:04:35,974 [INFO] 2596/2841 done
2026-09-16 06:04:36,001 [INFO] 2597/2841 done
2026-09-16 06:04:36,028 [INFO] 2598/2841 done
2026-09-16 06:04:36,055 [INFO] 2599/2841 done
2026-09-16 06:04:36,082 [INFO] 2600/2841 done
2026-09-16 06:04:36,110 [INFO] 2601/2841 done
2026-09-16 06:04:36,137 [INFO] 2602/2841 done
2026-09-16 06:04:36,165 [INFO] 2603/2841 done
2026-09-16 06:04:36,192 [INFO] 2604/2841 done
2026-09-16 06:04:36,220 [INFO] 2605/2841 done
2026-09-16 06:04:36,248 [INFO] 2606/2841 done
2026-09-16 06:04:36,275 [INFO] 2607/2841 done
2026-09-16 06:04:36,303 [INFO] 2608/2841 done
2026-09-16 06:04:36,330 [INFO] 2609/2841 done
2026-09-16 06:04:36,358 [INFO] 2610/2841 done
2026-09-16 06:04:36,385 [INFO] 2611/2841 done
2026-09-16 06:04:36,413 [INFO] 2612/2841 done
2026-09-16 06:04:36,440 [INFO] 2613/2841 done
2026-09-16 06:04:36,468 [INFO] 2614/2841 done
2026-09-16 06:04:36,495 [INFO] 2615/2841 done
2026-09-16 06:04:36,523 [INFO] 2616/2841 done
2026-09-16 06:04:36,550 [INFO] 2617/2841 done
2026-09-16 06:04:36,577 [INFO] 2618/2841 done
2026-09-16 06:04:36,605 [INFO] 2619/2841 done
2026-09-16 06:04:36,632 [INFO] 2620/2841 done
2026-09-16 06:04:36,660 [INFO] 2621/2841 done
2026-09-16 06:04:36,687 [INFO] 2622/2841 done
2026-09-16 06:04:36,714 [INFO] 2623/2841 done
2026-09-16 06:04:36,742 [INFO] 2624/2841 done
2026-09-16 06:04:36,769 [INFO] 2625/2841 done
2026-09-16 06:04:36,796 [INFO] 2626/2841 done
2026-09-16 06:04:36,824 [INFO] 2627/2841 done
2026-09-16 06:04:36,852 [INFO] 2628/2841 done
2026-09-16 06:04:36,880 [INFO] 2629/2841 done
2026-09-16 06:04:36,907 [INFO] 2630/2841 done
2026-09-16 06:04:36,935 [INFO] 2631/2841 done
2026-09-16 06:04:36,962 [INFO] 2632/2841 done
2026-09-16 06:04:36,989 [INFO] 2633/2841 done
2026-09-16 06:04:37,017 [INFO] 2634/2841 done
2026-09-16 06:04:37,044 [INFO] 2635/2841 done
2026-09-16 06:04:37,072 [INFO] 2636/2841 done
2026-09-16 06:04:37,099 [INFO] 2637/2841 done
2026-09-16 06:04:37,127 [INFO] 2638/2841 done
2026-09-16 06:04:37,154 [INFO] 2639/2841 done
2026-09-16 06:04:37,182 [INFO] 2640/2841 done
2026-09-16 06:04:37,210 [INFO] 2641/2841 done
2026-09-16 06:04:37,238 [INFO] 2642/2841 done
2026-09-16 06:04:37,265 [INFO] 2643/2841 done
2026-09-16 06:04:37,293 [INFO] 2644/2841 done
2026-09-16 06:04:37,320 [INFO] 2645/2841 done
2026-09-16 06:04:37,348 [INFO] 2646/2841 done
2026-09-16 06:04:37,375 [INFO] 2647/2841 done
2026-09-16 06:04:37,403 [INFO] 2648/2841 done
2026-09-16 06:04:37,431 [INFO] 2649/2841 done
2026-09-16 06:04:37,458 [INFO] 2650/2841 done
2026-09-16 06:04:37,486 [INFO] 2651/2841 done
2026-09-16 06:04:37,514 [INFO] 2652/2841 done
2026-09-16 06:04:37,541 [INFO] 2653/2841 done
2026-09-16 06:04:37,569 [INFO] 2654/2841 done
2026-09-16 06:04:37,596 [INFO] 2655/2841 done
2026-09-16 06:04:37,624 [INFO] 2656/2841 done
2026-09-16 06:04:37,652 [INFO] 2657/2841 done
2026-09-16 06:04:37,680 [INFO] 2658/2841 done
2026-09-16 06:04:37,707 [INFO] 2659/2841 done
2026-09-16 06:04:37,735 [INFO] 2660/2841 done
2026-09-16 06:04:37,762 [INFO] 2661/2841 done
2026-09-16 06:04:37,789 [INFO] 2662/2841 done
2026-09-16 06:04:37,817 [INFO] 2663/2841 done
2026-09-16 06:04:37,845 [INFO] 2664/2841 done
2026-09-16 06:04:37,873 [INFO] 2665/2841 done
2026-09-16 06:04:37,900 [INFO] 2666/2841 done
2026-09-16 06:04:37,928 [INFO] 2667/2841 done
2026-09-16 06:04:37,955 [INFO] 2668/2841 done
2026-09-16 06:04:37,983 [INFO] 2669/2841 done
2026-09-16 06:04:38,011 [INFO] 2670/2841 done
2026-09-16 06:04:38,038 [INFO] 2671/2841 done
2026-09-16 06:04:38,066 [INFO] 2672/2841 done
2026-09-16 06:04:38,093 [INFO] 2673/2841 done
2026-09-16 06:04:38,121 [INFO] 2674/2841 done
2026-09-16 06:04:38,148 [INFO] 2675/2841 done
2026-09-16 06:04:38,175 [INFO] 2676/2841 done
2026-09-16 06:04:38,202 [INFO] 2677/2841 done
2026-09-16 06:04:38,230 [INFO] 2678/2841 done
2026-09-16 06:04:38,257 [INFO] 2679/2841 done
2026-09-16 06:04:38,285 [INFO] 2680/2841 done
2026-09-16 06:04:38,313 [INFO] 2681/2841 done
2026-09-16 06:04:38,340 [INFO] 2682/2841 done
2026-09-16 06:04:38,368 [INFO] 2683/2841 done
2026-09-16 06:04:38,395 [INFO] 2684/2841 done
2026-09-16 06:04:38,423 [INFO] 2685/2841 done
2026-09-16 06:04:38,451 [INFO] 2686/2841 done
2026-09-16 06:04:38,479 [INFO] 2687/2841 done
2026-09-16 06:04:38,506 [INFO] 2688/2841 done
2026-09-16 06:04:38,534 [INFO] 2689/2841 done
2026-09-16 06:04:38,561 [INFO] 2690/2841 done
2026-09-16 06:04:38,588 [INFO] 2691/2841 done
2026-09-16 06:04:38,616 [INFO] 2692/2841 done
2026-09-16 06:04:38,643 [INFO] 2693/2841 done
2026-09-16 06:04:38,671 [INFO] 2694/2841 done
2026-09-16 06:04:38,698 [INFO] 2695/2841 done
2026-09-16 06:04:38,725 [INFO] 2696/2841 done
2026-09-16 06:04:38,753 [INFO] 2697/2841 done
2026-09-16 06:04:38,781 [INFO] 2698/2841 done
2026-09-16 06:04:38,809 [INFO] 2699/2841 done
2026-09-16 06:04:38,836 [INFO] 2700/2841 done
2026-09-16 06:04:38,864 [INFO] 2701/2841 done
2026-09-16 06:04:38,892 [INFO] 2702/2841 done
2026-09-16 06:04:38,920 [INFO] 2703/2841 done
2026-09-16 06:04:38,948 [INFO] 2704/2841 done
2026-09-16 06:04:38,975 [INFO] 2705/2841 done
2026-09-16 06:04:39,003 [INFO] 2706/2841 done
2026-09-16 06:04:39,031 [INFO] 2707/2841 done
2026-09-16 06:04:39,059 [INFO] 2708/2841 done
2026-09-16 06:04:39,086 [INFO] 2709/2841 done
2026-09-16 06:04:39,114 [INFO] 2710/2841 done
2026-09-16 06:04:39,141 [INFO] 2711/2841 done
2026-09-16 06:04:39,169 [INFO] 2712/2841 done
2026-09-16 06:04:39,197 [INFO] 2713/2841 done
2026-09-16 06:04:39,224 [INFO] 2714/2841 done
2026-09-16 06:04:39,252 [INFO] 2715/2841 done
2026-09-16 06:04:39,279 [INFO] 2716/2841 done
2026-09-16 06:04:39,306 [INFO] 2717/2841 done
2026-09-16 06:04:39,334 [INFO] 2718/2841 done
2026-09-16 06:04:39,361 [INFO] 2719/2841 done
2026-09-16 06:04:39,389 [INFO] 2720/2841 done
2026-09-16 06:04:39,416 [INFO] 2721/2841 done
2026-09-16 06:04:39,444 [INFO] 2722/2841 done
2026-09-16 06:04:39,472 [INFO] 2723/2841 done
2026-09-16 06:04:39,499 [INFO] 2724/2841 done
2026-09-16 06:04:39,527 [INFO] 2725/2841 done
2026-09-16 06:04:39,555 [INFO] 2726/2841 done
2026-09-16 06:04:39,582 [INFO] 2727/2841 done
2026-09-16 06:04:39,610 [INFO] 2728/2841 done
2026-09-16 06:04:39,638 [INFO] 2729/2841 done
2026-09-16 06:04:39,665 [INFO] 2730/2841 done
2026-09-16 06:04:39,693 [INFO] 2731/2841 done
2026-09-16 06:04:39,720 [INFO] 2732/2841 done
2026-09-16 06:04:39,747 [INFO] 2733/2841 done
2026-09-16 06:04:39,774 [INFO] 2734/2841 done
2026-09-16 06:04:39,802 [INFO] 2735/2841 done
2026-09-16 06:04:39,829 [INFO] 2736/2841 done
2026-09-16 06:04:39,857 [INFO] 2737/2841 done
2026-09-16 06:04:39,884 [INFO] 2738/2841 done
2026-09-16 06:04:39,911 [INFO] 2739/2841 done
2026-09-16 06:04:39,938 [INFO] 2740/2841 done
2026-09-16 06:04:39,965 [INFO] 2741/2841 done
2026-09-16 06:04:39,993 [INFO] 2742/2841 done
2026-09-16 06:04:40,020 [INFO] 2743/2841 done
2026-09-16 06:04:40,047 [INFO] 2744/2841 done
2026-09-16 06:04:40,074 [INFO] 2745/2841 done
2026-09-16 06:04:40,102 [INFO] 2746/2841 done
2026-09-16 06:04:40,129 [INFO] 2747/2841 done
2026-09-16 06:04:40,157 [INFO] 2748/2841 done
2026-09-16 06:04:40,184 [INFO] 2749/2841 done
2026-09-16 06:04:40,211 [INFO] 2750/2841 done
2026-09-16 06:04:40,238 [INFO] 2751/2841 done
2026-09-16 06:04:40,266 [INFO] 2752/2841 done
2026-09-16 06:04:40,293 [INFO] 2753/2841 done
2026-09-16 06:04:40,321 [INFO] 2754/2841 done
2026-09-16 06:04:40,348 [INFO] 2755/2841 done
2026-09-16 06:04:40,375 [INFO] 2756/2841 done
2026-09-16 06:04:40,403 [INFO] 2757/2841 done
2026-09-16 06:04:40,430 [INFO] 2758/2841 done
2026-09-16 06:04:40,458 [INFO] 2759/2841 done
2026-09-16 06:04:40,485 [INFO] 2760/2841 done
2026-09-16 06:04:40,513 [INFO] 2761/2841 done
2026-09-16 06:04:40,540 [INFO] 2762/2841 done
2026-09-16 06:04:40,568 [INFO] 2763/2841 done
2026-09-16 06:04:40,595 [INFO] 2764/2841 done
2026-09-16 06:04:40,622 [INFO] 2765/2841 done
2026-09-16 06:04:40,650 [INFO] 2766/2841 done
2026-09-16 06:04:40,677 [INFO] 2767/2841 done
2026-09-16 06:04:40,705 [INFO] 2768/2841 done
2026-09-16 06:04:40,732 [INFO] 2769/2841 done
2026-09-16 06:04:40,760 [INFO] 2770/2841 done
2026-09-16 06:04:40,787 [INFO] 2771/2841 done
2026-09-16 06:04:40,815 [INFO] 2772/2841 done
2026-09-16 06:04:40,843 [INFO] 2773/2841 done
2026-09-16 06:04:40,871 [INFO] 2774/2841 done
2026-09-16 06:04:40,898 [INFO] 2775/2841 done
2026-09-16 06:04:40,926 [INFO] 2776/2841 done
2026-09-16 06:04:40,953 [INFO] 2777/2841 done
2026-09-16 06:04:40,981 [INFO] 2778/2841 done
2026-09-16 06:04:41,008 [INFO] 2779/2841 done
2026-09-16 06:04:41,035 [INFO] 2780/2841 done
2026-09-16 06:04:41,062 [INFO] 2781/2841 done
2026-09-16 06:04:41,090 [INFO] 2782/2841 done
2026-09-16 06:04:41,117 [INFO] 2783/2841 done
2026-09-16 06:04:41,144 [INFO] 2784/2841 done
2026-09-16 06:04:41,172 [INFO] 2785/2841 done
2026-09-16 06:04:41,199 [INFO] 2786/2841 done
2026-09-16 06:04:41,227 [INFO] 2787/2841 done
2026-09-16 06:04:41,254 [INFO] 2788/2841 done
2026-09-16 06:04:41,281 [INFO] 2789/2841 done
2026-09-16 06:04:41,308 [INFO] 2790/2841 done
2026-09-16 06:04:41,335 [INFO] 2791/2841 done
2026-09-16 06:04:41,363 [INFO] 2792/2841 done
2026-09-16 06:04:41,391 [INFO] 2793/2841 done
2026-09-16 06:04:41,418 [INFO] 2794/2841 done
2026-09-16 06:04:41,445 [INFO] 2795/2841 done
2026-09-16 06:04:41,473 [INFO] 2796/2841 done
2026-09-16 06:04:41,500 [INFO] 2797/2841 done
2026-09-16 06:04:41,528 [INFO] 2798/2841 done
2026-09-16 06:04:41,555 [INFO] 2799/2841 done
2026-09-16 06:04:41,582 [INFO] 2800/2841 done
2026-09-16 06:04:41,610 [INFO] 2801/2841 done
2026-09-16 06:04:41,637 [INFO] 2802/2841 done
2026-09-16 06:04:41,664 [INFO] 2803/2841 done
2026-09-16 06:04:41,692 [INFO] 2804/2841 done
2026-09-16 06:04:41,719 [INFO] 2805/2841 done
2026-09-16 06:04:41,747 [INFO] 2806/2841 done
2026-09-16 06:04:41,774 [INFO] 2807/2841 done
2026-09-16 06:04:41,802 [INFO] 2808/2841 done
2026-09-16 06:04:41,829 [INFO] 2809/2841 done
2026-09-16 06:04:41,856 [INFO] 2810/2841 done
2026-09-16 06:04:41,883 [INFO] 2811/2841 done
2026-09-16 06:04:41,911 [INFO] 2812/2841 done
2026-09-16 06:04:41,939 [INFO] 2813/2841 done
2026-09-16 06:04:41,966 [INFO] 2814/2841 done
2026-09-16 06:04:41,993 [INFO] 2815/2841 done
2026-09-16 06:04:42,021 [INFO] 2816/2841 done
2026-09-16 06:04:42,048 [INFO] 2817/2841 done
2026-09-16 06:04:42,075 [INFO] 2818/2841 done
2026-09-16 06:04:42,102 [INFO] 2819/2841 done
2026-09-16 06:04:42,129 [INFO] 2820/2841 done
2026-09-16 06:04:42,156 [INFO] 2821/2841 done
2026-09-16 06:04:42,184 [INFO] 2822/2841 done
2026-09-16 06:04:42,211 [INFO] 2823/2841 done
2026-09-16 06:04:42,239 [INFO] 2824/2841 done
2026-09-16 06:04:42,266 [INFO] 2825/2841 done
2026-09-16 06:04:42,293 [INFO] 2826/2841 done
2026-09-16 06:04:42,321 [INFO] 2827/2841 done
2026-09-16 06:04:42,349 [INFO] 2828/2841 done
2026-09-16 06:04:42,377 [INFO] 2829/2841 done
2026-09-16 06:04:42,404 [INFO] 2830/2841 done
2026-09-16 06:04:42,432 [INFO] 2831/2841 done
2026-09-16 06:04:42,460 [INFO] 2832/2841 done
2026-09-16 06:04:42,487 [INFO] 2833/2841 done
2026-09-16 06:04:42,515 [INFO] 2834/2841 done
2026-09-16 06:04:42,543 [INFO] 2835/2841 done
2026-09-16 06:04:42,571 [INFO] 2836/2841 done
2026-09-16 06:04:42,598 [INFO] 2837/2841 done
2026-09-16 06:04:42,626 [INFO] 2838/2841 done
2026-09-16 06:04:42,654 [INFO] 2839/2841 done
2026-09-16 06:04:42,681 [INFO] 2840/2841 done
2026-09-16 06:04:42,709 [INFO] 2841/2841 done
2026-09-16 06:04:42,723 [INFO] Total Inference Time:   82.75 s
2026-09-16 06:04:42,724 [INFO] Avg Latency per Sample: 0.0291 s
2026-09-16 06:04:42,787 [INFO] Accuracy:        0.7036
2026-09-16 06:04:42,787 [INFO] Macro-F1:        0.6471
2026-09-16 06:04:42,787 [INFO] Weighted-F1:     0.6688
2026-09-16 06:04:42,787 [INFO] Macro-Precision: 0.7645
2026-09-16 06:04:42,787 [INFO] Macro-Recall:    0.6576
2026-09-16 06:04:43,054 [INFO] Saved: RESULT_f-droid_roberta-large-mnli_zeroshot.xlsx
                   precision    recall  f1-score   support

          CRASHES       0.86      0.36      0.51      1202
FEATURE & UI BUGS       0.67      0.96      0.79      1639

         accuracy                           0.70      2841
        macro avg       0.76      0.66      0.65      2841
     weighted avg       0.75      0.70      0.67      2841

