/home/ubuntu/.local/lib/python3.10/site-packages/torch/cuda/__init__.py:68: FutureWarning: The pynvml package is deprecated. Please install nvidia-ml-py instead. If you did not install pynvml directly, please report this to the maintainers of the package that installed pynvml for you.
  import pynvml  # type: ignore[import]
/usr/lib/python3/dist-packages/scipy/__init__.py:146: UserWarning: A NumPy version >=1.17.3 and <1.25.0 is required for this version of SciPy (detected version 1.26.4
  warnings.warn(f"A NumPy version >={np_minversion} and <{np_maxversion}"
2026-09-16 06:01:49,409 [INFO] Model: distilbert-base-uncased | Family: embedding | Dataset: f-droid
2026-09-16 06:01:49,737 [INFO] Gold label mapping applied: ['1', '2'] -> ['CRASHES', 'FEATURE & UI BUGS']
2026-09-16 06:01:49,737 [INFO] Loaded 'f-droid' — 2841 rows
2026-09-16 06:01:49,737 [INFO] Starting inference — Family: embedding
2026-09-16 06:01:52,412 [INFO] HTTP Request: HEAD https://huggingface.co/distilbert-base-uncased/resolve/main/config.json "HTTP/1.1 200 OK"
2026-09-16 06:01:52,439 [INFO] HTTP Request: HEAD https://huggingface.co/distilbert-base-uncased/resolve/main/tokenizer_config.json "HTTP/1.1 200 OK"
2026-09-16 06:01:52,469 [INFO] HTTP Request: GET https://huggingface.co/api/models/distilbert-base-uncased/tree/main/additional_chat_templates?recursive=false&expand=false "HTTP/1.1 307 Temporary Redirect"
2026-09-16 06:01:52,488 [INFO] HTTP Request: GET https://huggingface.co/api/models/distilbert/distilbert-base-uncased/tree/main/additional_chat_templates?recursive=false&expand=false "HTTP/1.1 404 Not Found"
2026-09-16 06:01:52,507 [INFO] HTTP Request: GET https://huggingface.co/api/models/distilbert-base-uncased/tree/main?recursive=true&expand=false "HTTP/1.1 307 Temporary Redirect"
2026-09-16 06:01:52,530 [INFO] HTTP Request: GET https://huggingface.co/api/models/distilbert/distilbert-base-uncased/tree/main?recursive=true&expand=false "HTTP/1.1 200 OK"
2026-09-16 06:01:52,619 [INFO] HTTP Request: HEAD https://huggingface.co/distilbert-base-uncased/resolve/main/config.json "HTTP/1.1 200 OK"
2026-09-16 06:01:52,882 [INFO] HTTP Request: HEAD https://huggingface.co/distilbert-base-uncased/resolve/main/config.json "HTTP/1.1 200 OK"
Loading weights:   0%|          | 0/100 [00:00<?, ?it/s]Loading weights: 100%|██████████| 100/100 [00:00<00:00, 4941.51it/s]
[transformers] [1mDistilBertModel LOAD REPORT[0m from: distilbert-base-uncased
Key                     | Status     | Details
------------------------+------------+--------
vocab_layer_norm.bias   | UNEXPECTED |        
vocab_projector.bias    | UNEXPECTED |        
vocab_transform.weight  | UNEXPECTED |        
vocab_transform.bias    | UNEXPECTED |        
vocab_layer_norm.weight | UNEXPECTED |        

Notes:
- UNEXPECTED:	can be ignored when loading from different task/architecture; not ok if you expect identical arch.
2026-09-16 06:01:53,302 [INFO] Loaded AutoModel (mean_pool): distilbert-base-uncased
2026-09-16 06:01:53,652 [INFO] 1/2841 done
2026-09-16 06:01:53,657 [INFO] 2/2841 done
2026-09-16 06:01:53,662 [INFO] 3/2841 done
2026-09-16 06:01:53,666 [INFO] 4/2841 done
2026-09-16 06:01:53,671 [INFO] 5/2841 done
2026-09-16 06:01:53,675 [INFO] 6/2841 done
2026-09-16 06:01:53,679 [INFO] 7/2841 done
2026-09-16 06:01:53,683 [INFO] 8/2841 done
2026-09-16 06:01:53,688 [INFO] 9/2841 done
2026-09-16 06:01:53,692 [INFO] 10/2841 done
2026-09-16 06:01:53,696 [INFO] 11/2841 done
2026-09-16 06:01:53,700 [INFO] 12/2841 done
2026-09-16 06:01:53,704 [INFO] 13/2841 done
2026-09-16 06:01:53,709 [INFO] 14/2841 done
2026-09-16 06:01:53,713 [INFO] 15/2841 done
2026-09-16 06:01:53,717 [INFO] 16/2841 done
2026-09-16 06:01:53,721 [INFO] 17/2841 done
2026-09-16 06:01:53,725 [INFO] 18/2841 done
2026-09-16 06:01:53,729 [INFO] 19/2841 done
2026-09-16 06:01:53,734 [INFO] 20/2841 done
2026-09-16 06:01:53,738 [INFO] 21/2841 done
2026-09-16 06:01:53,742 [INFO] 22/2841 done
2026-09-16 06:01:53,746 [INFO] 23/2841 done
2026-09-16 06:01:53,750 [INFO] 24/2841 done
2026-09-16 06:01:53,755 [INFO] 25/2841 done
2026-09-16 06:01:53,759 [INFO] 26/2841 done
2026-09-16 06:01:53,763 [INFO] 27/2841 done
2026-09-16 06:01:53,767 [INFO] 28/2841 done
2026-09-16 06:01:53,771 [INFO] 29/2841 done
2026-09-16 06:01:53,775 [INFO] 30/2841 done
2026-09-16 06:01:53,780 [INFO] 31/2841 done
2026-09-16 06:01:53,784 [INFO] 32/2841 done
2026-09-16 06:01:53,788 [INFO] 33/2841 done
2026-09-16 06:01:53,792 [INFO] 34/2841 done
2026-09-16 06:01:53,796 [INFO] 35/2841 done
2026-09-16 06:01:53,800 [INFO] 36/2841 done
2026-09-16 06:01:53,805 [INFO] 37/2841 done
2026-09-16 06:01:53,809 [INFO] 38/2841 done
2026-09-16 06:01:53,813 [INFO] 39/2841 done
2026-09-16 06:01:53,817 [INFO] 40/2841 done
2026-09-16 06:01:53,821 [INFO] 41/2841 done
2026-09-16 06:01:53,825 [INFO] 42/2841 done
2026-09-16 06:01:53,830 [INFO] 43/2841 done
2026-09-16 06:01:53,834 [INFO] 44/2841 done
2026-09-16 06:01:53,838 [INFO] 45/2841 done
2026-09-16 06:01:53,842 [INFO] 46/2841 done
2026-09-16 06:01:53,846 [INFO] 47/2841 done
2026-09-16 06:01:53,850 [INFO] 48/2841 done
2026-09-16 06:01:53,854 [INFO] 49/2841 done
2026-09-16 06:01:53,858 [INFO] 50/2841 done
2026-09-16 06:01:53,862 [INFO] 51/2841 done
2026-09-16 06:01:53,866 [INFO] 52/2841 done
2026-09-16 06:01:53,871 [INFO] 53/2841 done
2026-09-16 06:01:53,875 [INFO] 54/2841 done
2026-09-16 06:01:53,879 [INFO] 55/2841 done
2026-09-16 06:01:53,884 [INFO] 56/2841 done
2026-09-16 06:01:53,888 [INFO] 57/2841 done
2026-09-16 06:01:53,892 [INFO] 58/2841 done
2026-09-16 06:01:53,896 [INFO] 59/2841 done
2026-09-16 06:01:53,900 [INFO] 60/2841 done
2026-09-16 06:01:53,905 [INFO] 61/2841 done
2026-09-16 06:01:53,909 [INFO] 62/2841 done
2026-09-16 06:01:53,913 [INFO] 63/2841 done
2026-09-16 06:01:53,917 [INFO] 64/2841 done
2026-09-16 06:01:53,921 [INFO] 65/2841 done
2026-09-16 06:01:53,925 [INFO] 66/2841 done
2026-09-16 06:01:53,930 [INFO] 67/2841 done
2026-09-16 06:01:53,934 [INFO] 68/2841 done
2026-09-16 06:01:53,938 [INFO] 69/2841 done
2026-09-16 06:01:53,942 [INFO] 70/2841 done
2026-09-16 06:01:53,946 [INFO] 71/2841 done
2026-09-16 06:01:53,950 [INFO] 72/2841 done
2026-09-16 06:01:53,954 [INFO] 73/2841 done
2026-09-16 06:01:53,958 [INFO] 74/2841 done
2026-09-16 06:01:53,963 [INFO] 75/2841 done
2026-09-16 06:01:53,967 [INFO] 76/2841 done
2026-09-16 06:01:53,971 [INFO] 77/2841 done
2026-09-16 06:01:53,975 [INFO] 78/2841 done
2026-09-16 06:01:53,979 [INFO] 79/2841 done
2026-09-16 06:01:53,983 [INFO] 80/2841 done
2026-09-16 06:01:53,987 [INFO] 81/2841 done
2026-09-16 06:01:53,991 [INFO] 82/2841 done
2026-09-16 06:01:53,995 [INFO] 83/2841 done
2026-09-16 06:01:53,999 [INFO] 84/2841 done
2026-09-16 06:01:54,003 [INFO] 85/2841 done
2026-09-16 06:01:54,008 [INFO] 86/2841 done
2026-09-16 06:01:54,012 [INFO] 87/2841 done
2026-09-16 06:01:54,016 [INFO] 88/2841 done
2026-09-16 06:01:54,020 [INFO] 89/2841 done
2026-09-16 06:01:54,024 [INFO] 90/2841 done
2026-09-16 06:01:54,028 [INFO] 91/2841 done
2026-09-16 06:01:54,032 [INFO] 92/2841 done
2026-09-16 06:01:54,036 [INFO] 93/2841 done
2026-09-16 06:01:54,041 [INFO] 94/2841 done
2026-09-16 06:01:54,045 [INFO] 95/2841 done
2026-09-16 06:01:54,049 [INFO] 96/2841 done
2026-09-16 06:01:54,053 [INFO] 97/2841 done
2026-09-16 06:01:54,057 [INFO] 98/2841 done
2026-09-16 06:01:54,061 [INFO] 99/2841 done
2026-09-16 06:01:54,066 [INFO] 100/2841 done
2026-09-16 06:01:54,070 [INFO] 101/2841 done
2026-09-16 06:01:54,074 [INFO] 102/2841 done
2026-09-16 06:01:54,078 [INFO] 103/2841 done
2026-09-16 06:01:54,083 [INFO] 104/2841 done
2026-09-16 06:01:54,087 [INFO] 105/2841 done
2026-09-16 06:01:54,091 [INFO] 106/2841 done
2026-09-16 06:01:54,095 [INFO] 107/2841 done
2026-09-16 06:01:54,100 [INFO] 108/2841 done
2026-09-16 06:01:54,104 [INFO] 109/2841 done
2026-09-16 06:01:54,108 [INFO] 110/2841 done
2026-09-16 06:01:54,112 [INFO] 111/2841 done
2026-09-16 06:01:54,117 [INFO] 112/2841 done
2026-09-16 06:01:54,121 [INFO] 113/2841 done
2026-09-16 06:01:54,125 [INFO] 114/2841 done
2026-09-16 06:01:54,129 [INFO] 115/2841 done
2026-09-16 06:01:54,134 [INFO] 116/2841 done
2026-09-16 06:01:54,138 [INFO] 117/2841 done
2026-09-16 06:01:54,142 [INFO] 118/2841 done
2026-09-16 06:01:54,146 [INFO] 119/2841 done
2026-09-16 06:01:54,150 [INFO] 120/2841 done
2026-09-16 06:01:54,154 [INFO] 121/2841 done
2026-09-16 06:01:54,159 [INFO] 122/2841 done
2026-09-16 06:01:54,163 [INFO] 123/2841 done
2026-09-16 06:01:54,167 [INFO] 124/2841 done
2026-09-16 06:01:54,171 [INFO] 125/2841 done
2026-09-16 06:01:54,175 [INFO] 126/2841 done
2026-09-16 06:01:54,179 [INFO] 127/2841 done
2026-09-16 06:01:54,184 [INFO] 128/2841 done
2026-09-16 06:01:54,188 [INFO] 129/2841 done
2026-09-16 06:01:54,192 [INFO] 130/2841 done
2026-09-16 06:01:54,196 [INFO] 131/2841 done
2026-09-16 06:01:54,200 [INFO] 132/2841 done
2026-09-16 06:01:54,204 [INFO] 133/2841 done
2026-09-16 06:01:54,208 [INFO] 134/2841 done
2026-09-16 06:01:54,213 [INFO] 135/2841 done
2026-09-16 06:01:54,217 [INFO] 136/2841 done
2026-09-16 06:01:54,221 [INFO] 137/2841 done
2026-09-16 06:01:54,225 [INFO] 138/2841 done
2026-09-16 06:01:54,234 [INFO] 139/2841 done
2026-09-16 06:01:54,238 [INFO] 140/2841 done
2026-09-16 06:01:54,242 [INFO] 141/2841 done
2026-09-16 06:01:54,246 [INFO] 142/2841 done
2026-09-16 06:01:54,250 [INFO] 143/2841 done
2026-09-16 06:01:54,255 [INFO] 144/2841 done
2026-09-16 06:01:54,259 [INFO] 145/2841 done
2026-09-16 06:01:54,263 [INFO] 146/2841 done
2026-09-16 06:01:54,267 [INFO] 147/2841 done
2026-09-16 06:01:54,271 [INFO] 148/2841 done
2026-09-16 06:01:54,275 [INFO] 149/2841 done
2026-09-16 06:01:54,279 [INFO] 150/2841 done
2026-09-16 06:01:54,283 [INFO] 151/2841 done
2026-09-16 06:01:54,287 [INFO] 152/2841 done
2026-09-16 06:01:54,292 [INFO] 153/2841 done
2026-09-16 06:01:54,296 [INFO] 154/2841 done
2026-09-16 06:01:54,300 [INFO] 155/2841 done
2026-09-16 06:01:54,304 [INFO] 156/2841 done
2026-09-16 06:01:54,309 [INFO] 157/2841 done
2026-09-16 06:01:54,313 [INFO] 158/2841 done
2026-09-16 06:01:54,317 [INFO] 159/2841 done
2026-09-16 06:01:54,321 [INFO] 160/2841 done
2026-09-16 06:01:54,326 [INFO] 161/2841 done
2026-09-16 06:01:54,330 [INFO] 162/2841 done
2026-09-16 06:01:54,334 [INFO] 163/2841 done
2026-09-16 06:01:54,338 [INFO] 164/2841 done
2026-09-16 06:01:54,342 [INFO] 165/2841 done
2026-09-16 06:01:54,346 [INFO] 166/2841 done
2026-09-16 06:01:54,351 [INFO] 167/2841 done
2026-09-16 06:01:54,355 [INFO] 168/2841 done
2026-09-16 06:01:54,359 [INFO] 169/2841 done
2026-09-16 06:01:54,363 [INFO] 170/2841 done
2026-09-16 06:01:54,368 [INFO] 171/2841 done
2026-09-16 06:01:54,372 [INFO] 172/2841 done
2026-09-16 06:01:54,376 [INFO] 173/2841 done
2026-09-16 06:01:54,380 [INFO] 174/2841 done
2026-09-16 06:01:54,384 [INFO] 175/2841 done
2026-09-16 06:01:54,389 [INFO] 176/2841 done
2026-09-16 06:01:54,393 [INFO] 177/2841 done
2026-09-16 06:01:54,397 [INFO] 178/2841 done
2026-09-16 06:01:54,401 [INFO] 179/2841 done
2026-09-16 06:01:54,405 [INFO] 180/2841 done
2026-09-16 06:01:54,409 [INFO] 181/2841 done
2026-09-16 06:01:54,413 [INFO] 182/2841 done
2026-09-16 06:01:54,417 [INFO] 183/2841 done
2026-09-16 06:01:54,422 [INFO] 184/2841 done
2026-09-16 06:01:54,426 [INFO] 185/2841 done
2026-09-16 06:01:54,430 [INFO] 186/2841 done
2026-09-16 06:01:54,434 [INFO] 187/2841 done
2026-09-16 06:01:54,438 [INFO] 188/2841 done
2026-09-16 06:01:54,442 [INFO] 189/2841 done
2026-09-16 06:01:54,446 [INFO] 190/2841 done
2026-09-16 06:01:54,450 [INFO] 191/2841 done
2026-09-16 06:01:54,455 [INFO] 192/2841 done
2026-09-16 06:01:54,459 [INFO] 193/2841 done
2026-09-16 06:01:54,463 [INFO] 194/2841 done
2026-09-16 06:01:54,467 [INFO] 195/2841 done
2026-09-16 06:01:54,471 [INFO] 196/2841 done
2026-09-16 06:01:54,475 [INFO] 197/2841 done
2026-09-16 06:01:54,479 [INFO] 198/2841 done
2026-09-16 06:01:54,484 [INFO] 199/2841 done
2026-09-16 06:01:54,488 [INFO] 200/2841 done
2026-09-16 06:01:54,492 [INFO] 201/2841 done
2026-09-16 06:01:54,496 [INFO] 202/2841 done
2026-09-16 06:01:54,500 [INFO] 203/2841 done
2026-09-16 06:01:54,504 [INFO] 204/2841 done
2026-09-16 06:01:54,509 [INFO] 205/2841 done
2026-09-16 06:01:54,513 [INFO] 206/2841 done
2026-09-16 06:01:54,517 [INFO] 207/2841 done
2026-09-16 06:01:54,521 [INFO] 208/2841 done
2026-09-16 06:01:54,525 [INFO] 209/2841 done
2026-09-16 06:01:54,530 [INFO] 210/2841 done
2026-09-16 06:01:54,534 [INFO] 211/2841 done
2026-09-16 06:01:54,538 [INFO] 212/2841 done
2026-09-16 06:01:54,542 [INFO] 213/2841 done
2026-09-16 06:01:54,547 [INFO] 214/2841 done
2026-09-16 06:01:54,551 [INFO] 215/2841 done
2026-09-16 06:01:54,555 [INFO] 216/2841 done
2026-09-16 06:01:54,560 [INFO] 217/2841 done
2026-09-16 06:01:54,564 [INFO] 218/2841 done
2026-09-16 06:01:54,568 [INFO] 219/2841 done
2026-09-16 06:01:54,572 [INFO] 220/2841 done
2026-09-16 06:01:54,577 [INFO] 221/2841 done
2026-09-16 06:01:54,581 [INFO] 222/2841 done
2026-09-16 06:01:54,585 [INFO] 223/2841 done
2026-09-16 06:01:54,589 [INFO] 224/2841 done
2026-09-16 06:01:54,594 [INFO] 225/2841 done
2026-09-16 06:01:54,598 [INFO] 226/2841 done
2026-09-16 06:01:54,602 [INFO] 227/2841 done
2026-09-16 06:01:54,606 [INFO] 228/2841 done
2026-09-16 06:01:54,610 [INFO] 229/2841 done
2026-09-16 06:01:54,614 [INFO] 230/2841 done
2026-09-16 06:01:54,618 [INFO] 231/2841 done
2026-09-16 06:01:54,623 [INFO] 232/2841 done
2026-09-16 06:01:54,627 [INFO] 233/2841 done
2026-09-16 06:01:54,631 [INFO] 234/2841 done
2026-09-16 06:01:54,635 [INFO] 235/2841 done
2026-09-16 06:01:54,639 [INFO] 236/2841 done
2026-09-16 06:01:54,643 [INFO] 237/2841 done
2026-09-16 06:01:54,647 [INFO] 238/2841 done
2026-09-16 06:01:54,651 [INFO] 239/2841 done
2026-09-16 06:01:54,656 [INFO] 240/2841 done
2026-09-16 06:01:54,660 [INFO] 241/2841 done
2026-09-16 06:01:54,664 [INFO] 242/2841 done
2026-09-16 06:01:54,668 [INFO] 243/2841 done
2026-09-16 06:01:54,672 [INFO] 244/2841 done
2026-09-16 06:01:54,676 [INFO] 245/2841 done
2026-09-16 06:01:54,681 [INFO] 246/2841 done
2026-09-16 06:01:54,685 [INFO] 247/2841 done
2026-09-16 06:01:54,689 [INFO] 248/2841 done
2026-09-16 06:01:54,693 [INFO] 249/2841 done
2026-09-16 06:01:54,697 [INFO] 250/2841 done
2026-09-16 06:01:54,702 [INFO] 251/2841 done
2026-09-16 06:01:54,706 [INFO] 252/2841 done
2026-09-16 06:01:54,710 [INFO] 253/2841 done
2026-09-16 06:01:54,714 [INFO] 254/2841 done
2026-09-16 06:01:54,719 [INFO] 255/2841 done
2026-09-16 06:01:54,723 [INFO] 256/2841 done
2026-09-16 06:01:54,727 [INFO] 257/2841 done
2026-09-16 06:01:54,731 [INFO] 258/2841 done
2026-09-16 06:01:54,735 [INFO] 259/2841 done
2026-09-16 06:01:54,739 [INFO] 260/2841 done
2026-09-16 06:01:54,743 [INFO] 261/2841 done
2026-09-16 06:01:54,748 [INFO] 262/2841 done
2026-09-16 06:01:54,752 [INFO] 263/2841 done
2026-09-16 06:01:54,756 [INFO] 264/2841 done
2026-09-16 06:01:54,760 [INFO] 265/2841 done
2026-09-16 06:01:54,764 [INFO] 266/2841 done
2026-09-16 06:01:54,768 [INFO] 267/2841 done
2026-09-16 06:01:54,772 [INFO] 268/2841 done
2026-09-16 06:01:54,776 [INFO] 269/2841 done
2026-09-16 06:01:54,781 [INFO] 270/2841 done
2026-09-16 06:01:54,785 [INFO] 271/2841 done
2026-09-16 06:01:54,789 [INFO] 272/2841 done
2026-09-16 06:01:54,793 [INFO] 273/2841 done
2026-09-16 06:01:54,798 [INFO] 274/2841 done
2026-09-16 06:01:54,802 [INFO] 275/2841 done
2026-09-16 06:01:54,806 [INFO] 276/2841 done
2026-09-16 06:01:54,810 [INFO] 277/2841 done
2026-09-16 06:01:54,814 [INFO] 278/2841 done
2026-09-16 06:01:54,818 [INFO] 279/2841 done
2026-09-16 06:01:54,822 [INFO] 280/2841 done
2026-09-16 06:01:54,827 [INFO] 281/2841 done
2026-09-16 06:01:54,831 [INFO] 282/2841 done
2026-09-16 06:01:54,835 [INFO] 283/2841 done
2026-09-16 06:01:54,840 [INFO] 284/2841 done
2026-09-16 06:01:54,844 [INFO] 285/2841 done
2026-09-16 06:01:54,848 [INFO] 286/2841 done
2026-09-16 06:01:54,852 [INFO] 287/2841 done
2026-09-16 06:01:54,856 [INFO] 288/2841 done
2026-09-16 06:01:54,860 [INFO] 289/2841 done
2026-09-16 06:01:54,864 [INFO] 290/2841 done
2026-09-16 06:01:54,868 [INFO] 291/2841 done
2026-09-16 06:01:54,873 [INFO] 292/2841 done
2026-09-16 06:01:54,877 [INFO] 293/2841 done
2026-09-16 06:01:54,881 [INFO] 294/2841 done
2026-09-16 06:01:54,885 [INFO] 295/2841 done
2026-09-16 06:01:54,889 [INFO] 296/2841 done
2026-09-16 06:01:54,893 [INFO] 297/2841 done
2026-09-16 06:01:54,897 [INFO] 298/2841 done
2026-09-16 06:01:54,901 [INFO] 299/2841 done
2026-09-16 06:01:54,905 [INFO] 300/2841 done
2026-09-16 06:01:54,909 [INFO] 301/2841 done
2026-09-16 06:01:54,913 [INFO] 302/2841 done
2026-09-16 06:01:54,917 [INFO] 303/2841 done
2026-09-16 06:01:54,922 [INFO] 304/2841 done
2026-09-16 06:01:54,926 [INFO] 305/2841 done
2026-09-16 06:01:54,930 [INFO] 306/2841 done
2026-09-16 06:01:54,934 [INFO] 307/2841 done
2026-09-16 06:01:54,938 [INFO] 308/2841 done
2026-09-16 06:01:54,943 [INFO] 309/2841 done
2026-09-16 06:01:54,947 [INFO] 310/2841 done
2026-09-16 06:01:54,951 [INFO] 311/2841 done
2026-09-16 06:01:54,956 [INFO] 312/2841 done
2026-09-16 06:01:54,960 [INFO] 313/2841 done
2026-09-16 06:01:54,964 [INFO] 314/2841 done
2026-09-16 06:01:54,968 [INFO] 315/2841 done
2026-09-16 06:01:54,973 [INFO] 316/2841 done
2026-09-16 06:01:54,977 [INFO] 317/2841 done
2026-09-16 06:01:54,981 [INFO] 318/2841 done
2026-09-16 06:01:54,985 [INFO] 319/2841 done
2026-09-16 06:01:54,989 [INFO] 320/2841 done
2026-09-16 06:01:54,993 [INFO] 321/2841 done
2026-09-16 06:01:54,997 [INFO] 322/2841 done
2026-09-16 06:01:55,001 [INFO] 323/2841 done
2026-09-16 06:01:55,006 [INFO] 324/2841 done
2026-09-16 06:01:55,010 [INFO] 325/2841 done
2026-09-16 06:01:55,014 [INFO] 326/2841 done
2026-09-16 06:01:55,018 [INFO] 327/2841 done
2026-09-16 06:01:55,022 [INFO] 328/2841 done
2026-09-16 06:01:55,026 [INFO] 329/2841 done
2026-09-16 06:01:55,030 [INFO] 330/2841 done
2026-09-16 06:01:55,035 [INFO] 331/2841 done
2026-09-16 06:01:55,039 [INFO] 332/2841 done
2026-09-16 06:01:55,043 [INFO] 333/2841 done
2026-09-16 06:01:55,047 [INFO] 334/2841 done
2026-09-16 06:01:55,051 [INFO] 335/2841 done
2026-09-16 06:01:55,055 [INFO] 336/2841 done
2026-09-16 06:01:55,059 [INFO] 337/2841 done
2026-09-16 06:01:55,064 [INFO] 338/2841 done
2026-09-16 06:01:55,068 [INFO] 339/2841 done
2026-09-16 06:01:55,072 [INFO] 340/2841 done
2026-09-16 06:01:55,076 [INFO] 341/2841 done
2026-09-16 06:01:55,080 [INFO] 342/2841 done
2026-09-16 06:01:55,084 [INFO] 343/2841 done
2026-09-16 06:01:55,089 [INFO] 344/2841 done
2026-09-16 06:01:55,093 [INFO] 345/2841 done
2026-09-16 06:01:55,097 [INFO] 346/2841 done
2026-09-16 06:01:55,101 [INFO] 347/2841 done
2026-09-16 06:01:55,106 [INFO] 348/2841 done
2026-09-16 06:01:55,110 [INFO] 349/2841 done
2026-09-16 06:01:55,114 [INFO] 350/2841 done
2026-09-16 06:01:55,118 [INFO] 351/2841 done
2026-09-16 06:01:55,122 [INFO] 352/2841 done
2026-09-16 06:01:55,127 [INFO] 353/2841 done
2026-09-16 06:01:55,131 [INFO] 354/2841 done
2026-09-16 06:01:55,135 [INFO] 355/2841 done
2026-09-16 06:01:55,139 [INFO] 356/2841 done
2026-09-16 06:01:55,143 [INFO] 357/2841 done
2026-09-16 06:01:55,148 [INFO] 358/2841 done
2026-09-16 06:01:55,152 [INFO] 359/2841 done
2026-09-16 06:01:55,156 [INFO] 360/2841 done
2026-09-16 06:01:55,160 [INFO] 361/2841 done
2026-09-16 06:01:55,164 [INFO] 362/2841 done
2026-09-16 06:01:55,168 [INFO] 363/2841 done
2026-09-16 06:01:55,172 [INFO] 364/2841 done
2026-09-16 06:01:55,176 [INFO] 365/2841 done
2026-09-16 06:01:55,181 [INFO] 366/2841 done
2026-09-16 06:01:55,185 [INFO] 367/2841 done
2026-09-16 06:01:55,189 [INFO] 368/2841 done
2026-09-16 06:01:55,193 [INFO] 369/2841 done
2026-09-16 06:01:55,197 [INFO] 370/2841 done
2026-09-16 06:01:55,201 [INFO] 371/2841 done
2026-09-16 06:01:55,206 [INFO] 372/2841 done
2026-09-16 06:01:55,210 [INFO] 373/2841 done
2026-09-16 06:01:55,214 [INFO] 374/2841 done
2026-09-16 06:01:55,218 [INFO] 375/2841 done
2026-09-16 06:01:55,222 [INFO] 376/2841 done
2026-09-16 06:01:55,226 [INFO] 377/2841 done
2026-09-16 06:01:55,231 [INFO] 378/2841 done
2026-09-16 06:01:55,235 [INFO] 379/2841 done
2026-09-16 06:01:55,239 [INFO] 380/2841 done
2026-09-16 06:01:55,243 [INFO] 381/2841 done
2026-09-16 06:01:55,247 [INFO] 382/2841 done
2026-09-16 06:01:55,251 [INFO] 383/2841 done
2026-09-16 06:01:55,255 [INFO] 384/2841 done
2026-09-16 06:01:55,259 [INFO] 385/2841 done
2026-09-16 06:01:55,264 [INFO] 386/2841 done
2026-09-16 06:01:55,268 [INFO] 387/2841 done
2026-09-16 06:01:55,272 [INFO] 388/2841 done
2026-09-16 06:01:55,276 [INFO] 389/2841 done
2026-09-16 06:01:55,280 [INFO] 390/2841 done
2026-09-16 06:01:55,284 [INFO] 391/2841 done
2026-09-16 06:01:55,288 [INFO] 392/2841 done
2026-09-16 06:01:55,292 [INFO] 393/2841 done
2026-09-16 06:01:55,297 [INFO] 394/2841 done
2026-09-16 06:01:55,301 [INFO] 395/2841 done
2026-09-16 06:01:55,305 [INFO] 396/2841 done
2026-09-16 06:01:55,309 [INFO] 397/2841 done
2026-09-16 06:01:55,313 [INFO] 398/2841 done
2026-09-16 06:01:55,317 [INFO] 399/2841 done
2026-09-16 06:01:55,321 [INFO] 400/2841 done
2026-09-16 06:01:55,325 [INFO] 401/2841 done
2026-09-16 06:01:55,329 [INFO] 402/2841 done
2026-09-16 06:01:55,333 [INFO] 403/2841 done
2026-09-16 06:01:55,337 [INFO] 404/2841 done
2026-09-16 06:01:55,341 [INFO] 405/2841 done
2026-09-16 06:01:55,345 [INFO] 406/2841 done
2026-09-16 06:01:55,349 [INFO] 407/2841 done
2026-09-16 06:01:55,354 [INFO] 408/2841 done
2026-09-16 06:01:55,358 [INFO] 409/2841 done
2026-09-16 06:01:55,362 [INFO] 410/2841 done
2026-09-16 06:01:55,366 [INFO] 411/2841 done
2026-09-16 06:01:55,370 [INFO] 412/2841 done
2026-09-16 06:01:55,374 [INFO] 413/2841 done
2026-09-16 06:01:55,378 [INFO] 414/2841 done
2026-09-16 06:01:55,382 [INFO] 415/2841 done
2026-09-16 06:01:55,386 [INFO] 416/2841 done
2026-09-16 06:01:55,390 [INFO] 417/2841 done
2026-09-16 06:01:55,395 [INFO] 418/2841 done
2026-09-16 06:01:55,399 [INFO] 419/2841 done
2026-09-16 06:01:55,403 [INFO] 420/2841 done
2026-09-16 06:01:55,407 [INFO] 421/2841 done
2026-09-16 06:01:55,411 [INFO] 422/2841 done
2026-09-16 06:01:55,415 [INFO] 423/2841 done
2026-09-16 06:01:55,419 [INFO] 424/2841 done
2026-09-16 06:01:55,424 [INFO] 425/2841 done
2026-09-16 06:01:55,428 [INFO] 426/2841 done
2026-09-16 06:01:55,432 [INFO] 427/2841 done
2026-09-16 06:01:55,436 [INFO] 428/2841 done
2026-09-16 06:01:55,440 [INFO] 429/2841 done
2026-09-16 06:01:55,444 [INFO] 430/2841 done
2026-09-16 06:01:55,449 [INFO] 431/2841 done
2026-09-16 06:01:55,453 [INFO] 432/2841 done
2026-09-16 06:01:55,457 [INFO] 433/2841 done
2026-09-16 06:01:55,461 [INFO] 434/2841 done
2026-09-16 06:01:55,465 [INFO] 435/2841 done
2026-09-16 06:01:55,469 [INFO] 436/2841 done
2026-09-16 06:01:55,473 [INFO] 437/2841 done
2026-09-16 06:01:55,477 [INFO] 438/2841 done
2026-09-16 06:01:55,481 [INFO] 439/2841 done
2026-09-16 06:01:55,485 [INFO] 440/2841 done
2026-09-16 06:01:55,490 [INFO] 441/2841 done
2026-09-16 06:01:55,494 [INFO] 442/2841 done
2026-09-16 06:01:55,498 [INFO] 443/2841 done
2026-09-16 06:01:55,503 [INFO] 444/2841 done
2026-09-16 06:01:55,507 [INFO] 445/2841 done
2026-09-16 06:01:55,511 [INFO] 446/2841 done
2026-09-16 06:01:55,517 [INFO] 447/2841 done
2026-09-16 06:01:55,522 [INFO] 448/2841 done
2026-09-16 06:01:55,526 [INFO] 449/2841 done
2026-09-16 06:01:55,530 [INFO] 450/2841 done
2026-09-16 06:01:55,535 [INFO] 451/2841 done
2026-09-16 06:01:55,539 [INFO] 452/2841 done
2026-09-16 06:01:55,543 [INFO] 453/2841 done
2026-09-16 06:01:55,547 [INFO] 454/2841 done
2026-09-16 06:01:55,552 [INFO] 455/2841 done
2026-09-16 06:01:55,556 [INFO] 456/2841 done
2026-09-16 06:01:55,560 [INFO] 457/2841 done
2026-09-16 06:01:55,564 [INFO] 458/2841 done
2026-09-16 06:01:55,569 [INFO] 459/2841 done
2026-09-16 06:01:55,573 [INFO] 460/2841 done
2026-09-16 06:01:55,577 [INFO] 461/2841 done
2026-09-16 06:01:55,582 [INFO] 462/2841 done
2026-09-16 06:01:55,586 [INFO] 463/2841 done
2026-09-16 06:01:55,590 [INFO] 464/2841 done
2026-09-16 06:01:55,595 [INFO] 465/2841 done
2026-09-16 06:01:55,599 [INFO] 466/2841 done
2026-09-16 06:01:55,603 [INFO] 467/2841 done
2026-09-16 06:01:55,608 [INFO] 468/2841 done
2026-09-16 06:01:55,612 [INFO] 469/2841 done
2026-09-16 06:01:55,616 [INFO] 470/2841 done
2026-09-16 06:01:55,620 [INFO] 471/2841 done
2026-09-16 06:01:55,624 [INFO] 472/2841 done
2026-09-16 06:01:55,629 [INFO] 473/2841 done
2026-09-16 06:01:55,633 [INFO] 474/2841 done
2026-09-16 06:01:55,637 [INFO] 475/2841 done
2026-09-16 06:01:55,641 [INFO] 476/2841 done
2026-09-16 06:01:55,645 [INFO] 477/2841 done
2026-09-16 06:01:55,649 [INFO] 478/2841 done
2026-09-16 06:01:55,654 [INFO] 479/2841 done
2026-09-16 06:01:55,658 [INFO] 480/2841 done
2026-09-16 06:01:55,662 [INFO] 481/2841 done
2026-09-16 06:01:55,666 [INFO] 482/2841 done
2026-09-16 06:01:55,670 [INFO] 483/2841 done
2026-09-16 06:01:55,675 [INFO] 484/2841 done
2026-09-16 06:01:55,679 [INFO] 485/2841 done
2026-09-16 06:01:55,683 [INFO] 486/2841 done
2026-09-16 06:01:55,688 [INFO] 487/2841 done
2026-09-16 06:01:55,692 [INFO] 488/2841 done
2026-09-16 06:01:55,696 [INFO] 489/2841 done
2026-09-16 06:01:55,700 [INFO] 490/2841 done
2026-09-16 06:01:55,704 [INFO] 491/2841 done
2026-09-16 06:01:55,708 [INFO] 492/2841 done
2026-09-16 06:01:55,713 [INFO] 493/2841 done
2026-09-16 06:01:55,717 [INFO] 494/2841 done
2026-09-16 06:01:55,721 [INFO] 495/2841 done
2026-09-16 06:01:55,726 [INFO] 496/2841 done
2026-09-16 06:01:55,730 [INFO] 497/2841 done
2026-09-16 06:01:55,734 [INFO] 498/2841 done
2026-09-16 06:01:55,738 [INFO] 499/2841 done
2026-09-16 06:01:55,743 [INFO] 500/2841 done
2026-09-16 06:01:55,747 [INFO] 501/2841 done
2026-09-16 06:01:55,751 [INFO] 502/2841 done
2026-09-16 06:01:55,755 [INFO] 503/2841 done
2026-09-16 06:01:55,759 [INFO] 504/2841 done
2026-09-16 06:01:55,763 [INFO] 505/2841 done
2026-09-16 06:01:55,767 [INFO] 506/2841 done
2026-09-16 06:01:55,771 [INFO] 507/2841 done
2026-09-16 06:01:55,775 [INFO] 508/2841 done
2026-09-16 06:01:55,780 [INFO] 509/2841 done
2026-09-16 06:01:55,784 [INFO] 510/2841 done
2026-09-16 06:01:55,788 [INFO] 511/2841 done
2026-09-16 06:01:55,792 [INFO] 512/2841 done
2026-09-16 06:01:55,796 [INFO] 513/2841 done
2026-09-16 06:01:55,800 [INFO] 514/2841 done
2026-09-16 06:01:55,805 [INFO] 515/2841 done
2026-09-16 06:01:55,809 [INFO] 516/2841 done
2026-09-16 06:01:55,813 [INFO] 517/2841 done
2026-09-16 06:01:55,817 [INFO] 518/2841 done
2026-09-16 06:01:55,821 [INFO] 519/2841 done
2026-09-16 06:01:55,825 [INFO] 520/2841 done
2026-09-16 06:01:55,829 [INFO] 521/2841 done
2026-09-16 06:01:55,833 [INFO] 522/2841 done
2026-09-16 06:01:55,838 [INFO] 523/2841 done
2026-09-16 06:01:55,842 [INFO] 524/2841 done
2026-09-16 06:01:55,846 [INFO] 525/2841 done
2026-09-16 06:01:55,850 [INFO] 526/2841 done
2026-09-16 06:01:55,854 [INFO] 527/2841 done
2026-09-16 06:01:55,858 [INFO] 528/2841 done
2026-09-16 06:01:55,862 [INFO] 529/2841 done
2026-09-16 06:01:55,867 [INFO] 530/2841 done
2026-09-16 06:01:55,871 [INFO] 531/2841 done
2026-09-16 06:01:55,875 [INFO] 532/2841 done
2026-09-16 06:01:55,879 [INFO] 533/2841 done
2026-09-16 06:01:55,883 [INFO] 534/2841 done
2026-09-16 06:01:55,888 [INFO] 535/2841 done
2026-09-16 06:01:55,892 [INFO] 536/2841 done
2026-09-16 06:01:55,896 [INFO] 537/2841 done
2026-09-16 06:01:55,901 [INFO] 538/2841 done
2026-09-16 06:01:55,905 [INFO] 539/2841 done
2026-09-16 06:01:55,909 [INFO] 540/2841 done
2026-09-16 06:01:55,914 [INFO] 541/2841 done
2026-09-16 06:01:55,918 [INFO] 542/2841 done
2026-09-16 06:01:55,922 [INFO] 543/2841 done
2026-09-16 06:01:55,927 [INFO] 544/2841 done
2026-09-16 06:01:55,931 [INFO] 545/2841 done
2026-09-16 06:01:55,935 [INFO] 546/2841 done
2026-09-16 06:01:55,939 [INFO] 547/2841 done
2026-09-16 06:01:55,944 [INFO] 548/2841 done
2026-09-16 06:01:55,948 [INFO] 549/2841 done
2026-09-16 06:01:55,952 [INFO] 550/2841 done
2026-09-16 06:01:55,956 [INFO] 551/2841 done
2026-09-16 06:01:55,961 [INFO] 552/2841 done
2026-09-16 06:01:55,965 [INFO] 553/2841 done
2026-09-16 06:01:55,969 [INFO] 554/2841 done
2026-09-16 06:01:55,974 [INFO] 555/2841 done
2026-09-16 06:01:55,978 [INFO] 556/2841 done
2026-09-16 06:01:55,982 [INFO] 557/2841 done
2026-09-16 06:01:55,986 [INFO] 558/2841 done
2026-09-16 06:01:55,990 [INFO] 559/2841 done
2026-09-16 06:01:55,994 [INFO] 560/2841 done
2026-09-16 06:01:55,998 [INFO] 561/2841 done
2026-09-16 06:01:56,002 [INFO] 562/2841 done
2026-09-16 06:01:56,007 [INFO] 563/2841 done
2026-09-16 06:01:56,011 [INFO] 564/2841 done
2026-09-16 06:01:56,015 [INFO] 565/2841 done
2026-09-16 06:01:56,019 [INFO] 566/2841 done
2026-09-16 06:01:56,023 [INFO] 567/2841 done
2026-09-16 06:01:56,028 [INFO] 568/2841 done
2026-09-16 06:01:56,032 [INFO] 569/2841 done
2026-09-16 06:01:56,036 [INFO] 570/2841 done
2026-09-16 06:01:56,040 [INFO] 571/2841 done
2026-09-16 06:01:56,044 [INFO] 572/2841 done
2026-09-16 06:01:56,049 [INFO] 573/2841 done
2026-09-16 06:01:56,053 [INFO] 574/2841 done
2026-09-16 06:01:56,057 [INFO] 575/2841 done
2026-09-16 06:01:56,061 [INFO] 576/2841 done
2026-09-16 06:01:56,065 [INFO] 577/2841 done
2026-09-16 06:01:56,069 [INFO] 578/2841 done
2026-09-16 06:01:56,073 [INFO] 579/2841 done
2026-09-16 06:01:56,077 [INFO] 580/2841 done
2026-09-16 06:01:56,082 [INFO] 581/2841 done
2026-09-16 06:01:56,086 [INFO] 582/2841 done
2026-09-16 06:01:56,090 [INFO] 583/2841 done
2026-09-16 06:01:56,094 [INFO] 584/2841 done
2026-09-16 06:01:56,098 [INFO] 585/2841 done
2026-09-16 06:01:56,102 [INFO] 586/2841 done
2026-09-16 06:01:56,107 [INFO] 587/2841 done
2026-09-16 06:01:56,111 [INFO] 588/2841 done
2026-09-16 06:01:56,115 [INFO] 589/2841 done
2026-09-16 06:01:56,119 [INFO] 590/2841 done
2026-09-16 06:01:56,123 [INFO] 591/2841 done
2026-09-16 06:01:56,127 [INFO] 592/2841 done
2026-09-16 06:01:56,131 [INFO] 593/2841 done
2026-09-16 06:01:56,136 [INFO] 594/2841 done
2026-09-16 06:01:56,140 [INFO] 595/2841 done
2026-09-16 06:01:56,144 [INFO] 596/2841 done
2026-09-16 06:01:56,148 [INFO] 597/2841 done
2026-09-16 06:01:56,152 [INFO] 598/2841 done
2026-09-16 06:01:56,157 [INFO] 599/2841 done
2026-09-16 06:01:56,161 [INFO] 600/2841 done
2026-09-16 06:01:56,165 [INFO] 601/2841 done
2026-09-16 06:01:56,170 [INFO] 602/2841 done
2026-09-16 06:01:56,174 [INFO] 603/2841 done
2026-09-16 06:01:56,178 [INFO] 604/2841 done
2026-09-16 06:01:56,182 [INFO] 605/2841 done
2026-09-16 06:01:56,186 [INFO] 606/2841 done
2026-09-16 06:01:56,190 [INFO] 607/2841 done
2026-09-16 06:01:56,194 [INFO] 608/2841 done
2026-09-16 06:01:56,198 [INFO] 609/2841 done
2026-09-16 06:01:56,203 [INFO] 610/2841 done
2026-09-16 06:01:56,207 [INFO] 611/2841 done
2026-09-16 06:01:56,211 [INFO] 612/2841 done
2026-09-16 06:01:56,215 [INFO] 613/2841 done
2026-09-16 06:01:56,220 [INFO] 614/2841 done
2026-09-16 06:01:56,224 [INFO] 615/2841 done
2026-09-16 06:01:56,228 [INFO] 616/2841 done
2026-09-16 06:01:56,232 [INFO] 617/2841 done
2026-09-16 06:01:56,236 [INFO] 618/2841 done
2026-09-16 06:01:56,241 [INFO] 619/2841 done
2026-09-16 06:01:56,245 [INFO] 620/2841 done
2026-09-16 06:01:56,249 [INFO] 621/2841 done
2026-09-16 06:01:56,253 [INFO] 622/2841 done
2026-09-16 06:01:56,258 [INFO] 623/2841 done
2026-09-16 06:01:56,262 [INFO] 624/2841 done
2026-09-16 06:01:56,266 [INFO] 625/2841 done
2026-09-16 06:01:56,270 [INFO] 626/2841 done
2026-09-16 06:01:56,275 [INFO] 627/2841 done
2026-09-16 06:01:56,279 [INFO] 628/2841 done
2026-09-16 06:01:56,283 [INFO] 629/2841 done
2026-09-16 06:01:56,287 [INFO] 630/2841 done
2026-09-16 06:01:56,291 [INFO] 631/2841 done
2026-09-16 06:01:56,295 [INFO] 632/2841 done
2026-09-16 06:01:56,300 [INFO] 633/2841 done
2026-09-16 06:01:56,304 [INFO] 634/2841 done
2026-09-16 06:01:56,308 [INFO] 635/2841 done
2026-09-16 06:01:56,312 [INFO] 636/2841 done
2026-09-16 06:01:56,316 [INFO] 637/2841 done
2026-09-16 06:01:56,320 [INFO] 638/2841 done
2026-09-16 06:01:56,324 [INFO] 639/2841 done
2026-09-16 06:01:56,329 [INFO] 640/2841 done
2026-09-16 06:01:56,333 [INFO] 641/2841 done
2026-09-16 06:01:56,337 [INFO] 642/2841 done
2026-09-16 06:01:56,341 [INFO] 643/2841 done
2026-09-16 06:01:56,346 [INFO] 644/2841 done
2026-09-16 06:01:56,350 [INFO] 645/2841 done
2026-09-16 06:01:56,354 [INFO] 646/2841 done
2026-09-16 06:01:56,358 [INFO] 647/2841 done
2026-09-16 06:01:56,362 [INFO] 648/2841 done
2026-09-16 06:01:56,367 [INFO] 649/2841 done
2026-09-16 06:01:56,371 [INFO] 650/2841 done
2026-09-16 06:01:56,375 [INFO] 651/2841 done
2026-09-16 06:01:56,380 [INFO] 652/2841 done
2026-09-16 06:01:56,384 [INFO] 653/2841 done
2026-09-16 06:01:56,388 [INFO] 654/2841 done
2026-09-16 06:01:56,392 [INFO] 655/2841 done
2026-09-16 06:01:56,396 [INFO] 656/2841 done
2026-09-16 06:01:56,401 [INFO] 657/2841 done
2026-09-16 06:01:56,405 [INFO] 658/2841 done
2026-09-16 06:01:56,409 [INFO] 659/2841 done
2026-09-16 06:01:56,413 [INFO] 660/2841 done
2026-09-16 06:01:56,417 [INFO] 661/2841 done
2026-09-16 06:01:56,421 [INFO] 662/2841 done
2026-09-16 06:01:56,426 [INFO] 663/2841 done
2026-09-16 06:01:56,430 [INFO] 664/2841 done
2026-09-16 06:01:56,434 [INFO] 665/2841 done
2026-09-16 06:01:56,438 [INFO] 666/2841 done
2026-09-16 06:01:56,442 [INFO] 667/2841 done
2026-09-16 06:01:56,446 [INFO] 668/2841 done
2026-09-16 06:01:56,450 [INFO] 669/2841 done
2026-09-16 06:01:56,455 [INFO] 670/2841 done
2026-09-16 06:01:56,459 [INFO] 671/2841 done
2026-09-16 06:01:56,463 [INFO] 672/2841 done
2026-09-16 06:01:56,467 [INFO] 673/2841 done
2026-09-16 06:01:56,471 [INFO] 674/2841 done
2026-09-16 06:01:56,475 [INFO] 675/2841 done
2026-09-16 06:01:56,480 [INFO] 676/2841 done
2026-09-16 06:01:56,484 [INFO] 677/2841 done
2026-09-16 06:01:56,488 [INFO] 678/2841 done
2026-09-16 06:01:56,492 [INFO] 679/2841 done
2026-09-16 06:01:56,497 [INFO] 680/2841 done
2026-09-16 06:01:56,501 [INFO] 681/2841 done
2026-09-16 06:01:56,505 [INFO] 682/2841 done
2026-09-16 06:01:56,509 [INFO] 683/2841 done
2026-09-16 06:01:56,513 [INFO] 684/2841 done
2026-09-16 06:01:56,517 [INFO] 685/2841 done
2026-09-16 06:01:56,522 [INFO] 686/2841 done
2026-09-16 06:01:56,526 [INFO] 687/2841 done
2026-09-16 06:01:56,530 [INFO] 688/2841 done
2026-09-16 06:01:56,534 [INFO] 689/2841 done
2026-09-16 06:01:56,538 [INFO] 690/2841 done
2026-09-16 06:01:56,543 [INFO] 691/2841 done
2026-09-16 06:01:56,547 [INFO] 692/2841 done
2026-09-16 06:01:56,551 [INFO] 693/2841 done
2026-09-16 06:01:56,556 [INFO] 694/2841 done
2026-09-16 06:01:56,560 [INFO] 695/2841 done
2026-09-16 06:01:56,564 [INFO] 696/2841 done
2026-09-16 06:01:56,568 [INFO] 697/2841 done
2026-09-16 06:01:56,573 [INFO] 698/2841 done
2026-09-16 06:01:56,577 [INFO] 699/2841 done
2026-09-16 06:01:56,581 [INFO] 700/2841 done
2026-09-16 06:01:56,585 [INFO] 701/2841 done
2026-09-16 06:01:56,589 [INFO] 702/2841 done
2026-09-16 06:01:56,593 [INFO] 703/2841 done
2026-09-16 06:01:56,598 [INFO] 704/2841 done
2026-09-16 06:01:56,602 [INFO] 705/2841 done
2026-09-16 06:01:56,606 [INFO] 706/2841 done
2026-09-16 06:01:56,610 [INFO] 707/2841 done
2026-09-16 06:01:56,615 [INFO] 708/2841 done
2026-09-16 06:01:56,619 [INFO] 709/2841 done
2026-09-16 06:01:56,623 [INFO] 710/2841 done
2026-09-16 06:01:56,628 [INFO] 711/2841 done
2026-09-16 06:01:56,632 [INFO] 712/2841 done
2026-09-16 06:01:56,636 [INFO] 713/2841 done
2026-09-16 06:01:56,641 [INFO] 714/2841 done
2026-09-16 06:01:56,645 [INFO] 715/2841 done
2026-09-16 06:01:56,649 [INFO] 716/2841 done
2026-09-16 06:01:56,653 [INFO] 717/2841 done
2026-09-16 06:01:56,657 [INFO] 718/2841 done
2026-09-16 06:01:56,662 [INFO] 719/2841 done
2026-09-16 06:01:56,666 [INFO] 720/2841 done
2026-09-16 06:01:56,671 [INFO] 721/2841 done
2026-09-16 06:01:56,675 [INFO] 722/2841 done
2026-09-16 06:01:56,679 [INFO] 723/2841 done
2026-09-16 06:01:56,683 [INFO] 724/2841 done
2026-09-16 06:01:56,687 [INFO] 725/2841 done
2026-09-16 06:01:56,692 [INFO] 726/2841 done
2026-09-16 06:01:56,696 [INFO] 727/2841 done
2026-09-16 06:01:56,701 [INFO] 728/2841 done
2026-09-16 06:01:56,705 [INFO] 729/2841 done
2026-09-16 06:01:56,709 [INFO] 730/2841 done
2026-09-16 06:01:56,714 [INFO] 731/2841 done
2026-09-16 06:01:56,718 [INFO] 732/2841 done
2026-09-16 06:01:56,722 [INFO] 733/2841 done
2026-09-16 06:01:56,727 [INFO] 734/2841 done
2026-09-16 06:01:56,731 [INFO] 735/2841 done
2026-09-16 06:01:56,735 [INFO] 736/2841 done
2026-09-16 06:01:56,739 [INFO] 737/2841 done
2026-09-16 06:01:56,744 [INFO] 738/2841 done
2026-09-16 06:01:56,748 [INFO] 739/2841 done
2026-09-16 06:01:56,752 [INFO] 740/2841 done
2026-09-16 06:01:56,756 [INFO] 741/2841 done
2026-09-16 06:01:56,761 [INFO] 742/2841 done
2026-09-16 06:01:56,765 [INFO] 743/2841 done
2026-09-16 06:01:56,769 [INFO] 744/2841 done
2026-09-16 06:01:56,774 [INFO] 745/2841 done
2026-09-16 06:01:56,778 [INFO] 746/2841 done
2026-09-16 06:01:56,782 [INFO] 747/2841 done
2026-09-16 06:01:56,786 [INFO] 748/2841 done
2026-09-16 06:01:56,791 [INFO] 749/2841 done
2026-09-16 06:01:56,795 [INFO] 750/2841 done
2026-09-16 06:01:56,799 [INFO] 751/2841 done
2026-09-16 06:01:56,803 [INFO] 752/2841 done
2026-09-16 06:01:56,807 [INFO] 753/2841 done
2026-09-16 06:01:56,812 [INFO] 754/2841 done
2026-09-16 06:01:56,816 [INFO] 755/2841 done
2026-09-16 06:01:56,821 [INFO] 756/2841 done
2026-09-16 06:01:56,825 [INFO] 757/2841 done
2026-09-16 06:01:56,830 [INFO] 758/2841 done
2026-09-16 06:01:56,834 [INFO] 759/2841 done
2026-09-16 06:01:56,838 [INFO] 760/2841 done
2026-09-16 06:01:56,842 [INFO] 761/2841 done
2026-09-16 06:01:56,847 [INFO] 762/2841 done
2026-09-16 06:01:56,851 [INFO] 763/2841 done
2026-09-16 06:01:56,855 [INFO] 764/2841 done
2026-09-16 06:01:56,859 [INFO] 765/2841 done
2026-09-16 06:01:56,863 [INFO] 766/2841 done
2026-09-16 06:01:56,867 [INFO] 767/2841 done
2026-09-16 06:01:56,871 [INFO] 768/2841 done
2026-09-16 06:01:56,876 [INFO] 769/2841 done
2026-09-16 06:01:56,880 [INFO] 770/2841 done
2026-09-16 06:01:56,884 [INFO] 771/2841 done
2026-09-16 06:01:56,889 [INFO] 772/2841 done
2026-09-16 06:01:56,893 [INFO] 773/2841 done
2026-09-16 06:01:56,897 [INFO] 774/2841 done
2026-09-16 06:01:56,901 [INFO] 775/2841 done
2026-09-16 06:01:56,906 [INFO] 776/2841 done
2026-09-16 06:01:56,910 [INFO] 777/2841 done
2026-09-16 06:01:56,915 [INFO] 778/2841 done
2026-09-16 06:01:56,919 [INFO] 779/2841 done
2026-09-16 06:01:56,923 [INFO] 780/2841 done
2026-09-16 06:01:56,927 [INFO] 781/2841 done
2026-09-16 06:01:56,931 [INFO] 782/2841 done
2026-09-16 06:01:56,936 [INFO] 783/2841 done
2026-09-16 06:01:56,940 [INFO] 784/2841 done
2026-09-16 06:01:56,944 [INFO] 785/2841 done
2026-09-16 06:01:56,948 [INFO] 786/2841 done
2026-09-16 06:01:56,952 [INFO] 787/2841 done
2026-09-16 06:01:56,957 [INFO] 788/2841 done
2026-09-16 06:01:56,961 [INFO] 789/2841 done
2026-09-16 06:01:56,965 [INFO] 790/2841 done
2026-09-16 06:01:56,969 [INFO] 791/2841 done
2026-09-16 06:01:56,973 [INFO] 792/2841 done
2026-09-16 06:01:56,977 [INFO] 793/2841 done
2026-09-16 06:01:56,981 [INFO] 794/2841 done
2026-09-16 06:01:56,986 [INFO] 795/2841 done
2026-09-16 06:01:56,990 [INFO] 796/2841 done
2026-09-16 06:01:56,994 [INFO] 797/2841 done
2026-09-16 06:01:56,998 [INFO] 798/2841 done
2026-09-16 06:01:57,002 [INFO] 799/2841 done
2026-09-16 06:01:57,006 [INFO] 800/2841 done
2026-09-16 06:01:57,011 [INFO] 801/2841 done
2026-09-16 06:01:57,015 [INFO] 802/2841 done
2026-09-16 06:01:57,019 [INFO] 803/2841 done
2026-09-16 06:01:57,023 [INFO] 804/2841 done
2026-09-16 06:01:57,028 [INFO] 805/2841 done
2026-09-16 06:01:57,032 [INFO] 806/2841 done
2026-09-16 06:01:57,036 [INFO] 807/2841 done
2026-09-16 06:01:57,040 [INFO] 808/2841 done
2026-09-16 06:01:57,044 [INFO] 809/2841 done
2026-09-16 06:01:57,048 [INFO] 810/2841 done
2026-09-16 06:01:57,052 [INFO] 811/2841 done
2026-09-16 06:01:57,057 [INFO] 812/2841 done
2026-09-16 06:01:57,061 [INFO] 813/2841 done
2026-09-16 06:01:57,065 [INFO] 814/2841 done
2026-09-16 06:01:57,069 [INFO] 815/2841 done
2026-09-16 06:01:57,073 [INFO] 816/2841 done
2026-09-16 06:01:57,078 [INFO] 817/2841 done
2026-09-16 06:01:57,082 [INFO] 818/2841 done
2026-09-16 06:01:57,086 [INFO] 819/2841 done
2026-09-16 06:01:57,090 [INFO] 820/2841 done
2026-09-16 06:01:57,095 [INFO] 821/2841 done
2026-09-16 06:01:57,099 [INFO] 822/2841 done
2026-09-16 06:01:57,103 [INFO] 823/2841 done
2026-09-16 06:01:57,107 [INFO] 824/2841 done
2026-09-16 06:01:57,111 [INFO] 825/2841 done
2026-09-16 06:01:57,115 [INFO] 826/2841 done
2026-09-16 06:01:57,120 [INFO] 827/2841 done
2026-09-16 06:01:57,124 [INFO] 828/2841 done
2026-09-16 06:01:57,128 [INFO] 829/2841 done
2026-09-16 06:01:57,133 [INFO] 830/2841 done
2026-09-16 06:01:57,137 [INFO] 831/2841 done
2026-09-16 06:01:57,141 [INFO] 832/2841 done
2026-09-16 06:01:57,145 [INFO] 833/2841 done
2026-09-16 06:01:57,149 [INFO] 834/2841 done
2026-09-16 06:01:57,153 [INFO] 835/2841 done
2026-09-16 06:01:57,158 [INFO] 836/2841 done
2026-09-16 06:01:57,162 [INFO] 837/2841 done
2026-09-16 06:01:57,166 [INFO] 838/2841 done
2026-09-16 06:01:57,170 [INFO] 839/2841 done
2026-09-16 06:01:57,175 [INFO] 840/2841 done
2026-09-16 06:01:57,179 [INFO] 841/2841 done
2026-09-16 06:01:57,183 [INFO] 842/2841 done
2026-09-16 06:01:57,187 [INFO] 843/2841 done
2026-09-16 06:01:57,191 [INFO] 844/2841 done
2026-09-16 06:01:57,196 [INFO] 845/2841 done
2026-09-16 06:01:57,200 [INFO] 846/2841 done
2026-09-16 06:01:57,204 [INFO] 847/2841 done
2026-09-16 06:01:57,208 [INFO] 848/2841 done
2026-09-16 06:01:57,212 [INFO] 849/2841 done
2026-09-16 06:01:57,217 [INFO] 850/2841 done
2026-09-16 06:01:57,221 [INFO] 851/2841 done
2026-09-16 06:01:57,225 [INFO] 852/2841 done
2026-09-16 06:01:57,229 [INFO] 853/2841 done
2026-09-16 06:01:57,234 [INFO] 854/2841 done
2026-09-16 06:01:57,238 [INFO] 855/2841 done
2026-09-16 06:01:57,243 [INFO] 856/2841 done
2026-09-16 06:01:57,247 [INFO] 857/2841 done
2026-09-16 06:01:57,251 [INFO] 858/2841 done
2026-09-16 06:01:57,256 [INFO] 859/2841 done
2026-09-16 06:01:57,260 [INFO] 860/2841 done
2026-09-16 06:01:57,264 [INFO] 861/2841 done
2026-09-16 06:01:57,269 [INFO] 862/2841 done
2026-09-16 06:01:57,273 [INFO] 863/2841 done
2026-09-16 06:01:57,278 [INFO] 864/2841 done
2026-09-16 06:01:57,282 [INFO] 865/2841 done
2026-09-16 06:01:57,286 [INFO] 866/2841 done
2026-09-16 06:01:57,290 [INFO] 867/2841 done
2026-09-16 06:01:57,294 [INFO] 868/2841 done
2026-09-16 06:01:57,299 [INFO] 869/2841 done
2026-09-16 06:01:57,303 [INFO] 870/2841 done
2026-09-16 06:01:57,307 [INFO] 871/2841 done
2026-09-16 06:01:57,311 [INFO] 872/2841 done
2026-09-16 06:01:57,315 [INFO] 873/2841 done
2026-09-16 06:01:57,320 [INFO] 874/2841 done
2026-09-16 06:01:57,324 [INFO] 875/2841 done
2026-09-16 06:01:57,328 [INFO] 876/2841 done
2026-09-16 06:01:57,332 [INFO] 877/2841 done
2026-09-16 06:01:57,336 [INFO] 878/2841 done
2026-09-16 06:01:57,341 [INFO] 879/2841 done
2026-09-16 06:01:57,345 [INFO] 880/2841 done
2026-09-16 06:01:57,349 [INFO] 881/2841 done
2026-09-16 06:01:57,353 [INFO] 882/2841 done
2026-09-16 06:01:57,358 [INFO] 883/2841 done
2026-09-16 06:01:57,362 [INFO] 884/2841 done
2026-09-16 06:01:57,366 [INFO] 885/2841 done
2026-09-16 06:01:57,370 [INFO] 886/2841 done
2026-09-16 06:01:57,375 [INFO] 887/2841 done
2026-09-16 06:01:57,379 [INFO] 888/2841 done
2026-09-16 06:01:57,383 [INFO] 889/2841 done
2026-09-16 06:01:57,387 [INFO] 890/2841 done
2026-09-16 06:01:57,391 [INFO] 891/2841 done
2026-09-16 06:01:57,395 [INFO] 892/2841 done
2026-09-16 06:01:57,399 [INFO] 893/2841 done
2026-09-16 06:01:57,404 [INFO] 894/2841 done
2026-09-16 06:01:57,408 [INFO] 895/2841 done
2026-09-16 06:01:57,412 [INFO] 896/2841 done
2026-09-16 06:01:57,416 [INFO] 897/2841 done
2026-09-16 06:01:57,420 [INFO] 898/2841 done
2026-09-16 06:01:57,425 [INFO] 899/2841 done
2026-09-16 06:01:57,429 [INFO] 900/2841 done
2026-09-16 06:01:57,433 [INFO] 901/2841 done
2026-09-16 06:01:57,437 [INFO] 902/2841 done
2026-09-16 06:01:57,442 [INFO] 903/2841 done
2026-09-16 06:01:57,446 [INFO] 904/2841 done
2026-09-16 06:01:57,450 [INFO] 905/2841 done
2026-09-16 06:01:57,454 [INFO] 906/2841 done
2026-09-16 06:01:57,459 [INFO] 907/2841 done
2026-09-16 06:01:57,463 [INFO] 908/2841 done
2026-09-16 06:01:57,467 [INFO] 909/2841 done
2026-09-16 06:01:57,471 [INFO] 910/2841 done
2026-09-16 06:01:57,475 [INFO] 911/2841 done
2026-09-16 06:01:57,479 [INFO] 912/2841 done
2026-09-16 06:01:57,483 [INFO] 913/2841 done
2026-09-16 06:01:57,488 [INFO] 914/2841 done
2026-09-16 06:01:57,492 [INFO] 915/2841 done
2026-09-16 06:01:57,496 [INFO] 916/2841 done
2026-09-16 06:01:57,500 [INFO] 917/2841 done
2026-09-16 06:01:57,505 [INFO] 918/2841 done
2026-09-16 06:01:57,509 [INFO] 919/2841 done
2026-09-16 06:01:57,513 [INFO] 920/2841 done
2026-09-16 06:01:57,517 [INFO] 921/2841 done
2026-09-16 06:01:57,522 [INFO] 922/2841 done
2026-09-16 06:01:57,526 [INFO] 923/2841 done
2026-09-16 06:01:57,530 [INFO] 924/2841 done
2026-09-16 06:01:57,535 [INFO] 925/2841 done
2026-09-16 06:01:57,539 [INFO] 926/2841 done
2026-09-16 06:01:57,543 [INFO] 927/2841 done
2026-09-16 06:01:57,547 [INFO] 928/2841 done
2026-09-16 06:01:57,552 [INFO] 929/2841 done
2026-09-16 06:01:57,556 [INFO] 930/2841 done
2026-09-16 06:01:57,560 [INFO] 931/2841 done
2026-09-16 06:01:57,564 [INFO] 932/2841 done
2026-09-16 06:01:57,569 [INFO] 933/2841 done
2026-09-16 06:01:57,573 [INFO] 934/2841 done
2026-09-16 06:01:57,577 [INFO] 935/2841 done
2026-09-16 06:01:57,581 [INFO] 936/2841 done
2026-09-16 06:01:57,585 [INFO] 937/2841 done
2026-09-16 06:01:57,589 [INFO] 938/2841 done
2026-09-16 06:01:57,593 [INFO] 939/2841 done
2026-09-16 06:01:57,598 [INFO] 940/2841 done
2026-09-16 06:01:57,602 [INFO] 941/2841 done
2026-09-16 06:01:57,606 [INFO] 942/2841 done
2026-09-16 06:01:57,610 [INFO] 943/2841 done
2026-09-16 06:01:57,615 [INFO] 944/2841 done
2026-09-16 06:01:57,619 [INFO] 945/2841 done
2026-09-16 06:01:57,623 [INFO] 946/2841 done
2026-09-16 06:01:57,627 [INFO] 947/2841 done
2026-09-16 06:01:57,631 [INFO] 948/2841 done
2026-09-16 06:01:57,635 [INFO] 949/2841 done
2026-09-16 06:01:57,640 [INFO] 950/2841 done
2026-09-16 06:01:57,644 [INFO] 951/2841 done
2026-09-16 06:01:57,648 [INFO] 952/2841 done
2026-09-16 06:01:57,653 [INFO] 953/2841 done
2026-09-16 06:01:57,657 [INFO] 954/2841 done
2026-09-16 06:01:57,661 [INFO] 955/2841 done
2026-09-16 06:01:57,665 [INFO] 956/2841 done
2026-09-16 06:01:57,669 [INFO] 957/2841 done
2026-09-16 06:01:57,674 [INFO] 958/2841 done
2026-09-16 06:01:57,678 [INFO] 959/2841 done
2026-09-16 06:01:57,682 [INFO] 960/2841 done
2026-09-16 06:01:57,686 [INFO] 961/2841 done
2026-09-16 06:01:57,690 [INFO] 962/2841 done
2026-09-16 06:01:57,694 [INFO] 963/2841 done
2026-09-16 06:01:57,698 [INFO] 964/2841 done
2026-09-16 06:01:57,703 [INFO] 965/2841 done
2026-09-16 06:01:57,707 [INFO] 966/2841 done
2026-09-16 06:01:57,711 [INFO] 967/2841 done
2026-09-16 06:01:57,715 [INFO] 968/2841 done
2026-09-16 06:01:57,719 [INFO] 969/2841 done
2026-09-16 06:01:57,724 [INFO] 970/2841 done
2026-09-16 06:01:57,728 [INFO] 971/2841 done
2026-09-16 06:01:57,732 [INFO] 972/2841 done
2026-09-16 06:01:57,736 [INFO] 973/2841 done
2026-09-16 06:01:57,740 [INFO] 974/2841 done
2026-09-16 06:01:57,744 [INFO] 975/2841 done
2026-09-16 06:01:57,748 [INFO] 976/2841 done
2026-09-16 06:01:57,752 [INFO] 977/2841 done
2026-09-16 06:01:57,757 [INFO] 978/2841 done
2026-09-16 06:01:57,761 [INFO] 979/2841 done
2026-09-16 06:01:57,765 [INFO] 980/2841 done
2026-09-16 06:01:57,769 [INFO] 981/2841 done
2026-09-16 06:01:57,774 [INFO] 982/2841 done
2026-09-16 06:01:57,778 [INFO] 983/2841 done
2026-09-16 06:01:57,782 [INFO] 984/2841 done
2026-09-16 06:01:57,786 [INFO] 985/2841 done
2026-09-16 06:01:57,790 [INFO] 986/2841 done
2026-09-16 06:01:57,795 [INFO] 987/2841 done
2026-09-16 06:01:57,799 [INFO] 988/2841 done
2026-09-16 06:01:57,803 [INFO] 989/2841 done
2026-09-16 06:01:57,807 [INFO] 990/2841 done
2026-09-16 06:01:57,811 [INFO] 991/2841 done
2026-09-16 06:01:57,816 [INFO] 992/2841 done
2026-09-16 06:01:57,820 [INFO] 993/2841 done
2026-09-16 06:01:57,824 [INFO] 994/2841 done
2026-09-16 06:01:57,828 [INFO] 995/2841 done
2026-09-16 06:01:57,832 [INFO] 996/2841 done
2026-09-16 06:01:57,837 [INFO] 997/2841 done
2026-09-16 06:01:57,841 [INFO] 998/2841 done
2026-09-16 06:01:57,845 [INFO] 999/2841 done
2026-09-16 06:01:57,849 [INFO] 1000/2841 done
2026-09-16 06:01:57,854 [INFO] 1001/2841 done
2026-09-16 06:01:57,858 [INFO] 1002/2841 done
2026-09-16 06:01:57,862 [INFO] 1003/2841 done
2026-09-16 06:01:57,866 [INFO] 1004/2841 done
2026-09-16 06:01:57,871 [INFO] 1005/2841 done
2026-09-16 06:01:57,875 [INFO] 1006/2841 done
2026-09-16 06:01:57,879 [INFO] 1007/2841 done
2026-09-16 06:01:57,883 [INFO] 1008/2841 done
2026-09-16 06:01:57,887 [INFO] 1009/2841 done
2026-09-16 06:01:57,892 [INFO] 1010/2841 done
2026-09-16 06:01:57,896 [INFO] 1011/2841 done
2026-09-16 06:01:57,900 [INFO] 1012/2841 done
2026-09-16 06:01:57,904 [INFO] 1013/2841 done
2026-09-16 06:01:57,908 [INFO] 1014/2841 done
2026-09-16 06:01:57,912 [INFO] 1015/2841 done
2026-09-16 06:01:57,916 [INFO] 1016/2841 done
2026-09-16 06:01:57,920 [INFO] 1017/2841 done
2026-09-16 06:01:57,925 [INFO] 1018/2841 done
2026-09-16 06:01:57,929 [INFO] 1019/2841 done
2026-09-16 06:01:57,933 [INFO] 1020/2841 done
2026-09-16 06:01:57,937 [INFO] 1021/2841 done
2026-09-16 06:01:57,941 [INFO] 1022/2841 done
2026-09-16 06:01:57,945 [INFO] 1023/2841 done
2026-09-16 06:01:57,949 [INFO] 1024/2841 done
2026-09-16 06:01:57,953 [INFO] 1025/2841 done
2026-09-16 06:01:57,957 [INFO] 1026/2841 done
2026-09-16 06:01:57,962 [INFO] 1027/2841 done
2026-09-16 06:01:57,966 [INFO] 1028/2841 done
2026-09-16 06:01:57,970 [INFO] 1029/2841 done
2026-09-16 06:01:57,974 [INFO] 1030/2841 done
2026-09-16 06:01:57,978 [INFO] 1031/2841 done
2026-09-16 06:01:57,983 [INFO] 1032/2841 done
2026-09-16 06:01:57,987 [INFO] 1033/2841 done
2026-09-16 06:01:57,991 [INFO] 1034/2841 done
2026-09-16 06:01:57,995 [INFO] 1035/2841 done
2026-09-16 06:01:57,999 [INFO] 1036/2841 done
2026-09-16 06:01:58,003 [INFO] 1037/2841 done
2026-09-16 06:01:58,007 [INFO] 1038/2841 done
2026-09-16 06:01:58,011 [INFO] 1039/2841 done
2026-09-16 06:01:58,016 [INFO] 1040/2841 done
2026-09-16 06:01:58,020 [INFO] 1041/2841 done
2026-09-16 06:01:58,024 [INFO] 1042/2841 done
2026-09-16 06:01:58,028 [INFO] 1043/2841 done
2026-09-16 06:01:58,032 [INFO] 1044/2841 done
2026-09-16 06:01:58,036 [INFO] 1045/2841 done
2026-09-16 06:01:58,040 [INFO] 1046/2841 done
2026-09-16 06:01:58,045 [INFO] 1047/2841 done
2026-09-16 06:01:58,049 [INFO] 1048/2841 done
2026-09-16 06:01:58,053 [INFO] 1049/2841 done
2026-09-16 06:01:58,057 [INFO] 1050/2841 done
2026-09-16 06:01:58,061 [INFO] 1051/2841 done
2026-09-16 06:01:58,065 [INFO] 1052/2841 done
2026-09-16 06:01:58,069 [INFO] 1053/2841 done
2026-09-16 06:01:58,073 [INFO] 1054/2841 done
2026-09-16 06:01:58,077 [INFO] 1055/2841 done
2026-09-16 06:01:58,082 [INFO] 1056/2841 done
2026-09-16 06:01:58,086 [INFO] 1057/2841 done
2026-09-16 06:01:58,090 [INFO] 1058/2841 done
2026-09-16 06:01:58,094 [INFO] 1059/2841 done
2026-09-16 06:01:58,098 [INFO] 1060/2841 done
2026-09-16 06:01:58,102 [INFO] 1061/2841 done
2026-09-16 06:01:58,106 [INFO] 1062/2841 done
2026-09-16 06:01:58,111 [INFO] 1063/2841 done
2026-09-16 06:01:58,115 [INFO] 1064/2841 done
2026-09-16 06:01:58,119 [INFO] 1065/2841 done
2026-09-16 06:01:58,123 [INFO] 1066/2841 done
2026-09-16 06:01:58,127 [INFO] 1067/2841 done
2026-09-16 06:01:58,131 [INFO] 1068/2841 done
2026-09-16 06:01:58,135 [INFO] 1069/2841 done
2026-09-16 06:01:58,140 [INFO] 1070/2841 done
2026-09-16 06:01:58,144 [INFO] 1071/2841 done
2026-09-16 06:01:58,148 [INFO] 1072/2841 done
2026-09-16 06:01:58,152 [INFO] 1073/2841 done
2026-09-16 06:01:58,156 [INFO] 1074/2841 done
2026-09-16 06:01:58,160 [INFO] 1075/2841 done
2026-09-16 06:01:58,164 [INFO] 1076/2841 done
2026-09-16 06:01:58,168 [INFO] 1077/2841 done
2026-09-16 06:01:58,173 [INFO] 1078/2841 done
2026-09-16 06:01:58,177 [INFO] 1079/2841 done
2026-09-16 06:01:58,181 [INFO] 1080/2841 done
2026-09-16 06:01:58,185 [INFO] 1081/2841 done
2026-09-16 06:01:58,190 [INFO] 1082/2841 done
2026-09-16 06:01:58,194 [INFO] 1083/2841 done
2026-09-16 06:01:58,198 [INFO] 1084/2841 done
2026-09-16 06:01:58,202 [INFO] 1085/2841 done
2026-09-16 06:01:58,206 [INFO] 1086/2841 done
2026-09-16 06:01:58,211 [INFO] 1087/2841 done
2026-09-16 06:01:58,215 [INFO] 1088/2841 done
2026-09-16 06:01:58,219 [INFO] 1089/2841 done
2026-09-16 06:01:58,223 [INFO] 1090/2841 done
2026-09-16 06:01:58,227 [INFO] 1091/2841 done
2026-09-16 06:01:58,231 [INFO] 1092/2841 done
2026-09-16 06:01:58,235 [INFO] 1093/2841 done
2026-09-16 06:01:58,240 [INFO] 1094/2841 done
2026-09-16 06:01:58,244 [INFO] 1095/2841 done
2026-09-16 06:01:58,248 [INFO] 1096/2841 done
2026-09-16 06:01:58,252 [INFO] 1097/2841 done
2026-09-16 06:01:58,256 [INFO] 1098/2841 done
2026-09-16 06:01:58,260 [INFO] 1099/2841 done
2026-09-16 06:01:58,264 [INFO] 1100/2841 done
2026-09-16 06:01:58,268 [INFO] 1101/2841 done
2026-09-16 06:01:58,272 [INFO] 1102/2841 done
2026-09-16 06:01:58,276 [INFO] 1103/2841 done
2026-09-16 06:01:58,281 [INFO] 1104/2841 done
2026-09-16 06:01:58,285 [INFO] 1105/2841 done
2026-09-16 06:01:58,289 [INFO] 1106/2841 done
2026-09-16 06:01:58,293 [INFO] 1107/2841 done
2026-09-16 06:01:58,297 [INFO] 1108/2841 done
2026-09-16 06:01:58,301 [INFO] 1109/2841 done
2026-09-16 06:01:58,305 [INFO] 1110/2841 done
2026-09-16 06:01:58,309 [INFO] 1111/2841 done
2026-09-16 06:01:58,313 [INFO] 1112/2841 done
2026-09-16 06:01:58,318 [INFO] 1113/2841 done
2026-09-16 06:01:58,322 [INFO] 1114/2841 done
2026-09-16 06:01:58,326 [INFO] 1115/2841 done
2026-09-16 06:01:58,330 [INFO] 1116/2841 done
2026-09-16 06:01:58,334 [INFO] 1117/2841 done
2026-09-16 06:01:58,338 [INFO] 1118/2841 done
2026-09-16 06:01:58,342 [INFO] 1119/2841 done
2026-09-16 06:01:58,346 [INFO] 1120/2841 done
2026-09-16 06:01:58,350 [INFO] 1121/2841 done
2026-09-16 06:01:58,354 [INFO] 1122/2841 done
2026-09-16 06:01:58,358 [INFO] 1123/2841 done
2026-09-16 06:01:58,362 [INFO] 1124/2841 done
2026-09-16 06:01:58,367 [INFO] 1125/2841 done
2026-09-16 06:01:58,371 [INFO] 1126/2841 done
2026-09-16 06:01:58,375 [INFO] 1127/2841 done
2026-09-16 06:01:58,379 [INFO] 1128/2841 done
2026-09-16 06:01:58,383 [INFO] 1129/2841 done
2026-09-16 06:01:58,387 [INFO] 1130/2841 done
2026-09-16 06:01:58,391 [INFO] 1131/2841 done
2026-09-16 06:01:58,395 [INFO] 1132/2841 done
2026-09-16 06:01:58,399 [INFO] 1133/2841 done
2026-09-16 06:01:58,403 [INFO] 1134/2841 done
2026-09-16 06:01:58,407 [INFO] 1135/2841 done
2026-09-16 06:01:58,411 [INFO] 1136/2841 done
2026-09-16 06:01:58,415 [INFO] 1137/2841 done
2026-09-16 06:01:58,420 [INFO] 1138/2841 done
2026-09-16 06:01:58,424 [INFO] 1139/2841 done
2026-09-16 06:01:58,428 [INFO] 1140/2841 done
2026-09-16 06:01:58,432 [INFO] 1141/2841 done
2026-09-16 06:01:58,436 [INFO] 1142/2841 done
2026-09-16 06:01:58,440 [INFO] 1143/2841 done
2026-09-16 06:01:58,444 [INFO] 1144/2841 done
2026-09-16 06:01:58,448 [INFO] 1145/2841 done
2026-09-16 06:01:58,452 [INFO] 1146/2841 done
2026-09-16 06:01:58,457 [INFO] 1147/2841 done
2026-09-16 06:01:58,461 [INFO] 1148/2841 done
2026-09-16 06:01:58,465 [INFO] 1149/2841 done
2026-09-16 06:01:58,469 [INFO] 1150/2841 done
2026-09-16 06:01:58,473 [INFO] 1151/2841 done
2026-09-16 06:01:58,477 [INFO] 1152/2841 done
2026-09-16 06:01:58,481 [INFO] 1153/2841 done
2026-09-16 06:01:58,485 [INFO] 1154/2841 done
2026-09-16 06:01:58,489 [INFO] 1155/2841 done
2026-09-16 06:01:58,493 [INFO] 1156/2841 done
2026-09-16 06:01:58,497 [INFO] 1157/2841 done
2026-09-16 06:01:58,501 [INFO] 1158/2841 done
2026-09-16 06:01:58,506 [INFO] 1159/2841 done
2026-09-16 06:01:58,510 [INFO] 1160/2841 done
2026-09-16 06:01:58,514 [INFO] 1161/2841 done
2026-09-16 06:01:58,518 [INFO] 1162/2841 done
2026-09-16 06:01:58,522 [INFO] 1163/2841 done
2026-09-16 06:01:58,526 [INFO] 1164/2841 done
2026-09-16 06:01:58,530 [INFO] 1165/2841 done
2026-09-16 06:01:58,534 [INFO] 1166/2841 done
2026-09-16 06:01:58,538 [INFO] 1167/2841 done
2026-09-16 06:01:58,542 [INFO] 1168/2841 done
2026-09-16 06:01:58,547 [INFO] 1169/2841 done
2026-09-16 06:01:58,551 [INFO] 1170/2841 done
2026-09-16 06:01:58,555 [INFO] 1171/2841 done
2026-09-16 06:01:58,559 [INFO] 1172/2841 done
2026-09-16 06:01:58,563 [INFO] 1173/2841 done
2026-09-16 06:01:58,567 [INFO] 1174/2841 done
2026-09-16 06:01:58,571 [INFO] 1175/2841 done
2026-09-16 06:01:58,575 [INFO] 1176/2841 done
2026-09-16 06:01:58,579 [INFO] 1177/2841 done
2026-09-16 06:01:58,583 [INFO] 1178/2841 done
2026-09-16 06:01:58,587 [INFO] 1179/2841 done
2026-09-16 06:01:58,591 [INFO] 1180/2841 done
2026-09-16 06:01:58,595 [INFO] 1181/2841 done
2026-09-16 06:01:58,599 [INFO] 1182/2841 done
2026-09-16 06:01:58,603 [INFO] 1183/2841 done
2026-09-16 06:01:58,607 [INFO] 1184/2841 done
2026-09-16 06:01:58,612 [INFO] 1185/2841 done
2026-09-16 06:01:58,616 [INFO] 1186/2841 done
2026-09-16 06:01:58,620 [INFO] 1187/2841 done
2026-09-16 06:01:58,624 [INFO] 1188/2841 done
2026-09-16 06:01:58,628 [INFO] 1189/2841 done
2026-09-16 06:01:58,632 [INFO] 1190/2841 done
2026-09-16 06:01:58,636 [INFO] 1191/2841 done
2026-09-16 06:01:58,641 [INFO] 1192/2841 done
2026-09-16 06:01:58,645 [INFO] 1193/2841 done
2026-09-16 06:01:58,649 [INFO] 1194/2841 done
2026-09-16 06:01:58,653 [INFO] 1195/2841 done
2026-09-16 06:01:58,657 [INFO] 1196/2841 done
2026-09-16 06:01:58,661 [INFO] 1197/2841 done
2026-09-16 06:01:58,665 [INFO] 1198/2841 done
2026-09-16 06:01:58,669 [INFO] 1199/2841 done
2026-09-16 06:01:58,674 [INFO] 1200/2841 done
2026-09-16 06:01:58,678 [INFO] 1201/2841 done
2026-09-16 06:01:58,682 [INFO] 1202/2841 done
2026-09-16 06:01:58,686 [INFO] 1203/2841 done
2026-09-16 06:01:58,690 [INFO] 1204/2841 done
2026-09-16 06:01:58,694 [INFO] 1205/2841 done
2026-09-16 06:01:58,698 [INFO] 1206/2841 done
2026-09-16 06:01:58,702 [INFO] 1207/2841 done
2026-09-16 06:01:58,707 [INFO] 1208/2841 done
2026-09-16 06:01:58,711 [INFO] 1209/2841 done
2026-09-16 06:01:58,715 [INFO] 1210/2841 done
2026-09-16 06:01:58,719 [INFO] 1211/2841 done
2026-09-16 06:01:58,723 [INFO] 1212/2841 done
2026-09-16 06:01:58,728 [INFO] 1213/2841 done
2026-09-16 06:01:58,732 [INFO] 1214/2841 done
2026-09-16 06:01:58,736 [INFO] 1215/2841 done
2026-09-16 06:01:58,740 [INFO] 1216/2841 done
2026-09-16 06:01:58,744 [INFO] 1217/2841 done
2026-09-16 06:01:58,748 [INFO] 1218/2841 done
2026-09-16 06:01:58,752 [INFO] 1219/2841 done
2026-09-16 06:01:58,756 [INFO] 1220/2841 done
2026-09-16 06:01:58,760 [INFO] 1221/2841 done
2026-09-16 06:01:58,764 [INFO] 1222/2841 done
2026-09-16 06:01:58,768 [INFO] 1223/2841 done
2026-09-16 06:01:58,773 [INFO] 1224/2841 done
2026-09-16 06:01:58,777 [INFO] 1225/2841 done
2026-09-16 06:01:58,781 [INFO] 1226/2841 done
2026-09-16 06:01:58,785 [INFO] 1227/2841 done
2026-09-16 06:01:58,790 [INFO] 1228/2841 done
2026-09-16 06:01:58,794 [INFO] 1229/2841 done
2026-09-16 06:01:58,798 [INFO] 1230/2841 done
2026-09-16 06:01:58,802 [INFO] 1231/2841 done
2026-09-16 06:01:58,806 [INFO] 1232/2841 done
2026-09-16 06:01:58,810 [INFO] 1233/2841 done
2026-09-16 06:01:58,814 [INFO] 1234/2841 done
2026-09-16 06:01:58,819 [INFO] 1235/2841 done
2026-09-16 06:01:58,823 [INFO] 1236/2841 done
2026-09-16 06:01:58,827 [INFO] 1237/2841 done
2026-09-16 06:01:58,831 [INFO] 1238/2841 done
2026-09-16 06:01:58,836 [INFO] 1239/2841 done
2026-09-16 06:01:58,840 [INFO] 1240/2841 done
2026-09-16 06:01:58,844 [INFO] 1241/2841 done
2026-09-16 06:01:58,848 [INFO] 1242/2841 done
2026-09-16 06:01:58,852 [INFO] 1243/2841 done
2026-09-16 06:01:58,856 [INFO] 1244/2841 done
2026-09-16 06:01:58,860 [INFO] 1245/2841 done
2026-09-16 06:01:58,864 [INFO] 1246/2841 done
2026-09-16 06:01:58,868 [INFO] 1247/2841 done
2026-09-16 06:01:58,872 [INFO] 1248/2841 done
2026-09-16 06:01:58,876 [INFO] 1249/2841 done
2026-09-16 06:01:58,881 [INFO] 1250/2841 done
2026-09-16 06:01:58,885 [INFO] 1251/2841 done
2026-09-16 06:01:58,889 [INFO] 1252/2841 done
2026-09-16 06:01:58,893 [INFO] 1253/2841 done
2026-09-16 06:01:58,897 [INFO] 1254/2841 done
2026-09-16 06:01:58,901 [INFO] 1255/2841 done
2026-09-16 06:01:58,905 [INFO] 1256/2841 done
2026-09-16 06:01:58,909 [INFO] 1257/2841 done
2026-09-16 06:01:58,913 [INFO] 1258/2841 done
2026-09-16 06:01:58,917 [INFO] 1259/2841 done
2026-09-16 06:01:58,922 [INFO] 1260/2841 done
2026-09-16 06:01:58,926 [INFO] 1261/2841 done
2026-09-16 06:01:58,930 [INFO] 1262/2841 done
2026-09-16 06:01:58,934 [INFO] 1263/2841 done
2026-09-16 06:01:58,938 [INFO] 1264/2841 done
2026-09-16 06:01:58,942 [INFO] 1265/2841 done
2026-09-16 06:01:58,947 [INFO] 1266/2841 done
2026-09-16 06:01:58,951 [INFO] 1267/2841 done
2026-09-16 06:01:58,955 [INFO] 1268/2841 done
2026-09-16 06:01:58,959 [INFO] 1269/2841 done
2026-09-16 06:01:58,963 [INFO] 1270/2841 done
2026-09-16 06:01:58,968 [INFO] 1271/2841 done
2026-09-16 06:01:58,972 [INFO] 1272/2841 done
2026-09-16 06:01:58,976 [INFO] 1273/2841 done
2026-09-16 06:01:58,980 [INFO] 1274/2841 done
2026-09-16 06:01:58,984 [INFO] 1275/2841 done
2026-09-16 06:01:58,988 [INFO] 1276/2841 done
2026-09-16 06:01:58,992 [INFO] 1277/2841 done
2026-09-16 06:01:58,996 [INFO] 1278/2841 done
2026-09-16 06:01:59,000 [INFO] 1279/2841 done
2026-09-16 06:01:59,005 [INFO] 1280/2841 done
2026-09-16 06:01:59,009 [INFO] 1281/2841 done
2026-09-16 06:01:59,013 [INFO] 1282/2841 done
2026-09-16 06:01:59,017 [INFO] 1283/2841 done
2026-09-16 06:01:59,021 [INFO] 1284/2841 done
2026-09-16 06:01:59,025 [INFO] 1285/2841 done
2026-09-16 06:01:59,030 [INFO] 1286/2841 done
2026-09-16 06:01:59,034 [INFO] 1287/2841 done
2026-09-16 06:01:59,038 [INFO] 1288/2841 done
2026-09-16 06:01:59,042 [INFO] 1289/2841 done
2026-09-16 06:01:59,046 [INFO] 1290/2841 done
2026-09-16 06:01:59,050 [INFO] 1291/2841 done
2026-09-16 06:01:59,055 [INFO] 1292/2841 done
2026-09-16 06:01:59,059 [INFO] 1293/2841 done
2026-09-16 06:01:59,063 [INFO] 1294/2841 done
2026-09-16 06:01:59,067 [INFO] 1295/2841 done
2026-09-16 06:01:59,071 [INFO] 1296/2841 done
2026-09-16 06:01:59,075 [INFO] 1297/2841 done
2026-09-16 06:01:59,079 [INFO] 1298/2841 done
2026-09-16 06:01:59,083 [INFO] 1299/2841 done
2026-09-16 06:01:59,087 [INFO] 1300/2841 done
2026-09-16 06:01:59,091 [INFO] 1301/2841 done
2026-09-16 06:01:59,095 [INFO] 1302/2841 done
2026-09-16 06:01:59,100 [INFO] 1303/2841 done
2026-09-16 06:01:59,104 [INFO] 1304/2841 done
2026-09-16 06:01:59,108 [INFO] 1305/2841 done
2026-09-16 06:01:59,112 [INFO] 1306/2841 done
2026-09-16 06:01:59,116 [INFO] 1307/2841 done
2026-09-16 06:01:59,120 [INFO] 1308/2841 done
2026-09-16 06:01:59,124 [INFO] 1309/2841 done
2026-09-16 06:01:59,128 [INFO] 1310/2841 done
2026-09-16 06:01:59,132 [INFO] 1311/2841 done
2026-09-16 06:01:59,136 [INFO] 1312/2841 done
2026-09-16 06:01:59,140 [INFO] 1313/2841 done
2026-09-16 06:01:59,145 [INFO] 1314/2841 done
2026-09-16 06:01:59,149 [INFO] 1315/2841 done
2026-09-16 06:01:59,153 [INFO] 1316/2841 done
2026-09-16 06:01:59,157 [INFO] 1317/2841 done
2026-09-16 06:01:59,161 [INFO] 1318/2841 done
2026-09-16 06:01:59,166 [INFO] 1319/2841 done
2026-09-16 06:01:59,170 [INFO] 1320/2841 done
2026-09-16 06:01:59,174 [INFO] 1321/2841 done
2026-09-16 06:01:59,178 [INFO] 1322/2841 done
2026-09-16 06:01:59,182 [INFO] 1323/2841 done
2026-09-16 06:01:59,186 [INFO] 1324/2841 done
2026-09-16 06:01:59,190 [INFO] 1325/2841 done
2026-09-16 06:01:59,194 [INFO] 1326/2841 done
2026-09-16 06:01:59,199 [INFO] 1327/2841 done
2026-09-16 06:01:59,203 [INFO] 1328/2841 done
2026-09-16 06:01:59,207 [INFO] 1329/2841 done
2026-09-16 06:01:59,211 [INFO] 1330/2841 done
2026-09-16 06:01:59,215 [INFO] 1331/2841 done
2026-09-16 06:01:59,220 [INFO] 1332/2841 done
2026-09-16 06:01:59,224 [INFO] 1333/2841 done
2026-09-16 06:01:59,228 [INFO] 1334/2841 done
2026-09-16 06:01:59,232 [INFO] 1335/2841 done
2026-09-16 06:01:59,237 [INFO] 1336/2841 done
2026-09-16 06:01:59,241 [INFO] 1337/2841 done
2026-09-16 06:01:59,245 [INFO] 1338/2841 done
2026-09-16 06:01:59,250 [INFO] 1339/2841 done
2026-09-16 06:01:59,254 [INFO] 1340/2841 done
2026-09-16 06:01:59,258 [INFO] 1341/2841 done
2026-09-16 06:01:59,262 [INFO] 1342/2841 done
2026-09-16 06:01:59,266 [INFO] 1343/2841 done
2026-09-16 06:01:59,270 [INFO] 1344/2841 done
2026-09-16 06:01:59,274 [INFO] 1345/2841 done
2026-09-16 06:01:59,279 [INFO] 1346/2841 done
2026-09-16 06:01:59,283 [INFO] 1347/2841 done
2026-09-16 06:01:59,287 [INFO] 1348/2841 done
2026-09-16 06:01:59,291 [INFO] 1349/2841 done
2026-09-16 06:01:59,295 [INFO] 1350/2841 done
2026-09-16 06:01:59,299 [INFO] 1351/2841 done
2026-09-16 06:01:59,303 [INFO] 1352/2841 done
2026-09-16 06:01:59,308 [INFO] 1353/2841 done
2026-09-16 06:01:59,312 [INFO] 1354/2841 done
2026-09-16 06:01:59,316 [INFO] 1355/2841 done
2026-09-16 06:01:59,320 [INFO] 1356/2841 done
2026-09-16 06:01:59,324 [INFO] 1357/2841 done
2026-09-16 06:01:59,328 [INFO] 1358/2841 done
2026-09-16 06:01:59,332 [INFO] 1359/2841 done
2026-09-16 06:01:59,337 [INFO] 1360/2841 done
2026-09-16 06:01:59,341 [INFO] 1361/2841 done
2026-09-16 06:01:59,345 [INFO] 1362/2841 done
2026-09-16 06:01:59,349 [INFO] 1363/2841 done
2026-09-16 06:01:59,353 [INFO] 1364/2841 done
2026-09-16 06:01:59,358 [INFO] 1365/2841 done
2026-09-16 06:01:59,362 [INFO] 1366/2841 done
2026-09-16 06:01:59,366 [INFO] 1367/2841 done
2026-09-16 06:01:59,371 [INFO] 1368/2841 done
2026-09-16 06:01:59,375 [INFO] 1369/2841 done
2026-09-16 06:01:59,379 [INFO] 1370/2841 done
2026-09-16 06:01:59,383 [INFO] 1371/2841 done
2026-09-16 06:01:59,387 [INFO] 1372/2841 done
2026-09-16 06:01:59,392 [INFO] 1373/2841 done
2026-09-16 06:01:59,396 [INFO] 1374/2841 done
2026-09-16 06:01:59,400 [INFO] 1375/2841 done
2026-09-16 06:01:59,404 [INFO] 1376/2841 done
2026-09-16 06:01:59,408 [INFO] 1377/2841 done
2026-09-16 06:01:59,412 [INFO] 1378/2841 done
2026-09-16 06:01:59,416 [INFO] 1379/2841 done
2026-09-16 06:01:59,421 [INFO] 1380/2841 done
2026-09-16 06:01:59,425 [INFO] 1381/2841 done
2026-09-16 06:01:59,429 [INFO] 1382/2841 done
2026-09-16 06:01:59,433 [INFO] 1383/2841 done
2026-09-16 06:01:59,438 [INFO] 1384/2841 done
2026-09-16 06:01:59,442 [INFO] 1385/2841 done
2026-09-16 06:01:59,446 [INFO] 1386/2841 done
2026-09-16 06:01:59,450 [INFO] 1387/2841 done
2026-09-16 06:01:59,454 [INFO] 1388/2841 done
2026-09-16 06:01:59,458 [INFO] 1389/2841 done
2026-09-16 06:01:59,463 [INFO] 1390/2841 done
2026-09-16 06:01:59,467 [INFO] 1391/2841 done
2026-09-16 06:01:59,471 [INFO] 1392/2841 done
2026-09-16 06:01:59,475 [INFO] 1393/2841 done
2026-09-16 06:01:59,479 [INFO] 1394/2841 done
2026-09-16 06:01:59,483 [INFO] 1395/2841 done
2026-09-16 06:01:59,487 [INFO] 1396/2841 done
2026-09-16 06:01:59,491 [INFO] 1397/2841 done
2026-09-16 06:01:59,496 [INFO] 1398/2841 done
2026-09-16 06:01:59,500 [INFO] 1399/2841 done
2026-09-16 06:01:59,504 [INFO] 1400/2841 done
2026-09-16 06:01:59,508 [INFO] 1401/2841 done
2026-09-16 06:01:59,512 [INFO] 1402/2841 done
2026-09-16 06:01:59,517 [INFO] 1403/2841 done
2026-09-16 06:01:59,521 [INFO] 1404/2841 done
2026-09-16 06:01:59,525 [INFO] 1405/2841 done
2026-09-16 06:01:59,529 [INFO] 1406/2841 done
2026-09-16 06:01:59,533 [INFO] 1407/2841 done
2026-09-16 06:01:59,537 [INFO] 1408/2841 done
2026-09-16 06:01:59,541 [INFO] 1409/2841 done
2026-09-16 06:01:59,545 [INFO] 1410/2841 done
2026-09-16 06:01:59,550 [INFO] 1411/2841 done
2026-09-16 06:01:59,554 [INFO] 1412/2841 done
2026-09-16 06:01:59,558 [INFO] 1413/2841 done
2026-09-16 06:01:59,562 [INFO] 1414/2841 done
2026-09-16 06:01:59,566 [INFO] 1415/2841 done
2026-09-16 06:01:59,570 [INFO] 1416/2841 done
2026-09-16 06:01:59,574 [INFO] 1417/2841 done
2026-09-16 06:01:59,579 [INFO] 1418/2841 done
2026-09-16 06:01:59,583 [INFO] 1419/2841 done
2026-09-16 06:01:59,587 [INFO] 1420/2841 done
2026-09-16 06:01:59,591 [INFO] 1421/2841 done
2026-09-16 06:01:59,595 [INFO] 1422/2841 done
2026-09-16 06:01:59,600 [INFO] 1423/2841 done
2026-09-16 06:01:59,604 [INFO] 1424/2841 done
2026-09-16 06:01:59,608 [INFO] 1425/2841 done
2026-09-16 06:01:59,612 [INFO] 1426/2841 done
2026-09-16 06:01:59,616 [INFO] 1427/2841 done
2026-09-16 06:01:59,620 [INFO] 1428/2841 done
2026-09-16 06:01:59,625 [INFO] 1429/2841 done
2026-09-16 06:01:59,629 [INFO] 1430/2841 done
2026-09-16 06:01:59,633 [INFO] 1431/2841 done
2026-09-16 06:01:59,637 [INFO] 1432/2841 done
2026-09-16 06:01:59,641 [INFO] 1433/2841 done
2026-09-16 06:01:59,645 [INFO] 1434/2841 done
2026-09-16 06:01:59,649 [INFO] 1435/2841 done
2026-09-16 06:01:59,653 [INFO] 1436/2841 done
2026-09-16 06:01:59,657 [INFO] 1437/2841 done
2026-09-16 06:01:59,661 [INFO] 1438/2841 done
2026-09-16 06:01:59,666 [INFO] 1439/2841 done
2026-09-16 06:01:59,670 [INFO] 1440/2841 done
2026-09-16 06:01:59,674 [INFO] 1441/2841 done
2026-09-16 06:01:59,678 [INFO] 1442/2841 done
2026-09-16 06:01:59,683 [INFO] 1443/2841 done
2026-09-16 06:01:59,687 [INFO] 1444/2841 done
2026-09-16 06:01:59,691 [INFO] 1445/2841 done
2026-09-16 06:01:59,695 [INFO] 1446/2841 done
2026-09-16 06:01:59,699 [INFO] 1447/2841 done
2026-09-16 06:01:59,703 [INFO] 1448/2841 done
2026-09-16 06:01:59,708 [INFO] 1449/2841 done
2026-09-16 06:01:59,712 [INFO] 1450/2841 done
2026-09-16 06:01:59,716 [INFO] 1451/2841 done
2026-09-16 06:01:59,720 [INFO] 1452/2841 done
2026-09-16 06:01:59,724 [INFO] 1453/2841 done
2026-09-16 06:01:59,729 [INFO] 1454/2841 done
2026-09-16 06:01:59,733 [INFO] 1455/2841 done
2026-09-16 06:01:59,737 [INFO] 1456/2841 done
2026-09-16 06:01:59,742 [INFO] 1457/2841 done
2026-09-16 06:01:59,746 [INFO] 1458/2841 done
2026-09-16 06:01:59,750 [INFO] 1459/2841 done
2026-09-16 06:01:59,754 [INFO] 1460/2841 done
2026-09-16 06:01:59,758 [INFO] 1461/2841 done
2026-09-16 06:01:59,762 [INFO] 1462/2841 done
2026-09-16 06:01:59,766 [INFO] 1463/2841 done
2026-09-16 06:01:59,770 [INFO] 1464/2841 done
2026-09-16 06:01:59,775 [INFO] 1465/2841 done
2026-09-16 06:01:59,779 [INFO] 1466/2841 done
2026-09-16 06:01:59,783 [INFO] 1467/2841 done
2026-09-16 06:01:59,787 [INFO] 1468/2841 done
2026-09-16 06:01:59,791 [INFO] 1469/2841 done
2026-09-16 06:01:59,796 [INFO] 1470/2841 done
2026-09-16 06:01:59,800 [INFO] 1471/2841 done
2026-09-16 06:01:59,804 [INFO] 1472/2841 done
2026-09-16 06:01:59,808 [INFO] 1473/2841 done
2026-09-16 06:01:59,812 [INFO] 1474/2841 done
2026-09-16 06:01:59,817 [INFO] 1475/2841 done
2026-09-16 06:01:59,821 [INFO] 1476/2841 done
2026-09-16 06:01:59,825 [INFO] 1477/2841 done
2026-09-16 06:01:59,829 [INFO] 1478/2841 done
2026-09-16 06:01:59,833 [INFO] 1479/2841 done
2026-09-16 06:01:59,837 [INFO] 1480/2841 done
2026-09-16 06:01:59,841 [INFO] 1481/2841 done
2026-09-16 06:01:59,845 [INFO] 1482/2841 done
2026-09-16 06:01:59,849 [INFO] 1483/2841 done
2026-09-16 06:01:59,853 [INFO] 1484/2841 done
2026-09-16 06:01:59,857 [INFO] 1485/2841 done
2026-09-16 06:01:59,862 [INFO] 1486/2841 done
2026-09-16 06:01:59,866 [INFO] 1487/2841 done
2026-09-16 06:01:59,870 [INFO] 1488/2841 done
2026-09-16 06:01:59,874 [INFO] 1489/2841 done
2026-09-16 06:01:59,878 [INFO] 1490/2841 done
2026-09-16 06:01:59,883 [INFO] 1491/2841 done
2026-09-16 06:01:59,887 [INFO] 1492/2841 done
2026-09-16 06:01:59,891 [INFO] 1493/2841 done
2026-09-16 06:01:59,895 [INFO] 1494/2841 done
2026-09-16 06:01:59,899 [INFO] 1495/2841 done
2026-09-16 06:01:59,903 [INFO] 1496/2841 done
2026-09-16 06:01:59,907 [INFO] 1497/2841 done
2026-09-16 06:01:59,911 [INFO] 1498/2841 done
2026-09-16 06:01:59,916 [INFO] 1499/2841 done
2026-09-16 06:01:59,920 [INFO] 1500/2841 done
2026-09-16 06:01:59,924 [INFO] 1501/2841 done
2026-09-16 06:01:59,928 [INFO] 1502/2841 done
2026-09-16 06:01:59,932 [INFO] 1503/2841 done
2026-09-16 06:01:59,937 [INFO] 1504/2841 done
2026-09-16 06:01:59,941 [INFO] 1505/2841 done
2026-09-16 06:01:59,945 [INFO] 1506/2841 done
2026-09-16 06:01:59,949 [INFO] 1507/2841 done
2026-09-16 06:01:59,954 [INFO] 1508/2841 done
2026-09-16 06:01:59,958 [INFO] 1509/2841 done
2026-09-16 06:01:59,962 [INFO] 1510/2841 done
2026-09-16 06:01:59,967 [INFO] 1511/2841 done
2026-09-16 06:01:59,971 [INFO] 1512/2841 done
2026-09-16 06:01:59,975 [INFO] 1513/2841 done
2026-09-16 06:01:59,979 [INFO] 1514/2841 done
2026-09-16 06:01:59,983 [INFO] 1515/2841 done
2026-09-16 06:01:59,988 [INFO] 1516/2841 done
2026-09-16 06:01:59,992 [INFO] 1517/2841 done
2026-09-16 06:01:59,996 [INFO] 1518/2841 done
2026-09-16 06:02:00,000 [INFO] 1519/2841 done
2026-09-16 06:02:00,005 [INFO] 1520/2841 done
2026-09-16 06:02:00,009 [INFO] 1521/2841 done
2026-09-16 06:02:00,013 [INFO] 1522/2841 done
2026-09-16 06:02:00,017 [INFO] 1523/2841 done
2026-09-16 06:02:00,021 [INFO] 1524/2841 done
2026-09-16 06:02:00,026 [INFO] 1525/2841 done
2026-09-16 06:02:00,030 [INFO] 1526/2841 done
2026-09-16 06:02:00,034 [INFO] 1527/2841 done
2026-09-16 06:02:00,038 [INFO] 1528/2841 done
2026-09-16 06:02:00,042 [INFO] 1529/2841 done
2026-09-16 06:02:00,047 [INFO] 1530/2841 done
2026-09-16 06:02:00,051 [INFO] 1531/2841 done
2026-09-16 06:02:00,055 [INFO] 1532/2841 done
2026-09-16 06:02:00,059 [INFO] 1533/2841 done
2026-09-16 06:02:00,063 [INFO] 1534/2841 done
2026-09-16 06:02:00,067 [INFO] 1535/2841 done
2026-09-16 06:02:00,071 [INFO] 1536/2841 done
2026-09-16 06:02:00,076 [INFO] 1537/2841 done
2026-09-16 06:02:00,080 [INFO] 1538/2841 done
2026-09-16 06:02:00,084 [INFO] 1539/2841 done
2026-09-16 06:02:00,088 [INFO] 1540/2841 done
2026-09-16 06:02:00,093 [INFO] 1541/2841 done
2026-09-16 06:02:00,097 [INFO] 1542/2841 done
2026-09-16 06:02:00,101 [INFO] 1543/2841 done
2026-09-16 06:02:00,105 [INFO] 1544/2841 done
2026-09-16 06:02:00,109 [INFO] 1545/2841 done
2026-09-16 06:02:00,114 [INFO] 1546/2841 done
2026-09-16 06:02:00,118 [INFO] 1547/2841 done
2026-09-16 06:02:00,122 [INFO] 1548/2841 done
2026-09-16 06:02:00,126 [INFO] 1549/2841 done
2026-09-16 06:02:00,130 [INFO] 1550/2841 done
2026-09-16 06:02:00,134 [INFO] 1551/2841 done
2026-09-16 06:02:00,139 [INFO] 1552/2841 done
2026-09-16 06:02:00,143 [INFO] 1553/2841 done
2026-09-16 06:02:00,147 [INFO] 1554/2841 done
2026-09-16 06:02:00,151 [INFO] 1555/2841 done
2026-09-16 06:02:00,155 [INFO] 1556/2841 done
2026-09-16 06:02:00,160 [INFO] 1557/2841 done
2026-09-16 06:02:00,164 [INFO] 1558/2841 done
2026-09-16 06:02:00,168 [INFO] 1559/2841 done
2026-09-16 06:02:00,172 [INFO] 1560/2841 done
2026-09-16 06:02:00,177 [INFO] 1561/2841 done
2026-09-16 06:02:00,181 [INFO] 1562/2841 done
2026-09-16 06:02:00,185 [INFO] 1563/2841 done
2026-09-16 06:02:00,189 [INFO] 1564/2841 done
2026-09-16 06:02:00,194 [INFO] 1565/2841 done
2026-09-16 06:02:00,198 [INFO] 1566/2841 done
2026-09-16 06:02:00,202 [INFO] 1567/2841 done
2026-09-16 06:02:00,206 [INFO] 1568/2841 done
2026-09-16 06:02:00,210 [INFO] 1569/2841 done
2026-09-16 06:02:00,215 [INFO] 1570/2841 done
2026-09-16 06:02:00,219 [INFO] 1571/2841 done
2026-09-16 06:02:00,223 [INFO] 1572/2841 done
2026-09-16 06:02:00,228 [INFO] 1573/2841 done
2026-09-16 06:02:00,232 [INFO] 1574/2841 done
2026-09-16 06:02:00,236 [INFO] 1575/2841 done
2026-09-16 06:02:00,240 [INFO] 1576/2841 done
2026-09-16 06:02:00,245 [INFO] 1577/2841 done
2026-09-16 06:02:00,249 [INFO] 1578/2841 done
2026-09-16 06:02:00,253 [INFO] 1579/2841 done
2026-09-16 06:02:00,257 [INFO] 1580/2841 done
2026-09-16 06:02:00,261 [INFO] 1581/2841 done
2026-09-16 06:02:00,265 [INFO] 1582/2841 done
2026-09-16 06:02:00,270 [INFO] 1583/2841 done
2026-09-16 06:02:00,274 [INFO] 1584/2841 done
2026-09-16 06:02:00,278 [INFO] 1585/2841 done
2026-09-16 06:02:00,282 [INFO] 1586/2841 done
2026-09-16 06:02:00,286 [INFO] 1587/2841 done
2026-09-16 06:02:00,290 [INFO] 1588/2841 done
2026-09-16 06:02:00,295 [INFO] 1589/2841 done
2026-09-16 06:02:00,299 [INFO] 1590/2841 done
2026-09-16 06:02:00,303 [INFO] 1591/2841 done
2026-09-16 06:02:00,307 [INFO] 1592/2841 done
2026-09-16 06:02:00,312 [INFO] 1593/2841 done
2026-09-16 06:02:00,316 [INFO] 1594/2841 done
2026-09-16 06:02:00,320 [INFO] 1595/2841 done
2026-09-16 06:02:00,325 [INFO] 1596/2841 done
2026-09-16 06:02:00,329 [INFO] 1597/2841 done
2026-09-16 06:02:00,334 [INFO] 1598/2841 done
2026-09-16 06:02:00,338 [INFO] 1599/2841 done
2026-09-16 06:02:00,342 [INFO] 1600/2841 done
2026-09-16 06:02:00,346 [INFO] 1601/2841 done
2026-09-16 06:02:00,350 [INFO] 1602/2841 done
2026-09-16 06:02:00,355 [INFO] 1603/2841 done
2026-09-16 06:02:00,359 [INFO] 1604/2841 done
2026-09-16 06:02:00,363 [INFO] 1605/2841 done
2026-09-16 06:02:00,367 [INFO] 1606/2841 done
2026-09-16 06:02:00,371 [INFO] 1607/2841 done
2026-09-16 06:02:00,376 [INFO] 1608/2841 done
2026-09-16 06:02:00,380 [INFO] 1609/2841 done
2026-09-16 06:02:00,384 [INFO] 1610/2841 done
2026-09-16 06:02:00,388 [INFO] 1611/2841 done
2026-09-16 06:02:00,392 [INFO] 1612/2841 done
2026-09-16 06:02:00,396 [INFO] 1613/2841 done
2026-09-16 06:02:00,401 [INFO] 1614/2841 done
2026-09-16 06:02:00,405 [INFO] 1615/2841 done
2026-09-16 06:02:00,409 [INFO] 1616/2841 done
2026-09-16 06:02:00,413 [INFO] 1617/2841 done
2026-09-16 06:02:00,417 [INFO] 1618/2841 done
2026-09-16 06:02:00,422 [INFO] 1619/2841 done
2026-09-16 06:02:00,426 [INFO] 1620/2841 done
2026-09-16 06:02:00,430 [INFO] 1621/2841 done
2026-09-16 06:02:00,434 [INFO] 1622/2841 done
2026-09-16 06:02:00,439 [INFO] 1623/2841 done
2026-09-16 06:02:00,443 [INFO] 1624/2841 done
2026-09-16 06:02:00,447 [INFO] 1625/2841 done
2026-09-16 06:02:00,451 [INFO] 1626/2841 done
2026-09-16 06:02:00,455 [INFO] 1627/2841 done
2026-09-16 06:02:00,460 [INFO] 1628/2841 done
2026-09-16 06:02:00,464 [INFO] 1629/2841 done
2026-09-16 06:02:00,468 [INFO] 1630/2841 done
2026-09-16 06:02:00,472 [INFO] 1631/2841 done
2026-09-16 06:02:00,476 [INFO] 1632/2841 done
2026-09-16 06:02:00,480 [INFO] 1633/2841 done
2026-09-16 06:02:00,485 [INFO] 1634/2841 done
2026-09-16 06:02:00,489 [INFO] 1635/2841 done
2026-09-16 06:02:00,493 [INFO] 1636/2841 done
2026-09-16 06:02:00,497 [INFO] 1637/2841 done
2026-09-16 06:02:00,501 [INFO] 1638/2841 done
2026-09-16 06:02:00,506 [INFO] 1639/2841 done
2026-09-16 06:02:00,510 [INFO] 1640/2841 done
2026-09-16 06:02:00,514 [INFO] 1641/2841 done
2026-09-16 06:02:00,519 [INFO] 1642/2841 done
2026-09-16 06:02:00,523 [INFO] 1643/2841 done
2026-09-16 06:02:00,527 [INFO] 1644/2841 done
2026-09-16 06:02:00,531 [INFO] 1645/2841 done
2026-09-16 06:02:00,535 [INFO] 1646/2841 done
2026-09-16 06:02:00,539 [INFO] 1647/2841 done
2026-09-16 06:02:00,544 [INFO] 1648/2841 done
2026-09-16 06:02:00,548 [INFO] 1649/2841 done
2026-09-16 06:02:00,552 [INFO] 1650/2841 done
2026-09-16 06:02:00,556 [INFO] 1651/2841 done
2026-09-16 06:02:00,560 [INFO] 1652/2841 done
2026-09-16 06:02:00,565 [INFO] 1653/2841 done
2026-09-16 06:02:00,569 [INFO] 1654/2841 done
2026-09-16 06:02:00,573 [INFO] 1655/2841 done
2026-09-16 06:02:00,578 [INFO] 1656/2841 done
2026-09-16 06:02:00,582 [INFO] 1657/2841 done
2026-09-16 06:02:00,586 [INFO] 1658/2841 done
2026-09-16 06:02:00,590 [INFO] 1659/2841 done
2026-09-16 06:02:00,594 [INFO] 1660/2841 done
2026-09-16 06:02:00,598 [INFO] 1661/2841 done
2026-09-16 06:02:00,603 [INFO] 1662/2841 done
2026-09-16 06:02:00,607 [INFO] 1663/2841 done
2026-09-16 06:02:00,611 [INFO] 1664/2841 done
2026-09-16 06:02:00,616 [INFO] 1665/2841 done
2026-09-16 06:02:00,620 [INFO] 1666/2841 done
2026-09-16 06:02:00,624 [INFO] 1667/2841 done
2026-09-16 06:02:00,628 [INFO] 1668/2841 done
2026-09-16 06:02:00,633 [INFO] 1669/2841 done
2026-09-16 06:02:00,637 [INFO] 1670/2841 done
2026-09-16 06:02:00,641 [INFO] 1671/2841 done
2026-09-16 06:02:00,646 [INFO] 1672/2841 done
2026-09-16 06:02:00,650 [INFO] 1673/2841 done
2026-09-16 06:02:00,654 [INFO] 1674/2841 done
2026-09-16 06:02:00,658 [INFO] 1675/2841 done
2026-09-16 06:02:00,663 [INFO] 1676/2841 done
2026-09-16 06:02:00,667 [INFO] 1677/2841 done
2026-09-16 06:02:00,671 [INFO] 1678/2841 done
2026-09-16 06:02:00,675 [INFO] 1679/2841 done
2026-09-16 06:02:00,679 [INFO] 1680/2841 done
2026-09-16 06:02:00,684 [INFO] 1681/2841 done
2026-09-16 06:02:00,688 [INFO] 1682/2841 done
2026-09-16 06:02:00,692 [INFO] 1683/2841 done
2026-09-16 06:02:00,696 [INFO] 1684/2841 done
2026-09-16 06:02:00,700 [INFO] 1685/2841 done
2026-09-16 06:02:00,704 [INFO] 1686/2841 done
2026-09-16 06:02:00,709 [INFO] 1687/2841 done
2026-09-16 06:02:00,713 [INFO] 1688/2841 done
2026-09-16 06:02:00,717 [INFO] 1689/2841 done
2026-09-16 06:02:00,722 [INFO] 1690/2841 done
2026-09-16 06:02:00,726 [INFO] 1691/2841 done
2026-09-16 06:02:00,730 [INFO] 1692/2841 done
2026-09-16 06:02:00,734 [INFO] 1693/2841 done
2026-09-16 06:02:00,739 [INFO] 1694/2841 done
2026-09-16 06:02:00,743 [INFO] 1695/2841 done
2026-09-16 06:02:00,747 [INFO] 1696/2841 done
2026-09-16 06:02:00,751 [INFO] 1697/2841 done
2026-09-16 06:02:00,755 [INFO] 1698/2841 done
2026-09-16 06:02:00,759 [INFO] 1699/2841 done
2026-09-16 06:02:00,764 [INFO] 1700/2841 done
2026-09-16 06:02:00,768 [INFO] 1701/2841 done
2026-09-16 06:02:00,772 [INFO] 1702/2841 done
2026-09-16 06:02:00,777 [INFO] 1703/2841 done
2026-09-16 06:02:00,781 [INFO] 1704/2841 done
2026-09-16 06:02:00,785 [INFO] 1705/2841 done
2026-09-16 06:02:00,790 [INFO] 1706/2841 done
2026-09-16 06:02:00,794 [INFO] 1707/2841 done
2026-09-16 06:02:00,798 [INFO] 1708/2841 done
2026-09-16 06:02:00,802 [INFO] 1709/2841 done
2026-09-16 06:02:00,806 [INFO] 1710/2841 done
2026-09-16 06:02:00,810 [INFO] 1711/2841 done
2026-09-16 06:02:00,815 [INFO] 1712/2841 done
2026-09-16 06:02:00,819 [INFO] 1713/2841 done
2026-09-16 06:02:00,823 [INFO] 1714/2841 done
2026-09-16 06:02:00,828 [INFO] 1715/2841 done
2026-09-16 06:02:00,832 [INFO] 1716/2841 done
2026-09-16 06:02:00,836 [INFO] 1717/2841 done
2026-09-16 06:02:00,840 [INFO] 1718/2841 done
2026-09-16 06:02:00,845 [INFO] 1719/2841 done
2026-09-16 06:02:00,849 [INFO] 1720/2841 done
2026-09-16 06:02:00,853 [INFO] 1721/2841 done
2026-09-16 06:02:00,857 [INFO] 1722/2841 done
2026-09-16 06:02:00,861 [INFO] 1723/2841 done
2026-09-16 06:02:00,865 [INFO] 1724/2841 done
2026-09-16 06:02:00,869 [INFO] 1725/2841 done
2026-09-16 06:02:00,873 [INFO] 1726/2841 done
2026-09-16 06:02:00,878 [INFO] 1727/2841 done
2026-09-16 06:02:00,882 [INFO] 1728/2841 done
2026-09-16 06:02:00,886 [INFO] 1729/2841 done
2026-09-16 06:02:00,890 [INFO] 1730/2841 done
2026-09-16 06:02:00,894 [INFO] 1731/2841 done
2026-09-16 06:02:00,898 [INFO] 1732/2841 done
2026-09-16 06:02:00,903 [INFO] 1733/2841 done
2026-09-16 06:02:00,907 [INFO] 1734/2841 done
2026-09-16 06:02:00,911 [INFO] 1735/2841 done
2026-09-16 06:02:00,915 [INFO] 1736/2841 done
2026-09-16 06:02:00,920 [INFO] 1737/2841 done
2026-09-16 06:02:00,924 [INFO] 1738/2841 done
2026-09-16 06:02:00,929 [INFO] 1739/2841 done
2026-09-16 06:02:00,933 [INFO] 1740/2841 done
2026-09-16 06:02:00,938 [INFO] 1741/2841 done
2026-09-16 06:02:00,942 [INFO] 1742/2841 done
2026-09-16 06:02:00,946 [INFO] 1743/2841 done
2026-09-16 06:02:00,950 [INFO] 1744/2841 done
2026-09-16 06:02:00,954 [INFO] 1745/2841 done
2026-09-16 06:02:00,959 [INFO] 1746/2841 done
2026-09-16 06:02:00,963 [INFO] 1747/2841 done
2026-09-16 06:02:00,967 [INFO] 1748/2841 done
2026-09-16 06:02:00,971 [INFO] 1749/2841 done
2026-09-16 06:02:00,976 [INFO] 1750/2841 done
2026-09-16 06:02:00,980 [INFO] 1751/2841 done
2026-09-16 06:02:00,984 [INFO] 1752/2841 done
2026-09-16 06:02:00,988 [INFO] 1753/2841 done
2026-09-16 06:02:00,993 [INFO] 1754/2841 done
2026-09-16 06:02:00,997 [INFO] 1755/2841 done
2026-09-16 06:02:01,001 [INFO] 1756/2841 done
2026-09-16 06:02:01,005 [INFO] 1757/2841 done
2026-09-16 06:02:01,009 [INFO] 1758/2841 done
2026-09-16 06:02:01,013 [INFO] 1759/2841 done
2026-09-16 06:02:01,018 [INFO] 1760/2841 done
2026-09-16 06:02:01,022 [INFO] 1761/2841 done
2026-09-16 06:02:01,026 [INFO] 1762/2841 done
2026-09-16 06:02:01,031 [INFO] 1763/2841 done
2026-09-16 06:02:01,035 [INFO] 1764/2841 done
2026-09-16 06:02:01,039 [INFO] 1765/2841 done
2026-09-16 06:02:01,044 [INFO] 1766/2841 done
2026-09-16 06:02:01,048 [INFO] 1767/2841 done
2026-09-16 06:02:01,052 [INFO] 1768/2841 done
2026-09-16 06:02:01,056 [INFO] 1769/2841 done
2026-09-16 06:02:01,061 [INFO] 1770/2841 done
2026-09-16 06:02:01,065 [INFO] 1771/2841 done
2026-09-16 06:02:01,069 [INFO] 1772/2841 done
2026-09-16 06:02:01,073 [INFO] 1773/2841 done
2026-09-16 06:02:01,078 [INFO] 1774/2841 done
2026-09-16 06:02:01,082 [INFO] 1775/2841 done
2026-09-16 06:02:01,086 [INFO] 1776/2841 done
2026-09-16 06:02:01,091 [INFO] 1777/2841 done
2026-09-16 06:02:01,095 [INFO] 1778/2841 done
2026-09-16 06:02:01,099 [INFO] 1779/2841 done
2026-09-16 06:02:01,104 [INFO] 1780/2841 done
2026-09-16 06:02:01,108 [INFO] 1781/2841 done
2026-09-16 06:02:01,112 [INFO] 1782/2841 done
2026-09-16 06:02:01,117 [INFO] 1783/2841 done
2026-09-16 06:02:01,121 [INFO] 1784/2841 done
2026-09-16 06:02:01,125 [INFO] 1785/2841 done
2026-09-16 06:02:01,129 [INFO] 1786/2841 done
2026-09-16 06:02:01,133 [INFO] 1787/2841 done
2026-09-16 06:02:01,137 [INFO] 1788/2841 done
2026-09-16 06:02:01,141 [INFO] 1789/2841 done
2026-09-16 06:02:01,146 [INFO] 1790/2841 done
2026-09-16 06:02:01,150 [INFO] 1791/2841 done
2026-09-16 06:02:01,154 [INFO] 1792/2841 done
2026-09-16 06:02:01,159 [INFO] 1793/2841 done
2026-09-16 06:02:01,163 [INFO] 1794/2841 done
2026-09-16 06:02:01,167 [INFO] 1795/2841 done
2026-09-16 06:02:01,171 [INFO] 1796/2841 done
2026-09-16 06:02:01,176 [INFO] 1797/2841 done
2026-09-16 06:02:01,180 [INFO] 1798/2841 done
2026-09-16 06:02:01,184 [INFO] 1799/2841 done
2026-09-16 06:02:01,188 [INFO] 1800/2841 done
2026-09-16 06:02:01,192 [INFO] 1801/2841 done
2026-09-16 06:02:01,197 [INFO] 1802/2841 done
2026-09-16 06:02:01,201 [INFO] 1803/2841 done
2026-09-16 06:02:01,205 [INFO] 1804/2841 done
2026-09-16 06:02:01,209 [INFO] 1805/2841 done
2026-09-16 06:02:01,214 [INFO] 1806/2841 done
2026-09-16 06:02:01,218 [INFO] 1807/2841 done
2026-09-16 06:02:01,222 [INFO] 1808/2841 done
2026-09-16 06:02:01,227 [INFO] 1809/2841 done
2026-09-16 06:02:01,231 [INFO] 1810/2841 done
2026-09-16 06:02:01,235 [INFO] 1811/2841 done
2026-09-16 06:02:01,239 [INFO] 1812/2841 done
2026-09-16 06:02:01,243 [INFO] 1813/2841 done
2026-09-16 06:02:01,248 [INFO] 1814/2841 done
2026-09-16 06:02:01,252 [INFO] 1815/2841 done
2026-09-16 06:02:01,256 [INFO] 1816/2841 done
2026-09-16 06:02:01,260 [INFO] 1817/2841 done
2026-09-16 06:02:01,264 [INFO] 1818/2841 done
2026-09-16 06:02:01,269 [INFO] 1819/2841 done
2026-09-16 06:02:01,273 [INFO] 1820/2841 done
2026-09-16 06:02:01,277 [INFO] 1821/2841 done
2026-09-16 06:02:01,281 [INFO] 1822/2841 done
2026-09-16 06:02:01,286 [INFO] 1823/2841 done
2026-09-16 06:02:01,290 [INFO] 1824/2841 done
2026-09-16 06:02:01,294 [INFO] 1825/2841 done
2026-09-16 06:02:01,298 [INFO] 1826/2841 done
2026-09-16 06:02:01,303 [INFO] 1827/2841 done
2026-09-16 06:02:01,307 [INFO] 1828/2841 done
2026-09-16 06:02:01,311 [INFO] 1829/2841 done
2026-09-16 06:02:01,315 [INFO] 1830/2841 done
2026-09-16 06:02:01,319 [INFO] 1831/2841 done
2026-09-16 06:02:01,324 [INFO] 1832/2841 done
2026-09-16 06:02:01,328 [INFO] 1833/2841 done
2026-09-16 06:02:01,332 [INFO] 1834/2841 done
2026-09-16 06:02:01,336 [INFO] 1835/2841 done
2026-09-16 06:02:01,340 [INFO] 1836/2841 done
2026-09-16 06:02:01,344 [INFO] 1837/2841 done
2026-09-16 06:02:01,348 [INFO] 1838/2841 done
2026-09-16 06:02:01,353 [INFO] 1839/2841 done
2026-09-16 06:02:01,357 [INFO] 1840/2841 done
2026-09-16 06:02:01,361 [INFO] 1841/2841 done
2026-09-16 06:02:01,365 [INFO] 1842/2841 done
2026-09-16 06:02:01,369 [INFO] 1843/2841 done
2026-09-16 06:02:01,374 [INFO] 1844/2841 done
2026-09-16 06:02:01,378 [INFO] 1845/2841 done
2026-09-16 06:02:01,382 [INFO] 1846/2841 done
2026-09-16 06:02:01,386 [INFO] 1847/2841 done
2026-09-16 06:02:01,391 [INFO] 1848/2841 done
2026-09-16 06:02:01,395 [INFO] 1849/2841 done
2026-09-16 06:02:01,399 [INFO] 1850/2841 done
2026-09-16 06:02:01,403 [INFO] 1851/2841 done
2026-09-16 06:02:01,407 [INFO] 1852/2841 done
2026-09-16 06:02:01,412 [INFO] 1853/2841 done
2026-09-16 06:02:01,416 [INFO] 1854/2841 done
2026-09-16 06:02:01,420 [INFO] 1855/2841 done
2026-09-16 06:02:01,425 [INFO] 1856/2841 done
2026-09-16 06:02:01,429 [INFO] 1857/2841 done
2026-09-16 06:02:01,433 [INFO] 1858/2841 done
2026-09-16 06:02:01,437 [INFO] 1859/2841 done
2026-09-16 06:02:01,441 [INFO] 1860/2841 done
2026-09-16 06:02:01,446 [INFO] 1861/2841 done
2026-09-16 06:02:01,450 [INFO] 1862/2841 done
2026-09-16 06:02:01,454 [INFO] 1863/2841 done
2026-09-16 06:02:01,458 [INFO] 1864/2841 done
2026-09-16 06:02:01,463 [INFO] 1865/2841 done
2026-09-16 06:02:01,467 [INFO] 1866/2841 done
2026-09-16 06:02:01,471 [INFO] 1867/2841 done
2026-09-16 06:02:01,475 [INFO] 1868/2841 done
2026-09-16 06:02:01,479 [INFO] 1869/2841 done
2026-09-16 06:02:01,484 [INFO] 1870/2841 done
2026-09-16 06:02:01,488 [INFO] 1871/2841 done
2026-09-16 06:02:01,492 [INFO] 1872/2841 done
2026-09-16 06:02:01,496 [INFO] 1873/2841 done
2026-09-16 06:02:01,500 [INFO] 1874/2841 done
2026-09-16 06:02:01,504 [INFO] 1875/2841 done
2026-09-16 06:02:01,509 [INFO] 1876/2841 done
2026-09-16 06:02:01,513 [INFO] 1877/2841 done
2026-09-16 06:02:01,517 [INFO] 1878/2841 done
2026-09-16 06:02:01,521 [INFO] 1879/2841 done
2026-09-16 06:02:01,525 [INFO] 1880/2841 done
2026-09-16 06:02:01,529 [INFO] 1881/2841 done
2026-09-16 06:02:01,534 [INFO] 1882/2841 done
2026-09-16 06:02:01,538 [INFO] 1883/2841 done
2026-09-16 06:02:01,542 [INFO] 1884/2841 done
2026-09-16 06:02:01,547 [INFO] 1885/2841 done
2026-09-16 06:02:01,551 [INFO] 1886/2841 done
2026-09-16 06:02:01,555 [INFO] 1887/2841 done
2026-09-16 06:02:01,559 [INFO] 1888/2841 done
2026-09-16 06:02:01,564 [INFO] 1889/2841 done
2026-09-16 06:02:01,568 [INFO] 1890/2841 done
2026-09-16 06:02:01,572 [INFO] 1891/2841 done
2026-09-16 06:02:01,576 [INFO] 1892/2841 done
2026-09-16 06:02:01,580 [INFO] 1893/2841 done
2026-09-16 06:02:01,585 [INFO] 1894/2841 done
2026-09-16 06:02:01,589 [INFO] 1895/2841 done
2026-09-16 06:02:01,593 [INFO] 1896/2841 done
2026-09-16 06:02:01,597 [INFO] 1897/2841 done
2026-09-16 06:02:01,601 [INFO] 1898/2841 done
2026-09-16 06:02:01,605 [INFO] 1899/2841 done
2026-09-16 06:02:01,609 [INFO] 1900/2841 done
2026-09-16 06:02:01,613 [INFO] 1901/2841 done
2026-09-16 06:02:01,618 [INFO] 1902/2841 done
2026-09-16 06:02:01,622 [INFO] 1903/2841 done
2026-09-16 06:02:01,626 [INFO] 1904/2841 done
2026-09-16 06:02:01,630 [INFO] 1905/2841 done
2026-09-16 06:02:01,634 [INFO] 1906/2841 done
2026-09-16 06:02:01,638 [INFO] 1907/2841 done
2026-09-16 06:02:01,642 [INFO] 1908/2841 done
2026-09-16 06:02:01,647 [INFO] 1909/2841 done
2026-09-16 06:02:01,651 [INFO] 1910/2841 done
2026-09-16 06:02:01,655 [INFO] 1911/2841 done
2026-09-16 06:02:01,659 [INFO] 1912/2841 done
2026-09-16 06:02:01,663 [INFO] 1913/2841 done
2026-09-16 06:02:01,668 [INFO] 1914/2841 done
2026-09-16 06:02:01,672 [INFO] 1915/2841 done
2026-09-16 06:02:01,676 [INFO] 1916/2841 done
2026-09-16 06:02:01,681 [INFO] 1917/2841 done
2026-09-16 06:02:01,685 [INFO] 1918/2841 done
2026-09-16 06:02:01,689 [INFO] 1919/2841 done
2026-09-16 06:02:01,694 [INFO] 1920/2841 done
2026-09-16 06:02:01,698 [INFO] 1921/2841 done
2026-09-16 06:02:01,702 [INFO] 1922/2841 done
2026-09-16 06:02:01,707 [INFO] 1923/2841 done
2026-09-16 06:02:01,711 [INFO] 1924/2841 done
2026-09-16 06:02:01,715 [INFO] 1925/2841 done
2026-09-16 06:02:01,719 [INFO] 1926/2841 done
2026-09-16 06:02:01,723 [INFO] 1927/2841 done
2026-09-16 06:02:01,727 [INFO] 1928/2841 done
2026-09-16 06:02:01,732 [INFO] 1929/2841 done
2026-09-16 06:02:01,736 [INFO] 1930/2841 done
2026-09-16 06:02:01,740 [INFO] 1931/2841 done
2026-09-16 06:02:01,744 [INFO] 1932/2841 done
2026-09-16 06:02:01,748 [INFO] 1933/2841 done
2026-09-16 06:02:01,753 [INFO] 1934/2841 done
2026-09-16 06:02:01,757 [INFO] 1935/2841 done
2026-09-16 06:02:01,761 [INFO] 1936/2841 done
2026-09-16 06:02:01,765 [INFO] 1937/2841 done
2026-09-16 06:02:01,769 [INFO] 1938/2841 done
2026-09-16 06:02:01,773 [INFO] 1939/2841 done
2026-09-16 06:02:01,777 [INFO] 1940/2841 done
2026-09-16 06:02:01,782 [INFO] 1941/2841 done
2026-09-16 06:02:01,786 [INFO] 1942/2841 done
2026-09-16 06:02:01,790 [INFO] 1943/2841 done
2026-09-16 06:02:01,794 [INFO] 1944/2841 done
2026-09-16 06:02:01,798 [INFO] 1945/2841 done
2026-09-16 06:02:01,803 [INFO] 1946/2841 done
2026-09-16 06:02:01,807 [INFO] 1947/2841 done
2026-09-16 06:02:01,811 [INFO] 1948/2841 done
2026-09-16 06:02:01,815 [INFO] 1949/2841 done
2026-09-16 06:02:01,820 [INFO] 1950/2841 done
2026-09-16 06:02:01,824 [INFO] 1951/2841 done
2026-09-16 06:02:01,828 [INFO] 1952/2841 done
2026-09-16 06:02:01,832 [INFO] 1953/2841 done
2026-09-16 06:02:01,837 [INFO] 1954/2841 done
2026-09-16 06:02:01,841 [INFO] 1955/2841 done
2026-09-16 06:02:01,845 [INFO] 1956/2841 done
2026-09-16 06:02:01,850 [INFO] 1957/2841 done
2026-09-16 06:02:01,854 [INFO] 1958/2841 done
2026-09-16 06:02:01,858 [INFO] 1959/2841 done
2026-09-16 06:02:01,863 [INFO] 1960/2841 done
2026-09-16 06:02:01,867 [INFO] 1961/2841 done
2026-09-16 06:02:01,871 [INFO] 1962/2841 done
2026-09-16 06:02:01,875 [INFO] 1963/2841 done
2026-09-16 06:02:01,880 [INFO] 1964/2841 done
2026-09-16 06:02:01,884 [INFO] 1965/2841 done
2026-09-16 06:02:01,888 [INFO] 1966/2841 done
2026-09-16 06:02:01,892 [INFO] 1967/2841 done
2026-09-16 06:02:01,897 [INFO] 1968/2841 done
2026-09-16 06:02:01,901 [INFO] 1969/2841 done
2026-09-16 06:02:01,905 [INFO] 1970/2841 done
2026-09-16 06:02:01,910 [INFO] 1971/2841 done
2026-09-16 06:02:01,914 [INFO] 1972/2841 done
2026-09-16 06:02:01,918 [INFO] 1973/2841 done
2026-09-16 06:02:01,922 [INFO] 1974/2841 done
2026-09-16 06:02:01,927 [INFO] 1975/2841 done
2026-09-16 06:02:01,931 [INFO] 1976/2841 done
2026-09-16 06:02:01,935 [INFO] 1977/2841 done
2026-09-16 06:02:01,939 [INFO] 1978/2841 done
2026-09-16 06:02:01,943 [INFO] 1979/2841 done
2026-09-16 06:02:01,947 [INFO] 1980/2841 done
2026-09-16 06:02:01,952 [INFO] 1981/2841 done
2026-09-16 06:02:01,956 [INFO] 1982/2841 done
2026-09-16 06:02:01,960 [INFO] 1983/2841 done
2026-09-16 06:02:01,965 [INFO] 1984/2841 done
2026-09-16 06:02:01,969 [INFO] 1985/2841 done
2026-09-16 06:02:01,973 [INFO] 1986/2841 done
2026-09-16 06:02:01,978 [INFO] 1987/2841 done
2026-09-16 06:02:01,982 [INFO] 1988/2841 done
2026-09-16 06:02:01,986 [INFO] 1989/2841 done
2026-09-16 06:02:01,991 [INFO] 1990/2841 done
2026-09-16 06:02:01,995 [INFO] 1991/2841 done
2026-09-16 06:02:01,999 [INFO] 1992/2841 done
2026-09-16 06:02:02,003 [INFO] 1993/2841 done
2026-09-16 06:02:02,008 [INFO] 1994/2841 done
2026-09-16 06:02:02,012 [INFO] 1995/2841 done
2026-09-16 06:02:02,016 [INFO] 1996/2841 done
2026-09-16 06:02:02,020 [INFO] 1997/2841 done
2026-09-16 06:02:02,025 [INFO] 1998/2841 done
2026-09-16 06:02:02,029 [INFO] 1999/2841 done
2026-09-16 06:02:02,033 [INFO] 2000/2841 done
2026-09-16 06:02:02,038 [INFO] 2001/2841 done
2026-09-16 06:02:02,042 [INFO] 2002/2841 done
2026-09-16 06:02:02,046 [INFO] 2003/2841 done
2026-09-16 06:02:02,050 [INFO] 2004/2841 done
2026-09-16 06:02:02,054 [INFO] 2005/2841 done
2026-09-16 06:02:02,059 [INFO] 2006/2841 done
2026-09-16 06:02:02,063 [INFO] 2007/2841 done
2026-09-16 06:02:02,067 [INFO] 2008/2841 done
2026-09-16 06:02:02,072 [INFO] 2009/2841 done
2026-09-16 06:02:02,076 [INFO] 2010/2841 done
2026-09-16 06:02:02,080 [INFO] 2011/2841 done
2026-09-16 06:02:02,084 [INFO] 2012/2841 done
2026-09-16 06:02:02,089 [INFO] 2013/2841 done
2026-09-16 06:02:02,093 [INFO] 2014/2841 done
2026-09-16 06:02:02,097 [INFO] 2015/2841 done
2026-09-16 06:02:02,102 [INFO] 2016/2841 done
2026-09-16 06:02:02,106 [INFO] 2017/2841 done
2026-09-16 06:02:02,110 [INFO] 2018/2841 done
2026-09-16 06:02:02,115 [INFO] 2019/2841 done
2026-09-16 06:02:02,119 [INFO] 2020/2841 done
2026-09-16 06:02:02,123 [INFO] 2021/2841 done
2026-09-16 06:02:02,127 [INFO] 2022/2841 done
2026-09-16 06:02:02,131 [INFO] 2023/2841 done
2026-09-16 06:02:02,136 [INFO] 2024/2841 done
2026-09-16 06:02:02,140 [INFO] 2025/2841 done
2026-09-16 06:02:02,144 [INFO] 2026/2841 done
2026-09-16 06:02:02,148 [INFO] 2027/2841 done
2026-09-16 06:02:02,152 [INFO] 2028/2841 done
2026-09-16 06:02:02,156 [INFO] 2029/2841 done
2026-09-16 06:02:02,160 [INFO] 2030/2841 done
2026-09-16 06:02:02,165 [INFO] 2031/2841 done
2026-09-16 06:02:02,169 [INFO] 2032/2841 done
2026-09-16 06:02:02,173 [INFO] 2033/2841 done
2026-09-16 06:02:02,177 [INFO] 2034/2841 done
2026-09-16 06:02:02,181 [INFO] 2035/2841 done
2026-09-16 06:02:02,185 [INFO] 2036/2841 done
2026-09-16 06:02:02,189 [INFO] 2037/2841 done
2026-09-16 06:02:02,193 [INFO] 2038/2841 done
2026-09-16 06:02:02,198 [INFO] 2039/2841 done
2026-09-16 06:02:02,203 [INFO] 2040/2841 done
2026-09-16 06:02:02,207 [INFO] 2041/2841 done
2026-09-16 06:02:02,211 [INFO] 2042/2841 done
2026-09-16 06:02:02,215 [INFO] 2043/2841 done
2026-09-16 06:02:02,219 [INFO] 2044/2841 done
2026-09-16 06:02:02,223 [INFO] 2045/2841 done
2026-09-16 06:02:02,229 [INFO] 2046/2841 done
2026-09-16 06:02:02,233 [INFO] 2047/2841 done
2026-09-16 06:02:02,237 [INFO] 2048/2841 done
2026-09-16 06:02:02,242 [INFO] 2049/2841 done
2026-09-16 06:02:02,246 [INFO] 2050/2841 done
2026-09-16 06:02:02,250 [INFO] 2051/2841 done
2026-09-16 06:02:02,254 [INFO] 2052/2841 done
2026-09-16 06:02:02,258 [INFO] 2053/2841 done
2026-09-16 06:02:02,262 [INFO] 2054/2841 done
2026-09-16 06:02:02,267 [INFO] 2055/2841 done
2026-09-16 06:02:02,271 [INFO] 2056/2841 done
2026-09-16 06:02:02,275 [INFO] 2057/2841 done
2026-09-16 06:02:02,279 [INFO] 2058/2841 done
2026-09-16 06:02:02,283 [INFO] 2059/2841 done
2026-09-16 06:02:02,288 [INFO] 2060/2841 done
2026-09-16 06:02:02,292 [INFO] 2061/2841 done
2026-09-16 06:02:02,296 [INFO] 2062/2841 done
2026-09-16 06:02:02,301 [INFO] 2063/2841 done
2026-09-16 06:02:02,305 [INFO] 2064/2841 done
2026-09-16 06:02:02,309 [INFO] 2065/2841 done
2026-09-16 06:02:02,313 [INFO] 2066/2841 done
2026-09-16 06:02:02,317 [INFO] 2067/2841 done
2026-09-16 06:02:02,321 [INFO] 2068/2841 done
2026-09-16 06:02:02,326 [INFO] 2069/2841 done
2026-09-16 06:02:02,330 [INFO] 2070/2841 done
2026-09-16 06:02:02,334 [INFO] 2071/2841 done
2026-09-16 06:02:02,338 [INFO] 2072/2841 done
2026-09-16 06:02:02,342 [INFO] 2073/2841 done
2026-09-16 06:02:02,346 [INFO] 2074/2841 done
2026-09-16 06:02:02,350 [INFO] 2075/2841 done
2026-09-16 06:02:02,354 [INFO] 2076/2841 done
2026-09-16 06:02:02,359 [INFO] 2077/2841 done
2026-09-16 06:02:02,363 [INFO] 2078/2841 done
2026-09-16 06:02:02,367 [INFO] 2079/2841 done
2026-09-16 06:02:02,371 [INFO] 2080/2841 done
2026-09-16 06:02:02,375 [INFO] 2081/2841 done
2026-09-16 06:02:02,380 [INFO] 2082/2841 done
2026-09-16 06:02:02,384 [INFO] 2083/2841 done
2026-09-16 06:02:02,388 [INFO] 2084/2841 done
2026-09-16 06:02:02,392 [INFO] 2085/2841 done
2026-09-16 06:02:02,397 [INFO] 2086/2841 done
2026-09-16 06:02:02,401 [INFO] 2087/2841 done
2026-09-16 06:02:02,405 [INFO] 2088/2841 done
2026-09-16 06:02:02,409 [INFO] 2089/2841 done
2026-09-16 06:02:02,414 [INFO] 2090/2841 done
2026-09-16 06:02:02,418 [INFO] 2091/2841 done
2026-09-16 06:02:02,422 [INFO] 2092/2841 done
2026-09-16 06:02:02,427 [INFO] 2093/2841 done
2026-09-16 06:02:02,431 [INFO] 2094/2841 done
2026-09-16 06:02:02,435 [INFO] 2095/2841 done
2026-09-16 06:02:02,439 [INFO] 2096/2841 done
2026-09-16 06:02:02,443 [INFO] 2097/2841 done
2026-09-16 06:02:02,447 [INFO] 2098/2841 done
2026-09-16 06:02:02,451 [INFO] 2099/2841 done
2026-09-16 06:02:02,456 [INFO] 2100/2841 done
2026-09-16 06:02:02,460 [INFO] 2101/2841 done
2026-09-16 06:02:02,464 [INFO] 2102/2841 done
2026-09-16 06:02:02,468 [INFO] 2103/2841 done
2026-09-16 06:02:02,473 [INFO] 2104/2841 done
2026-09-16 06:02:02,477 [INFO] 2105/2841 done
2026-09-16 06:02:02,481 [INFO] 2106/2841 done
2026-09-16 06:02:02,485 [INFO] 2107/2841 done
2026-09-16 06:02:02,489 [INFO] 2108/2841 done
2026-09-16 06:02:02,493 [INFO] 2109/2841 done
2026-09-16 06:02:02,497 [INFO] 2110/2841 done
2026-09-16 06:02:02,502 [INFO] 2111/2841 done
2026-09-16 06:02:02,506 [INFO] 2112/2841 done
2026-09-16 06:02:02,510 [INFO] 2113/2841 done
2026-09-16 06:02:02,514 [INFO] 2114/2841 done
2026-09-16 06:02:02,518 [INFO] 2115/2841 done
2026-09-16 06:02:02,523 [INFO] 2116/2841 done
2026-09-16 06:02:02,527 [INFO] 2117/2841 done
2026-09-16 06:02:02,531 [INFO] 2118/2841 done
2026-09-16 06:02:02,535 [INFO] 2119/2841 done
2026-09-16 06:02:02,540 [INFO] 2120/2841 done
2026-09-16 06:02:02,544 [INFO] 2121/2841 done
2026-09-16 06:02:02,548 [INFO] 2122/2841 done
2026-09-16 06:02:02,552 [INFO] 2123/2841 done
2026-09-16 06:02:02,556 [INFO] 2124/2841 done
2026-09-16 06:02:02,561 [INFO] 2125/2841 done
2026-09-16 06:02:02,565 [INFO] 2126/2841 done
2026-09-16 06:02:02,569 [INFO] 2127/2841 done
2026-09-16 06:02:02,574 [INFO] 2128/2841 done
2026-09-16 06:02:02,578 [INFO] 2129/2841 done
2026-09-16 06:02:02,582 [INFO] 2130/2841 done
2026-09-16 06:02:02,587 [INFO] 2131/2841 done
2026-09-16 06:02:02,591 [INFO] 2132/2841 done
2026-09-16 06:02:02,595 [INFO] 2133/2841 done
2026-09-16 06:02:02,599 [INFO] 2134/2841 done
2026-09-16 06:02:02,603 [INFO] 2135/2841 done
2026-09-16 06:02:02,607 [INFO] 2136/2841 done
2026-09-16 06:02:02,612 [INFO] 2137/2841 done
2026-09-16 06:02:02,616 [INFO] 2138/2841 done
2026-09-16 06:02:02,620 [INFO] 2139/2841 done
2026-09-16 06:02:02,625 [INFO] 2140/2841 done
2026-09-16 06:02:02,629 [INFO] 2141/2841 done
2026-09-16 06:02:02,633 [INFO] 2142/2841 done
2026-09-16 06:02:02,637 [INFO] 2143/2841 done
2026-09-16 06:02:02,641 [INFO] 2144/2841 done
2026-09-16 06:02:02,645 [INFO] 2145/2841 done
2026-09-16 06:02:02,650 [INFO] 2146/2841 done
2026-09-16 06:02:02,654 [INFO] 2147/2841 done
2026-09-16 06:02:02,658 [INFO] 2148/2841 done
2026-09-16 06:02:02,662 [INFO] 2149/2841 done
2026-09-16 06:02:02,666 [INFO] 2150/2841 done
2026-09-16 06:02:02,671 [INFO] 2151/2841 done
2026-09-16 06:02:02,675 [INFO] 2152/2841 done
2026-09-16 06:02:02,679 [INFO] 2153/2841 done
2026-09-16 06:02:02,683 [INFO] 2154/2841 done
2026-09-16 06:02:02,687 [INFO] 2155/2841 done
2026-09-16 06:02:02,692 [INFO] 2156/2841 done
2026-09-16 06:02:02,696 [INFO] 2157/2841 done
2026-09-16 06:02:02,700 [INFO] 2158/2841 done
2026-09-16 06:02:02,704 [INFO] 2159/2841 done
2026-09-16 06:02:02,708 [INFO] 2160/2841 done
2026-09-16 06:02:02,712 [INFO] 2161/2841 done
2026-09-16 06:02:02,716 [INFO] 2162/2841 done
2026-09-16 06:02:02,720 [INFO] 2163/2841 done
2026-09-16 06:02:02,725 [INFO] 2164/2841 done
2026-09-16 06:02:02,729 [INFO] 2165/2841 done
2026-09-16 06:02:02,733 [INFO] 2166/2841 done
2026-09-16 06:02:02,737 [INFO] 2167/2841 done
2026-09-16 06:02:02,741 [INFO] 2168/2841 done
2026-09-16 06:02:02,745 [INFO] 2169/2841 done
2026-09-16 06:02:02,750 [INFO] 2170/2841 done
2026-09-16 06:02:02,754 [INFO] 2171/2841 done
2026-09-16 06:02:02,758 [INFO] 2172/2841 done
2026-09-16 06:02:02,762 [INFO] 2173/2841 done
2026-09-16 06:02:02,766 [INFO] 2174/2841 done
2026-09-16 06:02:02,770 [INFO] 2175/2841 done
2026-09-16 06:02:02,775 [INFO] 2176/2841 done
2026-09-16 06:02:02,779 [INFO] 2177/2841 done
2026-09-16 06:02:02,783 [INFO] 2178/2841 done
2026-09-16 06:02:02,788 [INFO] 2179/2841 done
2026-09-16 06:02:02,792 [INFO] 2180/2841 done
2026-09-16 06:02:02,796 [INFO] 2181/2841 done
2026-09-16 06:02:02,800 [INFO] 2182/2841 done
2026-09-16 06:02:02,804 [INFO] 2183/2841 done
2026-09-16 06:02:02,808 [INFO] 2184/2841 done
2026-09-16 06:02:02,812 [INFO] 2185/2841 done
2026-09-16 06:02:02,816 [INFO] 2186/2841 done
2026-09-16 06:02:02,820 [INFO] 2187/2841 done
2026-09-16 06:02:02,825 [INFO] 2188/2841 done
2026-09-16 06:02:02,829 [INFO] 2189/2841 done
2026-09-16 06:02:02,833 [INFO] 2190/2841 done
2026-09-16 06:02:02,837 [INFO] 2191/2841 done
2026-09-16 06:02:02,841 [INFO] 2192/2841 done
2026-09-16 06:02:02,845 [INFO] 2193/2841 done
2026-09-16 06:02:02,850 [INFO] 2194/2841 done
2026-09-16 06:02:02,854 [INFO] 2195/2841 done
2026-09-16 06:02:02,858 [INFO] 2196/2841 done
2026-09-16 06:02:02,862 [INFO] 2197/2841 done
2026-09-16 06:02:02,866 [INFO] 2198/2841 done
2026-09-16 06:02:02,871 [INFO] 2199/2841 done
2026-09-16 06:02:02,875 [INFO] 2200/2841 done
2026-09-16 06:02:02,879 [INFO] 2201/2841 done
2026-09-16 06:02:02,883 [INFO] 2202/2841 done
2026-09-16 06:02:02,887 [INFO] 2203/2841 done
2026-09-16 06:02:02,892 [INFO] 2204/2841 done
2026-09-16 06:02:02,896 [INFO] 2205/2841 done
2026-09-16 06:02:02,900 [INFO] 2206/2841 done
2026-09-16 06:02:02,905 [INFO] 2207/2841 done
2026-09-16 06:02:02,909 [INFO] 2208/2841 done
2026-09-16 06:02:02,913 [INFO] 2209/2841 done
2026-09-16 06:02:02,917 [INFO] 2210/2841 done
2026-09-16 06:02:02,922 [INFO] 2211/2841 done
2026-09-16 06:02:02,926 [INFO] 2212/2841 done
2026-09-16 06:02:02,930 [INFO] 2213/2841 done
2026-09-16 06:02:02,934 [INFO] 2214/2841 done
2026-09-16 06:02:02,938 [INFO] 2215/2841 done
2026-09-16 06:02:02,943 [INFO] 2216/2841 done
2026-09-16 06:02:02,947 [INFO] 2217/2841 done
2026-09-16 06:02:02,951 [INFO] 2218/2841 done
2026-09-16 06:02:02,955 [INFO] 2219/2841 done
2026-09-16 06:02:02,959 [INFO] 2220/2841 done
2026-09-16 06:02:02,963 [INFO] 2221/2841 done
2026-09-16 06:02:02,968 [INFO] 2222/2841 done
2026-09-16 06:02:02,972 [INFO] 2223/2841 done
2026-09-16 06:02:02,976 [INFO] 2224/2841 done
2026-09-16 06:02:02,980 [INFO] 2225/2841 done
2026-09-16 06:02:02,984 [INFO] 2226/2841 done
2026-09-16 06:02:02,989 [INFO] 2227/2841 done
2026-09-16 06:02:02,993 [INFO] 2228/2841 done
2026-09-16 06:02:02,997 [INFO] 2229/2841 done
2026-09-16 06:02:03,001 [INFO] 2230/2841 done
2026-09-16 06:02:03,006 [INFO] 2231/2841 done
2026-09-16 06:02:03,010 [INFO] 2232/2841 done
2026-09-16 06:02:03,014 [INFO] 2233/2841 done
2026-09-16 06:02:03,018 [INFO] 2234/2841 done
2026-09-16 06:02:03,023 [INFO] 2235/2841 done
2026-09-16 06:02:03,027 [INFO] 2236/2841 done
2026-09-16 06:02:03,031 [INFO] 2237/2841 done
2026-09-16 06:02:03,035 [INFO] 2238/2841 done
2026-09-16 06:02:03,040 [INFO] 2239/2841 done
2026-09-16 06:02:03,044 [INFO] 2240/2841 done
2026-09-16 06:02:03,048 [INFO] 2241/2841 done
2026-09-16 06:02:03,052 [INFO] 2242/2841 done
2026-09-16 06:02:03,056 [INFO] 2243/2841 done
2026-09-16 06:02:03,060 [INFO] 2244/2841 done
2026-09-16 06:02:03,065 [INFO] 2245/2841 done
2026-09-16 06:02:03,069 [INFO] 2246/2841 done
2026-09-16 06:02:03,073 [INFO] 2247/2841 done
2026-09-16 06:02:03,077 [INFO] 2248/2841 done
2026-09-16 06:02:03,082 [INFO] 2249/2841 done
2026-09-16 06:02:03,086 [INFO] 2250/2841 done
2026-09-16 06:02:03,090 [INFO] 2251/2841 done
2026-09-16 06:02:03,094 [INFO] 2252/2841 done
2026-09-16 06:02:03,098 [INFO] 2253/2841 done
2026-09-16 06:02:03,103 [INFO] 2254/2841 done
2026-09-16 06:02:03,107 [INFO] 2255/2841 done
2026-09-16 06:02:03,111 [INFO] 2256/2841 done
2026-09-16 06:02:03,115 [INFO] 2257/2841 done
2026-09-16 06:02:03,119 [INFO] 2258/2841 done
2026-09-16 06:02:03,124 [INFO] 2259/2841 done
2026-09-16 06:02:03,128 [INFO] 2260/2841 done
2026-09-16 06:02:03,132 [INFO] 2261/2841 done
2026-09-16 06:02:03,136 [INFO] 2262/2841 done
2026-09-16 06:02:03,140 [INFO] 2263/2841 done
2026-09-16 06:02:03,144 [INFO] 2264/2841 done
2026-09-16 06:02:03,149 [INFO] 2265/2841 done
2026-09-16 06:02:03,153 [INFO] 2266/2841 done
2026-09-16 06:02:03,157 [INFO] 2267/2841 done
2026-09-16 06:02:03,161 [INFO] 2268/2841 done
2026-09-16 06:02:03,166 [INFO] 2269/2841 done
2026-09-16 06:02:03,170 [INFO] 2270/2841 done
2026-09-16 06:02:03,174 [INFO] 2271/2841 done
2026-09-16 06:02:03,178 [INFO] 2272/2841 done
2026-09-16 06:02:03,183 [INFO] 2273/2841 done
2026-09-16 06:02:03,187 [INFO] 2274/2841 done
2026-09-16 06:02:03,191 [INFO] 2275/2841 done
2026-09-16 06:02:03,195 [INFO] 2276/2841 done
2026-09-16 06:02:03,199 [INFO] 2277/2841 done
2026-09-16 06:02:03,204 [INFO] 2278/2841 done
2026-09-16 06:02:03,208 [INFO] 2279/2841 done
2026-09-16 06:02:03,212 [INFO] 2280/2841 done
2026-09-16 06:02:03,216 [INFO] 2281/2841 done
2026-09-16 06:02:03,221 [INFO] 2282/2841 done
2026-09-16 06:02:03,225 [INFO] 2283/2841 done
2026-09-16 06:02:03,229 [INFO] 2284/2841 done
2026-09-16 06:02:03,233 [INFO] 2285/2841 done
2026-09-16 06:02:03,237 [INFO] 2286/2841 done
2026-09-16 06:02:03,241 [INFO] 2287/2841 done
2026-09-16 06:02:03,245 [INFO] 2288/2841 done
2026-09-16 06:02:03,249 [INFO] 2289/2841 done
2026-09-16 06:02:03,254 [INFO] 2290/2841 done
2026-09-16 06:02:03,258 [INFO] 2291/2841 done
2026-09-16 06:02:03,262 [INFO] 2292/2841 done
2026-09-16 06:02:03,266 [INFO] 2293/2841 done
2026-09-16 06:02:03,270 [INFO] 2294/2841 done
2026-09-16 06:02:03,275 [INFO] 2295/2841 done
2026-09-16 06:02:03,279 [INFO] 2296/2841 done
2026-09-16 06:02:03,283 [INFO] 2297/2841 done
2026-09-16 06:02:03,287 [INFO] 2298/2841 done
2026-09-16 06:02:03,291 [INFO] 2299/2841 done
2026-09-16 06:02:03,295 [INFO] 2300/2841 done
2026-09-16 06:02:03,299 [INFO] 2301/2841 done
2026-09-16 06:02:03,303 [INFO] 2302/2841 done
2026-09-16 06:02:03,308 [INFO] 2303/2841 done
2026-09-16 06:02:03,312 [INFO] 2304/2841 done
2026-09-16 06:02:03,316 [INFO] 2305/2841 done
2026-09-16 06:02:03,320 [INFO] 2306/2841 done
2026-09-16 06:02:03,325 [INFO] 2307/2841 done
2026-09-16 06:02:03,329 [INFO] 2308/2841 done
2026-09-16 06:02:03,333 [INFO] 2309/2841 done
2026-09-16 06:02:03,337 [INFO] 2310/2841 done
2026-09-16 06:02:03,341 [INFO] 2311/2841 done
2026-09-16 06:02:03,345 [INFO] 2312/2841 done
2026-09-16 06:02:03,350 [INFO] 2313/2841 done
2026-09-16 06:02:03,354 [INFO] 2314/2841 done
2026-09-16 06:02:03,358 [INFO] 2315/2841 done
2026-09-16 06:02:03,362 [INFO] 2316/2841 done
2026-09-16 06:02:03,366 [INFO] 2317/2841 done
2026-09-16 06:02:03,370 [INFO] 2318/2841 done
2026-09-16 06:02:03,374 [INFO] 2319/2841 done
2026-09-16 06:02:03,378 [INFO] 2320/2841 done
2026-09-16 06:02:03,383 [INFO] 2321/2841 done
2026-09-16 06:02:03,387 [INFO] 2322/2841 done
2026-09-16 06:02:03,391 [INFO] 2323/2841 done
2026-09-16 06:02:03,396 [INFO] 2324/2841 done
2026-09-16 06:02:03,400 [INFO] 2325/2841 done
2026-09-16 06:02:03,404 [INFO] 2326/2841 done
2026-09-16 06:02:03,408 [INFO] 2327/2841 done
2026-09-16 06:02:03,412 [INFO] 2328/2841 done
2026-09-16 06:02:03,416 [INFO] 2329/2841 done
2026-09-16 06:02:03,420 [INFO] 2330/2841 done
2026-09-16 06:02:03,424 [INFO] 2331/2841 done
2026-09-16 06:02:03,428 [INFO] 2332/2841 done
2026-09-16 06:02:03,433 [INFO] 2333/2841 done
2026-09-16 06:02:03,437 [INFO] 2334/2841 done
2026-09-16 06:02:03,441 [INFO] 2335/2841 done
2026-09-16 06:02:03,445 [INFO] 2336/2841 done
2026-09-16 06:02:03,449 [INFO] 2337/2841 done
2026-09-16 06:02:03,453 [INFO] 2338/2841 done
2026-09-16 06:02:03,457 [INFO] 2339/2841 done
2026-09-16 06:02:03,462 [INFO] 2340/2841 done
2026-09-16 06:02:03,466 [INFO] 2341/2841 done
2026-09-16 06:02:03,470 [INFO] 2342/2841 done
2026-09-16 06:02:03,474 [INFO] 2343/2841 done
2026-09-16 06:02:03,478 [INFO] 2344/2841 done
2026-09-16 06:02:03,482 [INFO] 2345/2841 done
2026-09-16 06:02:03,486 [INFO] 2346/2841 done
2026-09-16 06:02:03,491 [INFO] 2347/2841 done
2026-09-16 06:02:03,495 [INFO] 2348/2841 done
2026-09-16 06:02:03,499 [INFO] 2349/2841 done
2026-09-16 06:02:03,503 [INFO] 2350/2841 done
2026-09-16 06:02:03,507 [INFO] 2351/2841 done
2026-09-16 06:02:03,511 [INFO] 2352/2841 done
2026-09-16 06:02:03,515 [INFO] 2353/2841 done
2026-09-16 06:02:03,520 [INFO] 2354/2841 done
2026-09-16 06:02:03,524 [INFO] 2355/2841 done
2026-09-16 06:02:03,528 [INFO] 2356/2841 done
2026-09-16 06:02:03,532 [INFO] 2357/2841 done
2026-09-16 06:02:03,536 [INFO] 2358/2841 done
2026-09-16 06:02:03,540 [INFO] 2359/2841 done
2026-09-16 06:02:03,544 [INFO] 2360/2841 done
2026-09-16 06:02:03,548 [INFO] 2361/2841 done
2026-09-16 06:02:03,552 [INFO] 2362/2841 done
2026-09-16 06:02:03,556 [INFO] 2363/2841 done
2026-09-16 06:02:03,561 [INFO] 2364/2841 done
2026-09-16 06:02:03,565 [INFO] 2365/2841 done
2026-09-16 06:02:03,569 [INFO] 2366/2841 done
2026-09-16 06:02:03,573 [INFO] 2367/2841 done
2026-09-16 06:02:03,577 [INFO] 2368/2841 done
2026-09-16 06:02:03,581 [INFO] 2369/2841 done
2026-09-16 06:02:03,585 [INFO] 2370/2841 done
2026-09-16 06:02:03,589 [INFO] 2371/2841 done
2026-09-16 06:02:03,594 [INFO] 2372/2841 done
2026-09-16 06:02:03,598 [INFO] 2373/2841 done
2026-09-16 06:02:03,602 [INFO] 2374/2841 done
2026-09-16 06:02:03,606 [INFO] 2375/2841 done
2026-09-16 06:02:03,611 [INFO] 2376/2841 done
2026-09-16 06:02:03,615 [INFO] 2377/2841 done
2026-09-16 06:02:03,619 [INFO] 2378/2841 done
2026-09-16 06:02:03,623 [INFO] 2379/2841 done
2026-09-16 06:02:03,627 [INFO] 2380/2841 done
2026-09-16 06:02:03,631 [INFO] 2381/2841 done
2026-09-16 06:02:03,635 [INFO] 2382/2841 done
2026-09-16 06:02:03,640 [INFO] 2383/2841 done
2026-09-16 06:02:03,644 [INFO] 2384/2841 done
2026-09-16 06:02:03,648 [INFO] 2385/2841 done
2026-09-16 06:02:03,652 [INFO] 2386/2841 done
2026-09-16 06:02:03,656 [INFO] 2387/2841 done
2026-09-16 06:02:03,660 [INFO] 2388/2841 done
2026-09-16 06:02:03,664 [INFO] 2389/2841 done
2026-09-16 06:02:03,669 [INFO] 2390/2841 done
2026-09-16 06:02:03,673 [INFO] 2391/2841 done
2026-09-16 06:02:03,677 [INFO] 2392/2841 done
2026-09-16 06:02:03,682 [INFO] 2393/2841 done
2026-09-16 06:02:03,686 [INFO] 2394/2841 done
2026-09-16 06:02:03,690 [INFO] 2395/2841 done
2026-09-16 06:02:03,694 [INFO] 2396/2841 done
2026-09-16 06:02:03,698 [INFO] 2397/2841 done
2026-09-16 06:02:03,702 [INFO] 2398/2841 done
2026-09-16 06:02:03,706 [INFO] 2399/2841 done
2026-09-16 06:02:03,710 [INFO] 2400/2841 done
2026-09-16 06:02:03,714 [INFO] 2401/2841 done
2026-09-16 06:02:03,718 [INFO] 2402/2841 done
2026-09-16 06:02:03,723 [INFO] 2403/2841 done
2026-09-16 06:02:03,727 [INFO] 2404/2841 done
2026-09-16 06:02:03,731 [INFO] 2405/2841 done
2026-09-16 06:02:03,735 [INFO] 2406/2841 done
2026-09-16 06:02:03,739 [INFO] 2407/2841 done
2026-09-16 06:02:03,743 [INFO] 2408/2841 done
2026-09-16 06:02:03,748 [INFO] 2409/2841 done
2026-09-16 06:02:03,752 [INFO] 2410/2841 done
2026-09-16 06:02:03,756 [INFO] 2411/2841 done
2026-09-16 06:02:03,760 [INFO] 2412/2841 done
2026-09-16 06:02:03,764 [INFO] 2413/2841 done
2026-09-16 06:02:03,769 [INFO] 2414/2841 done
2026-09-16 06:02:03,773 [INFO] 2415/2841 done
2026-09-16 06:02:03,777 [INFO] 2416/2841 done
2026-09-16 06:02:03,781 [INFO] 2417/2841 done
2026-09-16 06:02:03,786 [INFO] 2418/2841 done
2026-09-16 06:02:03,790 [INFO] 2419/2841 done
2026-09-16 06:02:03,794 [INFO] 2420/2841 done
2026-09-16 06:02:03,798 [INFO] 2421/2841 done
2026-09-16 06:02:03,802 [INFO] 2422/2841 done
2026-09-16 06:02:03,806 [INFO] 2423/2841 done
2026-09-16 06:02:03,810 [INFO] 2424/2841 done
2026-09-16 06:02:03,814 [INFO] 2425/2841 done
2026-09-16 06:02:03,819 [INFO] 2426/2841 done
2026-09-16 06:02:03,823 [INFO] 2427/2841 done
2026-09-16 06:02:03,827 [INFO] 2428/2841 done
2026-09-16 06:02:03,831 [INFO] 2429/2841 done
2026-09-16 06:02:03,835 [INFO] 2430/2841 done
2026-09-16 06:02:03,839 [INFO] 2431/2841 done
2026-09-16 06:02:03,843 [INFO] 2432/2841 done
2026-09-16 06:02:03,847 [INFO] 2433/2841 done
2026-09-16 06:02:03,851 [INFO] 2434/2841 done
2026-09-16 06:02:03,856 [INFO] 2435/2841 done
2026-09-16 06:02:03,860 [INFO] 2436/2841 done
2026-09-16 06:02:03,864 [INFO] 2437/2841 done
2026-09-16 06:02:03,868 [INFO] 2438/2841 done
2026-09-16 06:02:03,872 [INFO] 2439/2841 done
2026-09-16 06:02:03,876 [INFO] 2440/2841 done
2026-09-16 06:02:03,880 [INFO] 2441/2841 done
2026-09-16 06:02:03,885 [INFO] 2442/2841 done
2026-09-16 06:02:03,889 [INFO] 2443/2841 done
2026-09-16 06:02:03,893 [INFO] 2444/2841 done
2026-09-16 06:02:03,897 [INFO] 2445/2841 done
2026-09-16 06:02:03,901 [INFO] 2446/2841 done
2026-09-16 06:02:03,905 [INFO] 2447/2841 done
2026-09-16 06:02:03,909 [INFO] 2448/2841 done
2026-09-16 06:02:03,913 [INFO] 2449/2841 done
2026-09-16 06:02:03,918 [INFO] 2450/2841 done
2026-09-16 06:02:03,922 [INFO] 2451/2841 done
2026-09-16 06:02:03,926 [INFO] 2452/2841 done
2026-09-16 06:02:03,930 [INFO] 2453/2841 done
2026-09-16 06:02:03,934 [INFO] 2454/2841 done
2026-09-16 06:02:03,938 [INFO] 2455/2841 done
2026-09-16 06:02:03,942 [INFO] 2456/2841 done
2026-09-16 06:02:03,947 [INFO] 2457/2841 done
2026-09-16 06:02:03,951 [INFO] 2458/2841 done
2026-09-16 06:02:03,955 [INFO] 2459/2841 done
2026-09-16 06:02:03,959 [INFO] 2460/2841 done
2026-09-16 06:02:03,963 [INFO] 2461/2841 done
2026-09-16 06:02:03,967 [INFO] 2462/2841 done
2026-09-16 06:02:03,971 [INFO] 2463/2841 done
2026-09-16 06:02:03,975 [INFO] 2464/2841 done
2026-09-16 06:02:03,979 [INFO] 2465/2841 done
2026-09-16 06:02:03,983 [INFO] 2466/2841 done
2026-09-16 06:02:03,988 [INFO] 2467/2841 done
2026-09-16 06:02:03,992 [INFO] 2468/2841 done
2026-09-16 06:02:03,996 [INFO] 2469/2841 done
2026-09-16 06:02:04,000 [INFO] 2470/2841 done
2026-09-16 06:02:04,004 [INFO] 2471/2841 done
2026-09-16 06:02:04,008 [INFO] 2472/2841 done
2026-09-16 06:02:04,012 [INFO] 2473/2841 done
2026-09-16 06:02:04,016 [INFO] 2474/2841 done
2026-09-16 06:02:04,021 [INFO] 2475/2841 done
2026-09-16 06:02:04,025 [INFO] 2476/2841 done
2026-09-16 06:02:04,029 [INFO] 2477/2841 done
2026-09-16 06:02:04,033 [INFO] 2478/2841 done
2026-09-16 06:02:04,037 [INFO] 2479/2841 done
2026-09-16 06:02:04,041 [INFO] 2480/2841 done
2026-09-16 06:02:04,045 [INFO] 2481/2841 done
2026-09-16 06:02:04,049 [INFO] 2482/2841 done
2026-09-16 06:02:04,053 [INFO] 2483/2841 done
2026-09-16 06:02:04,058 [INFO] 2484/2841 done
2026-09-16 06:02:04,062 [INFO] 2485/2841 done
2026-09-16 06:02:04,066 [INFO] 2486/2841 done
2026-09-16 06:02:04,070 [INFO] 2487/2841 done
2026-09-16 06:02:04,074 [INFO] 2488/2841 done
2026-09-16 06:02:04,078 [INFO] 2489/2841 done
2026-09-16 06:02:04,082 [INFO] 2490/2841 done
2026-09-16 06:02:04,086 [INFO] 2491/2841 done
2026-09-16 06:02:04,091 [INFO] 2492/2841 done
2026-09-16 06:02:04,095 [INFO] 2493/2841 done
2026-09-16 06:02:04,099 [INFO] 2494/2841 done
2026-09-16 06:02:04,103 [INFO] 2495/2841 done
2026-09-16 06:02:04,107 [INFO] 2496/2841 done
2026-09-16 06:02:04,111 [INFO] 2497/2841 done
2026-09-16 06:02:04,115 [INFO] 2498/2841 done
2026-09-16 06:02:04,119 [INFO] 2499/2841 done
2026-09-16 06:02:04,123 [INFO] 2500/2841 done
2026-09-16 06:02:04,127 [INFO] 2501/2841 done
2026-09-16 06:02:04,131 [INFO] 2502/2841 done
2026-09-16 06:02:04,136 [INFO] 2503/2841 done
2026-09-16 06:02:04,140 [INFO] 2504/2841 done
2026-09-16 06:02:04,144 [INFO] 2505/2841 done
2026-09-16 06:02:04,148 [INFO] 2506/2841 done
2026-09-16 06:02:04,152 [INFO] 2507/2841 done
2026-09-16 06:02:04,156 [INFO] 2508/2841 done
2026-09-16 06:02:04,160 [INFO] 2509/2841 done
2026-09-16 06:02:04,164 [INFO] 2510/2841 done
2026-09-16 06:02:04,168 [INFO] 2511/2841 done
2026-09-16 06:02:04,172 [INFO] 2512/2841 done
2026-09-16 06:02:04,176 [INFO] 2513/2841 done
2026-09-16 06:02:04,180 [INFO] 2514/2841 done
2026-09-16 06:02:04,185 [INFO] 2515/2841 done
2026-09-16 06:02:04,189 [INFO] 2516/2841 done
2026-09-16 06:02:04,193 [INFO] 2517/2841 done
2026-09-16 06:02:04,197 [INFO] 2518/2841 done
2026-09-16 06:02:04,201 [INFO] 2519/2841 done
2026-09-16 06:02:04,205 [INFO] 2520/2841 done
2026-09-16 06:02:04,209 [INFO] 2521/2841 done
2026-09-16 06:02:04,214 [INFO] 2522/2841 done
2026-09-16 06:02:04,218 [INFO] 2523/2841 done
2026-09-16 06:02:04,222 [INFO] 2524/2841 done
2026-09-16 06:02:04,226 [INFO] 2525/2841 done
2026-09-16 06:02:04,230 [INFO] 2526/2841 done
2026-09-16 06:02:04,234 [INFO] 2527/2841 done
2026-09-16 06:02:04,239 [INFO] 2528/2841 done
2026-09-16 06:02:04,243 [INFO] 2529/2841 done
2026-09-16 06:02:04,247 [INFO] 2530/2841 done
2026-09-16 06:02:04,251 [INFO] 2531/2841 done
2026-09-16 06:02:04,255 [INFO] 2532/2841 done
2026-09-16 06:02:04,259 [INFO] 2533/2841 done
2026-09-16 06:02:04,263 [INFO] 2534/2841 done
2026-09-16 06:02:04,267 [INFO] 2535/2841 done
2026-09-16 06:02:04,271 [INFO] 2536/2841 done
2026-09-16 06:02:04,275 [INFO] 2537/2841 done
2026-09-16 06:02:04,279 [INFO] 2538/2841 done
2026-09-16 06:02:04,283 [INFO] 2539/2841 done
2026-09-16 06:02:04,287 [INFO] 2540/2841 done
2026-09-16 06:02:04,291 [INFO] 2541/2841 done
2026-09-16 06:02:04,296 [INFO] 2542/2841 done
2026-09-16 06:02:04,300 [INFO] 2543/2841 done
2026-09-16 06:02:04,304 [INFO] 2544/2841 done
2026-09-16 06:02:04,308 [INFO] 2545/2841 done
2026-09-16 06:02:04,312 [INFO] 2546/2841 done
2026-09-16 06:02:04,316 [INFO] 2547/2841 done
2026-09-16 06:02:04,321 [INFO] 2548/2841 done
2026-09-16 06:02:04,325 [INFO] 2549/2841 done
2026-09-16 06:02:04,329 [INFO] 2550/2841 done
2026-09-16 06:02:04,333 [INFO] 2551/2841 done
2026-09-16 06:02:04,337 [INFO] 2552/2841 done
2026-09-16 06:02:04,341 [INFO] 2553/2841 done
2026-09-16 06:02:04,345 [INFO] 2554/2841 done
2026-09-16 06:02:04,349 [INFO] 2555/2841 done
2026-09-16 06:02:04,354 [INFO] 2556/2841 done
2026-09-16 06:02:04,358 [INFO] 2557/2841 done
2026-09-16 06:02:04,362 [INFO] 2558/2841 done
2026-09-16 06:02:04,366 [INFO] 2559/2841 done
2026-09-16 06:02:04,370 [INFO] 2560/2841 done
2026-09-16 06:02:04,374 [INFO] 2561/2841 done
2026-09-16 06:02:04,379 [INFO] 2562/2841 done
2026-09-16 06:02:04,383 [INFO] 2563/2841 done
2026-09-16 06:02:04,387 [INFO] 2564/2841 done
2026-09-16 06:02:04,391 [INFO] 2565/2841 done
2026-09-16 06:02:04,395 [INFO] 2566/2841 done
2026-09-16 06:02:04,399 [INFO] 2567/2841 done
2026-09-16 06:02:04,403 [INFO] 2568/2841 done
2026-09-16 06:02:04,407 [INFO] 2569/2841 done
2026-09-16 06:02:04,411 [INFO] 2570/2841 done
2026-09-16 06:02:04,415 [INFO] 2571/2841 done
2026-09-16 06:02:04,419 [INFO] 2572/2841 done
2026-09-16 06:02:04,423 [INFO] 2573/2841 done
2026-09-16 06:02:04,428 [INFO] 2574/2841 done
2026-09-16 06:02:04,432 [INFO] 2575/2841 done
2026-09-16 06:02:04,436 [INFO] 2576/2841 done
2026-09-16 06:02:04,441 [INFO] 2577/2841 done
2026-09-16 06:02:04,445 [INFO] 2578/2841 done
2026-09-16 06:02:04,449 [INFO] 2579/2841 done
2026-09-16 06:02:04,453 [INFO] 2580/2841 done
2026-09-16 06:02:04,457 [INFO] 2581/2841 done
2026-09-16 06:02:04,461 [INFO] 2582/2841 done
2026-09-16 06:02:04,466 [INFO] 2583/2841 done
2026-09-16 06:02:04,470 [INFO] 2584/2841 done
2026-09-16 06:02:04,474 [INFO] 2585/2841 done
2026-09-16 06:02:04,478 [INFO] 2586/2841 done
2026-09-16 06:02:04,482 [INFO] 2587/2841 done
2026-09-16 06:02:04,486 [INFO] 2588/2841 done
2026-09-16 06:02:04,490 [INFO] 2589/2841 done
2026-09-16 06:02:04,494 [INFO] 2590/2841 done
2026-09-16 06:02:04,498 [INFO] 2591/2841 done
2026-09-16 06:02:04,502 [INFO] 2592/2841 done
2026-09-16 06:02:04,507 [INFO] 2593/2841 done
2026-09-16 06:02:04,511 [INFO] 2594/2841 done
2026-09-16 06:02:04,515 [INFO] 2595/2841 done
2026-09-16 06:02:04,519 [INFO] 2596/2841 done
2026-09-16 06:02:04,523 [INFO] 2597/2841 done
2026-09-16 06:02:04,527 [INFO] 2598/2841 done
2026-09-16 06:02:04,532 [INFO] 2599/2841 done
2026-09-16 06:02:04,536 [INFO] 2600/2841 done
2026-09-16 06:02:04,540 [INFO] 2601/2841 done
2026-09-16 06:02:04,544 [INFO] 2602/2841 done
2026-09-16 06:02:04,548 [INFO] 2603/2841 done
2026-09-16 06:02:04,553 [INFO] 2604/2841 done
2026-09-16 06:02:04,557 [INFO] 2605/2841 done
2026-09-16 06:02:04,561 [INFO] 2606/2841 done
2026-09-16 06:02:04,565 [INFO] 2607/2841 done
2026-09-16 06:02:04,569 [INFO] 2608/2841 done
2026-09-16 06:02:04,573 [INFO] 2609/2841 done
2026-09-16 06:02:04,577 [INFO] 2610/2841 done
2026-09-16 06:02:04,581 [INFO] 2611/2841 done
2026-09-16 06:02:04,585 [INFO] 2612/2841 done
2026-09-16 06:02:04,589 [INFO] 2613/2841 done
2026-09-16 06:02:04,593 [INFO] 2614/2841 done
2026-09-16 06:02:04,598 [INFO] 2615/2841 done
2026-09-16 06:02:04,602 [INFO] 2616/2841 done
2026-09-16 06:02:04,606 [INFO] 2617/2841 done
2026-09-16 06:02:04,610 [INFO] 2618/2841 done
2026-09-16 06:02:04,614 [INFO] 2619/2841 done
2026-09-16 06:02:04,618 [INFO] 2620/2841 done
2026-09-16 06:02:04,622 [INFO] 2621/2841 done
2026-09-16 06:02:04,627 [INFO] 2622/2841 done
2026-09-16 06:02:04,631 [INFO] 2623/2841 done
2026-09-16 06:02:04,635 [INFO] 2624/2841 done
2026-09-16 06:02:04,639 [INFO] 2625/2841 done
2026-09-16 06:02:04,643 [INFO] 2626/2841 done
2026-09-16 06:02:04,647 [INFO] 2627/2841 done
2026-09-16 06:02:04,651 [INFO] 2628/2841 done
2026-09-16 06:02:04,655 [INFO] 2629/2841 done
2026-09-16 06:02:04,660 [INFO] 2630/2841 done
2026-09-16 06:02:04,664 [INFO] 2631/2841 done
2026-09-16 06:02:04,668 [INFO] 2632/2841 done
2026-09-16 06:02:04,672 [INFO] 2633/2841 done
2026-09-16 06:02:04,676 [INFO] 2634/2841 done
2026-09-16 06:02:04,680 [INFO] 2635/2841 done
2026-09-16 06:02:04,684 [INFO] 2636/2841 done
2026-09-16 06:02:04,688 [INFO] 2637/2841 done
2026-09-16 06:02:04,693 [INFO] 2638/2841 done
2026-09-16 06:02:04,697 [INFO] 2639/2841 done
2026-09-16 06:02:04,701 [INFO] 2640/2841 done
2026-09-16 06:02:04,705 [INFO] 2641/2841 done
2026-09-16 06:02:04,709 [INFO] 2642/2841 done
2026-09-16 06:02:04,713 [INFO] 2643/2841 done
2026-09-16 06:02:04,717 [INFO] 2644/2841 done
2026-09-16 06:02:04,721 [INFO] 2645/2841 done
2026-09-16 06:02:04,725 [INFO] 2646/2841 done
2026-09-16 06:02:04,729 [INFO] 2647/2841 done
2026-09-16 06:02:04,733 [INFO] 2648/2841 done
2026-09-16 06:02:04,738 [INFO] 2649/2841 done
2026-09-16 06:02:04,742 [INFO] 2650/2841 done
2026-09-16 06:02:04,746 [INFO] 2651/2841 done
2026-09-16 06:02:04,750 [INFO] 2652/2841 done
2026-09-16 06:02:04,754 [INFO] 2653/2841 done
2026-09-16 06:02:04,758 [INFO] 2654/2841 done
2026-09-16 06:02:04,762 [INFO] 2655/2841 done
2026-09-16 06:02:04,766 [INFO] 2656/2841 done
2026-09-16 06:02:04,771 [INFO] 2657/2841 done
2026-09-16 06:02:04,775 [INFO] 2658/2841 done
2026-09-16 06:02:04,779 [INFO] 2659/2841 done
2026-09-16 06:02:04,783 [INFO] 2660/2841 done
2026-09-16 06:02:04,788 [INFO] 2661/2841 done
2026-09-16 06:02:04,793 [INFO] 2662/2841 done
2026-09-16 06:02:04,798 [INFO] 2663/2841 done
2026-09-16 06:02:04,803 [INFO] 2664/2841 done
2026-09-16 06:02:04,808 [INFO] 2665/2841 done
2026-09-16 06:02:04,814 [INFO] 2666/2841 done
2026-09-16 06:02:04,818 [INFO] 2667/2841 done
2026-09-16 06:02:04,822 [INFO] 2668/2841 done
2026-09-16 06:02:04,826 [INFO] 2669/2841 done
2026-09-16 06:02:04,830 [INFO] 2670/2841 done
2026-09-16 06:02:04,834 [INFO] 2671/2841 done
2026-09-16 06:02:04,838 [INFO] 2672/2841 done
2026-09-16 06:02:04,843 [INFO] 2673/2841 done
2026-09-16 06:02:04,847 [INFO] 2674/2841 done
2026-09-16 06:02:04,852 [INFO] 2675/2841 done
2026-09-16 06:02:04,856 [INFO] 2676/2841 done
2026-09-16 06:02:04,860 [INFO] 2677/2841 done
2026-09-16 06:02:04,864 [INFO] 2678/2841 done
2026-09-16 06:02:04,868 [INFO] 2679/2841 done
2026-09-16 06:02:04,874 [INFO] 2680/2841 done
2026-09-16 06:02:04,878 [INFO] 2681/2841 done
2026-09-16 06:02:04,882 [INFO] 2682/2841 done
2026-09-16 06:02:04,886 [INFO] 2683/2841 done
2026-09-16 06:02:04,891 [INFO] 2684/2841 done
2026-09-16 06:02:04,895 [INFO] 2685/2841 done
2026-09-16 06:02:04,899 [INFO] 2686/2841 done
2026-09-16 06:02:04,903 [INFO] 2687/2841 done
2026-09-16 06:02:04,907 [INFO] 2688/2841 done
2026-09-16 06:02:04,911 [INFO] 2689/2841 done
2026-09-16 06:02:04,916 [INFO] 2690/2841 done
2026-09-16 06:02:04,920 [INFO] 2691/2841 done
2026-09-16 06:02:04,924 [INFO] 2692/2841 done
2026-09-16 06:02:04,928 [INFO] 2693/2841 done
2026-09-16 06:02:04,932 [INFO] 2694/2841 done
2026-09-16 06:02:04,937 [INFO] 2695/2841 done
2026-09-16 06:02:04,941 [INFO] 2696/2841 done
2026-09-16 06:02:04,945 [INFO] 2697/2841 done
2026-09-16 06:02:04,950 [INFO] 2698/2841 done
2026-09-16 06:02:04,954 [INFO] 2699/2841 done
2026-09-16 06:02:04,959 [INFO] 2700/2841 done
2026-09-16 06:02:04,964 [INFO] 2701/2841 done
2026-09-16 06:02:04,968 [INFO] 2702/2841 done
2026-09-16 06:02:04,972 [INFO] 2703/2841 done
2026-09-16 06:02:04,976 [INFO] 2704/2841 done
2026-09-16 06:02:04,981 [INFO] 2705/2841 done
2026-09-16 06:02:04,985 [INFO] 2706/2841 done
2026-09-16 06:02:04,989 [INFO] 2707/2841 done
2026-09-16 06:02:04,993 [INFO] 2708/2841 done
2026-09-16 06:02:04,997 [INFO] 2709/2841 done
2026-09-16 06:02:05,001 [INFO] 2710/2841 done
2026-09-16 06:02:05,005 [INFO] 2711/2841 done
2026-09-16 06:02:05,009 [INFO] 2712/2841 done
2026-09-16 06:02:05,013 [INFO] 2713/2841 done
2026-09-16 06:02:05,018 [INFO] 2714/2841 done
2026-09-16 06:02:05,022 [INFO] 2715/2841 done
2026-09-16 06:02:05,026 [INFO] 2716/2841 done
2026-09-16 06:02:05,031 [INFO] 2717/2841 done
2026-09-16 06:02:05,036 [INFO] 2718/2841 done
2026-09-16 06:02:05,041 [INFO] 2719/2841 done
2026-09-16 06:02:05,045 [INFO] 2720/2841 done
2026-09-16 06:02:05,051 [INFO] 2721/2841 done
2026-09-16 06:02:05,055 [INFO] 2722/2841 done
2026-09-16 06:02:05,059 [INFO] 2723/2841 done
2026-09-16 06:02:05,063 [INFO] 2724/2841 done
2026-09-16 06:02:05,069 [INFO] 2725/2841 done
2026-09-16 06:02:05,073 [INFO] 2726/2841 done
2026-09-16 06:02:05,077 [INFO] 2727/2841 done
2026-09-16 06:02:05,081 [INFO] 2728/2841 done
2026-09-16 06:02:05,085 [INFO] 2729/2841 done
2026-09-16 06:02:05,089 [INFO] 2730/2841 done
2026-09-16 06:02:05,093 [INFO] 2731/2841 done
2026-09-16 06:02:05,098 [INFO] 2732/2841 done
2026-09-16 06:02:05,102 [INFO] 2733/2841 done
2026-09-16 06:02:05,106 [INFO] 2734/2841 done
2026-09-16 06:02:05,110 [INFO] 2735/2841 done
2026-09-16 06:02:05,114 [INFO] 2736/2841 done
2026-09-16 06:02:05,118 [INFO] 2737/2841 done
2026-09-16 06:02:05,122 [INFO] 2738/2841 done
2026-09-16 06:02:05,126 [INFO] 2739/2841 done
2026-09-16 06:02:05,130 [INFO] 2740/2841 done
2026-09-16 06:02:05,135 [INFO] 2741/2841 done
2026-09-16 06:02:05,139 [INFO] 2742/2841 done
2026-09-16 06:02:05,144 [INFO] 2743/2841 done
2026-09-16 06:02:05,149 [INFO] 2744/2841 done
2026-09-16 06:02:05,153 [INFO] 2745/2841 done
2026-09-16 06:02:05,157 [INFO] 2746/2841 done
2026-09-16 06:02:05,163 [INFO] 2747/2841 done
2026-09-16 06:02:05,167 [INFO] 2748/2841 done
2026-09-16 06:02:05,171 [INFO] 2749/2841 done
2026-09-16 06:02:05,176 [INFO] 2750/2841 done
2026-09-16 06:02:05,180 [INFO] 2751/2841 done
2026-09-16 06:02:05,184 [INFO] 2752/2841 done
2026-09-16 06:02:05,188 [INFO] 2753/2841 done
2026-09-16 06:02:05,192 [INFO] 2754/2841 done
2026-09-16 06:02:05,196 [INFO] 2755/2841 done
2026-09-16 06:02:05,200 [INFO] 2756/2841 done
2026-09-16 06:02:05,205 [INFO] 2757/2841 done
2026-09-16 06:02:05,209 [INFO] 2758/2841 done
2026-09-16 06:02:05,213 [INFO] 2759/2841 done
2026-09-16 06:02:05,217 [INFO] 2760/2841 done
2026-09-16 06:02:05,221 [INFO] 2761/2841 done
2026-09-16 06:02:05,225 [INFO] 2762/2841 done
2026-09-16 06:02:05,229 [INFO] 2763/2841 done
2026-09-16 06:02:05,234 [INFO] 2764/2841 done
2026-09-16 06:02:05,238 [INFO] 2765/2841 done
2026-09-16 06:02:05,242 [INFO] 2766/2841 done
2026-09-16 06:02:05,246 [INFO] 2767/2841 done
2026-09-16 06:02:05,250 [INFO] 2768/2841 done
2026-09-16 06:02:05,254 [INFO] 2769/2841 done
2026-09-16 06:02:05,258 [INFO] 2770/2841 done
2026-09-16 06:02:05,263 [INFO] 2771/2841 done
2026-09-16 06:02:05,267 [INFO] 2772/2841 done
2026-09-16 06:02:05,271 [INFO] 2773/2841 done
2026-09-16 06:02:05,275 [INFO] 2774/2841 done
2026-09-16 06:02:05,279 [INFO] 2775/2841 done
2026-09-16 06:02:05,283 [INFO] 2776/2841 done
2026-09-16 06:02:05,287 [INFO] 2777/2841 done
2026-09-16 06:02:05,291 [INFO] 2778/2841 done
2026-09-16 06:02:05,295 [INFO] 2779/2841 done
2026-09-16 06:02:05,300 [INFO] 2780/2841 done
2026-09-16 06:02:05,304 [INFO] 2781/2841 done
2026-09-16 06:02:05,309 [INFO] 2782/2841 done
2026-09-16 06:02:05,315 [INFO] 2783/2841 done
2026-09-16 06:02:05,320 [INFO] 2784/2841 done
2026-09-16 06:02:05,325 [INFO] 2785/2841 done
2026-09-16 06:02:05,329 [INFO] 2786/2841 done
2026-09-16 06:02:05,333 [INFO] 2787/2841 done
2026-09-16 06:02:05,337 [INFO] 2788/2841 done
2026-09-16 06:02:05,342 [INFO] 2789/2841 done
2026-09-16 06:02:05,346 [INFO] 2790/2841 done
2026-09-16 06:02:05,350 [INFO] 2791/2841 done
2026-09-16 06:02:05,354 [INFO] 2792/2841 done
2026-09-16 06:02:05,358 [INFO] 2793/2841 done
2026-09-16 06:02:05,362 [INFO] 2794/2841 done
2026-09-16 06:02:05,366 [INFO] 2795/2841 done
2026-09-16 06:02:05,370 [INFO] 2796/2841 done
2026-09-16 06:02:05,374 [INFO] 2797/2841 done
2026-09-16 06:02:05,378 [INFO] 2798/2841 done
2026-09-16 06:02:05,383 [INFO] 2799/2841 done
2026-09-16 06:02:05,387 [INFO] 2800/2841 done
2026-09-16 06:02:05,391 [INFO] 2801/2841 done
2026-09-16 06:02:05,395 [INFO] 2802/2841 done
2026-09-16 06:02:05,399 [INFO] 2803/2841 done
2026-09-16 06:02:05,404 [INFO] 2804/2841 done
2026-09-16 06:02:05,408 [INFO] 2805/2841 done
2026-09-16 06:02:05,412 [INFO] 2806/2841 done
2026-09-16 06:02:05,416 [INFO] 2807/2841 done
2026-09-16 06:02:05,421 [INFO] 2808/2841 done
2026-09-16 06:02:05,425 [INFO] 2809/2841 done
2026-09-16 06:02:05,431 [INFO] 2810/2841 done
2026-09-16 06:02:05,437 [INFO] 2811/2841 done
2026-09-16 06:02:05,441 [INFO] 2812/2841 done
2026-09-16 06:02:05,445 [INFO] 2813/2841 done
2026-09-16 06:02:05,450 [INFO] 2814/2841 done
2026-09-16 06:02:05,454 [INFO] 2815/2841 done
2026-09-16 06:02:05,458 [INFO] 2816/2841 done
2026-09-16 06:02:05,462 [INFO] 2817/2841 done
2026-09-16 06:02:05,466 [INFO] 2818/2841 done
2026-09-16 06:02:05,470 [INFO] 2819/2841 done
2026-09-16 06:02:05,474 [INFO] 2820/2841 done
2026-09-16 06:02:05,479 [INFO] 2821/2841 done
2026-09-16 06:02:05,483 [INFO] 2822/2841 done
2026-09-16 06:02:05,487 [INFO] 2823/2841 done
2026-09-16 06:02:05,491 [INFO] 2824/2841 done
2026-09-16 06:02:05,495 [INFO] 2825/2841 done
2026-09-16 06:02:05,499 [INFO] 2826/2841 done
2026-09-16 06:02:05,503 [INFO] 2827/2841 done
2026-09-16 06:02:05,508 [INFO] 2828/2841 done
2026-09-16 06:02:05,512 [INFO] 2829/2841 done
2026-09-16 06:02:05,516 [INFO] 2830/2841 done
2026-09-16 06:02:05,520 [INFO] 2831/2841 done
2026-09-16 06:02:05,524 [INFO] 2832/2841 done
2026-09-16 06:02:05,528 [INFO] 2833/2841 done
2026-09-16 06:02:05,532 [INFO] 2834/2841 done
2026-09-16 06:02:05,536 [INFO] 2835/2841 done
2026-09-16 06:02:05,540 [INFO] 2836/2841 done
2026-09-16 06:02:05,544 [INFO] 2837/2841 done
2026-09-16 06:02:05,548 [INFO] 2838/2841 done
2026-09-16 06:02:05,553 [INFO] 2839/2841 done
2026-09-16 06:02:05,558 [INFO] 2840/2841 done
2026-09-16 06:02:05,564 [INFO] 2841/2841 done
2026-09-16 06:02:05,571 [INFO] Total Inference Time:   15.83 s
2026-09-16 06:02:05,571 [INFO] Avg Latency per Sample: 0.0056 s
2026-09-16 06:02:05,634 [INFO] Accuracy:        0.6902
2026-09-16 06:02:05,634 [INFO] Macro-F1:        0.6777
2026-09-16 06:02:05,634 [INFO] Weighted-F1:     0.6875
2026-09-16 06:02:05,634 [INFO] Macro-Precision: 0.6823
2026-09-16 06:02:05,634 [INFO] Macro-Recall:    0.6759
2026-09-16 06:02:06,055 [INFO] Saved: RESULT_f-droid_distilbert-base-uncased_zeroshot.xlsx
                   precision    recall  f1-score   support

          CRASHES       0.65      0.58      0.61      1202
FEATURE & UI BUGS       0.72      0.77      0.74      1639

         accuracy                           0.69      2841
        macro avg       0.68      0.68      0.68      2841
     weighted avg       0.69      0.69      0.69      2841

