text,label
There is No alternate flash method listed anywhere in the settings!!,CRASHES
sd card can u please add an option for saving media to sd card directly  thanx.,FEATURE & UI BUGS
Needs fix Still shows a charging current value when not charging and refreshing of the current charging ampere is not apt.,CRASHES
Doesn't work The widget is just stuck on 1ma. I am using a galaxy S5 on 4.4.2 Android.,CRASHES
"Misleading option name Selecting """"""""One day"""""""" date range results in showing TWO days (today and tomorrow)  which is just plain wrong. Something needs to be corrected here.",CRASHES
Good but ugly Does what you need  but would be better if it counted streaks and had more colours. Needs to scroll horizontally at some point instead of tracks becoming unusably narrow. I found a bug: if you try to record a multiple-entries-per-day track on a day in the past that is the same day of the month as the current day  it will instead be recorded for today. Took me a while to work out what was happening.,FEATURE & UI BUGS
Vector It's one of the few with vector map of metro stations. However it's missing firstly done details  like in London with changes required which it doesn't show/know. Also the vector isn't always as geographically good representation as the official maps. But there is potential.,CRASHES
Awesome Alternative to ES File Explorer Sweetly Materialised. Very clean and minimalistic design. But what I am missing in it is the use of gestures. Hope to see the same in the future updates,FEATURE & UI BUGS
Never worked at all on my Nexus 5. Doesn't work on my Nexus 5. It only says N/A for data.,CRASHES
Best option for Moto Display functionality This is the best option for those looking for Moto Display for non-moto devices. I'd gladly give 5 stars as I'm sure a lot of hard work goes into this app  but functionality seems diminished by my finger print security requirements. If I want to use Nexus Imprint then I am required to use a lock screen that employs added security PIN or pattern. Sometimes I'll unlock via the finger print scanner and it will open  but sometimes it'll only open to other lock screen and require my pattern to open. Thanks!,CRASHES
Add features Can you at least add no wallpaper scrolling and a widget to change the wallpaper?,FEATURE & UI BUGS
Ok but has bug Like it for no unnecessary permissions. But screen rotation causes light to flash.,CRASHES
Juz awesome I luvd it but it would be better if we have some options,FEATURE & UI BUGS
Nice! Please  add support to filter list by destination directory,FEATURE & UI BUGS
Promising It's looking very good. Needs Feedly integration.,FEATURE & UI BUGS
Great app but I am having some problems when i post something it fails. it is not even showing me my current posts which I have posted from computer. no peer certificate error and by 3g it was uploaded.,CRASHES
Cannot sync folders at background? Hope the feature will be available soon.,FEATURE & UI BUGS
Add all the options Please add all the options like menu personalization etc. in the app.how are we supposed to manage menus??,FEATURE & UI BUGS
Overall good Like to be able to categorize so after sync fonts or something matches category colors in outlook.,FEATURE & UI BUGS
Please add battery percentage...,FEATURE & UI BUGS
Group messaging and sending pictures does not work on this app even tho I changed the setting and enabled the group messaging,CRASHES
Love it But had to deduct a single star since the archive isn't working (all it shows is black boxes on the OnePlus). And I would like a slightly expanded description about the work and the museum  or a link to that type of info.,CRASHES
This app gives me a design boner. I love how beautiful and functional QKSMS is  but there are a few problems I've noted. 1. The quick reply screen comes up even if you're already in the app  which is annoying. 2. Night mode does not work all the time  with some colors changing and others not.,CRASHES
Excellent tool for any mtg player! I absolutely love this app... operates smoothly and has a ton of features and options. An ideal tool for on the spot information gathering. Great interface which is very easy to navigate. Would like to have the ability to create multiple wishlists for sorting purposes. Other than that  mtg familiar meets all my needs.,FEATURE & UI BUGS
"Almost perfect. The big sight-blocking button to """"""""mark all items read"""""""" should be hidable  or be moved into a submenu. It is very annoying to easily but unexpectedly hit the button while you have many important unread entries to process.",FEATURE & UI BUGS
Useless. As others have said  screen flips then back to home. Everything appropriate installed. Your app sucks.,CRASHES
Please add mosh support And I'll leave your competitors' software completely and rate you at 5 stars ;&gt;,FEATURE & UI BUGS
Messages crashes app every time If I try to look at any Messages  the app crashes.,CRASHES
Why should I prefer the app over webpage? Needs more funcionalities for reading to be a great experience. 1. Better fonts (Georgia & Clear Sans are the best) 2. Reading modes (Sepia/Night mode) 3. Pop-up a meaning of a word upon selection (like they do in various ebook reader apps). Otherwise the app is just OK. I hope this feedback will be looked into.,FEATURE & UI BUGS
So Slow Its a good emulater not gonna lie but its so flippin slow!Also this game didnt have a speed up button so its even worse.Pls Speed it up to normal speed and add the speed button for 5 stars because it deserves it...,FEATURE & UI BUGS
Out of nowhere when I watch full screen videos the taskbar/notification bar doesn't disappear now. Fix your broken app.,CRASHES
When will be the next update ? I can no longer set font colour (instead of black and white only  font size and. Just make a paid version already and I will definitely pay for it,FEATURE & UI BUGS
Pretty good Doesn't seem to work seamlessly with lockscreen. I have to swipe once on acdisplay and then once on system lockscreen. 5 star if you fix this!,CRASHES
One more thing Pls add a navigation thing icon and this'll be the best search engine,FEATURE & UI BUGS
Doesn't work Lock screen doesn't look like as in image. Fake? Bah,CRASHES
Private inbox and Dual Sim features Please add private inbox and dual sim features for dual sim phones.,FEATURE & UI BUGS
Incredible This app is incredible.however design is outdated(No Material).Some features are not working correctly. Notification handling and non existing responding is not good.,FEATURE & UI BUGS
Change the icon Jesus,FEATURE & UI BUGS
Subject line I require an IP on my certificate subject and this app didn't want to accept it. ---- in response: my IP address is in the alternate subject name. That's the only way I could get it to work with caldav/carddav and place the certificate on my Android through the certificate menu. This app simply didn't accept it.,CRASHES
Nexus 6p issue Good app  but there is no option to record 1080p video in 16:9 (8.3 mega pixel). Please be include this in the list.,FEATURE & UI BUGS
Audio has issues loading  and continuing the queue when the screen is locked in Android 6.,CRASHES
Works with Xperia Z2 tablet but needs to apply normalise math  but doesn't work on Galaxy Notes 3  just stays at Zero mAh,CRASHES
Would get a 5 star review but for one thing. Can't post photos  fix that and you'll get your fifth star :).,FEATURE & UI BUGS
Good app but Please please please add the feture of adding a lock.,FEATURE & UI BUGS
Good app So far I like this quite well I only wish it had a sleep timer count down visible on screen.,FEATURE & UI BUGS
Best gpodder-integrated app I've tried Everything works wonderfully. Only thing I'd really like to see in future updates is full player controls on the widget and lock screen components. I often skip back a few seconds to re-listen to things I might've missed  but I have to unlock my phone and open the full app to do that right now. Relatively minor  but it'd be a useful feature.,FEATURE & UI BUGS
Great app CPU usage  memory  battery life all at quick glance. Please add customizable background color for on-going notification.,FEATURE & UI BUGS
Logged-out Notification don't turn off Since the new update it keeps showing that i have notifications  while I'm logged out. I turned off the Logged-out Notification setting  but it still shows me that I have notifications while I'm logged out. But when I log in to check them  there are no new notifications. There is definitely a bug in the system.,CRASHES
Tab Hi Telegram! Please add Tab Option for groups   channel   bot   people & unread message,FEATURE & UI BUGS
one little change please add an option where users can vhange the color of the message bubbles w/o it being linked to their overall theme color.,FEATURE & UI BUGS
Hi there. I use MAL. Today  I opened the app to update my list but then the Manga List wouldn't show anything. I uninstalled and reinstalled the app. Still nothing. I synced it a couple of times too. Still blank. The only thing affected is my Manga List. The Anime List is working just fine. I have a very stable internet connection too. Could you please help me find the problem? Thanks so much. :),CRASHES
Needs cropping options Doesn't position images based on how many screens I have  if I want to see something that's on the right side of the image I have to create 2 or 3 more screens. Really needs a manual option.,FEATURE & UI BUGS
Good  needs improvement Accuweather notifications are not working after the update. Otherwise a great tool.,FEATURE & UI BUGS
Please add x86 support Doesn't run on my Hudl 2 Intel atom  doesn't boot BIOS with dynarec and is slow and crashes with disabled. Really wanna play UT99 lol.,FEATURE & UI BUGS
Blank screen during game launch. Samsung Tab S. Unable to start any of the games listed. Black blank screen after start.,CRASHES
Default SMS App Please add options for larger fonts though,FEATURE & UI BUGS
Developer focused Tried logging in with Gmail (why isn't this automated?)  get an error message with the plain error message. No formatting. Error States that I need application specific password. So this app cannot handle two factor Auth. Bye.,CRASHES
It would be better if the time changes with network,FEATURE & UI BUGS
No photo upload on Galaxy S5 It would've been a great app if it allowed photo uploads. Too bad  uninstalling now.,FEATURE & UI BUGS
Plz fix I am using this file manager since 3 yrs now. Bt after this update  thumbnails of PDF  apk etc files are not loading. Only thumbnails of pics are loading. Plz fix this...,CRASHES
The mouse is small and I can't use go up,CRASHES
Doesn't bring much to table Not much value of this over web ui. Would be great if it could steam thumbs and photos fast or at least look as nice as webui photos app.,FEATURE & UI BUGS
Not exact When i tried it from other side and several time  always different results,CRASHES
Filters not working :( When trying to use the filters and holding the screen showing your face nothing shows up :(,CRASHES
Great port This is a great port of FB  but it could have Local WiFi or Bluetooth multiplayer support. Can't play this game without competition.,FEATURE & UI BUGS
Great app but... This is an amazing app! What I love about this app is that you can integrate your tasks into your personalized calendars  prioritize tasks  and customize recurring tasks. What could be improved on is the widget. I would like to see the widget display multiple lists like pressing an arrow and switching to view the next list. And a widget to quick add a task. Flaws: Upcoming tasks should be seen in future days  not just for only the next scheduled time. I want to see every task I have scheduled in the future,FEATURE & UI BUGS
Perfect widget for next events  just lacks reminders This is the best widget for a vertical list of next events. I was looking for something exactly like this. Please add reminders  I'd pay for that! Oh  and I'd suggest changing the icon  it's quite ugly  haha  it doesn't match the actual design.,FEATURE & UI BUGS
Sectional won't zoom The only way the sectional will show is if I'm zoomed out to see the whole state which doesn't help me at all. For me it was less than useless.,CRASHES
"Accessibility issues - fonts Devs: Only a set range of font sizes are available  which is a blemish on an otherwise awesome app. Font sizes all top out  sometimes at relatively low values. Example: composition view hits maximum at a font called """"""""larger"""""""" which is about 2.5 mm on my device. Unlimited font scaling is available in some apps - would be good in K9 also. Fonts could be configurable at a percent value (ex: 250%)  with no top-out or limit. Please look into it! Eye strain is becoming an epidemic.",CRASHES
Very nice! I can't wait til the icons variety included are a bit larger. I really like the handles on the text selection  maybe add a bit of alpha transparency... All told this is an awesome theme!,FEATURE & UI BUGS
Doesn't work on lolipop It keeps crashing  I cant set my wallpaper. Unfortunate  because I really liked it. I hope it'll get fixed soon.,CRASHES
Great app. Props to the developer. However the latest version does have a nasty bug. When I look for trains from Brussels north to leuven  the schedule it shows me is completely wrong.,CRASHES
Subject line I require an IP on my certificate subject and this app didn't want to accept it. ---- in response: my IP address is in the alternate subject name. That's the only way I could get it to work with caldav/carddav and place the certificate on my Android through the certificate menu. This app simply didn't accept it.,CRASHES
Can't change CPU frequency. I am having problem in changing frequency of phone. When I select 1728 MHz it revers back to 2457 immediately. If this is app bug  please fix it.,CRASHES
fantastic live wallpaper. please add a dynamic option to change map every X mins apart from wake up.can you also add the startrek enterprise orbiting?,FEATURE & UI BUGS
Awesome On samsung j5 sm-j500fn  the option with proximity doesn't work well. It turns on the screen instead of lock it.,CRASHES
one sided Great concept  but!! Seems to only want to backup my side of the conversation.. randomly will it insert the other persons conversation. :( and not always in order,CRASHES
Great but needs improvement. Works great with all the games I tested it with... So far.,FEATURE & UI BUGS
0.4.1 broke the game - rating accordingly The previous update already had the balance doing a clumsy routine on a tightrope  while this one completely broke the game. Armor is now basically useless  with the first boss consistently doing 12+ damage in one hit through a leather+1 armor. Rats and flies can tear you to pieces since it's not uncommon to roll 0 in armor - the odds are very much against the player. The game is pretty much unplayable unless you luck into +3 armor from the sad ghost or something early game. Wish I could roll back to 0.4,CRASHES
Troubleshooting- can't deactivate once activated I have trouble with removing this app please fix. I need to deactivate it first  but when I want to deactivate it from settings&gt;lock screen and security&gt;device administrators&gt;Ac display  it always crashes. I already tried restarting my phone (Samsung S7),CRASHES
Doesn't work on Nexus 5. I downloaded the map  but it doesn't work in Nexus 5. The map screen is just white. I think there's a dot. The interface is a bit clunky  but I wouldn't mind if it would render the map. I'm going to keep the app for a bit in hopes that it gets fixed.,CRASHES
Please fix It doesn't work on my hudl. It crashes before I can do anything on it,CRASHES
It's nice It's nice but anything below a corner radius of nine has no effect.,CRASHES
Works as expected Works as expected  easier than using text editor. It might be good idea to add feature to mount system partition as rw  since most rooted phones have it mounted as read only.,FEATURE & UI BUGS
Great. Here are some requests. Please make the comment indicator lines slightly thicker (see Boost for Reddit for example). Please make it easier to comment on a post (instead of having to scroll to the bottom of the body of a textpost. Please add the ability to have shortcuts to subreddits without having to subscribe. Great work  thanks.,FEATURE & UI BUGS
Fantastic storage analyser 3.5.3 fixed a minor crash bug  happy again. Thanks to developer for quick response.,CRASHES
Does not work in my nexus 5 No data; no log,CRASHES
HGH Hi  please add new beat for HGH boost :),FEATURE & UI BUGS
Nice little app for saving battery Can you please add option to set shorter on-off duration? Say 5 min sleep time and 2 min connect time?,FEATURE & UI BUGS
WAT I only get a black screen and nothing happens i have uninstalled and tried again but no result,CRASHES
There are no words I downloaded And Bible when I opened it up the Bibles and the dictionaries that I downloaded did not show up on my tablet  it was a blank screen. Please fix it. Thank you- it's working,CRASHES
The mouse is small and I can't use go up,CRASHES
A suggestion Please make use of immersive mode in your app (when full screen mode is checked). So there won't be a giant navigation bar at the bottom when browsing.,FEATURE & UI BUGS
I would give it 5 stars if I would give it 5 stars if the time doesnt move from top to bottom.... Thats the only problem...,FEATURE & UI BUGS
Was good but... ... with Android 6.0 there's a problem. After closing the app it keeps my phone awake until I manually swipe it off from the recently used apps. Otherwise my phone stays with screen on forever ignoring my Display setting to turn off the display after 15 seconds. Fix this and I will renew my rating.,CRASHES
Great app easy to use _ï¿½ï¿½ï¿½ But when i close the app the transaction is not smooth its looks buggy please show this,CRASHES
Small and fast  can be quickpic replacement Small apk size  fast open and can be quickpic replacement. Thanks dev for implementing our request. Dev please add abilities to change title bar color.,FEATURE & UI BUGS
Superb app Love it. The only thing missing is a 'select all' option in top menu when killing apps with trash can. Also an option to go to Android app settings to Disable or Uninstall when you long press on a single process.,FEATURE & UI BUGS
Locked up phone It locked up my Moto e 2nd Gen phone running lollipop. It took me a day and constantly tapping the screen until I got back to the off switch. Nevermore.,CRASHES
Nice layout and features  especially quick reply. Although it is kinda buggy and still needs some work,FEATURE & UI BUGS
So helpful! The only thing that could make this app better would be pictures of all the armors and weapons in MH4U.,FEATURE & UI BUGS
Great App It'd be cool if we could tell whether the post is a link/gif/image/video by putting a colored chipped corner on the corners of the posts' thumbnails. (Like in Relay and Boost _ï¿½É),FEATURE & UI BUGS
Good Can you please add 4x4 for the widget or 4x5. Then get 5 stars,FEATURE & UI BUGS
Good fun Wish the corners of potential play would be darker. Can't see them half the time.,FEATURE & UI BUGS
Doesn't work I lost every photo I had of my kids when they were babies not happy at all!!!!!!!!!!!!!!!!!,CRASHES
Perfect! Been using it for about a year now and I live having a fresh background everyday. Could still use more plugins but that's not the Muzei developer's fault.,FEATURE & UI BUGS
Works great! Just one request. The app works great. No issues there. I want to just suggest an improvement. Could you enable an option make the screen light up from time to time with intervals until the notification is addressed or dismissed. Kind of like an LED notification light  but with the screen. Do reply. Thanks!,FEATURE & UI BUGS
Didn't show up as a widget(at first)  can not show current Lenovo Ideatab A-3000: I needed to uninstall and re-install to get the widget into a list of addable items. Shows volts  battery status but no amps. Did not help to sort out which of my cables have too much resistance when charging then. Sony XPeria Go: On my Sony ST27i works okay(It seems I can not write separate reviews for 2 devices  that would be atleast 3 stars for Sony).,CRASHES
4 star 5 star if they fix the widget not working most of the time. It's hit and miss right now. Sometimes it works other times it's just a power icon on your screen without a function. Had to delete and replace the widget on he screen to make it work again. Then it would stop working again after some time. Also I hope they put actual controls too. But leave the widget as an on/off button. Would be perfect!,CRASHES
More Functionality Please Cool app for pulling up info on games quickly and (apparently) logging plays. I admit I have yet to use the play logging function on the main website let alone on the app. Unless I am being completely daft  it is missing the ability to edit my game collection and post or create forum threads. If these ever get implemented I would absolutely adore this app.,FEATURE & UI BUGS
White colorized names Would be nice if white was not a possible color for names to be colorized with. Since the text is already white it makes it hard to read.,FEATURE & UI BUGS
Amazing this works I remember trying to emulate dc on a pc 4 years ago and it was garbage. Now it works on a tablet...wow. Not without it's faults  though. The selection of games is limited and the ones that do work have minor graphical glitches. Hope this is still a work in progress. Amazing work so far.,CRASHES
Washed out colors Did what it said  but now my screen colors are washed out and I can't fix it.,FEATURE & UI BUGS
" Awesome! A great app  and works very well for Radio over IP (ROIP) interfacing. Feature request: Please add \\""""""""""Half Duplex PTT"""""""""""""""" option to the main server menu for easy selection! Thanks for a great app!""",FEATURE & UI BUGS
Poorly written articles  factual errors. I downloaded the simple version and was disappointed to find that most of the articles were written from a Christian rather than scientific point of view  often blatantly excluding fact. The articles were poorly written  which makes it seem like they were some sort of religious high school project. I had hoped to download the full version to see if it contained different articles  but the links appear to be broken  at least from my Nexus 6P.,CRASHES
Awesome app  but just one concern This app covers 95% of magic the gathering concerns. My only quarrel is that for MTGO players  the price of cards in tix is not displayed. If this problem was fixed this app would be an easy 100%.,CRASHES
"Could you please add the option for Color font_Ñ_ Please add the direct option to color font (ex. &lt; font color="""""""""""""""""""""""""""""""" size="""""""""""""""""""""""""""""""" &gt;Word &lt; /font &gt;) it'll help us directly to change font color. Otherwise app was good however it's RAM usage is little bit large but it's worth it. I LOVE WP Thanks!",FEATURE & UI BUGS
Great app buy  I wish when I went to multitask view the wallpaper would stay and not turn black. Using this on a Nexus 5 by the way.,CRASHES
Great app Great UX  wish it had card layout option and ability to flip through posts side to side,FEATURE & UI BUGS
Need a lill bit upgrade I thin if you guys bring out of the system or a lock system as pattern or password or pin it would be better to maintain the security system I didn't found any lock or any security system on it so please guys do this update,FEATURE & UI BUGS
What once was perfect.. ..is currently experiencing too many to justify keeping installed. Don't get me wrong  this app was marvelous  it really tussled by muffet  but now it crashes when you search  doesn't save file properly and fails at setting ringtone. Alas  now I must search elsewhere for an app to do what I could easily do in 10 seconds on a pc.,CRASHES
need option it's blurred automatically  please add an option. to set blur or not.,FEATURE & UI BUGS
WT F(udge)_ï¿½ï¿½_ Why can't I give NEGATIVE stars! This app is crap! It zapped my internal memory & didn't put files on SD- AT ALL! Vet these people before you allow them to ruin people's devices & waste precious time & content . I'm hoping uninstall won't cause the loss of my pics & vids. They have the nerve to ask for donations. Crap for the bucket!,CRASHES
Weather no longer works The weather portion of DashClock no longer works. Can you reach out to Weather Underground to see if Dash Clock could pull weather info from them?,CRASHES
Brilliant  but need a bit more polishing Its a fine app but when it comes to adjusting brightness the app most of the times doesn't even recognize that I touched the left side and am rubbing my finger up and down. There might be other such bugs. I just found one so please look into it.,CRASHES
Dim Need colors to be punchier and more icons options please,FEATURE & UI BUGS
Pretty straightforward to setup with both Google as well as Lastpass accounts. However  there are a few problems. 1) Why the need to download separate barcode scanner app? 2) Even if my device uses a screen lock (passcode/fingerprint) it would be nice if the app itself required its own pincode/fingerprint prompt.,FEATURE & UI BUGS
browser often redircts to blank page. search egine is brutal. Love the stories on home page but the infomercials on apple are a bit much.,FEATURE & UI BUGS
Notification This app is so pretty..i really like it but the problem is that is not shown any notification if i have received in any apps ex: whatapp  facebook messenger emails...means any apps notification not showing when its on almond screen... thank you.,CRASHES
Almost perfect So far this is the best squeezebox controller I have seen. Since I end up using multiple squeezebox radios as well as squeezeplayer on old cell phones  the ability to easily control them all from one screen is nice. The only problem I have is when my phone or tablet goes to sleep after a minute of non use  the connection to the server is lost  even though it doesn't indicate it from the screen. I have to disconnect and reconnect in order to get it working again. I would like to see a widget controller.,FEATURE & UI BUGS
Great game It's awesome how this game is just like titanfall. But can you please add a private team chat or just a regular one. And also having the ability th have friends would be epic too. Thx.,FEATURE & UI BUGS
Lot to improve. Need to be more accurate. Better history view. Etc,FEATURE & UI BUGS
Great but one issue...... January 28 2016 Jonsin' puzzle. This puzzle required a number as part of an answer. The app keyboard doesn't have numbers and the native keyboard number buttons don't do anything. Yes  I'm a purist.,FEATURE & UI BUGS
Hola launcher support Please add this launcher,FEATURE & UI BUGS
samsun galaxy s4 mini smiley don't view when touch icon,CRASHES
Used to be good. Now trending stories link/button is broken. One of my most used features. Highly frustrating. Fix it and get five stars,CRASHES
Only a small part of email text visible The email text is sometime not completely visible instead it is contained in 1 mm high scroll window which makes impossible to read the text. Please fix the issue and get 5 stars.,CRASHES
Very good but But u have to add 4 buttons :) the upleft button  the upright  the downleft and downright :),FEATURE & UI BUGS
I used it almost just because of the Whatsapp backup to gmail feature  so from the last update it is near to useless to me. Please add back Whatsapp support.,FEATURE & UI BUGS
Nice and fast Great viewer. Just discovered that tapping on bottom or right side scrolls down and if two columns  will move to next column  then will move to next page. Cool! Would like to see a recent file list and also the ability to delete files.,FEATURE & UI BUGS
Sucks Deleted all my pics instead of moving to sd.... Uninstall  ./..(-_-),CRASHES
Great app but Please add dictionary option where we can add and replace a word that the tts cannot pronounce correctly.,FEATURE & UI BUGS
About Notification Notification not shows at glance when it comes. Consume more energy. Not run autometic after switch on my cell phone. And this app must be a calendars features to shows upcoming events which synchronise with google calendar. Overall it's a nice app.,CRASHES
Very good but ... This is great but please add change page for sim 2  this show only sim 1 options  Thanks.,FEATURE & UI BUGS
Good The app is the best from what I have tried so far. There is some issue with temporal navigation - when I open several conversations from notifications and then press back  the app goes through every conversation interleaved with the list of conversations. Also sometimes the conversation does not open when I tap on the notification and is not dismissed when I press the 'read' action.,CRASHES
Nice app Theres a problem showing all the contacts. Most of my contacts dont show up. Its nice though.,CRASHES
Withdrawing my 5 stars Because this app has a serious bug. The delete button on sms notification doesn't delete messages or some messages. But that is actually I want this program to do ;delete messages after reading them. Emailed the developer but no news. Samsung galaxy s4 mini GT-I9192 android 4.2.2,CRASHES
Great app  very useful! I've been using this app for a while now. Administrating my server  playing with my raspi - this app is perfect if combined with Hacker's Keyboard (it features alt  tab  arrow buttons and F1-F12). Just one thing: If I am using it in portrait mode (95% of the time) the keyboard does not offer those buttons. Could you or let me freely configure my hardware buttons for this app (volume down = F2  Volume up = F3 for example)  or offer extra-on-screen-buttons yourself? You would help me a lot!,FEATURE & UI BUGS
Font is too small! Please make the font much bigger! If it is so small I can't read it at a glance  and can barely read it when squinting  it isn't very useful to me. Uninstalled for an app that's similar  but only ~59K vs ~1100K  and uses a larger  readable font.,CRASHES
Not user-friendly Can't see information it's meant to show,CRASHES
Now having issues with connection to dc boot/flash bin It's was fun but do all the games have glitches with the audio and visuals? How can I fix this problem?,CRASHES
Loved the app but keeps crashing phone Any time I use this app on my galaxy s7 edge  it lags. Then after I lock my phone while the app is open  it crashes and the phone doesn't turn on for 15 minutes. This only happens when I use this app. Can you please fix this?,CRASHES
About Notification Notification not shows at glance when it comes. Consume more energy. Not run autometic after switch on my cell phone. And this app must be a calendars features to shows upcoming events which synchronise with google calendar. Overall it's a nice app.,CRASHES
Sucks Turns itself off constantly. Doesn't display notifications. Just time and date. Doesn't awaken very often unless you shake the phone hard. Bad app that doesn't do what it says.,CRASHES
"Great App This is an amazing app  and even more amazing that it is open source. I had reported one issue on github  and it would be nice if someone acknowledged it. When you chose to enable display completed tasks  in """"""""always smart sort""""""""  it smartly sorts the active tasks  but does not sort the completed tasks. It would be nice if you also smart sort the completed tasks list if the user has chosen to display it. Thanks",FEATURE & UI BUGS
Awesome..but It is an awesome app.. would be great if i could see on my PC what I am typing .. instead of having to look at the phone..,FEATURE & UI BUGS
Good. One minor issue I've found. This app makes for a good lock screen alternative. It claims to be simple and minimalistic  and it is. I only wish this came with an Always On option. Please add this!,FEATURE & UI BUGS
Simple and cool Would be better with a character not naked with a huge belly :),FEATURE & UI BUGS
Loved the app but keeps crashing phone Any time I use this app on my galaxy s7 edge  it lags. Then after I lock my phone while the app is open  it crashes and the phone doesn't turn on for 15 minutes. This only happens when I use this app. Can you please fix this?,CRASHES
Transfer stops or freezes Several times pictures i take would get stuck uploading and then the app would crash. I uninstalled,CRASHES
Pheww  that's better! Sure made me feel better about Facebook on my phone. The official app kept getting fatter and fatter... My only request is notifications (or I have somehow missed them). I know push notifications are something else entirely  but is it possible to check  say  every 12 hours if I have any Facebook notifications? Or is there another app entirely that would be better for that sole purpose?,FEATURE & UI BUGS
Bug in notification bar You may see a double Bluetooth and volumn icon in your notification bar. I believe this is why they disabled it for now,CRASHES
"Just what I needed This app seems to do everything I need being able to import my Quicken without any trouble at all. I have not tested the export yet but probably it will work just fine . One minor glitch  and that is in the category list. The list is in case sensitive alphabetical order. This means that every category that begins with a capital letter will come before any category that begins with a small case letter. Thus """"""""Garbage"""""""" will be in the list where you would expect but """"""""goodies"""""""" follows """"""""Zebra.""""""""",CRASHES
Very close to being /sexy/  but just attractive for now... This app definitely looks great. But there are a few details that bother definitely bother me. The 'back' and clear buttons are completely out of place with the rest of the style. I would like to see these without the background color. The spacing on these seems really tight too compared to how the numbers are layed out. I also think the icon in the app looks quite cramped.,FEATURE & UI BUGS
Please add BANGLA language! I need BANGLA language and BANGLA dictionary. You should pay attention here that about 28 crore people speak BANGLA. Also I can't change the size of the keyboard and it covers the half of my screen. Predictions are not so good  but it's ok.,FEATURE & UI BUGS
Best map app The best of the map apps I've tried. A 3d view for car nav would be nice.,FEATURE & UI BUGS
Changed interface Why did you reduce the timer icons to such a miniscule degree? The + sign to add another item obscures the count down icon of one item so need to move the screen. Is this change for change sake?,CRASHES
Simple and lite To-Do widget Great app  I use it heaps. It would be the best to do list ever if you added the option to drag to reorder and a transparent background for the widget's window.,FEATURE & UI BUGS
Great platform Gives me a refreshing wallpaper everyday from a nice collection of galleries. My only complaint is that it's quite rare for a wallpaper to look good while blurred. Wallpapers with light colors are fine but the darker one which I prefer aren't. It's not all that problematic though since I can simply turn it off.,FEATURE & UI BUGS
Doesnt work? I'd love to use this but it isn't appearing on my lock screen. I have a Nexus 7 (2013). Have changed this app to be my lock screen from the display settings  but it just doesn't work.,CRASHES
It syncs down items added via the website  but doesn't always Sync items added on the phone to bgg. A full sync does not add missing items to bgg  just seems to grab new items on bgg.,CRASHES
Please add calender and weather integration,FEATURE & UI BUGS
Good idea but not getting what i want Great app diffently going to use it however  please add a way where i can have the extensions on both sides of the clock. Right now i can have three on right side of the clock if im using a 5x2 grid. I know i can extend it but my home screen looks weird with that extended. I want to have my missed calls etc etc on one side and battery  weather and other info on the other. Other then that what a simple app but it maybe too simple where we loose alot of customizable options.,FEATURE & UI BUGS
Awesome app... Now if only they'd get the FLAC file modification support sorted out,FEATURE & UI BUGS
Best widget also showing portfolio results Have been searching a long time for this app. Only small improvement is a comma separator in total values.,FEATURE & UI BUGS
Not working  was great Can't add any new tasks! Please fix! This app was great but now is rendered useless.,CRASHES
Strange One time it says : Twitter notification from Twitter  sometimes it says just Twitter. Please fix it. Also doesn't notifies calls at all  and sms with callers name,CRASHES
Would be even better if... Great app  but would be better if you could add a wildcard as well.,FEATURE & UI BUGS
Great app. We use it every time  only... I was looking through Hunter and noticed that a lot of the spells are duplicated several times. This makes the spell list look overly long  and could turn some players off  or even raise hopes of spell choice. This looks to be caused because Hunter is listed multiple times in the spell headers for those cases. Please fix this soon.,CRASHES
I can't upload pics Ever since this new update I cannot upload any pics to my new posts. I try via WiFi and with my use of 4G but still nothing. I'm using a samsung galaxy s7. I choose a pic but never finishes to upload. Can I get some help please.,CRASHES
2 Things 1. Please add a dark theme 2. Please stop adding more and more annoying features,FEATURE & UI BUGS
Needs improvement Pls remove app bar from notification bar. Instead add impt quick shortcuts,FEATURE & UI BUGS
What the what? Reset my phone  this app took forever to install. Enabled Widgets and this widget doesn't show up. Can't use it even though 2 hours ago I had it working perfectly.,CRASHES
Major bug I don't know what's up but whenever I go to my profile i end up geting my mom's or my dad's list not mine. I hate that! Its driving me crazy. Also when I go from my phone to my tablet to my ps3 or to my computer it dosent say I've watched episodes that I know I've seen because I was just watching it on a different device. I use to love Netflix. Now I find I'm watching more Youtube and more amazon prime shows because there not making me frustrated.,CRASHES
New mask Don't like the new mask  and would be nice to have more icons.,FEATURE & UI BUGS
Nice Keep the good work going! What I'd like to see in the app as well : - visualization of my steps during the day  to see when I was active and when not - push up notification when I have not enough steps in the evening or when I'm not moving for a few hours - better statistics in general,FEATURE & UI BUGS
Emojis? Maybe I didnt look hard enough butni didn't see any emojis on this app so i deleted it....pretty stupid reason not to use an app but they are important to me...,FEATURE & UI BUGS
Great Chess Program A really great program. It's not really designed for you to play it but it's good for analysing games and positions. One feature I would like however would be drag and drop piece movement as sometimes the tapping can be a bit inaccurate.,FEATURE & UI BUGS
Definitely 5star app. Best. everything needed  has nothing alarm clock doesnt need.. Unlimited alarm clocks u can add.... Except that the app icon not pretty enough ...,FEATURE & UI BUGS
Awesome Great app and very stable. A rrequest... Please add custom wallpaper.,FEATURE & UI BUGS
Useful app.. But after giving the root permission to execute previledge command. . Not able to see any extra logs or features .,FEATURE & UI BUGS
Awesome I love this app  but would love to see more options in the Android Wear watch face. I love having the art as background  but really miss having the date  watch charge  weather  or any other info displayed. This face only shows the time digitally. Please add more options for the watch face! (including blurring the backgorund as in the phone  analog display  etc),FEATURE & UI BUGS
"Masterful User Experience I've searched and studied dozens of to-do list apps  and this one is the only one (maybe right next to Todoist) that really """"""""gets it"""""""". We want as few taps as possible: Keyboard opens automatically  designed so it doesn't get in the way. Colors don't have a separate unnecessary menu  and the reminder date moves to the time  just as it should. Excellent work! The choice to omit a header bar also shows good visual design  keeping it uncluttered. I would like Roboto font and repeating reminders. Keep it up!",FEATURE & UI BUGS
I love it. Please don't change the icon ever   I love it!!! Please add the option to add songs to especiphic playlist and search by genres. Also add feature to number the songs while in play.,FEATURE & UI BUGS
" Obscure and useless without root now The built in software is much better. But I didn't pay 3$ for it! Edit: i understand it isn't your fault sorry! But the app would be better with something like a \\""""""""""whats that?"""""""""""""""" Button.""",FEATURE & UI BUGS
WAT I only get a black screen and nothing happens i have uninstalled and tried again but no result,CRASHES
Good app - political bias showing The app is great  but it's a shame the creators couldn't make questions that weren't politically biased. I'd like to think this should be completely educational and not pushing an agenda.,FEATURE & UI BUGS
Best Great cam  tons of options  actively updated  fantastic. Thank you for this product. Please add a Bitcoin address and I'll support you.,FEATURE & UI BUGS
The ABXY buttons are wonky I try to play Daytona USA  but the AXBY buttons are so awkard. I start spamming B to shift but nothing happens until pure luck suddenly happens and it shifts. I have to press somewhere between the buttons for them to work. Please fix this,CRASHES
Good The widget needs an option to display the calendar by monthly view rather than just the agenda.,FEATURE & UI BUGS
Not working  was great Can't add any new tasks! Please fix! This app was great but now is rendered useless.,CRASHES
Can't control musixmatch player I can not control musixmatch player in lock screen. _ï¿½É_ï¿½É that's bad. Pls fix. Please...,CRASHES
please add new features dev plzzz add imd hydromet division maps to the app it will surely be a great help.. thank u?,FEATURE & UI BUGS
Great but one issue There are no other processes that can be monitored on my device. The processes button brings up an empty page.,CRASHES
Extremely annoying I am continually getting error messages or it only shows a loading sign. This happens about 95% of the time. I log out on my cell and signed back in  I than cleared my data for this app when that doesn't work I uninstalled and then reinstalled it. Nothing works. It's not our internet or the 4G through our cell service. Hulu never acts up like this. Are you wanting me to cancel our 5 plus years of Netflix loyalty Netflix?,CRASHES
"Slow and buggy I love the layout and interface  and the slide action is well designed and intuitive. Unfortunately I have frequent issues with posts and content either loading slowly or not at all. I often get frustrated waiting (30+ seconds) and open photos or gifs in Firefox only to have them load instantly. I get frequent """"""""subreddit not found"""""""" warnings when trying to get to a known subreddit. Restarting the app usually resolved this  but that's a pain too. Fixing these problems would result in a 5-star app.",CRASHES
You cant use Android without even debugging it You cant use Android without even debugging it  could you? Helps tracking down bugs.,CRASHES
Nice It would be better if the link also tells us the story behind/around the artwork rather than just techical specifications.,FEATURE & UI BUGS
Awesome Using since 2 years. This app delivers exactly what it says in a very simple interface. Please add haptic feedback toggle,FEATURE & UI BUGS
" Crashes since last update Can't live without this app. Please fix or revert to previous version  which worked perfectly. Crashes more than 10 times per day now  and says \\""""""""""disabled"""""""""""""""" despite accessibility showing """"""""""""""""on.""""""""""""""""""",CRASHES
Needs improvement Used to work great  now it crashes on my Nexus 5. Very sad to lose the score mid-game :-(,FEATURE & UI BUGS
Looks Promising I like that it doesn't take up much space and runs smooth. However  it would be nice to be able to adjust the font size and maybe be able to have preview of picture links. Also  the app seems to log me out quite frequently. Other than that. Looks real promising!,FEATURE & UI BUGS
Works on Note 4 for Flir Fx app Had an issue with Flir fx IP camera app. Push notifications would pop-up in the task bar but with no audio notification. This app saved me from returning an otherwise fantastic IP camera,CRASHES
What happend!!!!! I've been using this app for a while and ever since the update it's gone downhill....I have old and new music downloaded on my S6 edge plus and just about all of them download halfway and playback in slow motion. I've uninstalled the twice and it still does it. This really needs to be fixed asap until then I'm getting rid of it _??_??,FEATURE & UI BUGS
Glad this exists. I've enjoyed it for a while now  but recently it has been crashing when I tap the messages icon.,CRASHES
Problem with replies Replies fail. Sometimes reply buttons are missing. Reports sent  no fix for ages. Its important functionality. You guys need to fix it already.,CRASHES
Screen sleep time problem The only problem I have ran into is when I try and use the Screen off memo on my galaxy note 5 the screen goes to sleep while I'm writing the memo. It is really annoying.,CRASHES
Was fine  but issues with themes. Lately  the default theme is broken. When adding items to a list  both the font and background are white = cannot see item entry. As a separate item: Please add ability to apply a theme to all lists  not just one at a time. Also  we could use more themes in general. Thanks! ... [GS5 | Android 5.0],FEATURE & UI BUGS
Doesn't work Shows only voltage no amps,CRASHES
Stuck in landscape Is probably rate this app higher if I could get it out of landscape mode!!!!! Surely the developers didn't think overriding a users orientation was a good Ux decision.,CRASHES
Love it. But please add a feature of locking device by pattern or pin. Because once we get notification   we have to unlock acdisplay and then phone pattern. This is quite annoying. So it'd be better if you guys provide pattern or pin lock. Awesome work at last.,FEATURE & UI BUGS
Fast forward and cheats Add gameshark codes like option . Give a fast forward button to play fast,FEATURE & UI BUGS
Can't find my books I've had the app for a while and loved it (would have given 4 stars!)  but now after the update my books are gone? I tried adding it but don't know where. I also tried doing the Google drive thing but they don't show up. I added the epub and mobi versions but still nothing?,CRASHES
Best option for Moto Display functionality This is the best option for those looking for Moto Display for non-moto devices. I'd gladly give 5 stars as I'm sure a lot of hard work goes into this app  but functionality seems diminished by my finger print security requirements. If I want to use Nexus Imprint then I am required to use a lock screen that employs added security PIN or pattern. Sometimes I'll unlock via the finger print scanner and it will open  but sometimes it'll only open to other lock screen and require my pattern to open. Thanks!,CRASHES
"Always force stop My device is Lenovo a850. But when I tap """"""""install and setting"""""""" button  it force close. Please fix this.",CRASHES
Best app Best and lightweight app   please add option to delete the files and folders,FEATURE & UI BUGS
Nice going EDIT: as per request  changes were done. Works extremely well. Small bug is that in nav drawer  there is a huge gap before first item. Please fix.,FEATURE & UI BUGS
" Doesn't work at all Tried on moto x and moto Xprt and Samsung note 8. Nothing shows up by default. Manually brings up the notification but it reads \\""""""""""no data - no data - no data - no data"""""""""""""""".""",CRASHES
Crap Doesn't work  advises to see logs on error but logs do not exist  nothing to open on error.,CRASHES
Would be better if I could use it while running my WiFi hotspot.,FEATURE & UI BUGS
I enjoy this game very much and been playing this a lot. It was hard but well balanced with real good learning curve. This new update looks aestethically pleasing. Maybe the dev can add font change setting to please the classic font lovers out there. Keep the good work and I'm really looking forward to the next update.,FEATURE & UI BUGS
Great but less stable than status quo UI  usability is slick. Love it. However lots if instances where it crashes. There was one non crash bug where ur current conversation/other ones went blank. Hopefully it logs bugs extensively  and maybe it can add a report bug feature? It got a lot less buggy than it was a few months ago but its still the only gripe you can have with this great app. Great work guys!,CRASHES
Installed... First impression.. Installed this app  after reading good things  will uninstall as the first topics on the news feed are all left wing  progressive rubbish.. I want some balance and different views... not to be fed this crap... One sided reporting is the same thing as censorship and anti free speech....not looking further after the first pages  cannot support...delete,FEATURE & UI BUGS
Free  no ads and a clean interface. One star taken away because everytine you pause the player disappears from the lock screen and notification bar.,CRASHES
Use it alot I like it and it's easy to use and find pics  but it's a problem not being able to save a pic.,CRASHES
Used to be great Now stuck at 99% and phones own indicator shows true value. Pain as rely on it and ended up with no battery yesterday...,CRASHES
Please add an option to backup only over wifi,FEATURE & UI BUGS
Nice but if you have several accounts  you cannot adjust the order in which the accounts are listed. and it would be nice to have a settable back ground color for each account,FEATURE & UI BUGS
Great app and while simple Sir  can you please add a scheduler also rather than just being manual effort? many thanks.,FEATURE & UI BUGS
Maken X and PS3 Controller Issue Having analog issues with analog stick when using Sixaxis PS3 Controller and Sixaxis App...D-Pad and all other buttons work perfectly but analog is being read as D-Pad instead of Analog Axis...please fix bug!!! PLEASE ADD SUPPORT FOR PS3 CONTROLLERS!!!!!!!!,FEATURE & UI BUGS
Silence a busy mind I don't necessarily feel as though it puts me to sleep as much as it just helps me to stop over thinking at the end of the day. I used to play music for some white noise but this does a much better job at soothing me. The lower end of things is relaxing  I wish there was more of it which is the only reason I rate it 4stars.,FEATURE & UI BUGS
Great and useful app This is a really useful app for people like me who has not been playing MH for awhile. A few extra features could make it better tho.. e.g home button and include weapon slots in armour set builder. Nonetheless great app.,FEATURE & UI BUGS
"It works perfect and fast! I'll give it a five star if it had the option to """"""""smart track""""""""  depending on distance for example.",FEATURE & UI BUGS
"I send 0.0000546 BTC to 1271aKQNsbmHckc2aKpzFCzuB3VL8gnJBW  the transaction is successful recorded in blockchain  but it show """"""""existence of this is not proven yet"""""""" is it only detect proven from 1satoshi transaction? ps:I am using bitcoin wallet 4.34  it is not allow too small amount transaction",CRASHES
Payed but doesn't work properly Battery indicator freezes and real battery life doesn't show up. For a payed app  doesn't work. Please fix this or refund,CRASHES
Modern It looks modern and has a lot of nice features. Please add more customization options. It would be nice to have a dark theme and the ability to change the color of the chat bubble.,FEATURE & UI BUGS
Loved it except for the new keyboard layout! The new keyboard layout is outright bland! White and no borders between yhe keys. Please fix this :),FEATURE & UI BUGS
Doesn't work on GS5 Always shows 1mA on a GS5 (4.4.2).,CRASHES
"Works Great I got the seemingly-common """"""""Error"""""""" message when trying to make an app a system app  tried running the app from the icon on the home screen  and that app said it needed to force close. I assumed that the phone needed a reboot to recognize that the app has now been moved and has changed status  and the app is now a system and works normally.",CRASHES
"Nice for stand-alone list I gave up trying to sync my tasks between devices. The whole point of trying this app was to sync. Going back to """"""""Ike"""""""" for the layout. Sorry will check back in a few months to see if things improved.",CRASHES
Needs some modern features Needs modern mobile email features - swipe to archive/delete  swipe to snooze  etc. Otherwise it works fine.,FEATURE & UI BUGS
The best crossword app I've been using this app almost everyday for a couple years now. Have hardly ever had a glitch. It's truly the best one out there! Only thing I wish is it would pull from NY Times. I thought I could get it because I have a subscription but that one doesn't work. Other than that  perfect!,FEATURE & UI BUGS
Good widget  but needs improvement. At first  I was excited to use it. But that is turning out to be a challenging experience. The events doesn't sync up with the calendar events. I've restart my phone. Whether the events have been created  deleted or updated it doesn't reflect immediately on the widget. Please fix it. Or am I missing a setting?,FEATURE & UI BUGS
Amazing this works I remember trying to emulate dc on a pc 4 years ago and it was garbage. Now it works on a tablet...wow. Not without it's faults  though. The selection of games is limited and the ones that do work have minor graphical glitches. Hope this is still a work in progress. Amazing work so far.,CRASHES
Missing icons such as... Boxer  Textra  CM browser  runtastic pro  Amazon app store  Google news and weather  Nokia Here  Rayman Fiesta  Rayman Jungle run  Google Chromecast  Google Contacts. Please add these. Minus one star for expecting is to download another app to request new icons - that's what this comments section is for  READ IT.,FEATURE & UI BUGS
Not all functions available On Xperia Z3  I'm not able to move the notifications below the clock to have it detailled. The Gmail icon is also sometimes disappearing when i checked the persistent mode...,CRASHES
"It connected my personal info from other places WithOut My Permission!! It Added My Legal Name to my Secret email address TODAY. I got a reply email saying """"""""Who is this- I dont know that name!"""""""" It kept saying(every letter I tapped  but it was working  just a hassle) gmail wont work without Body Sensory&gt;wtf Permission.",CRASHES
Issues Can't seem to be able to use the start or select buttons  and it lags hugely. Fix please.,CRASHES
ONE TAP PROBLEM it doesnt save our account.. it skips.. wth FIX IT PLEASE.. it will show one tap then after i save it and log out to log in other accounts the saved account was removed.. i am so pissed,CRASHES
Please Add Fingerprint Pretty app  pretty function but locking is... well lame. Add a fingerprint see sorry and I'll use this permanently.,FEATURE & UI BUGS
Episodes Screen Not Alphabetical Episodes Screen  when you swipe over while watching something  is in totally random order. Great app otherwise,FEATURE & UI BUGS
Good but.. Show 0 processes if root privileges is ticked. Please fix!,CRASHES
Not safe yet! Keeps going off  no prompt. Also knocked out my Nova launcher and took me back to default Android layout until after I checked my apps list  then the launcher returned.,CRASHES
Touch Stick is way to responsive Playing Sonic Adventure 2 is hard when the stick is hard to slightly move left or right.,CRASHES
Very good  but... I will give five star if add feature such add wallpaper from gallery instead using wallpaper from launcher,FEATURE & UI BUGS
Liked alot Please add something for improve memory/concentration,FEATURE & UI BUGS
Good Definitely better looking than Yatse  but needs Wear support,FEATURE & UI BUGS
okay it doesn't ever show my stats,CRASHES
Basic but best Please add icon support if you can .,FEATURE & UI BUGS
Doesn't always work. It scans but nothing shows up  which is annoying.,CRASHES
Hotkey Would like the power button / volume pressed rapidly as hotkey,FEATURE & UI BUGS
Bad All the songs I searched up were either the wrong song or nothing shows up,CRASHES
"Great App. Would be greater with a few more options I'm an avid reader and I own a lot of books. Still  I also read a lot of books which I do not own. It be nice to have  with the green check mark for read status  an icon that tells you if you own it and what kind of book it is (Hard cover  paperback or Ecopy) right on the """"""""shelf"""""""". As well  if its a series of book  the total number of books within the series right next to its name  as to help tracking how many we are missing in that series. Would had the last star if both those things could be added.",FEATURE & UI BUGS
Good  for the first Android build of Freeminer. I usually play Minetest (What Freeminer originally got forked from.) This build is made well. All GUIs fit in the screen. Shame it can only connect to a limited amount of servers..... I tried connecting to one  and when it got halfway through Media  it restarted..... Seems I have insufficient RAM. Anyways  that's an improvement compared to MT Android builds. It just crashes all other apps  trying to get memory. I like the slippery ice  yet the movement keys are a little too small for my liking.,CRASHES
Armor builder needs upgrade Try make mix sets with armor of different ranks but cannot Please add another option for mix sets with all armor selection. Thank you ?,FEATURE & UI BUGS
At last! I can see this being my all time favourite app! Would be nice to have an undo last action button though. Keep up the good work ! I hope you'll be making more space research apps in the future!,FEATURE & UI BUGS
Add more features Please add more features. As well. Developers  please keep your CSV file backup in a proper folder unless cluttering it in the root sdcard folder ...,FEATURE & UI BUGS
Poor interface,FEATURE & UI BUGS
Awesome. Please add self organized sessions.,FEATURE & UI BUGS
Good bur a few bugs & Please add security options,FEATURE & UI BUGS
It doesn't work at all. I open it up. Click on the button on my phone 'set up account' Clicked on 'set up account' clicked on 'scan a bar cocode' It opens up my Michaels Store app. It just does this and only this  i cannot scan a QR code for my Origin account.,CRASHES
Just what I needed Very nice app  please add the possibility of delaying the first bell some time.,FEATURE & UI BUGS
Can't Open my Drawing on my Desktop PC I emailed my Drawing to myself and I can't open it. No program I have is able to open it. :( Do I need additional software just to open a drawing on my dektop? Help and thanks.,CRASHES
Excellent I use gauth to provide 2FA for ssh logins  su/sudo attempts  Gmail  aws... and I also use it for work. It's practical security done  seemingly  very well. My only complaint is a UI problem. I have a lot of keys and the existing display options have no company option. It's frustrating to scroll through the list  especially when we could easily have a font size option as well as compact themes to reduce whitespace.,FEATURE & UI BUGS
Great work Nice app. But can not block sub connections of particular app.we should able to block only Add connections of the app. If you can do this small change then I'll give 5 stars :-),FEATURE & UI BUGS
" Works. Please add \\""""""""""are you sure"""""""""""""""" for backup and restore settings!""",FEATURE & UI BUGS
A fast and lightweight browser  favorite one so far. Only suggestion would be some sort of an undo option if we accidentally close tabs and such.,FEATURE & UI BUGS
Works amazingly well Love it  best subsonic app around. Only issue I'm seeing is new artists are not showing up on the app but do in subsonic server. No other issues found so far. Edit: refresh worked :),CRASHES
Good can be better. Please add a secure lock screen pin or pattern lock so that it could be used as a perfect lock screen.,FEATURE & UI BUGS
Not user-friendly Can't see information it's meant to show,CRASHES
OK but should allow reordering tasks It's OK  but it badly needs the ability to manually reorder the tasks  rather than being stuck in alphabetical order.,FEATURE & UI BUGS
Does not work fully Would of givin it 5 stars but the double tap to see the photos does not work. Love the app just wish that would work. Would be so much better if I did not have to open the app to see it.,CRASHES
Good but... Please add widget size setting,FEATURE & UI BUGS
I really liked it Issue 20/12/16  in discovery  when I find a channel and click on it. Doesn't open. Only subscribing and then going to subscribed is allowing me to view the info of that channel. Other than that  I'm using your app. It's very good. Like it man,CRASHES
Great app. Shift issue. I love this app  though there is one critical issue: during certain periods of the year  events show as one day early. I believe that this is an issue with DST  in that Egypt cancelled it.,CRASHES
Most lightweight and efficient much better than chrome  dolphin. As a bonus feature  Please add an option to show the url and tabs in the bottom of the browser  as it will be easy to use for large phones.,FEATURE & UI BUGS
Its okay but... Hi reicast developer. First of all  thank you for creating this emulator for all of us who are addicted in playing console games in our mobile phone. Everything is nice but can you please add save state option on this program. Most of the time I need to check my email while playing reicast it is somehow frustrating that I can not access my game the way I leave it. Hopefully you can add this option in it asap. Thank you and kepp up the good work.,FEATURE & UI BUGS
Messages crashes app every time If I try to look at any Messages  the app crashes.,CRASHES
It works good. I'm testing this app. It works very good . Saves the map after install and then uses the map without internet and creates the track and analyzes it. but i can't load the track for next use and it has not waypoint for marking the place.,FEATURE & UI BUGS
Extremely annoying I am continually getting error messages or it only shows a loading sign. This happens about 95% of the time. I log out on my cell and signed back in  I than cleared my data for this app when that doesn't work I uninstalled and then reinstalled it. Nothing works. It's not our internet or the 4G through our cell service. Hulu never acts up like this. Are you wanting me to cancel our 5 plus years of Netflix loyalty Netflix?,CRASHES
Worked great at first  then... Resets EVERY time I open it and/or restart the phone...The first few months that I used this app were great. Worked well and no issues with it missing steps. Over the past few weeks  however  about 50% of the time it doesn't start counting until I go into the app! This has caused bad data and the many updates since have done nothing to fix this. Will be using something else soon if there is no permanent fix. What a shame.,CRASHES
Cool app but missing features The app is good but could be better. Please include horizontal layout and tablet layout. Add pictures to stations to fill out the space. Add live listening.,FEATURE & UI BUGS
Excellent app but... For 5 stars  add options for: 1) separate row for location 2) abbreviated month  day names; Both of which will improve two-column mode. Update 1/22/14: Also  there is nothing visual to indicate busy  tentative  or free time. Please add.,FEATURE & UI BUGS
Good emulator  the potential's there and I'm surprised it can play the games I want to play well but can you please add an option to either toggle opacity on the touch-screen buttons or thumbstick calibration because this thing for whatever reason maps both the D-pad and thumbstick to the thumbstick on my GPD XD.,FEATURE & UI BUGS
Poor Interface It works well  but it's just not a good looking or well laid out app. Love NPR  but this should be rethought.,FEATURE & UI BUGS
Requested feature Please add some sort of pin lock to the lockscreen,FEATURE & UI BUGS
LOVE IT I like using this app ... but there's a little problem when the screen is off it doesn't work hope u guys fix it it would be better _ï¿½ï¿½ï¿½,CRASHES
It looks great but It doesn't always update for me. The app icons shown don't always reflect the apps that I have most recently been using. Galaxy Note 3 running android 4.3.,CRASHES
How to revoke and generate key revocation certs? Add feature for key revocation.,FEATURE & UI BUGS
Nothing fancy but gets the basics right I just wish it had more features like the competition.,FEATURE & UI BUGS
Major bug I don't know what's up but whenever I go to my profile i end up geting my mom's or my dad's list not mine. I hate that! Its driving me crazy. Also when I go from my phone to my tablet to my ps3 or to my computer it dosent say I've watched episodes that I know I've seen because I was just watching it on a different device. I use to love Netflix. Now I find I'm watching more Youtube and more amazon prime shows because there not making me frustrated.,CRASHES
"It connected my personal info from other places WithOut My Permission!! It Added My Legal Name to my Secret email address TODAY. I got a reply email saying """"""""Who is this- I dont know that name!"""""""" It kept saying(every letter I tapped  but it was working  just a hassle) gmail wont work without Body Sensory&gt;wtf Permission.",CRASHES
Great app Please add screen rotation on/off. I frequently disable rotation at night and forget to turn it on in the morning. Thanks!,FEATURE & UI BUGS
Menu button Glitch The menu button just pauses my games and nothing happens. An update to fix this glitch would be nice! Thank you,CRASHES
Awesome Your is really good  but try to add more features next time,FEATURE & UI BUGS
Love this a lot  but it seems very laggy when scrolling through my messages  please fix it and will give 5 stars.,CRASHES
Weather no longer works The weather portion of DashClock no longer works. Can you reach out to Weather Underground to see if Dash Clock could pull weather info from them?,CRASHES
Good game Keep up the good work.Please add music because really there is no sound,FEATURE & UI BUGS
Great app. I can now keep track of books my children have. The only thing is I wish my children and I can all share the one library across devices. If anyone knows how please let me know,FEATURE & UI BUGS
Great but less stable than status quo UI  usability is slick. Love it. However lots if instances where it crashes. There was one non crash bug where ur current conversation/other ones went blank. Hopefully it logs bugs extensively  and maybe it can add a report bug feature? It got a lot less buggy than it was a few months ago but its still the only gripe you can have with this great app. Great work guys!,CRASHES
Fantastic app! I highly recommend it! 'Voice Notify' is an essential app for anyone  but especially useful for someone such as myself who has dexterity difficulties  also has a SCI & is a fulltime wheelchair user. I do not have to look at my phone to know what is happening. VN is very customisable  eg  you can stop some FB group messages by putting the group name or a word in the 'ignored text' option in VN settings. Wish 'Email' said who was sending the emails like 'Gmail' does. Unfortunately on my new Note4  VN keeps being 'disabled'!?! Such a pain for an essential app! ?,CRASHES
Please add a custom beep as confirmation,FEATURE & UI BUGS
should be built in :-) this allows audit of what apps have a particular permission  and it creates scores for each app  so you can see the ones which claim the most needs ... but only checks downloaded apps  not the pre-installed ones ... so i cannot compare score of eg chrome and firefox  since chrome was pre-installed ... please add this to make a five-star app!,FEATURE & UI BUGS
Blank screen during game launch. Samsung Tab S. Unable to start any of the games listed. Black blank screen after start.,CRASHES
Doesn't work at all Only got configuration screen. Never displayed any data on LG 4g phone.,CRASHES
Great I love the app  especially for card searching. A minor problem is that it sucks on battery so quickly while browsing through card pictures. Otherwise it's perfect.,CRASHES
Waste of time It couldn't find one friend but it was quick to show you multiple ads on closing this POS!,CRASHES
Just great all around. The app is clean  functional  and has a quick reply feature that works better than other apps. Just about no complaints  it was money well spent. The only issue is that the shortcut on my home screen (GEL) deletes itself on restart.,CRASHES
Kept time.. When the alarm went off  the screen changed and I could turn off. I had power cycle my phone shut it up. Since I use timers in a call center this absolutely does not work for me. Uninstalled.,CRASHES
Not Working! I paid for the an app that does not work at all after placing the username and password.. its showing Synchronisation Failed!?!?!?!??!,CRASHES
Looks nice but... .. Buuut like all the others it only shows Google events  not reminders. Google reminders are much easier to set with Google Now and provide the same function. Google's calendar/agenda widget shows reminders but is ugly... I wish you guys could implement this feature.,FEATURE & UI BUGS
Almost perfect. I love the app  but please add pin/pattern/fingerprint to unlock! I would love to use this to replace my lockscreen &lt;3,FEATURE & UI BUGS
Tardis wallpaper missing??? I will give this five freaking stars if you please add the tardis wallpaper that is shown in the preview for the app. The wallpaper with a large tardis  and the doors opened  seeing inside. Please! I've paid for a few of your apps  I'm a customer. :(,CRASHES
Touch Stick is way to responsive Playing Sonic Adventure 2 is hard when the stick is hard to slightly move left or right.,CRASHES
"Watch later isn't working The app works fine but for sone odd reason  the Watch Later playlist doesn't work. The video plays but the section i can scroll like the Description  like bar Comments  Sub box and all that are replaced with a error promt that says """"""""""""""""there was an error"""""""""""""""" and a code (I don't remember the code). Also i can't use that blackish-gray drop box where i can select the next video in my """"""""""""""""Watch Later"""""""""""""""" Playlist. Lastely  i can't see the arrows that let me switch from one video to another. There are other issues. Plz fix.",CRASHES
Super Fast! I always use this app to replace the native app drawer on my devices. Wish it could create shortcut to home screen though.,FEATURE & UI BUGS
It doesn't work at all. I open it up. Click on the button on my phone 'set up account' Clicked on 'set up account' clicked on 'scan a bar cocode' It opens up my Michaels Store app. It just does this and only this  i cannot scan a QR code for my Origin account.,CRASHES
Please add android 6 support  doesnt work on Nexus 6p,FEATURE & UI BUGS
The idea is great  but isn't delivered.. I've used this app for quite a while now. I use it for both my phone and tablet. I've used the beta version and the stable version. I also purchased the donate to backup and restore profiles. However  I still see ads and certain versions haven't allowed me to restore profiles.. I've noticed this app causes major bugs with my tablet. Hopefully something changes in the future.,CRASHES
Useful but need improvements I've tried. Need more advance features maybe.,FEATURE & UI BUGS
What a wonderfully designed app Content well organized and easy to use. I'v already scanned 350 books. I can think of nothing to improve this app. The only issue I've encountered is sometimes the app just closes down while I'm using it. When I reopen nothing is lost  so no big deal. I'm searching to see if this developer has an app for movies! Thank you for such a great app.,CRASHES
Shut down App works fine until I hit the shut down button. When hitting wake up it does nothing. I have to switch of kodi at power source then turn back on for the remote to work again.,CRASHES
Bottom Bar This app would get a 5 star without the new bottom navigation bar. Please remove.,FEATURE & UI BUGS
Didn't Work Widget won't load onto screen. Notification bar shows incorrect figures. Moto X Style  Lollipop. Uninstalling.,CRASHES
Buggy My words added to dictionary for English (US) doesn't work properly.. Even after touched to save the word  again n again it asks.. When I directly go to settings and dictionary their multiple entries are present  if I open one the duplicates disappear  but at the end of the day the saved words are not at all saving n making typing a tedious task. Fed up with this..! Please make it bug free  I'll again give 5 stars.,CRASHES
"The slow decay from greatness. Early adopters like myself have witnessed this rollercoaster. The perpetual transition toward gratuitous fiscal propriety. Monthly """"""""subscription"""""""" to access your OWN music? Little too much to tolerate. Especially following the other shameless attempts to squeeze more money out of initial supporters. Too bad too  this software was excellent otherwise.",FEATURE & UI BUGS
Please fix KitKat bugs I'm on stock 4.4.2  APK files Dont show the embedded icons. Please fix.,CRASHES
Settings and weather? Setting does not show up in Google now launcher even when the setting in DashClock is checked to do so  also the weather randomly shows blank for hours and then fixes itself and repeats the issue  this just started happening as of late. Nexus 6(6.0.1-latest monthly build) no root.,CRASHES
NOt too bad. Reasonably easy to figure out though you have to guess at some things. Sometimes th touch screen won't accept input. Haven't tried anything sophisticated with it yet.,CRASHES
Still bugged Just like anybody else said  game start at level 5 layout with only rats in it,CRASHES
Extra basic  extra good This is pretty much everything you want in an audio book player. It's a smidge more basic than I might like (only one sleep time  loading of folders one by one) but these are small ux quibbles. The only major missing feature is chapter support on .MPa files  but I imagine this would be highly complex and thus be against the simplicity design philosophy.,FEATURE & UI BUGS
Good  but When receiving mms  I get two picture for every mms  instead of one.,CRASHES
Nice app But not for dual Sim fone  please add an feature or option for dual Sim,FEATURE & UI BUGS
If you play mhgen  you need this Love the clean and intuitive interface  and the extensive amount of detailed info. The one thing more I'd ask for is in game pictures of stuff like armor and monsters. Still an awesome app for hunters at any level.,FEATURE & UI BUGS
Something's wrong. It used to be perfect but now some wallpapers randomly have their bottoms turned into black nothingness.,CRASHES
Great! Please add: 1) hide app icons feature as well 2)option to choose to keep shelf or Google now ;) 3) change icon packs 4)themes!,FEATURE & UI BUGS
Hmm..Good Really useful to keep track of MAL. Thanks for this app dev! ^^ This should get more users than other MAL clients for Android..but sometimes in bad connection  I watch more episodes  when I change the numbers of watched episodes it changed  but when I reload the page  it become 0 again ..,CRASHES
Improving... Only options to open files are Google drive  images  etc. Don't see a way to browse local files. Update: This developer has been very responsive. I had a problem with the free version and he was very responsive then  too. This app is a work in progress. It's not bad for a simple editor  but it's not quite ready for prime yet. 3 stars for now.,FEATURE & UI BUGS
Nothing but bugs Takes forever for show listing to show up  and usually crashes before finished. When opened again and listing is available clicking on anything causes the app to crash again. At this point it's useless.,CRASHES
Great for Communication but... This app is so damn glitchy. I open it and it lags. I Open the camera and it lags. I click send and it waits 3 seconds to send. After i open a snap  the notification (red sqaure) stays for another 10 seconds after. Fix the bugs please!,CRASHES
Simple. A bit crammed. I use this for programs (Car Talk) and stations (my local KQED). I wish that the in-app settings had an option to turn off the breaking-news notifications. Also  this app tends to require many taps just to get to what you want (eg. 4 taps to listen live your local station; 5 taps to listen to a Car Talk episode). So I just started to use. NPR One for podcasts (simpler than this app) but I still need this app for listen live. Not crazy about needing 2 separate apps just for NPR.,FEATURE & UI BUGS
"Great but... So when you use a scroll of blinding light up against a wraith it says """"""""""""""""the wraith flees"""""""""""""""" but he doesn't... only problem I've had so far.",CRASHES
With wonderful but.. Needs option to keep same day past events displayed in case delayed. Or option to keep incomplete events in view. Has helped me stay productive without pain!,FEATURE & UI BUGS
Out of nowhere when I watch full screen videos the taskbar/notification bar doesn't disappear now. Fix your broken app.,CRASHES
Missing links Noticed that feral child is not listed in the class archetypes however when searched specifically is immediately there to be found. makes me wonder what else is missing its link. Otherwise this app is perfect.,CRASHES
Voice not audible We are able to hear the frequencial music but No Voice. Would be better if we can hear the voice too.,FEATURE & UI BUGS
sleep to deadth this was good but not anymore after ICS. I use this for the purpose for sleep hours. I don't want to hear email notifications but I will to hear ringtones.. This doens't work since ICS  then JB  KK... I am looking for alternative now... I remember people said other app can do this...,FEATURE & UI BUGS
Crash when set a demodulation! :(,CRASHES
Cool one Hai  very well done app. Can you people please add service tax and monthly bill option ? So that we can get exact monthly bill in our pocket.... thanks to team,FEATURE & UI BUGS
Great  but... please add the option to receive notifications 1 minute or as soon as I receive them and the subreddits take a while to load. Thank you :),FEATURE & UI BUGS
OMG you saved Blackberry OS!. We just lost facebook integration with the hub as Facebook will not give Blackberry the API's! This is the next best thing  tremendous! Bring this to Blackberry world now and win the race easily it you know how to write in cascades! Gold mine for you and win for us as well  thanks DEV!... BTW: can you remove the naggy install messenger button when going to the messenger part? Ten star application! #TeamBlackberry,FEATURE & UI BUGS
Need a 4x1 or 5x1 widget Screen real estate is precious. Would love to see a thinner widget!,FEATURE & UI BUGS
Best Chat App Please add Proxy Feature and Image Edit like rotate. Thanks,FEATURE & UI BUGS
Wish MMS was Fully Functional Absolutely love the look and design of the app. Unfortunately I was unable to receive or send picture messages at this time on my Note 5 for TMobile.,CRASHES
Please release new version Save your power button  no need to press power button or volume keys to wake device. Must have app. With frequent updates,FEATURE & UI BUGS
"Downloaded videos don't play Downloaded a bunch of videos before leaving the house  only a few videos can be played offline. Tapping the """"""""downloads"""""""" option in the menu crashes the app every time. Since I can't view the videos offline  I have no use for this app. Otherwise nicely designed interface. Overall  I prefer the actual site.",CRASHES
Flyme Not working on flyme android with nova launcher. Doesnt appear,CRASHES
Awesome app. Very stylish. Would be better if it had security options,FEATURE & UI BUGS
Fantastic storage analyser 3.5.3 fixed a minor crash bug  happy again. Thanks to developer for quick response.,CRASHES
Efficient and straight to the point Perfect for people who love clean design and hate cluttered notifications. Would be better if there was a password  option to use a photo as background  and option to open more apps (instead of just dialer and camera) when swiping from the corners. And I wish the clock didn't go away when a widget is used. Looking forward to more features and updates!,FEATURE & UI BUGS
crashing?!?! After I send about 3 or 4 snaps or I watch a snapchat story... the app freezes and crashes... sometimes causing my entire phone to crash... this has only started happening after the last few updates but i really would like this bug to get fixed,CRASHES
" Nice Could you please add an option to list time & event on a single line as in \\""10pm My Event""""""""""",FEATURE & UI BUGS
Simple app to track budgets I really like this app because it looks good and is just simple to use. It would be nice if envelopes could be set to automatically refill based on the month. And in case anyone is wondering  to delete an envelope just swipe left. That wasnt immediately clear.,FEATURE & UI BUGS
Whatsapp Please add whatsapp support n i'll give 5 star,FEATURE & UI BUGS
Works very well On Nexus 7 & Moto X both on Android 4.4.4 (ART) works great. One problem is when I come across apps that stupidly put menu items on the app shelf at bottom of screen  the immersive nature of the capacitive buttons in lucid browser makes it difficult to select these items.,FEATURE & UI BUGS
Broken. Keep getting wrong code. Have this app on my android phone  but want to switch to this app on my Samsung Note 8. Went to account on PC  clicked change setting and got barcode. Typed in verify code from app on my Note 8 after it scanned code from PC  but keeps getting wrong code error! Fix this before my android phone completely dies  as it has the only authenticator that works and I need to switch devices now!,CRASHES
Nice Work bud! Just fix the battery issues and maybe add more fonts  clock interface and customizations  then you'll get 5 stars. I didn't have to think twice to help you with the developement so please hear me out brother! All the best! Cheers!,FEATURE & UI BUGS
Used to be great Now it crashes every time I got the search button.,CRASHES
Lil problem over here? I can't open videos on DM's.. I just tap to open them and the screen just goes white. I've tried closing and re-opening the app and it doesn't work. Help ;-;,CRASHES
While it DOES backup well to a gmail account.... It does NOT restore correctly. Changed to a new phone (same model as old phone)  and restored. It went through the motions of having restored all my messages (3114 of them) - yet only 2 messages show up when I open my texting app. Would LOVE to have a working product.,CRASHES
Doesn't work at all. Worked fine on my Galaxy s4. Doesn't work at all on my new Note 5. Widget won't stick. Drag the widget where you want it  options screen comes up. Set options  close and the widget disappears.,CRASHES
Works well This app works really well. My only wish is that it would flag the podcasts I've listened to so I can hide them from view.,FEATURE & UI BUGS
Good but needs an option to change colors. I cant see the tiny red line on the black background. Lines need to be thicker and more defined so they can be seen. And wherr is the HRM sensor from the Samsung Phones?,FEATURE & UI BUGS
Fixed my issue! I could see everything on my sdcard but hook it up to a computer and my nandroid backup files were missing. Eventually theyd show up but they take up a lot of space & I want to transfer them asap. Ran the app once & boom... I see the files. Thanks!,CRASHES
Almost perfect... Bottom corners don't work on phones without hardware buttons  like LG G2 and G3. I know this may not be easy to do though. Would be nice if it can be colored to match a colored navbar.,CRASHES
Doesn't work No dice on a Nexus 4. No errors; just won't add the widget. No apparent tech support site.,CRASHES
"Mobile data network App is good overall but my mobile data network keeps switching on and off even if i unticked the """"""""turn on automatic data"""""""" and still have alot of bugs. Hope an update could be rolled out soon",CRASHES
Great ....keyboard Please add show upper case letters next update.i recommended to all friends. It have lot of customization.,FEATURE & UI BUGS
Amazing!!! Please add screen lock feature and home blocking option.,FEATURE & UI BUGS
Epic!!! I have a suggestion though! Please add a beast tamer class! Or a pet class that lets you summon creatures to help you fight and could also give stats boosts too.,FEATURE & UI BUGS
Saves time The real FB app is bulky . This wrapper is good. It would be good of you add features to upload old multiple photos to an album,FEATURE & UI BUGS
One bug... Pls fix it When I double tap on SOME of my wallpapers from Backdrops app.... They tend to get that black strip on the bottom which appears in the preview of the wallpapers on the Muzei app.... Pls fix this asap,CRASHES
Not working after update Worked flawless until update now I cannot get voice working at all. How do I fix this?,CRASHES
Request Please add option for selecting a directory as pictures. Selecting them all one by one is boring.,FEATURE & UI BUGS
It works but the interface needs some polish,FEATURE & UI BUGS
The filters won't work. They won't show. I need help. I installed it for the fourth time and I still have the same problem . The snapchat filter doesn't show. I tried double tapping and long press but it just won't show. I have samsung galaxy V. Is it my phone ? Or what????,CRASHES
Nice display Good app. But please add an pattern or pin lock !,FEATURE & UI BUGS
Vision altering Starting to realize what I like looking at. Can you add a favorite option  so I can go back and see my favorite wallpapers and paintings?,FEATURE & UI BUGS
Fix setting button I cant setting my widget when i disable clock on widget,CRASHES
Its the worst wallpaper ever! When i tried to set the paper  my background home screen just went white then black. Dont install this app! Please fix this then i'll give it a five star rate!,CRASHES
Very good initiative But it still needs improvement.,FEATURE & UI BUGS
Ehh It would be better if I could do it without headphones. It's not practical if I'm the only person who can hear it,FEATURE & UI BUGS
Does its job well. Overall  a good app  but would be better with the option to use trip miles instead of odometer.,FEATURE & UI BUGS
double tap to focus doesn't work On my Galaxy s6,CRASHES
Voice call missing Please add Voice call feature,FEATURE & UI BUGS
Really good. I'm missing the option to rearrange codes. On Android Wear it's annoying to swipe left many times to reach my most frequently used codes. UPDATE: Thank you Google. You guys rock!,FEATURE & UI BUGS
Awesome app wonderful except when I bought the app yesterday I could send voice text when I went to messaging and today I can't I'm trying to fix it will give 5 stars when I can voice text again my voice indicator is not showing up anymore can you help??,CRASHES
Doesn't work Using s galaxy note 4.phone on charge and widget is not picking up the charger,CRASHES
Screen timeout bug Screen timeout with headphones doesn't work ( does not sleep). Please fix,CRASHES
Awesome App! The only improvement I would like to see is support for the fingerprint API for signing stuff !,FEATURE & UI BUGS
Awesome app wonderful except when I bought the app yesterday I could send voice text when I went to messaging and today I can't I'm trying to fix it will give 5 stars when I can voice text again my voice indicator is not showing up anymore can you help??,CRASHES
Can't find any pictures. The app was completely unable to find any of the 700+ images on my SD card.,CRASHES
The qrcode scanner reverses the screen The qrcode scanner reverses the screen so that it is hard to scan the qrcode.,CRASHES
Horizontal bubble seem not work after calibrated The bubble stay on left hand side.phone is samsung note 2,CRASHES
Perfect Kodi companion This remote is exactly what I was waiting for. Wish it had a touch screen function for a cursor.,FEATURE & UI BUGS
Doesn't work My snaps won't show up and also other ppl snaps. Also  my sc emojis won't show up in the snap and it the snap wont send even when I have strong Wifi signal smh hasn't started acting up till the last update so please fix this!,CRASHES
Needed  but constantly crashing in background On my new google pixel OS7.1.1  this app is constantly crashing in background and showing a pop-up asking if I want to force quit it. Usually crashing when I wake up phone. Pop-up will display multiple times while typing. For a required app  I expect it to work  and it doesnt appear to be updated often so I don't know when its crash will be fixed.,CRASHES
Best one but screen flickers. works fine... but if the display turns on when i have a balance msg or any popup msgs in background  the ac display lock screen starts to flicker like it has gone mad. thats the only issue with this app. I have been waiting for a fix for so long but devs are so reluctant about this issue. so i m giving only 3 stars. And add support for Music match player,FEATURE & UI BUGS
Nice app Please add support for multi window in this app for note 4,FEATURE & UI BUGS
Poorly written articles  factual errors. I downloaded the simple version and was disappointed to find that most of the articles were written from a Christian rather than scientific point of view  often blatantly excluding fact. The articles were poorly written  which makes it seem like they were some sort of religious high school project. I had hoped to download the full version to see if it contained different articles  but the links appear to be broken  at least from my Nexus 6P.,CRASHES
" Doesn't work at all Tried on moto x and moto Xprt and Samsung note 8. Nothing shows up by default. Manually brings up the notification but it reads \\""""""""""no data - no data - no data - no data"""""""""""""""".""",CRASHES
Great app although some icons do not conform to material design,FEATURE & UI BUGS
"Clear  simple  mostly intuitive I really like the simplicity. Popular apps like Podcast Addict and Podcast Republic display often useless information  like """"""""last time podcast was checked for updates"""""""". All podcast apps always check for updates when you run them  so that's just clutter. It feel like I have to go 5 menus deep to do basic tasks with the others  and 3 menus is a """"""""bad"""""""" as it gets with antenna pod. The one place I would offer criticism however: searching for podcast should be default  with an option to use the other methods.",FEATURE & UI BUGS
Fantastic app It is a really helpful tool to have for any monster hunter  but it could have a couple of fixes. For some reason the habitat function doesn't work and some items don't have their crafting ingredients listed and occasionally pages are completely blank  but is otherwise flawless.,CRASHES
I really liked it Issue 20/12/16  in discovery  when I find a channel and click on it. Doesn't open. Only subscribing and then going to subscribed is allowing me to view the info of that channel. Other than that  I'm using your app. It's very good. Like it man,CRASHES
Clipboard option isnt in Share menu for images in google,CRASHES
Thank you Was disappointed when I upgraded my phone to find out Facebook no longer auto synced. This app works well. just wish it could pull in phone numbers as well. Lost quite a few in the transfer.,FEATURE & UI BUGS
UNINSTALLING BREAKS PHONE AND ADDRESS BOOK After syncing then uninstalling my contacts and phone app no longer works. They crash immediately after opening. The only way to get them to work again is to reinstall the app. Stop whatever you're working on and fix this bug now.,CRASHES
There is No alternate flash method listed anywhere in the settings!!,CRASHES
"Doesn't set up correctly When I tried to set it up  It won't agree to """"""""""""""""read phone state"""""""""""""""". When I click on """"""""""""""""allow now"""""""""""""""" it brings up a screen to choose to allow the app to make and manage phone calls  I allow and then it brings up that a screen overlay is detected and asks if I want to """"""""""""""""open settings"""""""""""""""" to change it. I then go in and make sure that the button is on for the app. Please fix or help me out if I'm doing something wrong.",CRASHES
Please add a revert function. Almost all of my contacts look the same. Too much green and yellow : (,FEATURE & UI BUGS
Needs more icons,FEATURE & UI BUGS
Screen Rotation bug Screen always remains in landscape mode. No change if I make any change in rotation on my Samsung device,FEATURE & UI BUGS
Still bugged Just like anybody else said  game start at level 5 layout with only rats in it,CRASHES
No pics... Not able to post pics that gets very annoying. Like how it doesn't use nearly as much data as fb app. Fix pic glitch and I'll update review.,FEATURE & UI BUGS
Please add a password or pin option please  otherwise great work!,FEATURE & UI BUGS
The Best.... its the best......But very poor gesture recognition.. plzzz fix it...,CRASHES
It's a great app  the only problem with it is when you're chatting with some one  some of your conversations won't show up. For it's next up grade they should alter that problem. But other than that  it's a great app. _Û,CRASHES
Awesome app Five star Rating is not enough for this app Telegram app deserve 7 STAR rating or more very good app with lot of outstanding features. Please add this feature also  we copy and paste photos to the message platform. at present we are not paste photos from another sides to Telegram please add this feature. This feature is present at evernote.,FEATURE & UI BUGS
it's ok. not comparable with dropbox/onedrive it's good I have 2.5TB personal cloud. but I have purchased it wanting to sync my camera roll photos  it only works when you are using WIFI. in fact  photos that were taken when you are not connected to the WIFI will not sync.,CRASHES
Never closes when you click exit. Just pops up again. Buggiest piece of software I have installed.,CRASHES
multitasking not working hope too see the Freeform window support on android 6.0.1,CRASHES
Well....? As someone else has said.... cant get past preferences screen. Removing immediately.,CRASHES
Doesn't display anything I downloaded this widget so that I could have an easy way to see what I have scheduled for the day without having to get into my calendar. The only thing that displays is the icon to change the settings. Disappointed.,CRASHES
Great app A very solid app. Crashes every once in a while but the interface is great and it's super easy to find my favorite shows (onpoint with Tom). Love the hourly news updates.,CRASHES
It's ok There is only one problem  it doesn't show the wallpaper on my lock screen,CRASHES
Neef a help I have a moto g Aftet syncing it did show that some contacys wer synced But i still cant see dem on my contact s list,CRASHES
"Buggy! Photos and videos look sooo bad on Android! Voice changer Lenses aren't changing the voice for me anymore  & the swipe for camera filters aren't showing up anymore. Videos are super blurry now. Camera has a hard time focusing when I open the app. It sometimes makes the screen really dark when trying to take a photo  & even makes the photo look brown. Deletes or opens my messages. I'll get a notification that I have a new message & when I swipe to my inbox it says """"""""""""""""opened"""""""""""""""" even though I never did. Please give us """"""""""""""""Night Mode""""""""""""""""! Verizon LG G5",CRASHES
Amazing high res walls Please add a feature to randomize wallpapers on lock screen too,FEATURE & UI BUGS
Not working in background Application does not backup messages untill I open it and do sync manually.,CRASHES
Amazing! It has bugs and the instalation process is quite annoying but when it works  works amazing! Great work so far  please add a widget for individual games so you doesn't have to open the emulator and choose the game. Using the app from a galaxy s4 mini,FEATURE & UI BUGS
Good app  but.. I like the app and I like the games  but I wish the games wouldn't show errors while still playing them. It makes it too easy  because you know you are doing something wrong when you are still trying to solve the puzzles. If that is fixed I will give it 5 stars,FEATURE & UI BUGS
Not working Clicking on the clock doesn't take me to the system clock ! Please fix ASAP! I have a gs5,CRASHES
Horrible App Please do not download this app. I have downloaded it and my phone refuses to work. I cant slide and cannot cannot uninstall either. Request someone to tell me how to uninstall this app as it refuses to allow me to go to the settings to uninstall. PLZ HELP.,CRASHES
Hate this new GUI Why you think to change the theme it really look like kids graphics old theme is much better than this one...Why don't you try some light theme that look cool...,FEATURE & UI BUGS
Fix spotify please it's not loading Update this app again it's gone slow and it keeps telling me that I have no Internet connection. Also songs that I have in my play list are saying not available when I click on them even though they are in my play list fix this problem please,CRASHES
Not working in background Application does not backup messages untill I open it and do sync manually.,CRASHES
Doesn't work It does not even show up in my list of widgets. No way to see the battery stats without it. My phone is Xiaomi Redmi Note 4g,CRASHES
Only 2 accounts? SRTP missing... interface from last century,FEATURE & UI BUGS
Please add some sort of security feature because it doesn't look good with other lock screens for me,FEATURE & UI BUGS
The Barcode scanner won't work As soon as i click on the Barcode scanner  the app crashes and opens a random app on my phone. I want to use the code but it's so inconvenient typing that long code. When that little crash issue gets fixed I will give the 5 stars it had.,CRASHES
Love it but I'd prefer if you add some security options please :) Please add the lock with pin and pattern option! And also the option to customize wallpaper :),FEATURE & UI BUGS
Pin code Add security! Looks very weird with the native pin code,FEATURE & UI BUGS
Nice app Theres a problem showing all the contacts. Most of my contacts dont show up. Its nice though.,CRASHES
Best lockscreen ever. Please add secure screen options..,FEATURE & UI BUGS
Can't find anything on SD card Plus  crashes often when I start searching. Other than that  still the best. Edit: found a workaround  navigate to mp3 with ES Explorer (or other file viewer) and open with Ringdroid.,CRASHES
E-Mail view terrible. Like a Link inside E-Mail font size for ants.,FEATURE & UI BUGS
Please add speed adjustment feature in it,FEATURE & UI BUGS
Nice app. Pls show full maps incl northen states in composit  heat and wind,FEATURE & UI BUGS
Super Handy Easier to carry than 100s of pounds of books. However your latest update has an error. Many of the spells known charts for Occult classes are wrong. They are listed with 4 1st and 2 2nd level spells at first level. You forgot 0 level spells and it throws off the whole chart.,CRASHES
"Good Couple of things I'd like to see. Better support for the """"""""top"""""""" command  so that it will accept keys entered. Also easier shortcuts  like the ones where you can tap and add ctrl key amd then hit the letter you need  for example. See Juice SSH.",FEATURE & UI BUGS
I can't upload pics Ever since this new update I cannot upload any pics to my new posts. I try via WiFi and with my use of 4G but still nothing. I'm using a samsung galaxy s7. I choose a pic but never finishes to upload. Can I get some help please.,CRASHES
Good but need improvements Transitions are still not quite smooth  and the app stops sometimes  only to return later all of the sudden! Very weird. I also had two running at the same time  with terrible audio conseqiences. Sound keeps jumping up and down ... Too many bugs,FEATURE & UI BUGS
Problem with replies Replies fail. Sometimes reply buttons are missing. Reports sent  no fix for ages. Its important functionality. You guys need to fix it already.,CRASHES
Sectional won't zoom The only way the sectional will show is if I'm zoomed out to see the whole state which doesn't help me at all. For me it was less than useless.,CRASHES
Need Improvement Great in syncronize. Stable. Nothing to worry about. But  please add ability to insert objects  map coordinates for example. And also put undo in edititing notes mode.,FEATURE & UI BUGS
Disappointing A little buggy  a little slow  imperfect web renderng. I'm looking for an alternate to AOSP or the stock android browser which is bloat free and quick but has no ad blocker. Promising browser but needs improvement.,FEATURE & UI BUGS
LOVE IT I like using this app ... but there's a little problem when the screen is off it doesn't work hope u guys fix it it would be better _ï¿½ï¿½ï¿½,CRASHES
Works O.K. for playing music but... The audio works fine and u can listen to the music from the phone on my Samsung smart TV however you cannot see it because the screen is totally green. Fix this and five stars,CRASHES
Fantastic Best mh4u database ever. But armor builder function is still bugged when I adding new set it doesn't show up,CRASHES
"useless for browsing files the filename is truncated no matter the screen orientation  even on a tablet  when browsing files. there is no way to change from """"""""content"""""""" view where items are in rectangles to a normal list view so you can read what's there.",CRASHES
"Beautiful app but I've noticed a small bug on my nexsus 7 (2012) running Android Lollipop 5.0.2 and using the Google Now Launcher. In portrait mode the blur effect works perfectly but when I tilt my device in landscape mode it """"""""deactivates"""""""". I hope you developers can fix the issue soon. Apart from this great job guys  I love the new update!",CRASHES
Best app for art lovers Can u also please add indian exotic art??,FEATURE & UI BUGS
love the concept. But fix this double tap doesnt work on samsung galaxy S6....Until then ill have to keep the blur down to zero.,CRASHES
Waste of time It couldn't find one friend but it was quick to show you multiple ads on closing this POS!,CRASHES
Just one thing  swipe doesn't work? Other than that it is awesome,CRASHES
Was OK Haven't used this for a while due to dates in calc not displaying correctly and limitations to document size. Edit was a bit of a disaster as it reformatted my document. Have tried again but am now going to uninstall. Not sure if the problem is with newer Libre Office or this app.,CRASHES
Awesome  except the icon Can you please change the icon with a new  more material design related one? This one isn't as great as the rest of the app.,FEATURE & UI BUGS
Just perfect Just what I was looking for!!! Cant even think of any features it really needs. It has EVERYTHING. Superb app any family game player needs,FEATURE & UI BUGS
Please Add smooth brightness adjustments,FEATURE & UI BUGS
Filters not working :( When trying to use the filters and holding the screen showing your face nothing shows up :(,CRASHES
Good Great app but Double tap to remove Blur doesn't work on my Galaxy A8 Touchwiz,CRASHES
It used to be decent but now... The double tap just unblur just wont work on Samsung Galaxy Note 2. But overall it's a nice touch on the updated material design UI. Please fix this issue ASAP.,CRASHES
Fantastic app. One little request My only wish is engine time limit in lightbulb mode to save battery. To me 2-3 seconds is usually enough  anything more is a waste of power. I constantly have to switch analysis on/off which is annoying esp. that it also removes the arrows and the engine output. An analysis time limit setting and a button at the bottom telling the engine to continue (if the user wants more depth in some positions) would solve this. Every Android chess app should have this feature as they run on phones with limited battery.,FEATURE & UI BUGS
Best looking music player Awesome interface just need to fix some bugs  and please include play by folder option.,FEATURE & UI BUGS
Icon color Please randomize icon colors when random theme is activated,FEATURE & UI BUGS
Control and Escape I have these keys on an external keyboard. Can I please use them  rather than having to press the screen?,FEATURE & UI BUGS
Bring back dimming soft buttons,FEATURE & UI BUGS
Sometimes after closing the app  The book will disappear and I have to search for the book and the page where I read last time to continue my reading. I hope that you guys could did fix this bug.,CRASHES
Please add Google reminder showing.,FEATURE & UI BUGS
"CRASHES WITH CHROME CRASHING WHEN USED WITH CHROME  should be able to relaunch when crashed and please add """"""""""""""""blue-grey"""""""""""""""" and AMOLED black material theme.",FEATURE & UI BUGS
good but had a couple of faults if you are picky about accessories works great  but would be better when trying to limit speech to headphones if it didn't detect anything Bluetooth as a headphone(including smartwatches and keyboards),FEATURE & UI BUGS
Doesn't work I'm writing to tell you the new version doesn't work eather. Click open nothing but a white blank screen. The widget all it says is widget loading. Has really done anything.,CRASHES
No Data? There's 'No Data' on capacity.. So i cant see my MAh,CRASHES
Sort of useful  but not really useful I like it because it's open source. But it doesn't have cursor keys which makes this tool only marginally useful and cumbersome to use  especially if you use text editors. It could evolve  but I don't think the developers actually use this tool.,FEATURE & UI BUGS
Good but ... It's the best Dreamcast emulator  but it would be better if you could make an update that allowed you to be able to insert codebreaker codes. PLZ MAKE AN UPDATE THAT WILL ALLOW YOU TO INSERT CODEBREAKER CODES!!!!!!!!! PLZ! Also Can You PLZ Fix Sonic Adventure 1 & 2?!?!?!?! and fix the left and right trigger?!?!?!,FEATURE & UI BUGS
Doesn't work This app doesn't work on Yu Yureka. It didn't show the current in mAh.....,CRASHES
It's good but no match to ambient display on cyanogenmod 13 Please ADD the gestures features from the ROM as the proximity sensor hand wave and detect unpocketing is much better and accurate than this,FEATURE & UI BUGS
Impressive features It has an awesome features  you should look at the settings panel and enable camera 2api to experience a new features. Now I'm using this app as default app for taking photos. I hope they will add more manual controls for aperture and shutter speed.,FEATURE & UI BUGS
Needs swipe up and down In Poweramp swiping up and down on the now playing screen takes you to the next folder or album... this player needs this functionality to be better than a ok app.... themes would be nice to for it to match my car dash. I used this app in mirror link for my car.,FEATURE & UI BUGS
Reliability and more backup features needed The whole cloud thing is really great. But this client still lacks reliability: the pics backup feature is really a killer one but when something goes wrong during sync  pics won't be backup at all. There must be a way afterwards to see which pics have not been uploaded & propose to do so again. This should also be available to any file (backup files you generate on your phone for instance). And yes i only use this app to backup my phone on my Owncloud. Keep on doing ?!,FEATURE & UI BUGS
Missing loads of apppss the built in torch app and the radio and also my piano please add them,FEATURE & UI BUGS
Great calculator  May be the best ... I was looking for a simple calculator which let me write the math. exps. Same as paper & tried many calculators . Fortunately found this and after installing.... Yeah  that's exactly what I was looking for ? . Just the widget ... It is useless  but can be ignored. ?,FEATURE & UI BUGS
Very good app Now arabic countries currency available in arabic only. Please add english aswell. Example QAR(English).,FEATURE & UI BUGS
Lil problem over here? I can't open videos on DM's.. I just tap to open them and the screen just goes white. I've tried closing and re-opening the app and it doesn't work. Help ;-;,CRASHES
Please add that ehen we pick up the phone the display opens. Very good.,FEATURE & UI BUGS
About Notification Notification not shows at glance when it comes. Consume more energy. Not run autometic after switch on my cell phone. And this app must be a calendars features to shows upcoming events which synchronise with google calendar. Overall it's a nice app.,CRASHES
"Watch later isn't working The app works fine but for sone odd reason  the Watch Later playlist doesn't work. The video plays but the section i can scroll like the Description  like bar Comments  Sub box and all that are replaced with a error promt that says """"""""""""""""there was an error"""""""""""""""" and a code (I don't remember the code). Also i can't use that blackish-gray drop box where i can select the next video in my """"""""""""""""Watch Later"""""""""""""""" Playlist. Lastely  i can't see the arrows that let me switch from one video to another. There are other issues. Plz fix.",CRASHES
Great app but I am having some problems when i post something it fails. it is not even showing me my current posts which I have posted from computer. no peer certificate error and by 3g it was uploaded.,CRASHES
Excellent Widget Galaxy S4 I installed the widget and it appears to be working. Shows 1900 mah which is close to the 2000 from my charger. Unplugged showing 460. Not sure if accurate as my phone is a Samsung. Is this still a problem? Suggestion: Have the current show positive and negative.,CRASHES
I'm not the most tech savvy person and I'd say it's overall easy to use. I just wish there were options to use Strong's dictionary for looking up Hebrew and Greek words (maybe there is and I just haven't found it yet? )Overall great product and I would definitely recommend it.,FEATURE & UI BUGS
Good to do app Please add option to change default settings (time  color  repeat  etc). I typically add tasks for the day in the morning but it won't appear on widget cuz it defaults to next day. Thx,FEATURE & UI BUGS
Great but  I want to plan my push-ups for 3 times a day and I dont see an option :/,FEATURE & UI BUGS
Won't let you select a whole folder you have to manually add each photo. So if you have a folder with a hundred folders you have to add them all manually. So this prohibits me from just adding files to a folder and the app be smart enough to add into rotation. Seems very limited.,FEATURE & UI BUGS
Very good app If you could add a description field for transfer transaction same as the one for the payment to make some notes for what you transfer the money for the other person. Thanks and hope to see it soon,FEATURE & UI BUGS
Samsung Galaxy S4 Not working. Just like someone pointed out. I only see 460mA. I must be missing something.,CRASHES
Hate it Leaves the screen blank,CRASHES
Not working  shows 0ma all the time,CRASHES
Interesting premise  however Touch screen very slow to respond. Never had this issue except in this app.,CRASHES
Excellent application  but will be better if you add feature to translate word and make profile for headset or phone with different setting.,FEATURE & UI BUGS
Great!! I love this app to keep in touch with my friends and seeing what they are up to but when I want to see stories all it does is go to a black screen and it never loads I haven't had this problem before please fix this bug,CRASHES
Great app. Great start  still a few bugs.,CRASHES
My filters dont work When i go on i tap and hold the screen but no filters pop up  please fix the bug.,CRASHES
Pls add support for intel x86......crashes so much,FEATURE & UI BUGS
Not good Takes me to the website to download data files  although will not select language at all. So I choose all languages  then sit there for over 10 minutes for a Web page to load anything... I'll keep it installed and try again tomorrow. Maybe there servers are being hit hard right now,CRASHES
When I click on a message the app crash!! :ï¿½ï¿½(,CRASHES
Text rarely displays correctly. Most of the time  the text in the article is scrambled when I select a news story. I'm using a T-mobile prism.,CRASHES
Does not work fully Would of givin it 5 stars but the double tap to see the photos does not work. Love the app just wish that would work. Would be so much better if I did not have to open the app to see it.,CRASHES
Nothing but bugs Takes forever for show listing to show up  and usually crashes before finished. When opened again and listing is available clicking on anything causes the app to crash again. At this point it's useless.,CRASHES
I need help This is a great emulator but I've been having some issues with it lately. I sees my bios and settings but it crashes back to the home screen when I load a game. Please fix,CRASHES
Superb ??????????. But it should overlap nav bar background.,FEATURE & UI BUGS
nice app work don't use battery change double tap action to dismiss AC display not lock screen  add options to show AC display after lock screen and timeout after 15 or 30 seconds add this feature but don't add bug!because app work 100% correctly.thanks.,FEATURE & UI BUGS
So so app that's as good as their mobile site. Its impossible to use the app to find older episodes of shows like fresh air. The mobile website won't even let you download shows. The biggest weakness of this app is that it won't take you to the website for the article where you might be able to access the links that don't show up in the app. This app is only useful for reading stuff that they push to it.,FEATURE & UI BUGS
Modern It looks modern and has a lot of nice features. Please add more customization options. It would be nice to have a dark theme and the ability to change the color of the chat bubble.,FEATURE & UI BUGS
Notification This app is so pretty..i really like it but the problem is that is not shown any notification if i have received in any apps ex: whatapp  facebook messenger emails...means any apps notification not showing when its on almond screen... thank you.,CRASHES
Okay  but buggy with photos Overall not a bad app  but I had multiple problems taking image notes (photos). Not all the photos I took were saved as image notes  most of the ones that were saved as image notes  were not saved in my gallery on my phone to download separately. And the geotagging on the photos only worked for about 5 percent of the images. The rest got pinned to the beginning of the track. With these issues  this app is simply not useable for me. (used on a Moto X 2013 running Android 4.4.4),CRASHES
Great app Please add screen rotation on/off. I frequently disable rotation at night and forget to turn it on in the morning. Thanks!,FEATURE & UI BUGS
ICON PACKS Please add support on icon packs. Just like in Nova.,FEATURE & UI BUGS
Not quite there yet To many crashes  constant problems playing videos and slow at times. Uninstalled now  will give it another go in a few months perhaps . I am concerned about privacy but the user experience isn't good enough to switch to DDG as it stands . Bummer.,CRASHES
Still has problems. Nexus 4. It never notifies me when both Mobile and WiFi connections are gone. The messages could be clearer. When I leave home and lose my wifi connection  the notification is that mobile data is now enabled I would love to see a desc of when not if is triggered. I just enabled preference to show alt icon when wifi is lost and several times it has changed to that icon and notified me wifi is lost even though it is not. Opening app puts back the correct 'connected' icon.,FEATURE & UI BUGS
Add support for fingerprint As tody all phones have fingerprint reader so add support to read fingerprint.,FEATURE & UI BUGS
Great! Functional. Beautiful Does what it's supposed to. But would like to be able to view tasks as well. Is there a plan to add this to the options? Would be perfect then!,FEATURE & UI BUGS
Good app which give a great view of the night sky. There was one small hiccup on my phone which was easily solved by disabling the sensors in the settings page. Now the map moves to show what I am looking at.,CRASHES
Waste trying it. It showed it will start by itself on next boot  but never started. Had it for 5 days.,CRASHES
Color scheme that works in map First  this is the gold standard for puzzle games. Lots to choose from and all with various levels of difficulty. But the big deal is map. I'm red green colorblind and never thought I could play a color-based game without some other help. With the new color scheme  I actually can! Minor point (not worth a star): I still can't use the dots without the letters. So it would be nice to either have larger dots or a way to keep the letter hint on in settings.,FEATURE & UI BUGS
Makes duplicate events This app ROCKED as a tranparent widget where I could see everything a month out. Now when I click on an event to edit it  it not only changes the details of the original one  it then duplicates it on my calendar as well. I really liked the app enough to try and figure a way around this  but there wasnt. I hate having to let this app go because it was a 5 star app but now it's only 2. Non-rooted Note 3,CRASHES
Improve the UI Please Why is there no screen lock button.? What is this 2005? Its a must for all video players. Also why is there no home button shortcut? Everytime i play many videos  to go back to home screen  i have to keep pressing the back button. Also please add a video tab feature in the app so that ww can switch between and play different videos simultaneously. Sometimes i wonder if google owns you.,FEATURE & UI BUGS
Great! Nice  exactly what I needed. Seems to be a bug in changing font-size  though. Doesn't take effect after going Back. Workaround is to restart via Recent screens.,CRASHES
"Won't load all audio episodes Scrolling the lists and clicking """"""""load more"""""""" just loads the same list again. I can't actually load any additional podcasts. Specifically planet money.",CRASHES
No malayalam When i try to somewhats meaning  there is no malayalam meaning  there is some other language shown..,FEATURE & UI BUGS
Too good game...!!! It surely tests your patience!!! Unable to defe?t computer...really needs your presence of mind!!! play it..thank you for this game.,FEATURE & UI BUGS
Waste of time Keep.on going back to the playstore screen,CRASHES
Love this app Long time user. A simple widget would be absolutely great! Then I can set up two to show different ports.,FEATURE & UI BUGS
One feature short! Please add a security feature  currently i would have to go through 2 lockscreens.,FEATURE & UI BUGS
Works great! Just the customization I needed for display brightness. Keeps my display at my preferred brightness at night  in the office  and in sunlight. No more messing with brightness! Android's built in auto brightness really needs advanced user options like this.,FEATURE & UI BUGS
The app is excelent but need a zoom that fit always the page width.,FEATURE & UI BUGS
Please fix It doesn't work on my hudl. It crashes before I can do anything on it,CRASHES
"Can't cut alarm off!!!!! Runs for a whole minute! Ignores how many times you hit the """"""""Dismiss"""""""" button  or how long you hold the """"""""Dismiss"""""""" button down! Hate this app! Useless if you cannot cut it off!!!",CRASHES
Good app which give a great view of the night sky. There was one small hiccup on my phone which was easily solved by disabling the sensors in the settings page. Now the map moves to show what I am looking at.,CRASHES
Can't find anything on SD card Plus  crashes often when I start searching. Other than that  still the best. Edit: found a workaround  navigate to mp3 with ES Explorer (or other file viewer) and open with Ringdroid.,CRASHES
Recent version does not scroll I've been using this app for a very long time. The recent version no longer scrolls to the bottom of the window  for example  when listing a long directory.,CRASHES
Notifications Show even when disabled,CRASHES
Needs Rework Please add Pattern and pin lock with the app.. and an option to set specific picture as background,FEATURE & UI BUGS
Interesting premise  however Touch screen very slow to respond. Never had this issue except in this app.,CRASHES
great simple app need design refresh and please add colour temperature control  it'd be great,FEATURE & UI BUGS
doesn't work HTC ONE user  it always shows like 597900mA  475700mA..,CRASHES
Bug fixes After scrolling through pictures the all crashes.,CRASHES
Didn't want to download it I sign in online  but every time I want to make a comment and sign in my Google account  it asks if I want to download it. There is no do not ask again button. Sometimes I click the wrong button and it downloads itself. I don't want it!,CRASHES
Not all functions available On Xperia Z3  I'm not able to move the notifications below the clock to have it detailled. The Gmail icon is also sometimes disappearing when i checked the persistent mode...,CRASHES
Almost perfect Use this app for years  paired with swype or hacker's keyboard for arrow & clipboard support  just like JuiceSSH. Please add arrow & clipboard buttons  so other keyboards can be used and I'll give 5 stars,FEATURE & UI BUGS
Problems with office365 Emails in office365 read or mark as read are listed as new at the next check.. This has been going on for a long time now. Is the app still maintained?,CRASHES
some mails dissapearing i checked my mail throuhh crome and i can see all my msgs but with this app  some mails are missing. pls fix,CRASHES
This app + Kingston Office ! View  open  edit  create  save any document either from Microsoft office formats and OpenOffice formats and PDFs also. Exactly what I was looking for - lightweight app for viewing and editing OpenDocuments. It takes 5 3 MB of storage - fantastic. I have downloaded AndrOpen Office before  it was big (cca 50MB) and it was no good for my phone (4'')  it didn't fit on screen and it wasn't well optimalized for android (interface almost like PC version and zooming was wierd),CRASHES
Highest customizability out there Extremely customizable  but the Boost UI is superior imo. I wish I could get the way Boost's compact mode looks with the functionality of Slide. Especially Boost's comment writing view.,FEATURE & UI BUGS
Please add the ability to change what part of the picture is showing! I cannot change it  and really need to. Thanks.,FEATURE & UI BUGS
Good app Good app overall  few glitches here like conversion color shift happens before i enter conversion but thats minor. Looking forward to future updates.,CRASHES
Didn't work on Galaxy s5 Only showed that it was charging or not with no detail about how much current.,CRASHES
Facing problem in Letv 1s It work fine for few weeks  but since last 2-3 days notification are not showing on lock screen  pls help me to resolve the problem as the app and concept is very good really help a lot  waiting for reply,CRASHES
Best locker app Best lockscreen app it's so smooth can you please add access to camera from the lockscreen,FEATURE & UI BUGS
Never seen some of these puzzles Great crossword app.....but I don't get half of the crossword puzzles that are shown on this page..... Never seen Boston Globe for instance. Give me more daily puzzles please!,CRASHES
Doesn't work on Nexus 5 Both Widgets disappear from the home screen after initial options are set.,CRASHES
Sucks Deleted all my pics instead of moving to sd.... Uninstall  ./..(-_-),CRASHES
Great but..... Please respond!!! I love this app but when i take it out of my pocket nothing shows up i suggest that it should wake with a double tap gesture,CRASHES
Improvement Please increase the time of notification display (sleep) to atleast 1 hour (current 25 sec),FEATURE & UI BUGS
Horrible button design The new design is just terrible to use since all the buttons look identical without carefully studying the screen.,FEATURE & UI BUGS
Still not as mature as other SMS apps My conversation list contains a lot of +61 numbers without names in QK. Every other app manages to figure out who these are but QK does not.,CRASHES
Was fantastic  current version needs help... I've been using this mail client for years  and it was phenomenal. However about 2 or 3 updates ago  it started crashing when opening certain messages or only displaying a tiny piece of the message  with the rest of the screen just a blank white space. More recent updates have changed and tweaked this problem  but they haven't managed to kill it yet  making the app very hard to use for productivity purposes. Back to webmail for me  and will give 5 stars once the app is stable again!!,CRASHES
Doesn't work Only would say 1mA,CRASHES
Major crash problem In the start runs smoothly but after 15-20 minutes the game freezes and goes to the main menu.Would give this 5 star if this bug is fixed.,CRASHES
Not working on Android 5 Just doesn't show up on the lock screen despite adding the extensions in DashClock,CRASHES
Use it alot I like it and it's easy to use and find pics  but it's a problem not being able to save a pic.,CRASHES
Glad to see the crashing on use of plot solved. Unfortunately the crashes still happen randomly.,CRASHES
Ehhh Its okay   fine   cool but SOOO not the REAL deal I have seen better,FEATURE & UI BUGS
Great for one game at a time An excellent interpreter  but I'm having the same issue as Cheshire Noir- on a TF201  the menu button does nothing  making it impossible to quit and load another game. In-game  everything works perfectly  and as a mobile Scapeghost emulator it's wonderful. But it would be nice if you could fix the problem  then it'll be a five star app easily.,CRASHES
Does not work Widget just brings up settings menu when added to page,CRASHES
Good  but When receiving mms  I get two picture for every mms  instead of one.,CRASHES
The best midi sheet It works perfectly beyond my imagination. If perhaps this needs improvement  I will want the save option to save as pdf,FEATURE & UI BUGS
Great material design interface  but very limited Doesn't recognize vitamins  supplements  etc. Doesn't support reminders for getting refills. I'll stick with MediSafe.,FEATURE & UI BUGS
Great game Need change on how to move the character  really hard though. Looking forward for some animations. Need to give different reward for different choices in game.,FEATURE & UI BUGS
"Mobile data network App is good overall but my mobile data network keeps switching on and off even if i unticked the """"""""turn on automatic data"""""""" and still have alot of bugs. Hope an update could be rolled out soon",CRASHES
Really nice! Only one thing missing: ability to add more connections if you need to control multiple MPD servers. Could you please add that?,FEATURE & UI BUGS
Sun is out at 1am It is showing the sun rising at 1 am.,CRASHES
Please add more features. I will give five stars if you add more features in this app,FEATURE & UI BUGS
Crash when set a demodulation! :(,CRASHES
It works well and I'm learning but doesn't seem to display the third tone in pinyin correctly. Also you should be able to scroll at the left and use the whiteboard on the right. This will make it easier to practice writing while checking notes.,CRASHES
Glad this exists. I've enjoyed it for a while now  but recently it has been crashing when I tap the messages icon.,CRASHES
Option to hide chats. I know you could delete them  but I don't want to remove the chat log for good measures. This is a big deal for people like me who wants privacy on their phone. Could you please add or at least explained why we can't have this feature? Thanks!,FEATURE & UI BUGS
Vector It's one of the few with vector map of metro stations. However it's missing firstly done details  like in London with changes required which it doesn't show/know. Also the vector isn't always as geographically good representation as the official maps. But there is potential.,CRASHES
Better if add more setting about view,FEATURE & UI BUGS
There are three things that I would love to see but it's okay if developer don't have time. 1. Please make the back button on the folder based tab exit the app if we have set the folder as default music folder instead of going back to directory. 2. I hope in folder based the music directory lists all folders as if they are playlist instead of going inside a folder where another folder exists. 3. Lastly it would be perfect if selecting a song enqueues all within the same folder. Thank you very much for this perfect app.,FEATURE & UI BUGS
"Does its job  but needs some work. 1) a """"""""save"""""""" button in addition to """"""""apply """""""" for editing profiles that you don't want to activate yet. 2) A roaming exclusion list  because data roaming charges in the EU are on the way out. Have a look at Xposed module """"""""Roaming Control"""""""" to see how to code such an exclusion feature.",FEATURE & UI BUGS
Fix spotify please it's not loading Update this app again it's gone slow and it keeps telling me that I have no Internet connection. Also songs that I have in my play list are saying not available when I click on them even though they are in my play list fix this problem please,CRASHES
Overall the app meets up to the expectations! A very simple yet effective UI along with agenda per day view is what makes this app unique. . please add the total time between the agendas on the widget day view. . . . An option of coloring the agendas would also been an added advantage for developers to reach the 5 stars.,FEATURE & UI BUGS
like and amazing app  but .. please add notification support  when used this app i cant see notification,FEATURE & UI BUGS
Please add the voice search service,FEATURE & UI BUGS
Bad All the songs I searched up were either the wrong song or nothing shows up,CRASHES
Please add a revert function. Almost all of my contacts look the same. Too much green and yellow : (,FEATURE & UI BUGS
contact pics If we dnt lyk we cannot remove pics at a tym ... we should go to contact nd removng ... woRST app ....,FEATURE & UI BUGS
Good Job Amazing application. The reason behind 4? is i would actually be happy if you add gps test to your list. But still very good app.,FEATURE & UI BUGS
Does not work Widget just brings up settings menu when added to page,CRASHES
Almost Perfect Replica I would say this app is a perfect replacement of Astrid expect for one small difference. In Astrid  the task due date is displayed in the widget. If this change was added  this app would be perfect!,FEATURE & UI BUGS
Great Should add more gestures to view the background unblurred since double tap locks the screen on some phones,FEATURE & UI BUGS
Superb! This app works incredibly well. My only wish is that it had a dark theme instead of white to conserve battery.. but that's not really a big deal.,FEATURE & UI BUGS
Best but add features I loved how I can use it as a lockscreen but you should add a password  wallpaper picker. TY :),FEATURE & UI BUGS
Samsung S5 Android 5.0 fails Always reads 0 App called Ampere (a widget) does work fyi.,CRASHES
Best But Has Bugs (Switching Profiles) I like this app very much. The only bug I found is the issue with profiles. When we switch profiles the settings gets mixed up. This is a bit embracing as we have to change settings every time to switch between profiles. Please fix this with an update.,CRASHES
Status Bar I Love It...Please Add An Option That It Can Appear Out When Notification Panel Is Turned In.,FEATURE & UI BUGS
Please add an option to disable notification area bars (i.e. make systray icons and bars as two separately configured things) - it's already overcrowded here. I'll give you 5 then.,FEATURE & UI BUGS
Nice App! I'm new to the app which is why only 3 stars (for now). Very nice initial impressions  will probably do some in app purchases. Would love to see some more customization to the widgets.,FEATURE & UI BUGS
Such a nice UI  and great functionality. Only suggestion would be to be able to view a command's output.,FEATURE & UI BUGS
Works ok  have a bug it seems  switching modes am to fm the sound disappears  if u restart the app  sound is back  until i change modes again. I9505 on kitkat. Other than that its a usefull app.,CRASHES
AWESOME But Please add some good design,FEATURE & UI BUGS
Lot of padding  white spaces and lot of wasted space in the last version (material design). This is very inefficient and adds a lot of scroll. Can you please reduce a bit and have a bit more information displayed on screen?,FEATURE & UI BUGS
Quite good app  would be nice to play from selected position tho. Deus Ex UMX files have multiple tracks inside them and I can only listen to that which is the first one :(,FEATURE & UI BUGS
Doesn't work Every time I move it to main screen. The app itself pops up. I touch home. And it removes the widget from my screen.,CRASHES
Best app but automatically stopped download when quit please add pause and resume option in notification bar like uc browser add a pin option in notification bar,FEATURE & UI BUGS
Not staying on home screen Trying to add the widget on my home screen. I own a sony xperia z ultra. I try placing the widget on my home screen  the options show up but when i press the home screen button the widget does not show up. Is my phone not compatible?,CRASHES
Can't get widget to display,CRASHES
Great calendar  needs tasks It's a great display for the calendar  but ignores the need to manage tasks,FEATURE & UI BUGS
Confusing UI The placing of some important places like history and profile is a bit confusing. I still prefer accessing them through a hamburger menu on the left pane.,FEATURE & UI BUGS
"Watch later isn't working The app works fine but for sone odd reason  the Watch Later playlist doesn't work. The video plays but the section i can scroll like the Description  like bar Comments  Sub box and all that are replaced with a error promt that says """"""""""""""""there was an error"""""""""""""""" and a code (I don't remember the code). Also i can't use that blackish-gray drop box where i can select the next video in my """"""""""""""""Watch Later"""""""""""""""" Playlist. Lastely  i can't see the arrows that let me switch from one video to another. There are other issues. Plz fix.",CRASHES
S6 doesn't display Hello I'm on the galaxy s6 and whenever it charges above 1000 ma I can't view it for the exact number it just changes to 0 ma. If you could please fix this. My old s4 showed it perfect and I love using this app,CRASHES
Background audio Did we really need the background audio?,FEATURE & UI BUGS
Awesome! The best app of its kind that I've found so far. One request tho..can we have an option toggle to exclude from the system message view.. msgs relating to this process; it is as if the program is in debug mode!,FEATURE & UI BUGS
Ehhh I thought it would be better quality and run smoother  5 stars if fixed  everything else is fine.,FEATURE & UI BUGS
Screen sleep time problem The only problem I have ran into is when I try and use the Screen off memo on my galaxy note 5 the screen goes to sleep while I'm writing the memo. It is really annoying.,CRASHES
Worst app I've ever used Have downloaded it 3 different times in hopes that it had improved. No such luck. Very clunky. Does not rotate well with the phone's orientation. And most maddeningly it freezes my phone to where I have to take the battery out to reset. Don't waste your time.,CRASHES
"Ehh Having Issues Lately it's not keeping me signed in. I check the box for """"""""stay signed in"""""""" but it constantly has me log back in. Also when editing my menus from the app while on my phone  as soon as I try to drag a page to reorder the menu it automatically scrolls all the way down making it impossible. Please fix these issues and thanks.",CRASHES
MMS Issue I want to like the app  for a while I had primarily used this as my SMS application  however I have too many issues with MMS(picture and group messaging). Pictures will randomly not show up that have already been sent or received  scrolling up and down may make them show up again. The biggest issue is with group messaging. The app does not always show which person sent the message and you have to check details of individual message to see the number. Had these issues on 2 different phones.,CRASHES
I love the new function  however it appears there may be a bug now. Flipboard and chrome both freeze when I save an article and I'm forced to home button out. Update - freeze issue fixed in new version,CRASHES
It's broken No longer displays images or even the top icon bar. Maybe due to the change in the Facebook API. Tried emailing The dev twice  no response...,CRASHES
Pretty clean I like the app  it works well. I find that if I lock my phone then turn it back on right away it defaults to the standard lock screen for a second then clicked into AcDisplay. Besides that it works really well. Good job,CRASHES
Doesn't work It won't accept my user name and password for last.fm. The website accepts it. Not this app. Too bad. 10.27.16 edit: now also scrobbles seldomly  and chooses what at random. I'd like a response from the developer to help me. I play music using Pulsar plus... I reinstalled and now when I try logging in to last.fm and hit authenticate nothing happens.,CRASHES
Program doesn't work Nothing but errors. Could use a tutorial.,CRASHES
"Amazin simple and intuitive Simple and super intuitive design! Helped me spot all memory heavy files in 15 seconds. The app is not intrusive and does not require any other permissions apart from accessing memory. I usually don't leave reviews  but the author definitely deserves 5 stars! One advice to improve the app is to add """"""""open"""""""" functionality directly to the block of file eliminating the need to click on """"""""show"""""""" button",FEATURE & UI BUGS
"Always force stop My device is Lenovo a850. But when I tap """"""""install and setting"""""""" button  it force close. Please fix this.",CRASHES
Nice but The UI is nice. And you can switch between internal and external storages so fast an easily and app works so fast with no lag . and so many other good specs. But I couldn't open rar files with this app and I couldn't send installed apps apk files. if you add these . it would be so great.,FEATURE & UI BUGS
Looks nice but... ... scrolling through the messages list seems a bit laggy on my OPO. I managed to fix my MMS issues  though. Still there's a few things that need to be polished for it to be usable on a day-to-day basis.,CRASHES
Love it I love this application  makes it easy to backup and restore SMS  I would love an interface overhaul  however  you never really look at it  just once for backup set up and then when restoring,FEATURE & UI BUGS
Awesome app!! But needs a lil tweak for nexus 6 devices I love this. But I am having an issue when trying to edit the touch screen buttons. Every time I try to launch the editor the app just closes. I don't get a error message or anything it just closes. Can you please help? Thanks.,CRASHES
Please add user name font bold or allow to change,FEATURE & UI BUGS
Very good app A few things for next version: description and lists dont show up in mac Reminders app  sometimes crashes when I'm trying to select a date  need to be able to edit and add lists  need resizable widget. you can even add it to a paid version ),CRASHES
Nice App Simplest anagram solver without unnecessary complexities. Exactly what I need! A suggestion: please incorporate a feature that allows user to add new words to the list.,FEATURE & UI BUGS
Excellent  free. Install it now Thank you for the dark theme! Wishlist: 1) Colornote-like gmail sync 2) shortest/resolution adaptable habit names column width in the list (lower-res devices get a lot of white space  a longer _ï¿½ï¿½check_Ñ history would be more useful/beautiful),FEATURE & UI BUGS
Works? The icon is so ugly... Something pixelated?,FEATURE & UI BUGS
Really good  but with one bug. This database has helped a lot with my hunting  and I'd give it five stars if not for one bug: In the Weapons section  it crashes and restarts when any Hunting Horn details are viewed  making that effectively impossible. Please fix this bug  thanks.,CRASHES
Doesn't work Only would say 1mA,CRASHES
Love this app But for some reason it doesn't want to scroll with the page on my Huawei Ascend P7 like it did on my P6? Please fix! It's been going in for a few months...,CRASHES
Loved the look of the app and it seems to have good functionality but it never worked right for me. I had a reminder set for 6am to repeat every day but it reminds me at a random time every day that is no where close to what I wanted.,CRASHES
Great app! It's really useful in keeping track of things  and the widget function is convenient. The only issue is that the reminders don't come on?,CRASHES
good but maybe disable the sound when taking photo & video?cuz its kinda annoying.thanks in advance _ï¿½É_ï¿½É,FEATURE & UI BUGS
Fantastic  but I actually like the new icon  but I do wish the notification icon itself matched the app icon shape  like other SMS apps (Google Messenger  Hangouts  Textra  etc.). If that was changed or at least given options  this would get 5 stars no questions asked. Well done otherwise!,FEATURE & UI BUGS
Nexus 7 doesn't work Doesn't work on nexus 7 2013 model. Tried several times  tried restart  tried on 2 different nexus 7s. Never shows up in widget list .,CRASHES
It used to be decent but now... The double tap just unblur just wont work on Samsung Galaxy Note 2. But overall it's a nice touch on the updated material design UI. Please fix this issue ASAP.,CRASHES
Light but great Add more features like background setting  more themes  etc  anyway it's cool,FEATURE & UI BUGS
A pleasure As it does everything the normal Facebook app does  not being able to upload pictures and video is heartbreaking.,FEATURE & UI BUGS
Can you pls ADD More sheets pls Hi can you please add F.Chopin Sonata in Bb Minor op.35 And. F.Schubert Sonata No.8 in F# Minor 1st-mov please and thank you I look forward for these songs please ??? needs more sheets ei Bach/Marcello II. Adagio in D Minor BWV 974,FEATURE & UI BUGS
Its the worst wallpaper ever! When i tried to set the paper  my background home screen just went white then black. Dont install this app! Please fix this then i'll give it a five star rate!,CRASHES
Please add pattern lock? I will be SO HAPPY if you add 3x3 pattern lock. Please consider it!!!!!!,FEATURE & UI BUGS
Stability  efficiency  simplicity  and endless working devs make this subsonic client the best in its class. -update Still the absolute best in its class  but PLEASE GIVE ME ENQUEUE BY DEFAULT OPTION! Thank you!,FEATURE & UI BUGS
Nice interface but lacks file open & save Better  lack while loading file and saving it,FEATURE & UI BUGS
Much needed alternative to the official FB spy app I wish it were easy to open URLs in Tinfoilhat  it would be immensely useful for signing up to connected web sites  comments pages etc,FEATURE & UI BUGS
It brings me straight to some screen to choose files? What's with that?,CRASHES
[Update] Well done. Except bug. Anything else? Clapping my paws. Things greatly changed in the past several upgrades. Features become handy  UI got a overhauled update. As I said before  if you have big.Little struct CPU  go and get this. However  under interactive mode  big cores freq table editing is not functioning. Hope there's gonna be a fix. For the UI  I don't get people why complaining about it. Till I checked their accts  and found out that low-end users with low range phones are having great issues. (Maybe old one looks more professional?) Cheers!,CRASHES
Only icon theme is missing Please add icon/theme in your next update. Please,FEATURE & UI BUGS
Tried again... scrapped Put a photo in from the album... told it left justification.. nothing happened  uninstalled,CRASHES
Please add controller support and TV support For nvidia shield tablet portable and TV need controller support,FEATURE & UI BUGS
Red line If you want a app that shows you a red line and some yellow dots then  this game is right for you,CRASHES
Very awesome app Just one little issue please add the automatically delete as received blocked message option or don't even show the message because of this I have to use textra n I dt like it,FEATURE & UI BUGS
"Great for Zombie Dice and Star Realms! Would you be ready to add some kind of customization option to keep track of non-linear points? Would need a way to add multiple always visible columns of user-entered numbers for each player and then a pointer to show which number each one is on currently. (Player stats for """"""""betrayal at house on the hill"""""""".)",FEATURE & UI BUGS
? When I touch CLEAR button in the notification bar it is disappearing itself....also please add date reminder not just time,FEATURE & UI BUGS
Floats over transparent nav bar On lollipop the bottom corners floats over transparent nav bar and it would be better to add color to blend material status bar,FEATURE & UI BUGS
Only Complaint I love the app  it's near purrfect. I just wish there was an enlarged area map that shows where gathering/fishing spots are,FEATURE & UI BUGS
Decent timer It does what it says... I just wish there was a tracker of some sort.,FEATURE & UI BUGS
Great browser Works great and I can use folders in the bookmarks  don't know of any other Android browser offering this. I just have two issues: 1.In tablet mode it's sometimes unresponsive  especially with multiple tabs (no problems in phone mode). 2. In phone mode it doesn't display the three dots and CM11 disables the menu key  so I can't get into settings...,CRASHES
Great messenger But please add a dark theme option!,FEATURE & UI BUGS
Hi there. I use MAL. Today  I opened the app to update my list but then the Manga List wouldn't show anything. I uninstalled and reinstalled the app. Still nothing. I synced it a couple of times too. Still blank. The only thing affected is my Manga List. The Anime List is working just fine. I have a very stable internet connection too. Could you please help me find the problem? Thanks so much. :),CRASHES
One more thing Please add security code so I didn't need to unlock my lock screen two times at the same time. Thanks,FEATURE & UI BUGS
Add support for lg G2 on Lollipop Not working on ls980 g2 lollipop ls980zvg by sprint,FEATURE & UI BUGS
Amazing this works I remember trying to emulate dc on a pc 4 years ago and it was garbage. Now it works on a tablet...wow. Not without it's faults  though. The selection of games is limited and the ones that do work have minor graphical glitches. Hope this is still a work in progress. Amazing work so far.,CRASHES
Truly amazing app. Love it! I love it!!!! The only thing that was a bummer -i'm sure it will be fixed- is the limited amount of artists in the music-artists list. I have quite some music and the artist list only goes up to the letter h. All artists beyond h are not displayed and can't be found by search. Looking forward to the fix!,FEATURE & UI BUGS
Good app except for... it doesn't respond to screen taps half the time on LG G2  making it difficult and annoying to navigate. Also is not downloading NYTimes puzzle  despite correct account info entry.,CRASHES
Waste of time It couldn't find one friend but it was quick to show you multiple ads on closing this POS!,CRASHES
Bullshit Icons don't even show up its a waste of time!,CRASHES
Every time I want to send a snap or a message I have to uninstall and then reinstall the app   otherwise it doesn't send or it crashes   fix this please,CRASHES
Great for one game at a time An excellent interpreter  but I'm having the same issue as Cheshire Noir- on a TF201  the menu button does nothing  making it impossible to quit and load another game. In-game  everything works perfectly  and as a mobile Scapeghost emulator it's wonderful. But it would be nice if you could fix the problem  then it'll be a five star app easily.,CRASHES
Pretty good This application is very well made and addictive having said that please add a couple of changes for example being able to resume the game from its last position  the widescreen mode has a few bugs like from both sides of a 16:9 ratio display it pixelates a bit which can be annoying but overall enjoy using this app:),FEATURE & UI BUGS
Sharing not ideal I have been using the app for years. It's great  but sharing is not done in a good way. I'd like an option to send a working list to someone with an app  rather than sending a text file which can't be edited of checked.,FEATURE & UI BUGS
Crashes  Gliches Please fix Dev. Crashes when clicking on settings. Only easy  1 player works,CRASHES
Awesome Now  if it would lend you a bit more tools like the ability of adding textures to read or write into  or use the home screen on rooted devices for creating cool animations; or maybe even have options to write geometry or vertex shaders. Anyway  one can only dream  overall it is a great app and I thank you for it. A certain elegance and a fine sense for details can definitely be seen from the start. One last thing thou  can there be an option to use Tab as a character and not a navigational key for those with physical keyboards? It is totally annoying  but there might be something I miss to see.,FEATURE & UI BUGS
Way to buggy and it's lacking features. When I click on an ap on the map  most of the times it won't go back to full map view or it will jump back at my location. Annoying as hell. Also  there isn't an option to configure my 2405a anywhere... Since you disable this feature from the web site  you must do something about it.,FEATURE & UI BUGS
double tap to focus doesn't work On my Galaxy s6,CRASHES
Where is an interface? Why it crushing at second launch?,CRASHES
crashing?!?! After I send about 3 or 4 snaps or I watch a snapchat story... the app freezes and crashes... sometimes causing my entire phone to crash... this has only started happening after the last few updates but i really would like this bug to get fixed,CRASHES
Constantly crashes on initial backlog fetching App constantly crashes(and says Reporting crashes) constantly on start up. Whenever i do manage to get through it works perfectly,CRASHES
Cool concept Won't close. Even when I kill the app it still runs in the background. It needs a [X] Close _ï¿½ï¿½__ï¿½ï¿½ï¿½button that ends all its processes  including background. _ï¿½__. I'd also like to see a mood enhancer and anxiety relief beat. _ï¿½ï¿½_,FEATURE & UI BUGS
Great but . . . Needs to include the Samba's Server function to allow me to share files from my mobile devices while sitting at my PC. The client works perfectly. Just watch out for software firewalls (i.e. Kaspersky  Norton  etc.) from blocking your connection to the PC. One the best tools I have on my devices  a side from the Google Drive plugin.,FEATURE & UI BUGS
it's ok. not comparable with dropbox/onedrive it's good I have 2.5TB personal cloud. but I have purchased it wanting to sync my camera roll photos  it only works when you are using WIFI. in fact  photos that were taken when you are not connected to the WIFI will not sync.,CRASHES
Yotophone back screen Cannot activate PDF files on back screen of yotaphone.,CRASHES
Some of the icons are really beautiful except... The designs are beautiful for the most part. However  in the new version  some of the apps that don't have designs look really bad compared to the other version. Because of this  I decided to switch to another icon pack.,FEATURE & UI BUGS
Needs FORCE HIDE ON HOME Option The HIDE ON KIT KAT HOME SCREEN option doesn't detect my custom launcher. It would be nice if I could force this behavior.,FEATURE & UI BUGS
It's great.. but It would be better if there would be an option to start the app on boot cuz once I reboot into my OS... it takes about a minute or 2 for ac display to start up again. otherwise... no issues _??_??__,FEATURE & UI BUGS
It is good  but... I only gave it three stars for the fact that I cannot add books to my library from this app. Or the fact that you cannot see other books in the same series. You can't even look at other books by the same author. Besides that  it is a good app to have for Smashwords.,FEATURE & UI BUGS
Wrong directions Its not showing exact Directions it's showing wrong on Moto G 3rd Gen (Marshmallow),CRASHES
Problems syncing Will not sync collections the last couple of days... However no app that uses BGG seems to be either. Dated interface but very useful.,CRASHES
Good app Nice app.. but need some improvement; please fix the notification buttons lights  it looks odd with notification button light being lit every time u touch the screen. And also the screenserver(alwayson) takes time to appear after screen is lock. Pls fix this.. and the notification icon too it doesnt go away..,CRASHES
Great search engine and browser! What happened with the stories? I click on them and they don't load.,CRASHES
Love it Please add security!,FEATURE & UI BUGS
No Local Language Please add some languange  and i give you 5 star,FEATURE & UI BUGS
"Works really really well and deserves 5 stars except for the poor volume control slider. It's just too small and I only manage to click it with about 20% accuracy; even on my 10.1"""""""" tablet! Otherwise  great app with all the functionality I'd ever require.",CRASHES
Font is too small! Please make the font much bigger! If it is so small I can't read it at a glance  and can barely read it when squinting  it isn't very useful to me. Uninstalled for an app that's similar  but only ~59K vs ~1100K  and uses a larger  readable font.,CRASHES
"Force Closes on Marshmallows When tapping """"""""All Activities"""""""" the progress bar will get to 70% then the app closes. Needs to be fixed. (for a 3 or 4 star rating.. The UI is weak as well).",CRASHES
I love it This app is pretty useful ! I use it everyday. It will be good to have possibility to sort completed animes by start or finish date. (Reply : but it's possible on our MAL list). Even when update dates automatically is disabled  the app often replace the dates with the current day  so we lose our data  please fix it ! It seems the app sometimes forget to send dates.,FEATURE & UI BUGS
VERY GOOD APP (Galaxy S5) I am using this app for long time. Thanks to the app maker at the 1st place. Please add feature of selecting all contacts and unselecting some. This is useful because we need to select and backup some banking smss' that do not contain a contact number. Thanks to the app developer.,FEATURE & UI BUGS
Perfect widget for next events  just lacks reminders This is the best widget for a vertical list of next events. I was looking for something exactly like this. Please add reminders  I'd pay for that! Oh  and I'd suggest changing the icon  it's quite ugly  haha  it doesn't match the actual design.,FEATURE & UI BUGS
Two issues with this app 1. No batch mode for creating tasks or subtasks 2. When creating a task in the My Tasks (aka all tasks) tab  I don't get the option to select a list that I already have created  to add the task too. Instead I have to create the list inside the new task and next thing I know I have two of the same lists. Or I have to make sure I'm not in the My Tasks tab and be in the tab that I want to add the task to. This is frustrating when I'm at work and in a hurry..,FEATURE & UI BUGS
Didn't want to download it I sign in online  but every time I want to make a comment and sign in my Google account  it asks if I want to download it. There is no do not ask again button. Sometimes I click the wrong button and it downloads itself. I don't want it!,CRASHES
Very good keyboard with very small size but the themes are not good as other keyboards have many good themes. Please add some good themes like go keyboard and flash keyboards have..,FEATURE & UI BUGS
Great search engine and browser! What happened with the stories? I click on them and they don't load.,CRASHES
Doesn't work on KitKat Doesn't work with Galaxy S5 KitKat 4.4.2. It will only state 1mA if charging and 0mA if not charging.,CRASHES
So much fun! Just love the simple interface and the fact that I can play versus my friends. Looking forward to updates where I would be able to play online against a remote opponent.,FEATURE & UI BUGS
So bad It barely recognizes a small fraction of the text  even clearly typed and upright and in English,CRASHES
Chinese index Great applications. Can we have the index page in Chinese when using the Chinese Bible?,FEATURE & UI BUGS
Bug on s6 It always been freeze when i scrolled it up on timeline and everypage i saw as well. Pls fix those bugs !!,CRASHES
I love this app but.. sometimes sms notification doesn't appear and when i reply through the pop up  my message doesn't send .. please fix it .. i really love this app .. i am using samsung galaxy j1 ?,CRASHES
Great app Its great app for listening to audio books. Please add speed listening feature.,FEATURE & UI BUGS
Fix Fix subtitle font  it doesn't have a contrast line. Also  sometimes downloaded movies or shows do not appear when offline,CRASHES
Great looking app. May you please add the ability to round the nav bar corners? That's all is missing from this great app.,FEATURE & UI BUGS
Practical Overall good design  only one annoying defect where words at end of tracks get cut short.,CRASHES
Excellent app! Use it for work and it has saved my life more than once when trying to remember if I had returned a phone call or sent a text message. My only issue is that since Marshmallow it seems that sometimes it will stop backing up automatically. When I check my calendar and don't see recent call logs  I have to open the app and backup manually to get it going again.,CRASHES
Can't tag anyone Love the app but I can't tag individual people to share posts. Can you make this available or am I doing something wrong? Does anybody ever answer these questions? Tried Tinfoil again on 2/ 24  only used about 10 minutes before uninstalling. Would love to be able to use this app but when I used Google Voice to type my message I couldn't use the X to delete anything if I made a mistake. Still can't share posts on friends pages. Don't know what the middle share button is for it didn't work.,FEATURE & UI BUGS
There doesn't seem to be a perfect web app maker This is one of the best I have found. I like how it always creates an icon and there are a lot of settings... However I wish it would let me use http addresses to make web apps as well. Its a pretty big inconvenience. Maybe I am misunderstanding the purpose of this app  I am not sure.,FEATURE & UI BUGS
LETS SEE IF I CAN SCAN LEGO MINIFIGURES I want LEGO minifigures,FEATURE & UI BUGS
Great writing interface  loses my drafts I think Wordpress has am excellent clean interface for writing (better than Google Docs or the native notes app). However  if I edit a draft while offline  or I have poor WiFi connection at the moment I click save  my file is lost. I can't even access the version before editing. This means that I can't really use this app (if I'm going to have to make backups in another writing app  I might as well just do it there).,CRASHES
Please Add !!! 1. Place a lock screen before entering the app as settings can be changed by anyone 2. Automatic file encryption 3. Please add moving of vault into sdcard !!! Good work !!! Please add more features as soon as possible.,FEATURE & UI BUGS
Can we please have the old theme back I don't want a dodgy background color for 'past' events or a completely different colour picker for choosing it from the rest of the app. I'd like just the one background color  thanks.,FEATURE & UI BUGS
Very good but... This is a very pleasing change on the look of my phone but on Android KitKat  when you open the notification bar  The rounded edges doesn't wear off  PLEASE add the feature to hide the top-left and right corners when opening the notification bar,FEATURE & UI BUGS
Hands down my most used apl After my home screen  this is the most used app I have. After having it I shudder to think how I could launch apps anyway else! 10 stars! Just wish there were more updates and more features  a la Linux Zeitgeist,FEATURE & UI BUGS
Not Bad......Could Be Better Thanks for picking up where Yahoo left off when they ditched all the loyal Astrid users ? After using Astrid for years  I have two suggestions/requests: 1 - Functional: add the facility to get a reminder (via a check box) an hour before the task deadline is due  without having to set a specific alarm (this has to be reset every time a deadline passes & you extend it). 2 - Aesthetic: add an option to be able to make the background more or less transparent  using a slider. Other than that  excellent ?,FEATURE & UI BUGS
No use for me Sorry Telugu language option was not seen in this application.. mine Huawei honor 4x,FEATURE & UI BUGS
Topics won't load Love the content  but lately the topics won't load. Top news usually works when reclicked.,CRASHES
Please add support for messages Please in some way could you add a workaround to avoid installing facebook messenger?,FEATURE & UI BUGS
Please add a password to the lock screen too The app is great with its UI and design... Size is affordable and love to unlock screen with it,FEATURE & UI BUGS
Needs work! Always have trouble. Doesn't let me click to choose options it comes up with on searches. When I click it just goes to a DuckDuckGo homepage or something. Frustrating! Also comes up with bizarre results on searches. Needs narrowed down.,CRASHES
Improvements The app need improvements.,FEATURE & UI BUGS
Movement Very hard to control how I move please add a second control setting,FEATURE & UI BUGS
Simple and works great Excellent app. Developer  please add Google Drive as a sync option.,FEATURE & UI BUGS
No categories or feeds management's  no option to view the article in full text automatically. News reader or just another rss app?,FEATURE & UI BUGS
Love it This app is so amazing and modern! But can u guys PLEASE add a lock screen!?,FEATURE & UI BUGS
It Works! For Xiaomi phone user  make sure to allow display popup permission for this app to work. Suggestion to Dev: please add option to configure clock display location  I need to set it on the top part of my screen to fit my phone cover. Thanks!,FEATURE & UI BUGS
"Pretty good but... I bought this so I could define a route offline and import a gpx. It opens the gpx and routes as desired  hitting all the scenic routes etc. The problem is that it can only traverse the entire gpx. If you deviate from the route it tries to reroute back to the start. We stopped for lunch 100' off the road and it did this. """"""""Delete waypoint"""""""" did not work on the route so I had to use a text editor to delete route points then re-start so we could carry on. Not a happy moment  yet often repeated. OTOH  without a gpx it works very well  aside from the occasional bizarre routing like off and immediately on at the same exit. Offline maps a must in the back country. 1.8.3  Android 4.2.1.",CRASHES
Can't rate Can't get it to work on nexus 5,CRASHES
Doesn't work Crashes after launch. I can't even submit a report -- the dialog disappears by itself after a second. Galaxy S3  Android 4.3.,CRASHES
Still has the biggest bug ever Updated again on 12/30/2014 and it still has the bug where the lockscreen will be half black. Presumable from something to do with rotation. Another star down. Edit: it's now 03/01/15 and this still exists...,CRASHES
Just what I was looking for! I've been using Week Calendar for some time  but the widgets are buggy and awful. I've been searching for an alternative and Calendar Widget fills my needs perfectly. It's even nicer and has more features than I was seeking. Thank you for providing a quality app and without cost or ads. Perfect!,FEATURE & UI BUGS
Love it  great app with minor issues App works great  much like sickrage itself. Very intuitive. However 2 issues I found thus far. I'm coming episodes it would be great if you could see the name of the show instead of only the episodes name. Also in coming episodes it would be good that when you click an episode the plot of that episode is loaded. At the moment nothing happens when clicking an episode in coming episodes.,FEATURE & UI BUGS
Good Lets me access my ods files and edit them like a text file. Which is okay but I wanted something I could use like open office spreadsheet. Kepping this but also still looking for that spreadsheet.,FEATURE & UI BUGS
"Could you please add the option for Color font_ Please add the direct option to color font (ex. &lt; font color="""""""""""""""""""""""""""""""""""""""""""""""""""""""""""""""" size="""""""""""""""""""""""""""""""""""""""""""""""""""""""""""""""" &gt;Word &lt; /font &gt;) it'll help us directly to change font color. Thanks!",FEATURE & UI BUGS
It brings me straight to some screen to choose files? What's with that?,CRASHES
Awsome Possom! One of the must-have plugin apps for Dashclock. Whatsapp  Kakao  SMS  Keep  Facebook  Twitter... DashNotifier has it all. Highly  customizable too! One thing i cudnt find is the Battery extension. Dear Dev  if you could please add that extension  you would help me get rid of an otherwise pointless plugin app ;),FEATURE & UI BUGS
Nice but needs improvement Pretty much functional in all aspects of audio trimming though I ought to think additional sound editing should be added to make this app even greater  like fading out the sound towards the end. A little improvement in user interface and icon design are important too  better if the app will follow Material design standards to make it more appealing.,FEATURE & UI BUGS
Bullshit Icons don't even show up its a waste of time!,CRASHES
It's broken No longer displays images or even the top icon bar. Maybe due to the change in the Facebook API. Tried emailing The dev twice  no response...,CRASHES
Great but less stable than status quo UI  usability is slick. Love it. However lots if instances where it crashes. There was one non crash bug where ur current conversation/other ones went blank. Hopefully it logs bugs extensively  and maybe it can add a report bug feature? It got a lot less buggy than it was a few months ago but its still the only gripe you can have with this great app. Great work guys!,CRASHES
Awesome app! Would be awesome to see a Material Design update.,FEATURE & UI BUGS
Please add security... Only thing missing in this app..else it Rock,FEATURE & UI BUGS
Pretty good This application is very well made and addictive having said that please add a couple of changes for example being able to resume the game from its last position  the widescreen mode has a few bugs like from both sides of a 16:9 ratio display it pixelates a bit which can be annoying but overall enjoy using this app:),FEATURE & UI BUGS
Facing problem in Letv 1s It work fine for few weeks  but since last 2-3 days notification are not showing on lock screen  pls help me to resolve the problem as the app and concept is very good really help a lot  waiting for reply,CRASHES
"Accessibility issues - fonts Devs: Only a set range of font sizes are available  which is a blemish on an otherwise awesome app. Font sizes all top out  sometimes at relatively low values. Example: composition view hits maximum at a font called """"""""larger"""""""" which is about 2.5 mm on my device. Unlimited font scaling is available in some apps - would be good in K9 also. Fonts could be configurable at a percent value (ex: 250%)  with no top-out or limit. Please look into it! Eye strain is becoming an epidemic.",CRASHES
Please add an option to disable notification area bars (i.e. make systray icons and bars as two separately configured things) - it's already overcrowded here. I'll give you 5 then.,FEATURE & UI BUGS
Glitch!! This app doesn't really clean my status bar... it only covers my old status bar with a new one  and when I slide it down  the notification bar looks so glitchy... Please fix this!,CRASHES
Nice but Please add the option to have more spacing/padding in the conversation. Texts show up too close to each other and it makes it look cluttered. (see Google messaging app as a reference),FEATURE & UI BUGS
Good idea but app needs improvement Wish there was an option to change camera settings.,FEATURE & UI BUGS
SO MANY ADDS PLEASE ADD A OPTION TO TURN OFF ADDS  THEIR SOOOO ANOYING WHEN YOUR LISTENING TO MUSIC.,FEATURE & UI BUGS
Does not show the city specific Shows a gross view of the area but not the specific city. Please guide,FEATURE & UI BUGS
Yes Easily the best lock screen on the store. Would be better with a password option though.,FEATURE & UI BUGS
A few bugs but a nice app I like the UI but there are a few bugs for example it crashes unexpectedly (because it is a beta) and if a link doesn't have a thumbnail it doesn't show it EDIT: the thumbnail bug has gone :) but it crashes when you change WiFi to WiFi or mobile data to WiFi and the other way around its quite annoying,CRASHES
Nothing is more frustrating... When you install a new app  and it installs mysteriously under a different name. If you have hundreds & hundreds of apps and install an app named Loop  you would be mistaken to look for that. Magically it installs under the name of Habits...,CRASHES
Good e-mail client. Would love to see an option to disable showing of the full e-mail address in the account list and only show the display name. Firstly to save some space in the list  and secondly to not let anyone looking over your screen to know your addresses. Also  email notifications seem to break the back button. I.e. if I click on an email notification  after viewing the email  pressing back does not return me to the previous  but the home screen. Thanks!,FEATURE & UI BUGS
Contact search is poor It cannot find contacts by company name  notes or other than correct name.,CRASHES
Doesn't work Displays the songs but does not let me edit any  which renders it useless. Used to be the best app  oh well.,CRASHES
Just what I was looking for Beautiful  minimal app with fantastic extensive capabilities. Really want the opposite of the blur feature to be implemented though - lock screen should be blurred and the home screen should be clear.,FEATURE & UI BUGS
Good enough for me The app is really simple and neat. Really love to search words offline. Still I couldn't find some common words like kung fu   browser etc. Please add new and up to date words. Hoping for an excellent update or a new version.,FEATURE & UI BUGS
Poor display on LG treasure Using LGL52VL with Android 5.1.1. Screen will not scroll at all in channel rating view. Graphs are barely visible at bottom of screen.,CRASHES
Best podcast app on Android Does everything like it should. (Only problem I have: when the side menu is open  pressing the back button currently closes the app instead of the side menu),CRASHES
Great Job on the game. The game is very addicting and just as fun but I think you should add more content and maybe try to get it where you can play multiplayer on a local internet access point and it could be a four player max turn base game with the class you choose to a set amount of tiles or something. Thanks for listening and can't wait to see the game grow.,FEATURE & UI BUGS
I'M Lovi'n It Best app for scan barcode My Suggestion Please Add Take Screen Shot Option You know Take from Built in Mobile SS Is in Pain in the A'SS otherwise best app,FEATURE & UI BUGS
Indic Keyboard Please  Add Some More Themes Like Chrooma Keyboard Useable For All Android Version. I Assure  It'll Be The Number 1 Keyboard In Playstore :-),FEATURE & UI BUGS
Almost perfect Please add pattern  code for security,FEATURE & UI BUGS
Awesome! Fast  light  clean & simple  Dropbox sync! The best! Only one thing to improve: please add categories to organize a long list of credentials.,FEATURE & UI BUGS
Please please please do a better implementation of online gallery/photo viewing. Take a look at Cirrus  smoother viewing  it doesn't download the full sized image but rather a scaled version (important!)  and preloads the next image automatically. Edit: Thanks for your response  and YES  well done! The beta version does *exactly* what I was trying to explain  perfect and thank you! Good work guys ;-),FEATURE & UI BUGS
Just shows options screen and nothing else Does not work on galaxy 2 7.0,CRASHES
Lock app Please add option to lock the application with password  thanks,FEATURE & UI BUGS
Like Basic widget that works well. I request to see a countdown to end of (current) Unix time feature.,FEATURE & UI BUGS
Can't get it to work Can't get widget to load.,CRASHES
Missing feature.. Great tool  but using OS 4.1.2 on a K2_CL there is no option in the notification bar to share  pause  and/or play. Specifically to share/save the logcat. Please add the ability to save the logcat for lesser API. The inability to review the logcat makes it pointless. Otherwise  very nice.,FEATURE & UI BUGS
Pictures? I love this and I'll use this all the time but I would like to have pictures of the weapons and monsters under the description or something,FEATURE & UI BUGS
Excellent Widget Galaxy S4 I installed the widget and it appears to be working. Shows 1900 mah which is close to the 2000 from my charger. Unplugged showing 460. Not sure if accurate as my phone is a Samsung. Is this still a problem? Suggestion: Have the current show positive and negative.,CRASHES
Awesome app!! But needs a lil tweak for nexus 6 devices I love this. But I am having an issue when trying to edit the touch screen buttons. Every time I try to launch the editor the app just closes. I don't get a error message or anything it just closes. Can you please help? Thanks.,CRASHES
Awesome widget  but the deal breaker is that it doesn't open the system clock / alarms when tapped. Rats. Edit: Holy crap! You are are awesome for updating that. Why the extra option for clock settings though? One tap to just open stock clock / alarms would be best  to stay consistent with how the stock clock widget works.,CRASHES
No updates -- 20140424 Uninstalled -- (1) No font-size setting. The description text of the permissions is so tiny on my tablet screen.,FEATURE & UI BUGS
Stupes Utter rubbish.. Not 1 search has yet to produce what I'm looking for.,CRASHES
Hmm  locks the screen on.. but without wake_lock permission so I can't even stop it by denying permission. Sigh  I thought I'd finally found a good one. [Edit] 4 stars because I use this all the time. Very useful  thank you; just wish I could prevent the wake-lock-that-isn't.,FEATURE & UI BUGS
Nice! Please add a way to view the alarm clock time,FEATURE & UI BUGS
It's great.. but It would be better of there would be an option to start the app on boot cuz once I reboot into my OS... it takes about a minute or 2 for ac display to start up again. otherwise... no issues _??_??__,FEATURE & UI BUGS
Amazing! Works perfectly  NO special permissions needed  NO annoying ads and has all the features I was looking for. You need this in your life! I've tried a few like habitbull  7 weeks and goal tracker. This one is my fave. Would love a widget that let's me see all my having and tick them off from my home screen. :),FEATURE & UI BUGS
Please add the option to change the order in which the MFA tokens are displayed - perhaps even allow the user to set a coloured background to each token for visual clues. Currently the display order is fixed in the order in which you add them. I use some MFA codes more frequently that others and would like them at the top of the list.,FEATURE & UI BUGS
While it DOES backup well to a gmail account.... It does NOT restore correctly. Changed to a new phone (same model as old phone)  and restored. It went through the motions of having restored all my messages (3114 of them) - yet only 2 messages show up when I open my texting app. Would LOVE to have a working product.,CRASHES
Didn't work on Galaxy s5 Only showed that it was charging or not with no detail about how much current.,CRASHES
Memories gone black Brilliant app but always the glitches are there in different forms. Camera not responding and then the snapchat not responding etc. but now some of the snaps saved to memories appear as a dark picture and nothing appears on them. It happened to me so many times. Please fix it or show a solution.,CRASHES
Love this lockscreen apps Please add pin after we swipe to unlock the screen  and make the unlock animation more smoothly,FEATURE & UI BUGS
Useless Can't save pictures to external sd card.,FEATURE & UI BUGS
Improvements Some ways to improve is to able to flick up the notification that appears at the top but still keep it in the notifications center. It stays for far too long and sometimes I just want to get it out of the way but still see the icon in the notification bar,FEATURE & UI BUGS
Great  but.. Great client for gerrit. My issue is that sign in crashes the app. Specifically for CyanogenMod gerrit. Hope to see this fixed soon.,CRASHES
Doesn't work at all Only got configuration screen. Never displayed any data on LG 4g phone.,CRASHES
Ok but has bug Like it for no unnecessary permissions. But screen rotation causes light to flash.,CRASHES
Was fine  but issues with themes. Lately  the default theme is broken. When adding items to a list  both the font and background are white = cannot see item entry. As a separate item: Please add ability to apply a theme to all lists  not just one at a time. Also  we could use more themes in general. Thanks! ... [GS5 | Android 5.0],FEATURE & UI BUGS
"This is a great app. I wish it would retain the authentication token after reboot  but I can see that is also a security risk. ________________________________________________________________________ I occasionally have trouble authenticating with my moto G 2nd gen running Marshmallow. The app seems to record the check mark key as part of your password when logging in. I have to hit the back key  hiding the keyboard then tap the done button. The app also retains your password for about an hour. edit: It is 90 percent user error  not the app. I reboot my phone each evening and have to log back in. When I hit the check mark  the pinboard client makes the keyboard disappear and then I hit """"""""submit"""""""". Everything else was me being an idiot.",CRASHES
Great App When It Works This is a great little button to have and saves on unnecessary swipes  when it actually works. For every ten times I use it  it only works about six of those times. Would really like to see this fixed  because it is great otherwise.,CRASHES
Best Facebook experience Love it. Unfortunately on 4.4 you can't post photos (Android bug)... Hopefully Google fixes soon. Otherwise stellar app that does exactly what it says it does.,CRASHES
Just says 0 Doesnt work for me.,CRASHES
Great  but needs a little work This app is great  but It needs a little work. I can't access home screen widgets n just see a blank space,CRASHES
The only non WiFi message app for me Wonderful app  it's my always go to sms app  wouldn't consider any other. Would love to see destroy sms after certain time. Other than that perfect and good job all_ï¿½ï¿½ï¿½_ï¿½ï¿½ï¿½_ï¿½ï¿½ï¿½,FEATURE & UI BUGS
Please fix KitKat bugs I'm on stock 4.4.2  APK files Dont show the embedded icons. Please fix.,CRASHES
LGG4 Love this app! It's the only one I ever use for my lockscreen! Please please add a lock feature!,FEATURE & UI BUGS
White only? I used to be able to customize the colour of everything but the date. Now I can only change the colour of the background. Looking for another widget _ï¿½ï¿½_,FEATURE & UI BUGS
Better than my BlackBerry built in app!!! Now has the ability to copy the headers so I can send spamcop!!! I'm happy as a kid in a candy store!!! So far just tested and I hope it has the ability to teach mark and delete spam so I can stop using this BlackBerry cheap Hub!!! _ï¿½_ Update: Cannot handle more than one email account other than that I'd give it 5 stars._ï¿½ï¿½ï¿½,FEATURE & UI BUGS
Works very well However it could do with an on off widget so that when you switch off wifi it stays off.,FEATURE & UI BUGS
Can you please add auto fill words while typing as we are really missing the same.,FEATURE & UI BUGS
Persian Please add Persian language to app,FEATURE & UI BUGS
Blur only on lockscreen Can we have another option which blurs only on lockscreen and is normal on home screen,FEATURE & UI BUGS
While it DOES backup well to a gmail account.... It does NOT restore correctly. Changed to a new phone (same model as old phone)  and restored. It went through the motions of having restored all my messages (3114 of them) - yet only 2 messages show up when I open my texting app. Would LOVE to have a working product.,CRASHES
Nice  seems useful Two UI issues for me. First  there doesn't seem to be any way to sort events alphabetically. Secondly  the little 'i' buttons are very small  and right next to the invisible scroll bar (especially so in 'By Application' view with one app. expanded). This means it's hard to hit the 'i' and very easy to hit the scroll bar by mistake  and jump to somewhere completely different in the long list! Dev.  you could make the 'i' nearly 2x as big and it would still fit in the existing UI  and would help! Thanks!,FEATURE & UI BUGS
Some bugs When I place the text widget on my desktop it disappears almost immediately. The graphical one works though.,CRASHES
Wrong directions Its not showing exact Directions it's showing wrong on Moto G 3rd Gen (Marshmallow),CRASHES
Love this app! Missing a few features that move this to 5_É¾ for me but overall a great aid. I would want to modify collections  add friends  and create shareable lists from the app.,FEATURE & UI BUGS
Laggy Packed with great features  but scrolling is a bit laggy. Takes 1-2 seconds to load maps everytime I scroll. It seems like I'm using an online map that it has to take too much time to load... Will update rating once this problem is addressed.,CRASHES
Hmm..Good Really useful to keep track of MAL. Thanks for this app dev! ^^ This should get more users than other MAL clients for Android..but sometimes in bad connection  I watch more episodes  when I change the numbers of watched episodes it changed  but when I reload the page  it become 0 again ..,CRASHES
Great app Might not work on some phone have an ultra z it always shows that it is charging with 300+- of mA without being plugged in works great on my old phone that is over clock to check the battery temp on the fly,CRASHES
Puzzled There is so much to like about this app. It is with real regret that I am probably going to uninstall it because I can't get it to work for me. I am using it on Android 6 with eight accounts using pop3. The problem is that mail is downloaded on some accounts only to disappear  never to be seen again. I have googled this (and the problem is widespread) but no answers that work. I am prepared to believe that it is a configuration issue but I am obviously too thick to work it out. And there is no manual.,CRASHES
Excellent  but... Excellent app  with one small issue that stops the app being perfect. If I start up the app  or reboot the phone  logging doesn't automatically begin. You have to go into the app and press play/start for the logging. How about making it possible to auto start the logging  not just the app? Also  if the power save is on  GPS gets turned off. It would be nice if the app could reactivate when it turns back on again?,FEATURE & UI BUGS
Good Please add use background wallpaper status bar,FEATURE & UI BUGS
Lock options Like the interface just wish there was a pin   pattern  password option.,FEATURE & UI BUGS
Good app. My problem is the resolution of saved draw (png). Hope there's a way to save in bigger resolution.,CRASHES
Good  but When receiving mms  I get two picture for every mms  instead of one.,CRASHES
Almost perfect Would it be possible to have the name of the current song playing? Maybe being able to click the song name and copy it to clipboard. Other than that it's great,FEATURE & UI BUGS
auto sync Nice work... please add sync with existing files  ie. Auto backup/upload old photos from device,FEATURE & UI BUGS
Not working Clicking on the clock doesn't take me to the system clock ! Please fix ASAP! I have a gs5,CRASHES
Frustrated!!! When are the bugs going to be fixed??? Every time I sign in it tells me to log in with my facebook account I do  and when I do it tells me 'we are experiencing some difficulties at this time and to try back later'. Well that's been over two months ago. I'm over this!!!,CRASHES
Sensor problem The app just shows waiting for sensors. Other apps worked fine. I was shocked when I saw the sensors not working.,CRASHES
You cant use Android without even debugging it You cant use Android without even debugging it  could you? Helps tracking down bugs.,CRASHES
Please add controller support. It was a bit rough to get it to run  but I got it! Please add controller support so I can use my moga controller like all other emulators do.,FEATURE & UI BUGS
Amazing this works I remember trying to emulate dc on a pc 4 years ago and it was garbage. Now it works on a tablet...wow. Not without it's faults  though. The selection of games is limited and the ones that do work have minor graphical glitches. Hope this is still a work in progress. Amazing work so far.,CRASHES
Great but... Please add option to hide app from launcher and pretifier the design of your app like adding material theme and especially make some texts that were cutted down (ex: new generation - testing) to be readable. Im not good at english but im trying to give my best explanations,FEATURE & UI BUGS
Nice app but The app speaks only if device states both screen on and screen off is marked.. When I mark speak during screen off .. It doesn't work.. I have Moto E.. Plz fix,CRASHES
Smartfreen tab 7 Pls reply it its can't working on smartfreen tab 7 every I'm click press to poot or built check that's have an error,CRASHES
Dash Look nice time charge..upgrade more for perfect dimensi..,FEATURE & UI BUGS
Very Useful !!! Several train times are bit different from the actual time. It's better if that can be sorted soon.,CRASHES
Broken. Keep getting wrong code. Have this app on my android phone  but want to switch to this app on my Samsung Note 8. Went to account on PC  clicked change setting and got barcode. Typed in verify code from app on my Note 8 after it scanned code from PC  but keeps getting wrong code error! Fix this before my android phone completely dies  as it has the only authenticator that works and I need to switch devices now!,CRASHES
Armor set builder bug But the armor set builder is bugged when i select an armor it doesn't appear in the screen that i selected it. Pls fix! but nice app!,CRASHES
"It's ok The best one I have found so far. I hate the fact that it records letters I mistype as """"""""hinted""""""""... I'm using a touch screen. If it wasn't for autocorrect no one would be able to read this. I'd give 5 stars if they removed the hinted thing.",FEATURE & UI BUGS
Please add an option to ask for the password each time the activity is brought to foreground.,FEATURE & UI BUGS
Double tap The double tap to un blur the image doesn't work for the s6,CRASHES
The best of the genre in Play Store However  it would be nice if the app could: 1) Calculate the hash of files/folders sent from other apps (maybe as command line parameter); 2) Remember selected options. // v3.3: when changing from one page to other  the first one does not vanish and overlaps the next.,FEATURE & UI BUGS
It's broken No longer displays images or even the top icon bar. Maybe due to the change in the Facebook API. Tried emailing The dev twice  no response...,CRASHES
"By far best MAL app Great app  very useful. Only issue I have is the personal info page  it seems like sometimes it ignores the info I put in  even on the latest version. Maybe consider having a discrete """"""""update info"""""""" button at the bottom of the page? It would be useful  cause I'm not really sure when/if my change is getting saved to server.",CRASHES
Doesn't work I'm writing to tell you the new version doesn't work eather. Click open nothing but a white blank screen. The widget all it says is widget loading. Has really done anything.,CRASHES
Buggy My words added to dictionary for English (US) doesn't work properly.. Even after touched to save the word  again n again it asks.. When I directly go to settings and dictionary their multiple entries are present  if I open one the duplicates disappear  but at the end of the day the saved words are not at all saving n making typing a tedious task. Fed up with this..! Please make it bug free  I'll again give 5 stars.,CRASHES
It's great but i do want more features and different voice changers then just 4. As soon as you add more features I Will give it a 5Star,FEATURE & UI BUGS
" Please add \\""""""""""always on"""""""""""""""" mode""",FEATURE & UI BUGS
Doesn't work When I place the widget the apps setting screen opens. When I leave the settings screen the widget disappears,CRASHES
Podcasts won't start - Uninstall No podcast would start playing whether I tried streaming or downloading. I could tap play and pause and scroll the timeline  but the podcasts would not play. Also podcast thumbnails didn't load. Pretty frustrating.,CRASHES
Camera doesn't save pictures Im having the same problem with saving pictures onto my memories it leaves a blank picture. Lgg5,CRASHES
Samsung Galaxy S GT-I9000 with CM11 Installed it from F-droid. Works erratically & is not able to switch mobile data on/off properly. Even after exiting the app & restarting mobile without starting the app it didn't let mobile data connect until I uninstalled the app. Gets an additional star for GPL.,CRASHES
Can't scan images in photo gallery. And the UI sucks.,FEATURE & UI BUGS
Suggestion Please add an option to filter the videos in a channel,FEATURE & UI BUGS
Love that it is open source  but I would rather have a list of all my contacts  or the starred contacts in alphabetical order.,FEATURE & UI BUGS
Elegant agenda widget ... ... simple  customizable  works with other calendars  but keyword hide function didn't work.,CRASHES
Good  but not great. Couldnt really ask for more features but its really laggy on my galaxy s4,FEATURE & UI BUGS
Awesome app. must have!! Can you please add a button to take pictures? Currently as soon as i touch the screen  even if the focus is not clear the picture is taken. What we want is the touch allows to focus correctly until image is clear and then the take picture button takes the correct clear image. If you can add this feature the rest app is 5 star!!!!,FEATURE & UI BUGS
Two small improvements This needs the ability to group together entries (e.g.  work  email  games)  and the ability to search/filter.,FEATURE & UI BUGS
the widget is too wide  please add an option to resized it. and an option to change font type and background. and an option to hide the widget when there's no network or connections.,FEATURE & UI BUGS
STOP  STOP  STOP Some remaining fails on that 4 letter word. Train stops/stations are shown with unrelated icons at different zoom  one zoom level gets bus icon. At some zoom levels bus stops disappear behind supporting features such as bicycle racks and waste baskets. And when invoking address geo intent from phonebook  it toasts nothing found and doesn't even open (address tested is in built in address search!). Getting better though now 4.5 stars.,CRASHES
Changed interface Why did you reduce the timer icons to such a miniscule degree? The + sign to add another item obscures the count down icon of one item so need to move the screen. Is this change for change sake?,CRASHES
Conflict with Hotword Detection I really don't understand why this isn't already baked into android. It should be an obvious choice for anyone using a hands free kit. Unfortunately I can't use it at the moment as it breaks the even more useful hotword detection on the Google Experience Launcher. Once this is fixed  this will be an immediate download again.,CRASHES
Good but my screen is always on time out,CRASHES
Looks good but no Facebook icon?,FEATURE & UI BUGS
I love it. Please don't change the icon ever   I love it!!! Please add the option to add songs to especiphic playlist and search by genres. Also add feature to number the songs while in play.,FEATURE & UI BUGS
Margins are too big I want to like this app  it seems to have good file compatability. BUT my screen doesn't need giant margins. I did everything I could to reduce them but I'm still not happy. Be nice to eliminate them almost entirely for use on a phone. Some simple preset modes for phones  medium tablets and large tablets would be nice too.,FEATURE & UI BUGS
Good but some flaws Works as advertised showing notifications from various apps. Very customisable you can choose your icons and how you want the notification to look. Slight problem: The action when I click on a notification from the widget does not match the action if I clicked it from the notification shade. Not sure if I'm missing something but I'd like it if I clicked a Facebook notification it would take me to the actual notification not just the app.,CRASHES
not bad Simple and beautiful. Very nice app. Just I personally pefer a dark theme. Also I would like to see bigger result  back  and CE buttons. They look a little smaller to me now. Maybe it's just me though.,FEATURE & UI BUGS
"Really really bad last 6 months Ridiculous lately. Freezes  """"""""""""""""unfortunately Facebook isn't responding"""""""""""""""" messages  bring keyboard up to type and text doesn't appear as you type instead appearing slowly and it's so very laggy! Even using a new phone and suffering same problems as on last phone!",CRASHES
Doesn't work Says its connected but never loads a page over 20%,CRASHES
Buggy I generally like WordPress  however  the app has some problems. If I save a local draft with pictures and exit out of the app even for just a few seconds  the formatting goes wonky and half the pictures disappear. Now just recently  I wrote up a really long post  hit publish  and when I checked on it  it had saved as a local draft. I hit edit and the ENTIRE post disappeared. I restarted the app and my phone and it's still gone. I'm not sure I'll continue to use this app after that!! :(,CRASHES
"OK  so bad news for me - no support of external SD cards (yes  I keep my DB on external SD  my key on """"""""internal"""""""" SD). Didn't triggered permission request. Well  thankfully I could use Android Picker to select the file through some of the file managers I use. Stock Lollipop. BTW  Look&feel needs some significant changes -it's no Gingerbread era anymore  and displays happen to be larger than 320x240  3"""""""" beauties. Uninstalled.",FEATURE & UI BUGS
Nice No grid view pls fix,FEATURE & UI BUGS
Bug I give you 4 stars cause im using this app for many years. Please FIX 16 keys keyboard bug! Keyboard totaly bug when i need to enter passwords. Fix that,CRASHES
Great app. We use it every time  only... I was looking through Hunter and noticed that a lot of the spells are duplicated several times. This makes the spell list look overly long  and could turn some players off  or even raise hopes of spell choice. This looks to be caused because Hunter is listed multiple times in the spell headers for those cases. Please fix this soon.,CRASHES
Doesn't handle SSL certificate changes well. Just get stuck in a loop. Clearing data/cache didn't help... Or is it just broken on Android N?,CRASHES
Nothing is showing? Only the app icon with settings  widget doesn't work (androind 5.1.1),CRASHES
Love it I love this calender. Though it would be magical if the tasks that we added could be shown and checked off in the widget itself,FEATURE & UI BUGS
Ads are annoying  The content is great. It's why this is still on my phone. However  pop-up ads at the bottom of articles are too annoying  and I'm unable to close them on my Galaxy Note 4. It needs a better UI. I don't need an oversized share button at the top of each aeticle  and I'd prefer better formatting for article titles/ links to discern content and article importance.,FEATURE & UI BUGS
Works great Repeating events and everything. The color picker for the background is less than perfect; I prefer an HSV picker + alpha slider.,FEATURE & UI BUGS
"ok such a nice app but i cant add photos from gallery.it says """"""""There was an error adding the image"""""""" HELP",CRASHES
After going back from file view  file tree is not showing anymore,CRASHES
Where is an interface? Why it crushing at second launch?,CRASHES
Love it Anyway I would love it even more if it would let me move photos between folders,FEATURE & UI BUGS
Great! Just please add the option to ignore certain notifications within the same app  currently one can only either ignore the whole app altogether or receive all of its notifications  for example I want to be notified of new WhatsApp messages but that's it  I don't want it to voice notify me that I have copied a message or deleted so many messages  thanks,FEATURE & UI BUGS
Why dont you offer offline dictionary feature??? If i dont know a word in the book a simple selection of word should have been render its meaning. Its as simple as that...,FEATURE & UI BUGS
Great App But Have One Suggestion This is a great app. It annoys me that whenever my phone pairs with my car  it automatically starts playing my music. Sometimes the songs that play are ones that I downloaded for my daughter and even she is embarrassed about them as well. This app lets you determine which apps should playback instead. My suggestion is as follows  and I know this can be accomplished with Tasker but I feel this is way easier to use for Joe Schmo. Please allow the user to designate which app should launch. For example  I use Serius XM to listen to Howard Stern during my drive. It would be awesome if I could get Sirius XM app to launch via Media Button Router. Unfortunately  the Sirius XM app is not recognized as a media playback app so I cannot designate it in the Media Button Router UI. If you allow the user to designate which app they wish to launch  that would be a great advantage for people using apps that are also not recognized as media playback apps. Again  great app. It is a must for anyone wanting full control on their phone.,FEATURE & UI BUGS
Good  but need interface improvements Good app and refreshing alternative for Whatsapp and others. Still to do: 1-text balloons as in Whatsapp; background image is ghosted and looks bad  2- Skype emoticons : smaller  yellow,FEATURE & UI BUGS
Make able to edit privacy to specified people from this apps!!! PleAse..make this app able to edit to whom we will give the authority to see our video...as now there only option public.unlisted and privacy please add option share to someone email like desktop version can do this....thanks,FEATURE & UI BUGS
Awful Roms won't show up except for one which is Pokemon black in Japanese please fix this and I will rate better,CRASHES
Arts Topic and List of Attacks The art info and how to get them is what you forgot and  a list of unique moves and attacks you can do with that weapon.,FEATURE & UI BUGS
Always on mode Great app. Please add ALWAYS ON MODE,FEATURE & UI BUGS
This app is amazing! By far one of the best ones out there. With little to no problems this app has become my favorite. I do have one request though. Can you please add two things. 1: can you please add in a rainbow wheel thing so I could have a larger variety of colors? That would be amazing. And 2: It sould be even better if you can add a feature where you click on the color and that becomes the color you use. If you could do that  I would love it  thanks!,FEATURE & UI BUGS
Swiping for actions like delete  archive would be cool,FEATURE & UI BUGS
Click-through toasts please! Toasts are not click-through  despite your reply that they are. I have tried on 3 different phones  the latest being my Samsung Galaxy SIII  and previously  Samsung Galaxy Centura  and Samsung Galaxy Proclaim  all with stock roms. If you can make it possible to click buttons under the toasts I would love it even more. Thank you.,CRASHES
Classy - but not secure Battery friendly and simple. This is ideal if you're looking to keep your phone looking light and modern. Kudos to the devs. Edit : Hope the devs will address this problem. As of late the Lock screen doesn't turn off if I get a notification. I've set it to turn off five seconds after I get a notification but it doesn't. It will show the display and time without switching off which can be quite annoying when youre in bed and get a notification that makes the display light up all night.,CRASHES
Almost perfect! I love this app  it does what it says it will and it looks amazing. The only problem I have noticed so far is the app bugs and doesn't appear when you clear your notifications on the lock screen  but not in the notification panel. Other than that it is awesome.,CRASHES
This is a good emulator for Dreamcast although I hope you add support for Sega NAOMI and Atomiswave arcade games.,FEATURE & UI BUGS
Clipboard option isnt in Share menu for images in google,CRASHES
No matter what theme I try  I always default to this one. Just one suggestion  please make the lockscreen background the same as the home screen wallpaper. Also in the calculator  please make the extended slide out part (right) greyscale. EDIT 19 Feb 16 : THANK YOU !!!!! Any plans on adding a bootscreen ?,FEATURE & UI BUGS
Just waiting for this feature Please add the auto delete feature for when conversations reach a certain numbet of messages. I would like to manage the number of messages stored in my phone. Thanks.,FEATURE & UI BUGS
Poor Not working anymore. Tried uninstalling n installing but still not working. Worked well for two months but now it's just occupying space n nothing else. So bye bye VN. Deleted.,CRASHES
Looks stunning but some annoying bugs The main bugs for me are  when the screen orientation changes when half way through writing a message  it clears what I have written and I have to start again  it doesn't seem to save drafts at all so if I start typing and have to refer to another app like Gmail for example  when I return back to qksms to finish the message it has cleared it again. Also the sender name seems intermittent in the inbox  most times its fine but sometimes it just displays the number and I can't get it to show the name.,CRASHES
"Recent apps screen Great app  but I would like a way to disable the rounded corners in the """"""""recent apps"""""""" screen.",FEATURE & UI BUGS
Classy - but not secure Battery friendly and simple. This is ideal if you're looking to keep your phone looking light and modern. Kudos to the devs. Edit : Hope the devs will address this problem. As of late the Lock screen doesn't turn off if I get a notification. I've set it to turn off five seconds after I get a notification but it doesn't. It will show the display and time without switching off which can be quite annoying when youre in bed and get a notification that makes the display light up all night.,CRASHES
Security Please add security such as pattern or pin in lollipop style.,FEATURE & UI BUGS
Please add call option and stickers Otherwise super.good,FEATURE & UI BUGS
faceing some problem When iam going to custom page it's not work.i can't change the option such as static front page background etc.please develop this!,CRASHES
Poor display on LG treasure Using LGL52VL with Android 5.1.1. Screen will not scroll at all in channel rating view. Graphs are barely visible at bottom of screen.,CRASHES
Great  it would be better if... Hello  please add the ability to choose to quick reply from a locked screen. I have a S4 and the wake screen does not work. I have a pebble watch and I do not receive notifications through my pebble when received on the app on my phone. Would like the option to change the font and bubble styles. Maybe later add the ability to make more changes to the background to place my own images. The contact information takes a while to update to the person's contact name when opening the app. So far no major issues.,FEATURE & UI BUGS
Works but doesn't. Some apps will make the screen turn on and some won't. Some notifications don't even work at all now unless I have the app open itself that I'm getting notifications for. It's actually quite annoying.,CRASHES
Keep up the great work This is one of the best games on android  period. I can't wait for the update! I wanna traverse the full map and finish all the quests.,FEATURE & UI BUGS
Confused Can't open app  it only shows install or uninstall after its been installed  please help thank u,CRASHES
Doesn't work When I place the widget the apps setting screen opens. When I leave the settings screen the widget disappears,CRASHES
Very good but ... This is great but please add change page for sim 2  this show only sim 1 options  Thanks.,FEATURE & UI BUGS
"Problem with folder icons...! Folder icons not visible apps  music  video icons not visible and cannot move files its showing """"""""""""""""""""""""""""""""Some and all items cannot be moved"""""""""""""""""""""""""""""""" a very big bug cannot even able to paste the options are ovrlapping",CRASHES
A tiny symbols color indicates charge/discharge A simple + or - in a larger font would be better.,FEATURE & UI BUGS
It's ok Needs more features and the lock screen needs to have a music widget whenever music is playing,FEATURE & UI BUGS
Really well done  but needs additional options Really needs ability to configure day  date formats. And option to show date for each event  and adjust text size in points  rather than Small  Medium  Large  etc. Almost there.,FEATURE & UI BUGS
Nice I love it but the menu icons could have text so I know what they do and it would be better if it could optimize to be faster on slower phones. Otherwise I loved it  fully recommend it 100%,FEATURE & UI BUGS
One problem Everything with app so far has been great  but for some reason it won't load the values of the new origins planeswalkers. That's the only reason I rate 4. Also  I get the occasional crash when looking up card values.,CRASHES
not working on Galaxy S5:-( I used this app on Sony Ericsson X10  used it on Galaxy S2. Now I got S5 and it does not show current :-( Handy app  please check the problem,CRASHES
Very nice app - need some improvement Excellent app with all features needed for organizing to-do list. Custom filter option available but does not work and also does not allow to change filter settings except name change.,CRASHES
CAN'T MOVE FILES AND PICTURES AND MUSIC! Pictures  musics cannot be moved from internal storage to sd card. Please fix.,CRASHES
Great design  very quick  but can't import bookmarks. Would love to see a quick settings option like in the stock ICS browser.,FEATURE & UI BUGS
Android n bug The tap to open picture either by single tap or double tap doesn't work on android preview 5  it work on when internal viewer is selected but when using external it crash when a photo is tap to open. it force close itself. Plz fix this issue,CRASHES
Three stars Please add the downloading feature without buying youtube red I (and many more people) have bad Internet and only get an hour or less of WiFi a week,FEATURE & UI BUGS
Not safe yet! Keeps going off  no prompt. Also knocked out my Nova launcher and took me back to default Android layout until after I checked my apps list  then the launcher returned.,CRASHES
MMS issue and slow to launch It looks good  But can't not send pictures taken from camera on the app. Need to use my camera to take the pic then go to the app and select the pic from the gallery to send. Takes up to 2.5/3 secs to open. Not good.,CRASHES
Only icon theme is missing Please add icon/theme in your next update. Please,FEATURE & UI BUGS
GREAT  but needs pics Could you please add pictures of the weapons and armor?,FEATURE & UI BUGS
It's awesome BUT... My battery level is sometimes like 10%behind the actual percentage  it refreshes when i refresh the weather manually which also doesn't always work  i must sometimes click the weather like a retard 1000 times so it refreshes and i have auto updates every hour.. Also I'd love to see more colors for the text  more customization generally f.e. What to display for every specific extension and stuff like that  more colors  change fonts  change density of the extensions.. Works on my HS flawlessly otherwise,CRASHES
Nothing is more frustrating... When you install a new app  and it installs mysteriously under a different name. If you have hundreds & hundreds of apps and install an app named Loop  you would be mistaken to look for that. Magically it installs under the name of Habits...,CRASHES
Logged-out Notification don't turn off Since the new update it keeps showing that i have notifications  while I'm logged out. I turned off the Logged-out Notification setting  but it still shows me that I have notifications while I'm logged out. But when I log in to check them  there are no new notifications. There is definitely a bug in the system.,CRASHES
Great potential Good start  but can improve a lot. Fix the game ratings  they don't match the website.,CRASHES
Please fix bugs on galaxy s4 App keeps crashing and causes phone to reboot. Other than that  runs great. Please fix!,CRASHES
Awesome app  but just one concern This app covers 95% of magic the gathering concerns. My only quarrel is that for MTGO players  the price of cards in tix is not displayed. If this problem was fixed this app would be an easy 100%.,CRASHES
NOt too bad. Reasonably easy to figure out though you have to guess at some things. Sometimes th touch screen won't accept input. Haven't tried anything sophisticated with it yet.,CRASHES
app is hang my screen is mulfunction,CRASHES
" Improvements Please add a way to lock the screen with a fingerprint or password(PIN) and also remove the notification thats says \\""""""""""Ac display service active"""""""""""""""". Otherwise great app !""",FEATURE & UI BUGS
"Leaks? This firewall only blocks some apps that are UNchecked in whitelist mode. It should block ALL unchecked apps! Several apps """"""""leaked"""""""" that should not have any way through iptables. I switched back to android firewall which has not been updated for quite a while but it still worked. This problem occurred on stock (Nexus 6) marshmallow as well as cm13.",CRASHES
Elegant  Extensible  Well-Supported Great source of beautiful  fresh wallpaper for my home screen. Caveats: I wish it would do a better job of centering and scaling local images to fit the number of home screens I have and the resolution of my device. It would also be nice if I could permanently download images to my device  so that over time I could fill up a folder of favorites to draw from with the My Photos source. This would work great with the MultiMuze extension that lets us use multiple sources at once.,CRASHES
There are no words I downloaded And Bible when I opened it up the Bibles and the dictionaries that I downloaded did not show up on my tablet  it was a blank screen. Please fix it. Thank you- it's working,CRASHES
Does not work fully Would of givin it 5 stars but the double tap to see the photos does not work. Love the app just wish that would work. Would be so much better if I did not have to open the app to see it.,CRASHES
Problems with office365 Emails in office365 read or mark as read are listed as new at the next check.. This has been going on for a long time now. Is the app still maintained?,CRASHES
I love the new function  however it appears there may be a bug now. Flipboard and chrome both freeze when I save an article and I'm forced to home button out. Update - freeze issue fixed in new version,CRASHES
Fix the bugs Crashes all the time. Have to uninstall and reinstall too often. Frustrating! !,CRASHES
Recommended Easy to use app. Been looking for an app like this for a long time. Very useful for people making Theme Home Screens. Would be nice to add the ability to copy the Hex Code. Works great! Recently has been force closing.,FEATURE & UI BUGS
All the love Love it. Keep up the great work... But  would like too see an option to adjust the size of the dungeon  both # of floors and size of floors :),FEATURE & UI BUGS
Good app Its a good wiki content reader app. But it should contain pics like kiwix.,FEATURE & UI BUGS
Sim card duality  contact save directly from the app It looks great  the UI is very aesthetically pleasing. However  there are two important functions that I still yet to get from this app. Firstly  Android phones commonly have dual sim cards and this app doesn't have the option for users to choose from which sim card they're sending the message from. Second  it doesn't have the option to directly save a contact from within the app. Also  a bug is literally annoying me. When I launch the app  it freezes  displays contact numbers instead of names and crashes.,FEATURE & UI BUGS
Very handy but a few bugs The file selector control used to select a file for encryption/decryption doesn't seem to work. After selecting the file  the filename field remains blank. Have to type it in manually or paste from clipboard. Please fix.,CRASHES
Serious bug Frequently  and randomly  fails to free it's lock on the camera when switching apps or locking the screen. So when the app (or any other) starts again  it can't get access to the camera. You also can't free this camera lock unless you reboot your device. I've not had this issue with the stock camera app or the other popular alternatives.,CRASHES
Breaks apps when used with cyanogen mod Applying this icon theme causes certain apps to not work  notably the imgur app. Switching to another theme fixes the issue. When applied  the imgur app displays the numix icon app in a frame instead.,CRASHES
Great  but.. Great client for gerrit. My issue is that sign in crashes the app. Specifically for CyanogenMod gerrit. Hope to see this fixed soon.,CRASHES
Changed interface Why did you reduce the timer icons to such a miniscule degree? The + sign to add another item obscures the count down icon of one item so need to move the screen. Is this change for change sake?,CRASHES
Please add a option to take pictures as we record,FEATURE & UI BUGS
Love this app But the qk reply is annoying. Have it at the top not the middle,FEATURE & UI BUGS
Top Android Aviation App Aviation charts and maps  perfect. Flight planning and storing info could use a little more tweeking. However  it has been improved and continues to get better and better. The next rad radar overlay doesn't seem to work on any device that I use Avare with but it could be user error on my part. Nice app!,FEATURE & UI BUGS
Great game Really great game but it doesn't fit my screen so i have to scroll up to see my score,CRASHES
Great free app Can take some time to get used to  but for some very flying - or as a moving map - great. Found some issues - POU airport runways 6/24 are listed as 7/25 on the map runway extensions - yes there is a turf runway 7/25 but for a Class D airport it should list the main 6/24. But  a pilot shall always be thinking... 5 stars for good work,CRASHES
Needs improvement Cashes constantly. Videos cannot be played too.,FEATURE & UI BUGS
Not working Am using miui  it showing like failed to open camera _ï¿½É,CRASHES
Doesn't work - widget disappears immediately If I add this widget to my homescreen on the nexus 4 it just disappears after I close the settings. 0/10 wouldn't download again.,CRASHES
Needs home screen customization (e.g. widgets  app icons)  but otherwise great aesthetic and performance.,FEATURE & UI BUGS
Didn't Work Widget won't load onto screen. Notification bar shows incorrect figures. Moto X Style  Lollipop. Uninstalling.,CRASHES
Lollipop Ruined It Used to love this app  but with the new update  the pre made list of items is impossible to see. I've tried theme add on's but still nothing. I may have to change app's if it doesn't get fixed.,CRASHES
More color More color for background and message bubbles would be nice.,FEATURE & UI BUGS
Change font color? Sometimes it's hard seeing the text when I use colorful wallpapers.,FEATURE & UI BUGS
Not bad so far Does what it is supposed to do. The only issues I noticed were weird behavior when long-pressing entries and not being able to move items from one list to another.,CRASHES
Great emulator Very impressive. Almost as usable as the best PS1 emulators. Please add an ability to map the L and R triggers to gamepad buttons. A lot of games are technically playable but not worth playing without L and R.,FEATURE & UI BUGS
Not unblurring on shield tablet Double tap to unblur doesn't seem to work well on my shield tablet,CRASHES
One little bug When I'm not charging my LG G2  the widget always shows 15mA. It shows the correct values when I'm charging. Hope to see this fixed in upcoming versions. Very neat and quick app! Replaced Ampere with this.,CRASHES
Popout mode Please add pop out mode it will make look good for YouTube,FEATURE & UI BUGS
Its the worst wallpaper ever! When i tried to set the paper  my background home screen just went white then black. Dont install this app! Please fix this then i'll give it a five star rate!,CRASHES
Not working  was great Can't add any new tasks! Please fix! This app was great but now is rendered useless.,CRASHES
Great! Please add: 1) hide app icons feature as well 2)option to choose to keep shelf or Google now ;) 3) change icon packs 4)themes!,FEATURE & UI BUGS
nice app.. a few suggestions: (1) consolidate status bar icons into 1 single icon for multiple notes (2) tapping on a notification note calls the app note list screen (3) a confirmation dialogue for deleting notes in case of mis-taps (or better  a delete button/switch for each note..),FEATURE & UI BUGS
Useless The screen doesn't wake up when I receive an email notification. Even though I have all apps's notifications (including system ones) active. It only wakes up on random notifications at random times. Useless to my moto g.,CRASHES
I really liked it Issue 20/12/16  in discovery  when I find a channel and click on it. Doesn't open. Only subscribing and then going to subscribed is allowing me to view the info of that channel. Other than that  I'm using your app. It's very good. Like it man,CRASHES
Good  but one glitch On a Nexus 5 with Kit Kat  playlist items often but intermittently (~50% to 75%) skip the last 10 to 15 seconds of an individual article. This seems to not occur when the phone screen is turned on  but only occurs when the screen is off. In addition  articles will occasionally start ~90% listened (~5% of the time). Otherwise it still plays what I want and is good for my walk home from work.,CRASHES
Screen sleep time problem The only problem I have ran into is when I try and use the Screen off memo on my galaxy note 5 the screen goes to sleep while I'm writing the memo. It is really annoying.,CRASHES
Simple and Perfect. Please add lock mechanism to access the phone Update: Actually it works with default lock. so it has it,FEATURE & UI BUGS
For Future Update Please add an information about breakable parts of every monster in simple description,FEATURE & UI BUGS
Softkeys hide feature Please add lock for status bar and hotkeys.. When i swipe to open camera or dialer from bottom corners  i can press home and get tu main screen.. Btw. please add pin lock.. Thank You,FEATURE & UI BUGS
nice app app is nice & works fine but if it got auto screen brightness then it will got 5 star.,FEATURE & UI BUGS
Links don't work Once again fb never fails to disappoint.... I'll click a link and it will take me somewhere COMPLETELY different. I swear it's always something wrong with this app.,CRASHES
Fix Fix subtitle font  it doesn't have a contrast line. Also  sometimes downloaded movies or shows do not appear when offline,CRASHES
overall very helpful Overall very helpful  It does what it says. One drawback. The time between I hear the notification sound and the screen is turned on is around 2-3 seconds on my device  what is too long. I'd like the screen to be turned on immediately (or 1 sec) after the notification sound. Sony Xperia Z Ultra  Android 4,FEATURE & UI BUGS
Looks great  but the app crashes every time I try to access the widgets! Would be 5 stars if fixed,CRASHES
This sucks It's really a tap move u can do better than that,FEATURE & UI BUGS
Poor Not working anymore. Tried uninstalling n installing but still not working. Worked well for two months but now it's just occupying space n nothing else. So bye bye VN. Deleted.,CRASHES
Why can't you shrink the image to fit screen? I am using facets. Wallpapers won't set properly  it won't shrink before applying the wallpaper. What's the point in not shrinking the wallpaper and displaying it in irrelevant positions!,CRASHES
A Troubleshooting Must Have My only complaint is the lack of an easy to find legend. Now for my praise: CatLog alone is extremely useful for pinpointing problems  but when used with other diagnostic apps  you can't miss. CatLog is at the hub of my troubleshooting arsenal. It is also essential for tweaking performance and monitoring health. This is the only log viewing app I've found so far that I think should be included with the Android OS.,FEATURE & UI BUGS
Great but... Love it on Ubuntu but quite bad coverage of apps on android. Please add more icons for essential apps. Meanwhile I'll use elun icon pack instead,FEATURE & UI BUGS
Using gone Galaxy S4 tablet. The App won't let me login to my account and when I click to any subject it shows nothing in the folders. I use the website but wish I could use the app.,CRASHES
Best launcher ever I loved it. If u can make app list to grid view it will b awesome.,FEATURE & UI BUGS
Incompatibility Can you please add in support for 4.2.2 Jelly Bean?It looks amazing but it wont work...,FEATURE & UI BUGS
Didn't work on a LG G3. Just displayed approximately 5mA all the time. 2 star rating only reflects that it didn't work on a LG G3  it may well work on other phones.,CRASHES
Excellent effort  Sahul!! Keep up the good work!!! As pointed by others  a large portion of North India is NOT covered in the IR and colour composite maps. Please rectify.,FEATURE & UI BUGS
No longer works Used to be the best notification reader  but it has stopped reading notifications...,CRASHES
Bad I appreciate the artwork but on my tablet it looks awful,FEATURE & UI BUGS
Gr8 app Get rid of pressing power button everytime while new message arrived....thanksss...,FEATURE & UI BUGS
" Great overall Please add \\""""""""""next wallpaper"""""""""""""""" widget""",FEATURE & UI BUGS
Pleased with the developers I was afraid I would end up regretting paying for this app but the developer responded to my complaints and promptly delivered an update that solved my issues. While far from being perfect  I am happy enough with the purchase especially if this experience is any indication of the direction of its development. There are some bugs and some more features would be nice but as of right now I am content.,FEATURE & UI BUGS
Hard to use For some reason  my phone shows opposite of what I'm trying to look at. I have to turn around  to look at the night sky on the screen.,CRASHES
More basic features... Ugently needs: Tags/category option; tag/clip Search option. Include these  then we'll have a great app. Like the Merge option  best feature.,FEATURE & UI BUGS
Adding features Please add call and video call feature just like others..,FEATURE & UI BUGS
The fastest download manager on Android! Highest number of threads(32) makes the download faster than in any other download manager. However  it needs more features like being able to set the default download folder and download different file types in different folders by default  and capturing download links from browser.,FEATURE & UI BUGS
Still buggy Startup time is slow  search is sluggish and sometimes certain buttons fail to work when pressed. Went back to Relay.,CRASHES
"Please add """"""""""""""""Mark unread"""""""""""""""" It's painful losing that feature. Otherwise the app is incredible.",FEATURE & UI BUGS
Good but can be better It would be better if there was an option to choose my own wallpaper. This app is great but that one drawback is keeping me from using it! Please do consuder adding an option to use a custom wallpaper!,FEATURE & UI BUGS
Serious bug Frequently  and randomly  fails to free it's lock on the camera when switching apps or locking the screen. So when the app (or any other) starts again  it can't get access to the camera. You also can't free this camera lock unless you reboot your device. I've not had this issue with the stock camera app or the other popular alternatives.,CRASHES
Eh Won't let me upload photos via the app. Although chrome let's me do it through there mobile website.,FEATURE & UI BUGS
Works great. Easy to set up and well organized menus. My only request would be more font options like colors and font size.,FEATURE & UI BUGS
Please add icon pack support Great app! I'm missing a feature to support icon packs  would this be possible?,FEATURE & UI BUGS
Great app Love this app really helps with my biology revision. But when searching for cards you can't search each category you have to search all at once  or just look through and hope what your looking for is there. But otherwise love it,FEATURE & UI BUGS
"Very good A very good application that works well ... it needs only to have the option of arranging the book list with """"""""book title"""""""" as well as the other options and preference ... if such an update is done it would be the best application ever to get a 5 stars",FEATURE & UI BUGS
Would be nice to show empty days It's a very nice looking widget  obe of the best I've seen. But it would be perfect if there was an option for it to display days that don't contain any events. Thank you :),FEATURE & UI BUGS
Amazing Coming from iOS  the only thing I miss is Apple's obsessive attention to detail. So QKSMS is a treasure to me! Fantastic functionality (popup replies  text delay  customisability  proximity sensor  etc) AND design. Things like having the choice to hide contacts' phone numbers on the messaging screen are a really nice touch. Devs: would like to see a grey icon option and some slick animations in Conversations page  but that's honestly all I can think of. Will donate on payday!,FEATURE & UI BUGS
Amazing game! Worth the donation! I have played the original for hours on end and still haven't been able to complete the game. Whether it be from bad luck or bad planning  I still can't finish in this remake either. Which makes this amazing!! Reworked  freshened and rebalanced and still just as hard!! I love that I can play this without worrying about data and other dumb stuff. I would love to see a description for the artifacts though. Some aren't obvious to figure out.,FEATURE & UI BUGS
Audio and Video calling please!! Please add the audio and video calling features to the app.,FEATURE & UI BUGS
Not a lockscreen Great design and stylish way of showing notifications  but please add an actual lock screen with pattern  pin  etc...,FEATURE & UI BUGS
problem with cm13 i have installed cm 13 on zuk z1 and the toast notification appeared for seconds and then doesnt appear,CRASHES
Crashes to home screen Followed directions and have correct files where they need to be (bios...flash..etc) but crashes to home screen when booting game. When this is fixed I be able to properly rate.,CRASHES
Still missing some basic features The app looks nice and fairly simple. Promises to be a pocket companion. Allows qif export. I even got the premium key. However  it is not allowing transfer between accounts in different currencies  which is a deal breaker for me as it makes the app next to useless on trips abroad  which is one of the main reasons to carry an app like this around. As the features are being actively implemented  this functionality may be expected in the upcoming release.,FEATURE & UI BUGS
Pretty good Doesn't seem to work seamlessly with lockscreen. I have to swipe once on acdisplay and then once on system lockscreen. 5 star if you fix this!,CRASHES
Best voice app   love it  only problem is that if there's no continents on the message it does not play anything. It should have an option that if there's no continents on the body I should say the application name,CRASHES
It would be better to display related words in the bottom when we start to type in the search box. Those who are not sure about the spelling will help to pick the correct word.,FEATURE & UI BUGS
Problem Visiting a friend's page  about  details  I can't scroll down anymore. Please fix this.,CRASHES
Transfer stops or freezes Several times pictures i take would get stuck uploading and then the app would crash. I uninstalled,CRASHES
Excellent Overall it's cool game  compare to Similar Game This game will win. Stunning Graphic  Friendly Controls and Many robot that can being customized Colour and weapon. But I think   need weapon to be more cheaper 10% or more. And yes  Can Developer add feature so we can Convert our Money to Gold? Please?. Many player waste their money that they earn from the war. So to make it more useful please add Feature to convert our money into Gold.,FEATURE & UI BUGS
Amazing Please add feature add contacts via username,FEATURE & UI BUGS
Blank screen during game launch. Samsung Tab S. Unable to start any of the games listed. Black blank screen after start.,CRASHES
Doesn't work Displays the songs but does not let me edit any  which renders it useless. Used to be the best app  oh well.,CRASHES
Major bug I don't know what's up but whenever I go to my profile i end up geting my mom's or my dad's list not mine. I hate that! Its driving me crazy. Also when I go from my phone to my tablet to my ps3 or to my computer it dosent say I've watched episodes that I know I've seen because I was just watching it on a different device. I use to love Netflix. Now I find I'm watching more Youtube and more amazon prime shows because there not making me frustrated.,CRASHES
This app is so lame it only shows one page of data and nothing else I deleted it immediately what a waste of space,CRASHES
"I want """"""""add"""""""" option on every deck page baaaaaaack!!!!! The interface looks a little weird and slightly slower than previous version and the """"""""+"""""""" botten on deck page is omitted thats frustrating!!",FEATURE & UI BUGS
no ipv6 please add ipv6 support or is there any way to use ipv6?,FEATURE & UI BUGS
Wtf. Theft right here. This game is clearly a rip off of gloomey dungeon 2. You even stole the dinosaurs from that snes game primal rage. Free or not get your own material. Not cool.,FEATURE & UI BUGS
Notification bar Love this! Any chance you can add the app to the notifications bar so we can easily add a task by pulling down the notification screen and just clicking on a plus sign? Thanks,FEATURE & UI BUGS
Broken somewhat. Does not work with xkcd RSS feed. No images shown.,CRASHES
Visual Edit Please add the ability to edit as Visual and not only through HTML - it mostly no usefull even if i know html,FEATURE & UI BUGS
Crushed Everytime I open the app than suddenly app crash in between 15 to30 sec plz fix the bug,CRASHES
Earth I want earth to be search able so i can see the planet earth,FEATURE & UI BUGS
Works amazingly well Love it  best subsonic app around. Only issue I'm seeing is new artists are not showing up on the app but do in subsonic server. No other issues found so far. Edit: refresh worked :),CRASHES
Looks great  but the app crashes every time I try to access the widgets! Would be 5 stars if fixed,CRASHES
One bug... Pls fix it When I double tap on SOME of my wallpapers from Backdrops app.... They tend to get that black strip on the bottom which appears in the preview of the wallpapers on the Muzei app.... Pls fix this asap,CRASHES
Crap Doesn't work  advises to see logs on error but logs do not exist  nothing to open on error.,CRASHES
Almost perfect! I love this app  it does what it says it will and it looks amazing. The only problem I have noticed so far is the app bugs and doesn't appear when you clear your notifications on the lock screen  but not in the notification panel. Other than that it is awesome.,CRASHES
Good but This looks good  but only for usa  please add Europ.,FEATURE & UI BUGS
Simple and convenient The widget kind of pops out at you.. Maybe an option for a more neutral / halo theme would be nice.,FEATURE & UI BUGS
Good to analyze the weather Please add current pressure indicator in digits.,FEATURE & UI BUGS
Good But if it can support icons and widget on home screen,FEATURE & UI BUGS
At times  I want to use Chrome to open an .html file that I put on my tablet. For some reason  Chrome was not included in the default list of available programs. Open in Browser does exactly what I want: it gives me a choice of browsers that includes Chrome. I'm delighted to have found this program!,FEATURE & UI BUGS
Multiple bugs 1. Deleting profiles doesn't always work correctly. 2. In the Tasker plugin  where you can selct a profile  you cannot scroll down and thus you can't select some profiles  unless you only have 5 or so... 3. Deleting Profile 1-3 is not possible. .... I spent multiple hour on setting everything up and now I just can't use it.. I'm really upset. :/,CRASHES
Leftists Bias In Articles Selected About 1 in 5 articles that populate the reading material is highly biased leftwing yellow journalism. Need a methode to set preferences and ignore these horrible posts. Until then I can't stand looking at it.,FEATURE & UI BUGS
"Force Closes on Marshmallows When tapping """"""""All Activities"""""""" the progress bar will get to 70% then the app closes. Needs to be fixed. (for a 3 or 4 star rating.. The UI is weak as well).",CRASHES
Attaching photos Add this to the Android version and it might be worth five stars,FEATURE & UI BUGS
Really needs a widget! Five stars for a widget and notifications!,FEATURE & UI BUGS
Doesn't work No dice on a Nexus 4. No errors; just won't add the widget. No apparent tech support site.,CRASHES
"Good but could be more convenient 1) Please allow editing of plaintext once decrypted (it's very inconvenient to have to copy and paste it in a new page then edit text each time you want to change/add or remove something)  2) Please allow encryption of multiple files at once (inconvenient to have to zip them before encryption)  3) Please add support for more algorithms and hashes such as Twofish and Whirlpool (for people who don't trust the""""""""""""""""""""""""""""""""standard"""""""""""""""""""""""""""""""" algorithms) Thanks",FEATURE & UI BUGS
Great It's not fully optimised and has some issues with crashing but still a nice app  especially considering the price and it's open source.,CRASHES
Please add more!!!_ï¿½ï¿½ï¿½ This app is fantastic already but it needs something more  it needs more option of hanging the wallpaper of the lock screen. Not just homescreen's or a black wall but maybe from gallery??,FEATURE & UI BUGS
Nice and neat... But. It looks great and simple. But give us the option to change the text color. I'm always forced to use dark wallpapers and the background tint looks ugly. Also doesn't work with a secured lock screen. A workaround though is adding the widget before setting up a pin or pattern.,FEATURE & UI BUGS
Very handy but a few bugs The file selector control used to select a file for encryption/decryption doesn't seem to work. After selecting the file  the filename field remains blank. Have to type it in manually or paste from clipboard. Please fix.,CRASHES
Meh. Doesn't have certain information I was looking for such as butterfly beetle location  which is found when sending out an hunter for hire.,FEATURE & UI BUGS
Was OK Haven't used this for a while due to dates in calc not displaying correctly and limitations to document size. Edit was a bit of a disaster as it reformatted my document. Have tried again but am now going to uninstall. Not sure if the problem is with newer Libre Office or this app.,CRASHES
Bad design Amaze is open-source and looks much better.,FEATURE & UI BUGS
Stopped using Constant message count overlay on icon even when I read all the messages. I did reinstall to get rid of this. Additionally constant notification about unread message with button supposed to mark it read  but when pressed  notification goes away just to m?k? another appear with the same message unread. Not even funny. Bad bug. Awful. Dev seems not to care at all.,CRASHES
Works but doesn't. Some apps will make the screen turn on and some won't. Some notifications don't even work at all now unless I have the app open itself that I'm getting notifications for. It's actually quite annoying.,CRASHES
"It used to be great  but the app doesn't see my """"""""reading"""""""" folder and doesn't recognise fb2 files at all :(",CRASHES
Doesn't work on lolipop It keeps crashing  I cant set my wallpaper. Unfortunate  because I really liked it. I hope it'll get fixed soon.,CRASHES
Nice app But not for dual Sim fone  please add an feature or option for dual Sim,FEATURE & UI BUGS
Great Please add an option for notifications and icons,FEATURE & UI BUGS
Map needs improvement When I attempt to use the map feature it always puts me on the other side of the world. I am not sure why it doesn't GPS my location and give me the closest correlating address.,FEATURE & UI BUGS
Free  no ads and a clean interface. One star taken away because everytine you pause the player disappears from the lock screen and notification bar.,CRASHES
Love it! I've been using this app on every phone I have gotten s3 mini z1 and z3+  and it has never failed and appreciate the developer keeping it ad free and no pro version with more features. I just wish there's an option to pick a wallpaper picture instead of just choosing a solid colour or the home screen wallpaper.,FEATURE & UI BUGS
This version (0.9.8) is terribly outdated. I did not notice until it stopped working after the Android 7 update. The version on F-Droid (0.11.7) works  has an updated interface and also features automatic reconnection.,CRASHES
Good  notification now visible in 6.0 Since I got android 6.0 installed  marshmallow  the selected color didn't show on the notification and since the frame is dark  and the dark colored graduating bars are dark too instead of light blue  and all is showing on a transparent notification bar where the image under it is dark  I couldn't see it at all. 5/7/2016 Nothing about this issue was addressed  so one star now. 9/3/2016 finally this issue was fixed.,FEATURE & UI BUGS
Please add a refresh option! Other than that I love everything about this widget,FEATURE & UI BUGS
"Slow and buggy I love the layout and interface  and the slide action is well designed and intuitive. Unfortunately I have frequent issues with posts and content either loading slowly or not at all. I often get frustrated waiting (30+ seconds) and open photos or gifs in Firefox only to have them load instantly. I get frequent """"""""subreddit not found"""""""" warnings when trying to get to a known subreddit. Restarting the app usually resolved this  but that's a pain too. Fixing these problems would result in a 5-star app.",CRASHES
Great but When I tap on play next it doesn't physically move it but does play it next. Also after tapping shuffle off  it still shuffles one last time. Sometimes ad plays while listening to music,CRASHES
Useful but broken now I use it a lot but the app is broken on my S6. Launches to frozen page,CRASHES
WORLD CLOCK good for me but cant display the whole thing!!!!,CRASHES
Great app It's a great app thanks for the work. Best planner ever. Although  the dark theme is not very good looking on big screen (the circle on the bottom right got a bad resolution),FEATURE & UI BUGS
Useful for browser changing. But new icon...meh I no longer have a browser that supports flash but I still use this app to swap to alternative browsers rather than copy/pasting links. The app icon needed changing but I am not sure the new one is better!,FEATURE & UI BUGS
Used to be great Now it crashes every time I got the search button.,CRASHES
"Pretty good Only world clock that includes weather. Dark theme looks good. Wish updates included more than """"""""bug fixes."""""""" Add features maybe. Wish there was a way to remove ads. Would gladly pay to remove them. Would also like to see a my location feature.",FEATURE & UI BUGS
Mutes kodi This app causes the red mute icon bug in top right corner,CRASHES
Great app but the icon is ugly as hell,FEATURE & UI BUGS
It works! Simple design  easy to navigate  doesn't kill my battery. Great app! Can you please add a feature to display historical data and not just the last seven days. That would make it five stars in my book!,FEATURE & UI BUGS
It clicks off when loading game Doesn't work,CRASHES
Simple and easy to use I love this widget. Please add a feature to display tasks as well.,FEATURE & UI BUGS
Great but.... I would really like to be able to set a sleep timer on the fly without going into settings and changing it permanently. Maybe hold and drag to adjust?,FEATURE & UI BUGS
My search for a screen lock has ended! Oh no... It's crashing and no notifications... Here was my take when I just started using the app.... But.. Disappointed... Can we please fix the issues! Awesome minimalistic locker... Just works.. Tried so many screen locks... But this one rocks and works each time.. Specially when you have android 5.0 versions... Love this app. Cheers! Look forward to more features soon! Great job by the development team,FEATURE & UI BUGS
Please consider adding an option to archive/hide conversations.,FEATURE & UI BUGS
Good but... The interface is a bit laggy  specially when the screen slides in and out. Give it a material makeover.,CRASHES
Not working on KitKat 4.4.2 On my SGS5 it dosplays wrong current. Wother 1 mA on charging or 0 mA on not charging...,CRASHES
Change needed Separate page for draft and published posts  and search function within a site for a sepcific post  still waiting for these changes,FEATURE & UI BUGS
Can you add a few of these features/improvements? 1. Video Calling: Pease make it a priority. 2. Editing Media messages: Please allow users to edit media messages as well or recall message. 3. Chat Background: Please allow editing image (clipping  scaling especially). 4. Blocking: Don't let the blocked user receive messages that weren't delivered. 5. Encryption: Please encrypt messages by default  even WhatsApp is doing so. 6. Compression: Allow selection of media quality. 7. Deleting Media: Please add an option to delete shared media permanently.,FEATURE & UI BUGS
I love it! However  it is kinda time consuming when you click the back button and the homescreen would somehow display. I thought the app crashed. And also  in the conversation  the messages take up the whole screen  is that really necessary? Well  anyways. The app is absolutely almost perfect for text messaging. Good job!,FEATURE & UI BUGS
Lacks display settings Any app for reading needs display choices. White on black would be a good start. It would keep me on the site longer by not draining my battery...,FEATURE & UI BUGS
Needs a lot of work. It has a problem repainting when you rotate from landscape to portrait. The bottom half of the portrait screen is blank as it is still using the same height from landscape. Also links wouldn't work. Paid for it but uninstalling now.,CRASHES
Great............_ï¿½_ This is the dream book reading app for me. Thank you very much for this app. Specially the option to search words in the dictionary paved the way for us the non English speakers to submerge into the world of literature without worrying about vocabulary. And there are also a lot of awesome free books to download. The page turning animations are also cool. The only thing that I'll like to have is to be able to turn page while in zoomed in position in any place on the page............,FEATURE & UI BUGS
"'Dislike' button doesn't work This goes for BOTH the app and web clients: What's the point of a 'Dislike' button on comments when the tally never shows up? ---- Also: Whenever I click """"""""""""""""Read More"""""""""""""""" on comments  it keeps bringing up the reply box because the RM text is too obscure or close to the reply/comment box. Once this is fixed I'll be sure to give this app 4 stars (for the first time in a year or more) because the new Suggestions/Recommendations algorithm is that good.",CRASHES
Missing feature.. Great tool  but using OS 4.1.2 on a K2_CL there is no option in the notification bar to share  pause  and/or play. Specifically to share/save the logcat. Please add the ability to save the logcat for lesser API. The inability to review the logcat makes it pointless. Otherwise  very nice.,FEATURE & UI BUGS
Using gone Galaxy S4 tablet. The App won't let me login to my account and when I click to any subject it shows nothing in the folders. I use the website but wish I could use the app.,CRASHES
Great app Excellent app. Works very well with Dropbox to sync across platforms. Google drive won't work well with it but that is a Google problem. I would like to see the ability to move keys between groups.,FEATURE & UI BUGS
Importing key isn't working Importing key doesn't let you search for key files in Explorer. It shows only a few strange files with no back button to change folder.,CRASHES
I am experiencing a playback bug on a Nexus 5 running Android Lollipop 5.1.1. The playback works as expected as long as a file is not renamed. When I rename a file and play it  the control jumps from Start to End and the playback does not work anymore. Renaming the file to its default name has no effect. Thank you to look into it. I will change my rating when this bug as been fixed. UPDATE 14/11/2015: The bug is still present on Marshmallow (Android 6.0). No feedback from the developer.,CRASHES
Awesome! I used this before and has always worked wonders... Wished it could be even more magical and import any photos back to MMS messages.,FEATURE & UI BUGS
Good Would like white on black background support.,FEATURE & UI BUGS
Fantastic app! This app is very easy to use; better than many conference apps I've tried. The notifications for upcoming sessions I've starred can be turned off or changed in the settings  and I appreciated the links to a map of the session location for each session so I can find my way there quickly. The only improvement I can think of is to make it easier to find the next sessions as the conference goes on; right now when I go to the list of sessions I starred  or a list of all the sessions in a specific track  it lists them chronologically and as the conference goes on  I have to check the current time and scroll to the appropriate place in the list. I would love it if it jumped past or greyed out the sessions that are over so that I can more easily identify current & future sessions. Thank you Christophe!,FEATURE & UI BUGS
loved it but problem with remote mouse i loved its all function. its really amazing. i don't know its a problem of desktop kde-connect or android app but certainly there is problem with remote mouse. right left click works fine but i can't move mouse from this app using remote input. otherwise i loved the concept and all its features.,CRASHES
Good app! Easy to use and follow. There's this sorta bug(?) when I make a scheduled post and try to revert it back to an immediate post though. ;_; EDIT: When I tried posting it as an immediate post  it wasn't showing up in the home page and it says the post isn't found when I tried copy pasting the URL directly to a browser. I had to delete the post and make a new one  and copy paste the content to post it. Hope this helps!,CRASHES
LOL @Video Crew  this is a LOG VIEWER and is unable to delete any settings from your phone.,CRASHES
Cant use it It keeps coming back to this page when i try to open it. I dont understand it,CRASHES
Please add security! other than that  great lockscreen launcher!,FEATURE & UI BUGS
Absolutely amazing. Night time is often wrongly assumed  so a night time widget for the home screen would be good.,CRASHES
Not accurate I was hanging pictures with this app and they didn't come out straight at all...,CRASHES
The Best.. This is the best app out there..I tried lots of apps in its class and finally found it best.. But icon and design of app is outdated and should be outstanding and up to date. Decrease the app size also if possible,FEATURE & UI BUGS
Please add reduced eye feature Please add reduce blue light feature,FEATURE & UI BUGS
Superb simplicity Loving the widget. Clean  simple and very functional layout. Has erased the hassle of logging in to platforms to view current status of portfolio throughout the day. As emailed  adding more than one purchase to a ticker in a portfolio would be very welcomed thanks,FEATURE & UI BUGS
Just a suggestion ! Devs you can add cloud storage support (Google Drive etc) to automatically export/import accounts. So that on every first startup applications asks for user like what kind of storage they r using to store accounts. Then list all avail accounts from that location  so tgat user can choose which account to import. And at creation of every account prompt(optional) them to save their account.,FEATURE & UI BUGS
doesn't work HTC ONE user  it always shows like 597900mA  475700mA..,CRASHES
Great Please add clock hide option and also auto hide status bar when play video or games. Thanks,FEATURE & UI BUGS
Stuck in landscape Is probably rate this app higher if I could get it out of landscape mode!!!!! Surely the developers didn't think overriding a users orientation was a good Ux decision.,CRASHES
Demands my account email. Downloaded and ran this app. It would not let me get to any useful screen. Instead it tried to force me to register. The text claimed it wanted to create an anonymous login. Except it forced my playstore account email and would not allow me to change it. Far from anonymous. One wonders why the app is so insistent on getting my account email.,FEATURE & UI BUGS
"I will not go back When I first heard about """"""""""""""""""""""""""""""""Google Tap""""""""""""""""""""""""""""""""  I was rather dissapointed since they used an idea as brilliant as that as an April Fool's joke. When I finally bit the bullet and got this app  all I have to say now  is WOW!!! It is just as good as I thought it would be. While it isn't as fast as a more contemporary keyboard  it certainly is a lot less frustrating  especially on my 7-inch screen. My only complaint is that the reference screen doesn't stay open while I type but hopefully the dev will fix that in time.",CRASHES
Bravo! Simple  Easy  Small size  I love this. Try to change the UI.,FEATURE & UI BUGS
option and setting button problem can't open the option and setting button,CRASHES
An excellent todo list application Very good application that has a great notification features. The fact that it integrates into my calendars is a big bonus. The one thing that I would like to see is for it to get time and date information about the task from the title like todoist does.,FEATURE & UI BUGS
Good. Solid  polished app. Works well. Issues I had  though  thus preventing 5*: the icon being at the top left meant that I couldn't run away from a catch. I know you can move where the icon is  but it'd be great to be able to do it on the fly (double tap and drag  maybe?). And secondly the menu items didn't customise as I wanted. I don't want pidgey Calc etc and the icon showed them anyway. Randomly it stopped showing them (as in  it randomly decided to finally accept my customisation). Great app though. Thx!,CRASHES
Can't control musixmatch player I can not control musixmatch player in lock screen. _ï¿½É_ï¿½É that's bad. Pls fix. Please...,CRASHES
Its cool I hate cause she can't pronounce a lot of words wee fi is one WiFi please update no problems on my HTC and she spells alot of words funny,CRASHES
It's awesome! but please add security.,FEATURE & UI BUGS
"Best interface with unacceptable bug 80% of the time  deleting email's results in crash notification: """"""""Unfortunately K-9 Mail has stopped."""""""" just too irritating to accept. Submitting crash reports have resulted in no feedback from K-9 let alone a problem fix. It's really a shame because it has my favorite look & features. Manage 2 important POP3 email accounts & need better reliability /stability.",CRASHES
" Could Use a better widget  which doesn't open a new window on interaction. Cannot find non English strings because the app cannot normalize capitalized letters in their names  e.g. ?????? can only be found using \\""""""""""????"""""""""""""""" but not """"""""""""""""?"""""""""""""""". Fix it!""",CRASHES
Shows nothing. Just blank surface.,CRASHES
It would be great if there's a Save Option so that your Progress would be safe . Please Add it,FEATURE & UI BUGS
Hate it Leaves the screen blank,CRASHES
[FIXED](Battery Drain Widget Malfunction)* Mazal tov! Looks like the widget's functioning properly. Five stars. Now I've run out of complaints. Oy vey! ? (Just denied location requests. Hopefully this will help. If so I'll give another star because this is otherwise the best zmanim app I found. Battery drain was fixed although not optimal now the scrollable widget doesn't work right. Too bad because when it does work it's great. So I added a star although with the widget fixed it'd be five.) *previous comments in parentheses,CRASHES
Just great all around. The app is clean  functional  and has a quick reply feature that works better than other apps. Just about no complaints  it was money well spent. The only issue is that the shortcut on my home screen (GEL) deletes itself on restart.,CRASHES
Please add save button,FEATURE & UI BUGS
Froze phone until it would die. 5 stars to be seen. Every time I would scam a coffee it would freeze my screen and all buttons accept for power button  but in able to restart my phone  I would have to hit the power button and then touch the screen to select  power off. So I would literally have to wait until my phone died to use it again. Maybe it was just my phone but this is what happened to me.,CRASHES
I like it and wanted something with voice alert as I don't see that well,FEATURE & UI BUGS
It was great before the newest update. I Loved this app until today's New update. The pictures are huge and you can't see half of it. Seems like it is not working at all. It has gone crazy and rogue on me.,CRASHES
HTC One M9 I switched to Kubuntu just for this after hearing about it on Linux Unplugged 114. It has a ton of potential as they talked about. However they were also right about how buggy KDE 5 is currently. Being Tech savvy  the bugs aren't that bad for me to deal with  however what really screws it up for me is that images I send from my phone get screwed up. It says it fails loading meta Information.,CRASHES
Hi there. I use MAL. Today  I opened the app to update my list but then the Manga List wouldn't show anything. I uninstalled and reinstalled the app. Still nothing. I synced it a couple of times too. Still blank. The only thing affected is my Manga List. The Anime List is working just fine. I have a very stable internet connection too. Could you please help me find the problem? Thanks so much. :),CRASHES
"""Save link as"""""""""""""""""""""""""""""""" Please add this option in long press menu. Please!",FEATURE & UI BUGS
Good? I need always capslock on option and lack of auto text shortcut & font customization option making this keyboard incomplete  rest of the things are outstanding. Please add these options for more two stars. Thanks!,FEATURE & UI BUGS
Update broke it. Doesn't respond to screen tap on Note4.,CRASHES
Audio and Video calling please!! Please add the audio and video calling features to the app.,FEATURE & UI BUGS
Unfortunately there is a bug I love it  however  when my note 3's screen goes off while a story is playing  my phone becomes stuck in a loop that doesn't allow me to do anything until the story is over. It simply cycles between the app and the lock screen. It also removes my home screen wallpaper. Won't use again until update.,CRASHES
Major bug I don't know what's up but whenever I go to my profile i end up geting my mom's or my dad's list not mine. I hate that! Its driving me crazy. Also when I go from my phone to my tablet to my ps3 or to my computer it dosent say I've watched episodes that I know I've seen because I was just watching it on a different device. I use to love Netflix. Now I find I'm watching more Youtube and more amazon prime shows because there not making me frustrated.,CRASHES
"OMG This is such a great concept! Please  keep updating and improving the app and this will be huge! It would be great to have the ability to change the """"""""app drawer"""""""" icon or make it change to a black one when selecting """"""""dark theme"""""""". As well as a """"""""swipe down"""""""" gesture to see notifications and folders for the app list/drawer... Keep up the great work and thanks for making the app free!",FEATURE & UI BUGS
Awesome app  but missing one thing. There needs to be a way to pick which vehicle you want to have as the default when opening the app instead of just having it be the vehicle on the top of the list. Or just add a way to drag and drop to rearrange the vehicle list.,FEATURE & UI BUGS
It has improved Still could do with a new interface  and a flexible and menu ability.,FEATURE & UI BUGS
Works great on a quad core Android box with music playing in the background . Would be better if you could optionally display some EXIF text like captions (from Picasa) on the floating images & when clicked rather than just filename.... also  some pictures render a bit blobby but mostly great.,FEATURE & UI BUGS
Weather no longer works The weather portion of DashClock no longer works. Can you reach out to Weather Underground to see if Dash Clock could pull weather info from them?,CRASHES
Does not show signal strength or status,CRASHES
Works amazingly well Love it  best subsonic app around. Only issue I'm seeing is new artists are not showing up on the app but do in subsonic server. No other issues found so far. Edit: refresh worked :),CRASHES
Awesome Just make sure you have some form of password on your lock screen or else anybody can get onto your phone from here.,FEATURE & UI BUGS
Text rarely displays correctly. Most of the time  the text in the article is scrambled when I select a news story. I'm using a T-mobile prism.,CRASHES
OK. HTC M8 Seems to only work if the lock screen is lit. If it's not lit  nothing happens. Pressing both volume buttons also turns my ring volume down all the way into silent mode  which is a bit of a pain to turn back up each time I use the light.,CRASHES
Doesn't work This app doesn't work on Yu Yureka. It didn't show the current in mAh.....,CRASHES
Excellent Mumble App I love the app as a whole  the interface is sensible and intuitive. The only feature I'd like to see is an option to prevent the screen locking  having to unlock when using on screen push to talk mode can be the difference between a wipe and a successful run.,FEATURE & UI BUGS
File not saved Pics couldn't be saved even on lot of space,CRASHES
Whhhhyyy I actually really like this but could u please add back all the other filters and make more new ones like tho old ones with the crowns and the unicorn vomit and those lights as a head band and those stars on the side of ur head all of them looked amazing please add them back________,FEATURE & UI BUGS
Better apps icon needed.... Simple Fast and Lightweight,FEATURE & UI BUGS
Where is the Reminder notifications? Please add the ability to add reminders like a week before or a day b4 or even 2 hours before  why is this not in here already? Thanks,FEATURE & UI BUGS
It used to be decent but now... The double tap just unblur just wont work on Samsung Galaxy Note 2. But overall it's a nice touch on the updated material design UI. Please fix this issue ASAP.,CRASHES
Still can't display the text notification :(,CRASHES
Love it Love it  love it  love it. It isn't perfect (still beta)  but I do believe this app will be a great app. If it's possible  I think the clock should move from corner to corner instead of just moving up and down. Also  the notifications do not show up on my screen.,FEATURE & UI BUGS
Good but frustrating Works pretty well  could use some beautification/interface improvements however.,FEATURE & UI BUGS
Great platform for creating and sharing. Please add search option for blog posts. Have to scroll indefinitely to find posts. Thanks.,FEATURE & UI BUGS
Excellent app. Small bug The side bar from the right. Some images appear to open with scrollbar. Zooming out doesn't change the ability to load the side bar menu. Unable to save image etc.,CRASHES
Very Useful !!! Several train times are bit different from the actual time. It's better if that can be sorted soon.,CRASHES
Nothing beats this one I love this app except one thing and I am sure that developers will resolve it. The inbuilt dictionary always work with same white background even when I change reading mode to night,FEATURE & UI BUGS
Still looking for a deck builder and collection tracker. Faster updates though =],FEATURE & UI BUGS
Problems syncing Will not sync collections the last couple of days... However no app that uses BGG seems to be either. Dated interface but very useful.,CRASHES
Still bugged Just like anybody else said  game start at level 5 layout with only rats in it,CRASHES
It is good  but.. Please add feature to have different widgets for different calendars. Right now it is possible to have multiple copies of the same widget.,FEATURE & UI BUGS
Glitch!! This app doesn't really clean my status bar... it only covers my old status bar with a new one  and when I slide it down  the notification bar looks so glitchy... Please fix this!,CRASHES
Not Working! I paid for the an app that does not work at all after placing the username and password.. its showing Synchronisation Failed!?!?!?!??!,CRASHES
Needs Android integration When clicking on a link to download  there should be an intent to use the app instead of having to copy/paste or having to open it in another browser [-2 stars until fixed  important app operation]. Please add dark theme  blue/white is just hideous.,FEATURE & UI BUGS
Great App Would be nice to be able to have to display your mpd collection e.g. via album  or via Files by default.,FEATURE & UI BUGS
Like this app  but. . . I like this app. It's nice to have your upcoming events displayed at once. Suggestion  though: how about highlighting the current day in a different color to make stand out.,FEATURE & UI BUGS
crash all the time it would be better if you could pass a n artwork you don't like,FEATURE & UI BUGS
4 for now .... Please add security and then it will be 5 star app,FEATURE & UI BUGS
Drains battery  no longer retrieves full article I used to love this basic no-bloat news reader. But for the past 4-5 months it no longer retrieves full text and it drains my battery after I back out of it. It just drained me 40% in less than two hours and my phone is hot to touch as a result. I have tried updating. But no luck. I am using Oneplus One with KitKat.,CRASHES
Great! Agenda widget is unattended  and this is a great replacement. Wish there was a bar at the top for the full current date in a 2x2 format. Right now it cuts it off and has the toolbar buttons.,FEATURE & UI BUGS
Lightweight  functional and ad-free. UI size and layout isn't very customizable  but that isn't an issue for me.,FEATURE & UI BUGS
One More Thing... It's great but the app dosen't have any pin/pattern security please add that feature then you will get your 5 star but other than that it's a great app,FEATURE & UI BUGS
One bug... Pls fix it When I double tap on SOME of my wallpapers from Backdrops app.... They tend to get that black strip on the bottom which appears in the preview of the wallpapers on the Muzei app.... Pls fix this asap,CRASHES
one little change please add an option where users can vhange the color of the message bubbles w/o it being linked to their overall theme color.,FEATURE & UI BUGS
Excellent App. Great app for getting notifications about type of current data connection. Please add few notification sounds for Wi-Fi  Mobile Data connections/disconnections.,FEATURE & UI BUGS
This calculator is best calculator I've been looking for a good calculator for a while  some of the others have a history or unit conversion or preview but none I've found have all of them and worse  most scroll ads at the top or bottom. This one incorporates all of those features and does it without ads. One suggestion I'd have is to add gesture support  the output display area feels a bit small and the buttons for conversion are rather dense with visual information  it could be hidden under the numbers and shown with a swipe up etc.,FEATURE & UI BUGS
WAT I only get a black screen and nothing happens i have uninstalled and tried again but no result,CRASHES
Boot animation Please add the Cyanogen boot animation that's in the OnePlus One right now,FEATURE & UI BUGS
New York Times doesn't download I've been using Shortyz for a long time and love it  but for the last few days  the New York Times crossword won't download. I checked my NYT account  and it's current. This is a great app  but some puzzles that are listed  like the Onion  never download. Until now  the New York Times was fine  but now it's gone too.,CRASHES
Good to do app Please add option to change default settings (time  color  repeat  etc). I typically add tasks for the day in the morning but it won't appear on widget cuz it defaults to next day. Thx,FEATURE & UI BUGS
A Much Needed App  Poor Execution A noble idea  and a necessary one in the present age of constant surveillance  I looked forward to being able to browse fb without worrying about every shred of personal info being given to ad companies. Doesn't work. Pages that I browsed on the Internet showed up as ads on my newsfeed  including location based ads  as well as things I talked about with other people. Kudos for the effort.,CRASHES
FAST FW Please add fast fw option mobile app,FEATURE & UI BUGS
Well....? As someone else has said.... cant get past preferences screen. Removing immediately.,CRASHES
crashing?!?! After I send about 3 or 4 snaps or I watch a snapchat story... the app freezes and crashes... sometimes causing my entire phone to crash... this has only started happening after the last few updates but i really would like this bug to get fixed,CRASHES
AMAZINGLY SWAG Can you fix this bug that makes it crash wjen I press the option button built into my phone. But still Best app ever.,CRASHES
The ABXY buttons are wonky I try to play Daytona USA  but the AXBY buttons are so awkard. I start spamming B to shift but nothing happens until pure luck suddenly happens and it shifts. I have to press somewhere between the buttons for them to work. Please fix this,CRASHES
Counts are wrong The overview page counts are always wrong.,CRASHES
Nice app. Some in completions What I want to see before I can give a higher review is the ability to display all online contacts and sort contacts by status. Im using jabber as instant messaging. Not as an SMS replacement,FEATURE & UI BUGS
Cool app Does what it is suppose to. But no longer can use the screen gestures on my oneplus x like drawing v for flash light  o for camera  two figures swipe to play /pause music  etc,CRASHES
Glitchy You have to download all of the maps first  and when moving between screens would constantly move me to random locations  so I would find myself at a blank screen and I couldn't pan back to where I wanted to be. I also could not get the flight plans to work. Overall has a very poor user interface.,CRASHES
More can be added This application is what I'm look for so 5/5,FEATURE & UI BUGS
Nice  but some things don't work I love how much longer my battery lasts as soon as i deleted the fb and messenger apps  but this doesnt allow me to either post or save photos. I also cant share things to a friends page.,FEATURE & UI BUGS
Suggestion The app is light weight and great  could you please add a feature on distance coverage.. It would make the app more better although it is already great.. Also it provides different number of steps compared to Google fit so confused as to which one is accurate.,FEATURE & UI BUGS
Great app  but... It's a pretty fantastic app  but the general lack of Promo and Prerelease cards makes some trades hard to do (even if they're listed on TCGplayer.) and prevents the app from being perfect for all trades and card lookups.,FEATURE & UI BUGS
Please add! It's awesome indeed. But please add a feature to turn screen on when I pick it off the table  like the ambient display feature!,FEATURE & UI BUGS
ONE TAP PROBLEM it doesnt save our account.. it skips.. wth FIX IT PLEASE.. it will show one tap then after i save it and log out to log in other accounts the saved account was removed.. i am so pissed,CRASHES
Excellent and elegant It works great. Simple and elegant professional design. I am using it along with a zooper widget. I would suggest to add feature for hiding content of specific apps even when not on secure. Great work.,FEATURE & UI BUGS
Near to perfect It would be better if there was security lock feature,FEATURE & UI BUGS
Please add bacon. Awesome  but two things need added. The ability to post comics to places (Facebook  Reddit ect.)  and bacon object.,FEATURE & UI BUGS
super duper awesome .. thankss..please add ok google voice recognition...,FEATURE & UI BUGS
Almost Looks a bit ugly and doesn't have actions like back  home  recent apps... Swipeup Utility is better.,FEATURE & UI BUGS
So close to perfect Love this widget. Looks great  nice and configurable. ONLY THING that's missing is the ability to see which events you have replied yes to attend. Please add that!,FEATURE & UI BUGS
Could be great If it would stop crashing and constantly be force closing. It had a perfect layout  easy to use but the never ending crashes is a deal breaker for me,CRASHES
Please add a theme that makes it look like s7 always on,FEATURE & UI BUGS
Good I'd like to see refreshed design (would be great to have Material design here),FEATURE & UI BUGS
Please add this 9/10 No gimmicks  exactly what I wanted! I would like see you make the scrolling smoother!,FEATURE & UI BUGS
Hard to use For some reason  my phone shows opposite of what I'm trying to look at. I have to turn around  to look at the night sky on the screen.,CRASHES
Please add more icons Games such as TOS and PAD and SS and QuizUp.,FEATURE & UI BUGS
Never worked at all on my Nexus 5. Doesn't work on my Nexus 5. It only says N/A for data.,CRASHES
Works well for me  but... Please add a SEARCH feature in the BLOG POSTS section. It's so hard to find old posts to edit...,FEATURE & UI BUGS
Good application I like YouTube so much because there is menu options available Nike subscription is the important one I have a request to you when you update this application please add an option for voice reply option if anybody is willing to use it the option is helpful,FEATURE & UI BUGS
Almost perfect! I've experienced the same glitch others have had where the song cuts out and playback starts from the beginning about 15 seconds into a song. That's the biggest thing holding this back  IMO. Otherwise it's perfect!!,CRASHES
Awesome! Fast  light  clean & simple  Dropbox sync! The best! Only one thing to improve: please add categories to organize a long list of credentials.,FEATURE & UI BUGS
Let us customize the wallpaper and add password. Please add these options as i am using this as my default lockscreen.,FEATURE & UI BUGS
Great  fixed the image problem This is a great app. The website still has a lot of functions the app doesn't have  which is strange because I'm using the website on my android device. Very nice design though.,CRASHES
"Awesome app! Just what I was looking for. But I think there is a conflict with my TouchPal (free) keyboard  because it puts a space after the word. The first item I tried  saying the word """"""""Maps"""""""" results in it finding my Ulmon City Maps app  but not Google Maps  . Same problem with saying """"""""Pic or QuickPic"""""""" and not finding QuickPic. This means I can't vocalize the auto launch feature as shown in the video.",CRASHES
Awesome Its awesome  but sometimes when i turn on the screen it stayes for 1 sec then my screen goes off!! Plz fix it....,CRASHES
Actually works realtime I've tried a lot but this one actually seems to syncs real-time  so as soon as something changes  either on my phone/tablet or the server  it syncs..... Please make a CardDAV sync as well _ï¿½ï¿½ï¿½ Addendum: only seems to work with one account. With a second account it 'sees' the available calendars  but nothing shows up in my calendar app.,CRASHES
Great Great. It works  partially. The menu button brings the menu up at the bottom for half a second or less  so that doesn't work,CRASHES
Feature request could you please put ability to specify data to appear in packet as microtik routers allow checking of content  also it would nice if there was an option that allowed the program to send knock every N minutes in the background,FEATURE & UI BUGS
Used to be good. Now trending stories link/button is broken. One of my most used features. Highly frustrating. Fix it and get five stars,CRASHES
Add widgets Great update hiding applications! If you could add widgets  then it would be perfect!,FEATURE & UI BUGS
Never showed up Installed and followed instructions but never showed up in widgets list. Using android tablet  needs to be an app instead of only a widget!,CRASHES
Best option for Moto Display functionality This is the best option for those looking for Moto Display for non-moto devices. I'd gladly give 5 stars as I'm sure a lot of hard work goes into this app  but functionality seems diminished by my finger print security requirements. If I want to use Nexus Imprint then I am required to use a lock screen that employs added security PIN or pattern. Sometimes I'll unlock via the finger print scanner and it will open  but sometimes it'll only open to other lock screen and require my pattern to open. Thanks!,CRASHES
Doesn't work. At all. Doesn't seem to work even with BusyBox Pro installed. Or maybe I'm not doing it right? Naah. Thing doesn't work on any app I apply. Even after editing preference files as text. But it was awesome to try. Let's see if it'll improve,CRASHES
Love it! But... Notification from running timer doesn't display so have to unlock every time I want to check timer. Also  no ICE display. This is an important feature for me.,CRASHES
Seafile is great. The android app less so. For the last few versions  the UI is increadibly nonresponsive and the photo upload doesn't reliably happen. Update: the nonresponsiveness issue is fixed.,CRASHES
After going back from file view  file tree is not showing anymore,CRASHES
Filters not working :( When trying to use the filters and holding the screen showing your face nothing shows up :(,CRASHES
Great app. Great start  still a few bugs.,CRASHES
Really fun But  is there more classes to be if you donate,FEATURE & UI BUGS
Bad Not working on nexus 5.after downloading it doesn't appear on phone at all...,CRASHES
Raise to wake feature Hello  love this app but could you please add raise to wake feature... Ac display should pop-up when I raise the device.... I know it works when u take it out of the pocket but would be great if it works simply when u raise it like moto display does... Thanks,FEATURE & UI BUGS
Not showing mA No use  as the main function is not working. 0 mA all the time.,CRASHES
Great app Please add instrument selection and sound font feature. This app is really cool.,FEATURE & UI BUGS
Screen timeout bug Screen timeout with headphones doesn't work ( does not sleep). Please fix,CRASHES
Not safe yet! Keeps going off  no prompt. Also knocked out my Nova launcher and took me back to default Android layout until after I checked my apps list  then the launcher returned.,CRASHES
Does not work Widget just brings up settings menu when added to page,CRASHES
loved it but problem with remote mouse i loved its all function. its really amazing. i don't know its a problem of desktop kde-connect or android app but certainly there is problem with remote mouse. right left click works fine but i can't move mouse from this app using remote input. otherwise i loved the concept and all its features.,CRASHES
Great app but Please add dictionary option where we can add and replace a word that the tts cannot pronounce correctly.,FEATURE & UI BUGS
Please add control customizations,FEATURE & UI BUGS
Fantastic idea  but needs a little polishing I'm on a 5.7in note 4 and the tweet box you type in is bugged. It cuts off the top half of the letters  and the second line only comes into full view when you get half way across it. I would suggest bringing the whole box down maybe 5% so the top bar doesnt intrude. Also theres an issue with force closing when you tap the app when its been open in the background. To beat it ive to open running apps and go in that way otherwise i just start it again once it closed. Plus i would make the tweet button larger.,CRASHES
So far  playing Zelda: The Phantom Hourglass is great! But  I can't access the emulator menu once a game has been loaded. On the Galaxy Note 5.,CRASHES
STOP  STOP  STOP Some remaining fails on that 4 letter word. Train stops/stations are shown with unrelated icons at different zoom  one zoom level gets bus icon. At some zoom levels bus stops disappear behind supporting features such as bicycle racks and waste baskets. And when invoking address geo intent from phonebook  it toasts nothing found and doesn't even open (address tested is in built in address search!). Getting better though now 4.5 stars.,CRASHES
Archiving Please add new feature  archiving feature  so i can delete the chat without losing the chat history. This will be useful. Thanks.,FEATURE & UI BUGS
Amazing  but.. It needs more base customizations for the clock itself. Positioning of text  text size  etc.,FEATURE & UI BUGS
This app is amazing! By far one of the best ones out there. With little to no problems this app has become my favorite. I do have one request though. Can you please add two things. 1: can you please add in a rainbow wheel thing so I could have a larger variety of colors? That would be amazing. And 2: It sould be even better if you can add a feature where you click on the color and that becomes the color you use. If you could do that  I would love it  thanks!,FEATURE & UI BUGS
It works. Overall  the app works and the ability to search by name or number and a quick link to the explain page is rather nice. Unfortunately  the UI is rather dated and you can't zoom in on a single panel. The inability to zoom on a text heavy comic is definitely this apps biggest problem  especially on a phone  and why I'll probably just stick with the website and only use this to save comics I want to reference often.,FEATURE & UI BUGS
Wrong directions Its not showing exact Directions it's showing wrong on Moto G 3rd Gen (Marshmallow),CRASHES
Center the image Please allow us to choose whether we want the wallpaper to be swipeable or just leave it there and crop it or select where to be the center of the pan. Please! Been waiting for 3 years to see if you figured that out,FEATURE & UI BUGS
Great Wow amazing! basically the best drawing app ... could only be improved with a couple more features: custom images dimensions  pixel-perfect/non-antialias brushes  layer support  lasso/marquee selection tool. Add that stuff i'd def. pay for a pro version!,FEATURE & UI BUGS
Poorly written articles  factual errors. I downloaded the simple version and was disappointed to find that most of the articles were written from a Christian rather than scientific point of view  often blatantly excluding fact. The articles were poorly written  which makes it seem like they were some sort of religious high school project. I had hoped to download the full version to see if it contained different articles  but the links appear to be broken  at least from my Nexus 6P.,CRASHES
Awesome app wonderful except when I bought the app yesterday I could send voice text when I went to messaging and today I can't I'm trying to fix it will give 5 stars when I can voice text again my voice indicator is not showing up anymore can you help??,CRASHES
Good but not Best This emulator crashes. Games like wwe 2k14 wwe smackdown vs raw2011 tna impact cross the line etc doesn't work. these all games went only black screen on selecting game to play.Please please solve my problem.I m a huge fan of games.So please make an update fixing my problem.And please please replay me.,CRASHES
Where is an interface? Why it crushing at second launch?,CRASHES
Unable to upload photos Would be great if I could upload a profile picture or gravatar. Its not working. Will give 5 star once this is fixed. P.S. I first commented this in Jan. And this issues is still not fixed in April. What's up. Really want to get things rolling.,CRASHES
Waste of time Keep.on going back to the playstore screen,CRASHES
Wonderfull app! Started using it yesterday at work and it works great for my type of projects! One thing i would love is to have an option to always show the notification (even if no timer is active). That would be awesome together with Lama!,FEATURE & UI BUGS
Does not work. When I turn on the app now it freezes my phone in a black screen.,CRASHES
Well  the app is nice... Used the F-Droid version for a while and now I've bought it. The only thing I don't like about Conversations is the theme color  I can't switch green to some other color  and bright green makes my eyes hurt. Please add an option to switch the theme color.,FEATURE & UI BUGS
Needs improvement Not all notifications appear on the always on display and often out of no reason it flickers. Stil a few bugs that needs removal and need to be more stable and clean.,CRASHES
App in the works Still obviously being developed  but lacking features. Please add an option to add someone to my contacts from message thread.,FEATURE & UI BUGS
Recent version does not scroll I've been using this app for a very long time. The recent version no longer scrolls to the bottom of the window  for example  when listing a long directory.,CRASHES
Great App Really easy to use. Love how it navigates. One suggestion  program a setting to open Strong's links and notes in the parallel section when touched in its opposite section.,FEATURE & UI BUGS
Sun is out at 1am It is showing the sun rising at 1 am.,CRASHES
Fix the update Continuously Lagging   crashed  not responding. Pls fix this bug,CRASHES
double tap to focus doesn't work On my Galaxy s6,CRASHES
Great promise Works well. Needs save states. Soul calibur works great except for levels with 2d backgrounds behind a 3d background. It has an odd screen tearing look only in the 2d backdrop. Sonic Adventure works great with minor graphical issues in character select screen and with Sonic's eyes,FEATURE & UI BUGS
Problem Visiting a friend's page  about  details  I can't scroll down anymore. Please fix this.,CRASHES
Please add wild cherry color scheme (there's a putty config on github  and I'll be sending them a pull for mintty soon),FEATURE & UI BUGS
Every thing is fine if u add calling feature. Please add it.,FEATURE & UI BUGS
Really great icon pack! Everything's sorted out except for the fact that a custom style applied to the theme appears to break / prevent some apps from loading. One example is Feedly. If I apply another icon-pack in CM11 aside from this  the app loads as expected. Any chance we can take a look? Keep up the good work!,CRASHES
Nice design and functions well. Proximity sensor to call is a bit broken. When I place my phone on a desk while in a conversation it will start a call. Fix that and customizable swipe functions like mark as read or delete a conversation and this app would get 5 stars. - Running on OnePlus 3 PureCM Rom,CRASHES
Good but... I can't see linked images,CRASHES
Good app except for... it doesn't respond to screen taps half the time on LG G2  making it difficult and annoying to navigate. Also is not downloading NYTimes puzzle  despite correct account info entry.,CRASHES
"By far best MAL app Great app  very useful. Only issue I have is the personal info page  it seems like sometimes it ignores the info I put in  even on the latest version. Maybe consider having a discrete """"""""update info"""""""" button at the bottom of the page? It would be useful  cause I'm not really sure when/if my change is getting saved to server.",CRASHES
I really like this app. I like the simple/minimalist design. Only problem is when I set timers regardless of the timer/clock app  AcDisplay stops them from making any sound. They show up in the notification but no sound. No problem with alarms  just timers.,CRASHES
Great  but pretty buggy. Often after the app has been running for a while  channels seem to not be reliable. Especially if I use a client on the computer in between sessions. I was very confused when I opened one channel to find a completely different one. Sometimes  the list of people who are online are off too. I've once found someone logged in under the same nick 4 times (that's a bug). Its because it doesn't seem to always register when someone quits or parts.,CRASHES
Great app  update option to change volume on background noise is fantastic. Would love if could set own frequencies. Hope to see more presets :-),FEATURE & UI BUGS
The only option i need is the one to backup the sms/mms as soon as it's received /sent... please add it.. thanks in advance.,FEATURE & UI BUGS
I like but one thing missing It's Possible for each widget display different calendar? I use this with popup widget.,FEATURE & UI BUGS
Still love it but.. Having some weird glitches recently  delayed sending isn't working. I also get a black screen for a second or two when opening a full conversation when the phone is off or when the qk reply closes in a conversation. Keep up the good work. Where should I go to submit bug reports?,CRASHES
Awesome app Love the app so far. Helps me to keep track of my build status & issues wherever I am  just a small request can you guys add a build status identifier in the builds tab and polling+auto scroll of the build log?,FEATURE & UI BUGS
"Can't cut alarm off!!!!! Runs for a whole minute! Ignores how many times you hit the """"""""Dismiss"""""""" button  or how long you hold the """"""""Dismiss"""""""" button down! Hate this app! Useless if you cannot cut it off!!!",CRASHES
The back/erase button in the Hebrew keyboard stopped working! This is a nightmare!,CRASHES
Doesn't work Displays the songs but does not let me edit any  which renders it useless. Used to be the best app  oh well.,CRASHES
Promising  needs enhancements. Such as displaying multiple sensors data at once  graphs should have X time base options  left menu sidebar would be useful  esp. with record/stop buttons. For now Androsensor has far better ui and functionality.Although here graphs and GPS NMEA are unique features. Also not all possible sensors are used.,FEATURE & UI BUGS
"Does not deliver Confused as to why people think so highly of this app. Just because the app says the cache is clear? To verify I simply looked at one application's cache  ran the cleaner  looked again and it was unaffected (yes  I refreshed the screen). Did this on different apps and found one was cut buy 1/2 but by no means """"""""clear."""""""" Perplexing and uninstalled.",CRASHES
Good but... The interface is a bit laggy  specially when the screen slides in and out. Give it a material makeover.,CRASHES
Great Simple App Please add the option to overlap the navigation bar.,FEATURE & UI BUGS
Double tap doesnt work in note 5,CRASHES
I love it. Please don't change the icon ever   I love it!!! Please add the option to add songs to especiphic playlist and search by genres. Also add feature to number the songs while in play.,FEATURE & UI BUGS
Won't open Every time I clean click on icon  it won't even open. Twice I have sent the crash report,CRASHES
Great app. Shift issue. I love this app  though there is one critical issue: during certain periods of the year  events show as one day early. I believe that this is an issue with DST  in that Egypt cancelled it.,CRASHES
Great app. One or two bugs Hated the permissions of the official fb app but this app works wonders. Never runs in the background and doesn't get access to my entire phone like the official app does. Only real issue is that you don't get a notification sound for incoming notifications. This can be solved with the notifications for Facebook widget. Overall great app and great concept,FEATURE & UI BUGS
Still love it but I taught a ladies Bible study last year. I wanted to put the verses in the order I was going to present them. Going from one cross reference to another but not necessarily in Biblical order or Date order. Sorry  not sure I can explain it better.,FEATURE & UI BUGS
Problem When i clicked the like button it doesnt let the number change and it glitches,CRASHES
Thank you omg! Thought my new tablet wasnt charging right. Turns out to be a faulty cable. Please add lollipop support,FEATURE & UI BUGS
"Force Closes on Marshmallows When tapping """"""""""""""""""""""""""""""""All Activities"""""""""""""""""""""""""""""""" the progress bar will get to 70% then the app closes. Needs to be fixed. (for a 3 or 4 star rating.. The UI is weak as well).",CRASHES
Nice game A little bit more improvement and its 6 star game. Can you kindly please add a reload option,FEATURE & UI BUGS
Why not a fingerprint Support? I'm currently using S6 edge plus and I liked this app a lot but it doesn't support fingerprint  because of that I to press my home button to unlock my device. PLEASE add a fingerprint Support.,FEATURE & UI BUGS
I like it. I like this remote. Just wish there was a button to change the zoom functions. Or if there is I haven't found it yet,FEATURE & UI BUGS
Video Problems I've never had a problem with Facebook  though this last update with the new video watching feature has done nothing but freeze my app  which freezes my phone  I have to lock the screen then go in and swipe the app closed. It won't load the videos 90% of the time  when it doesnt freeze it usually loads the audio with a gray screen. 75 updates later I'm still having freezing issues and primarily caused by videos. Also when I visit someone's page I can't scroll down but the scroll in the news feed works.,CRASHES
Worked great at first  then... Resets EVERY time I open it and/or restart the phone...The first few months that I used this app were great. Worked well and no issues with it missing steps. Over the past few weeks  however  about 50% of the time it doesn't start counting until I go into the app! This has caused bad data and the many updates since have done nothing to fix this. Will be using something else soon if there is no permanent fix. What a shame.,CRASHES
Good Thank you for making this app but it would be better if it shows verbs' english meaning,FEATURE & UI BUGS
Please do something about it I use this for my tablet and it lags a lot and it deleted all of my pictures. I had like 64 pictures and it deleted it all and there is no way I can get it back. I like taking pictures on it and I would continue to take pictures on it if my photos didn't get deleted. Please fix it!,CRASHES
Every time I want to send a snap or a message I have to uninstall and then reinstall the app   otherwise it doesn't send or it crashes   fix this please,CRASHES
Font is too small! Please make the font much bigger! If it is so small I can't read it at a glance  and can barely read it when squinting  it isn't very useful to me. Uninstalled for an app that's similar  but only ~59K vs ~1100K  and uses a larger  readable font.,CRASHES
Ideas On the next update could you include the ability to see the recent added on top of the list / recent to oldest,FEATURE & UI BUGS
Need to see Tasks too I really like the interface and compatible with S Planner calendar nicely but it would be better if I can see tasks that are saved in S Planner too.,FEATURE & UI BUGS
Stopped using Constant message count overlay on icon even when I read all the messages. I did reinstall to get rid of this. Additionally constant notification about unread message with button supposed to mark it read  but when pressed  notification goes away just to m?k? another appear with the same message unread. Not even funny. Bad bug. Awful. Dev seems not to care at all.,CRASHES
"Used to be great This app is driving me crazy. I used to live it before they """"""""""""""""""""""""""""""""fixed the bugs"""""""""""""""""""""""""""""""" now it's working terribly. It worked perfectly before. Restore it please. When I finish a puzzle it doesn't even register the fact that it's complete.",CRASHES
Not bad so far Does what it is supposed to do. The only issues I noticed were weird behavior when long-pressing entries and not being able to move items from one list to another.,CRASHES
Pls add only lockscreen wallpaper support Cannot set wallpaper on lockscreen individually.I have to set wallpaper for both home screen as well as lockscreen.. Please add a feature through which we can set wallpaper only on lockscreen,FEATURE & UI BUGS
Many problems. Filter voices hardly work  doesn't record any videos  my filters are gone on videos  and a few disappeared for when I take pictures too.,CRASHES
Nice app Please add support for reminders. It's the only thing that's keeping me from switching to this from the standard Google widget,FEATURE & UI BUGS
Great app A very solid app. Crashes every once in a while but the interface is great and it's super easy to find my favorite shows (onpoint with Tom). Love the hourly news updates.,CRASHES
Can it at least show the info for non root users.,FEATURE & UI BUGS
"Great app Occasionally have syncing issues and this could still use an """"""""add to collection"""""""" button when viewing games though. If that were in  it would be 5*",FEATURE & UI BUGS
Switches off my WiFi... ...while I'm reading News Republic or play games (htc one m9 and Nvidia shield tablet). Please correct. Edit: I can confirm another two Android phones switch off Wi-Fi randomly by your app. Are you sure that once you trigger the counter it resets when the screen is on again within given time? I recreate the script in automagic and had same issue  now I use automagic on my rooted devices  but I would like to use your app on unrooted ones.,CRASHES
Very good but... This is a very pleasing change on the look of my phone but on Android KitKat  when you open the notification bar  The rounded edges doesn't wear off  PLEASE add the feature to hide the top-left and right corners when opening the notification bar,FEATURE & UI BUGS
Pretty good. Would be nice to wrap the widget header when resized (see full text for day  month  etc). Maybe be able to hide the new or settings buttons. Otherwise  great alternative to Google widget,FEATURE & UI BUGS
Good concept but too unstable A crashing editor is something unacceptable. Unfortunately  Vim Touch crashes quite often  with data loss as consequence. Nevertheless  the app looks very promising... 5 stars it was stable!,CRASHES
F.c App fc when hit back button!,CRASHES
Really cool gadget for RF engineers Restarts driver when changing orientation. Please fix that. Additionally would like to have MUTE button alongside with other buttons. Another issue is: let user choose whether he/she wants kHz  MHz or GHz when entering freq. Thanks in advance!,CRASHES
Great Accept... No scrolling between lines cannot see the next line of words whilst typing fix this please and will give you 5 + ?. In a new message I can not see what I am seeing beneath the first line of text,CRASHES
Reverse Order of Tasks in Tasks List It would be better if the app shows the tasks in order it is there in tasks in web. I couldn't see any option for it.I only see some other sort orders which aren't helpful.,FEATURE & UI BUGS
Size an issue Just takes up too much room on my home screen. Running Lollipop so mainly used as a home screen widget  for me. So much space...wasted. However  all things considered  a very good application.,CRASHES
Good Please add use background wallpaper status bar,FEATURE & UI BUGS
Great Works as described. One thing though. There could be some nice animation when lighting up the display. Not just sudden screen. Maybe something similar to iOS.,FEATURE & UI BUGS
"Adjustable """"""""Google calendar"""""""" widget!! Excellent jobs guys! This widget is great. It scrolls  unlikeTONS of other agenda widgets I've already tried and uninstalled within 5 minutes. This widget is wonderfully SIMPLISTIC. The only drawback is the fact that I can't adjust the event color  which does require a darker background.",FEATURE & UI BUGS
years old design They still have the menu button!!,FEATURE & UI BUGS
Love this app if it works I've tried many sms this one looks good. Couple of things would make a brilliant app 1. Allow contrasting colours. 2. Give avatars material design colours. If no photo. 3. Seems strange to scroll threads up rather than down. Only been using this for a couple will do a more in depth review after a couple of days. Having used this app for s week now its great but why does it keep calling people I text? Had to stop using this because it keeps calling people I text,FEATURE & UI BUGS
Needs fix Still shows a charging current value when not charging and refreshing of the current charging ampere is not apt.,CRASHES
Tardis wallpaper missing??? I will give this five freaking stars if you please add the tardis wallpaper that is shown in the preview for the app. The wallpaper with a large tardis  and the doors opened  seeing inside. Please! I've paid for a few of your apps  I'm a customer. :(,FEATURE & UI BUGS
Never showed up Installed and followed instructions but never showed up in widgets list. Using android tablet  needs to be an app instead of only a widget!,CRASHES
Amazing.... But It really needs to get a pass code option for the lock screen option but other than that is an amazing app,FEATURE & UI BUGS
"Great! Does exactly what I was looking for. Kind of a """"""""moto display"""""""" type thing. The only thing I don't like is that the animations aren't super fluid. Like swiping up to open one  it just doesn't flow like I'd like it too. But that's just nitpicking. Galaxy Note 4 5.1.1",FEATURE & UI BUGS
New update can't add pictures With new update broke the app  can't add pictures anymore.,CRASHES
SEARCH RESULTS Search doesn't work when typing on keyboard  That's REALLY annoying. Like it doesn't search anything i.e. respond when I'm tapping on the keyboard. Fix that issue please. That'd be great!,CRASHES
Works great Can you please add secure lock functionality?,FEATURE & UI BUGS
Love It! I used to develop for iPhone and this reminds me of seeing iOS 7 for the first time. An OS with a fresh breath of life. I would like to see an option to have grayscale only on the homescreen or the lockscreen as well as be able to customize the Android Wear watch face!,FEATURE & UI BUGS
Doesn't work UI terrible Move on Just garbage. Maybe it's been abandoned.,CRASHES
Developers are obsessed w fixing tiny bugs and adjusting tiny factors of gameplay instead of finishing a game that already plays nearly flawlessly  why won't you finish the final areas and story? Would love to see this game updated/finished this game and cyber knights RPG have a lot to learn from eachother 2 of the best android games I've played  if only the 2 styles were meshed together somehow they would both be perfect games.. this game really needs spells/archery or some form of ranged battle..,FEATURE & UI BUGS
Works great and then stops counting I'm having the same problem that I see others reporting. It will go anywhere between a day and several days counting steps accurately. At some point  I will look down and see that it has stopped counting. Using a Nexus 5. Powering off the phone and turning it back on gets it counting accurately again. Don't know if it's a hardware or app problem but this issue limits the usefulness of the app. 5 stars if it gets fixed.,CRASHES
Great Awesome for looking up and saving Cards I just find myself wishing there was a share button to send to other people,FEATURE & UI BUGS
Update broke it. Doesn't respond to screen tap on Note4.,CRASHES
Does not work I can not get out of settings,CRASHES
please add feature for hiding percentage...i aked you before  on email,FEATURE & UI BUGS
Would be better if you could save image. And some sort of ad/sponsored blocking (if possible),FEATURE & UI BUGS
Hallelujah! I have been missing Astrid ever since Yahoo! killed it. Never did find a to-do app that could quite replace it. So glad to see the open-source base recovered. Can't wait to see where this goes and what improvements it may bring (not that there is much room for improvement -- it's pretty awesome as is!). I do wish there was a Dropbox backup sync included. Other than that  I'm quite happy.,FEATURE & UI BUGS
It used to be amazing  but now it randomly stops displaying my notifications and even working as a lockscreen. I wish it would work properly again  because this used to be 5 star perfect lockscreen,CRASHES
Does the job well Clean UI  but it lacks some of the latest devices. I think it can be better organized. Maybe have headers of each OEM that are clickable and show the supported devices of those devices in thumbnails. Really needs the S4 and or Note 3. Screen shots don't look good on certain devices because that's not that device or skin.,FEATURE & UI BUGS
Almost perfect Could it be an option to remove the notification  and also please add an option to launch a custom app from one of the corners,FEATURE & UI BUGS
"I send 0.0000546 BTC to 1271aKQNsbmHckc2aKpzFCzuB3VL8gnJBW  the transaction is successful recorded in blockchain  but it show """"""""existence of this is not proven yet"""""""" is it only detect proven from 1satoshi transaction? ps:I am using bitcoin wallet 4.34  it is not allow too small amount transaction",CRASHES
"latest update broke export I cannot share a file to seafile anymore. When i try to share a file  i keep getting presented with the """"""""please setup an account first"""""""" splash screen. Meanwhile i have my account set up and it is working perfectly except for the sharing.",CRASHES
Can't read anything Font size is seriously miniscule on Galaxy Note 4. An 80x25 screen is smaller than the tip of my finger. There is no font size adjustment  so the app is useless.,FEATURE & UI BUGS
No option to mute camera click sound..,FEATURE & UI BUGS
Yes Easily the best lock screen on the store. Would be better with a password option though.,FEATURE & UI BUGS
Sometimes the double tap option does not work i recommend u to fix that,CRASHES
Keep going Great application so far  need additional features like automatic folder uploads and the ability to select multiple files. Looking forward to future updates!,FEATURE & UI BUGS
loved it but problem with remote mouse i loved its all function. its really amazing. i don't know its a problem of desktop kde-connect or android app but certainly there is problem with remote mouse. right left click works fine but i can't move mouse from this app using remote input. otherwise i loved the concept and all its features.,CRASHES
Didn't show up as a widget(at first)  can not show current Lenovo Ideatab A-3000: I needed to uninstall and re-install to get the widget into a list of addable items. Shows volts  battery status but no amps. Did not help to sort out which of my cables have too much resistance when charging then. Sony XPeria Go: On my Sony ST27i works okay(It seems I can not write separate reviews for 2 devices  that would be atleast 3 stars for Sony).,CRASHES
Just great all around. The app is clean  functional  and has a quick reply feature that works better than other apps. Just about no complaints  it was money well spent. The only issue is that the shortcut on my home screen (GEL) deletes itself on restart.,CRASHES
Great game but it would be nice to have more color for the visually impaired. If you get that even as an option  you would get a 5.,FEATURE & UI BUGS
Defuq with that white icon cropped background??,FEATURE & UI BUGS
It syncs down items added via the website  but doesn't always Sync items added on the phone to bgg. A full sync does not add missing items to bgg  just seems to grab new items on bgg.,CRASHES
Great app Only had this app for a little while but what I've experienced is pretty great. There's only one problem that I had which was no scroll bar. I have a lot of texts and I don't want to manually scroll to find something g k sent a month or so ago,FEATURE & UI BUGS
OnePlus 2 Please add option to turn on/off capacitive backlight. I don't like to see the capacitive backlight on when there are any notifications.. It also saves a battery. Plz add this option.,FEATURE & UI BUGS
This app works great in conjunction with phpsysinfo  but it's a bit simplistic  and doesn't have all the features of the web interface. Please keep implementing features  and I will gladly donate money.,FEATURE & UI BUGS
Weather no longer works The weather portion of DashClock no longer works. Can you reach out to Weather Underground to see if Dash Clock could pull weather info from them?,CRASHES
Problem Can't get the double tap to wake feature to work I click it then try it it doesn't work,CRASHES
Great app but I am having some problems when i post something it fails. it is not even showing me my current posts which I have posted from computer. no peer certificate error and by 3g it was uploaded.,CRASHES
Fantastic Best mh4u database ever. But armor builder function is still bugged when I adding new set it doesn't show up,CRASHES
"Force Closes on Marshmallows When tapping """"""""""""""""""""""""""""""""All Activities"""""""""""""""""""""""""""""""" the progress bar will get to 70% then the app closes. Needs to be fixed. (for a 3 or 4 star rating.. The UI is weak as well).",CRASHES
Night mode Please add night mode and dark theme options.,FEATURE & UI BUGS
Cant remove the :80 port....,CRASHES
it backed up all texts and pictures to my Gmail account and everything is there. But the restore to my new phone did not include pictures just texts. did i do something wrong with the restore?? I can give it 5 stars if i get a solution.,CRASHES
Its actually good just need to be a little fast . please add a search option for the search of posts as well . please please its a request add all the post modification options in the app,FEATURE & UI BUGS
moto g4 plus great app love this app i suggest u plz add option to change the background colour or add an image,FEATURE & UI BUGS
It helps me keep track of my expenses and provides ease of reference for similar transactions on future dates. I would have loved to be able to link it to my other devices incase I misplace or change my phone. It would be good to also see graphs/trends. I hope that's work-in-progress! Thumbs up!!!,FEATURE & UI BUGS
Fantastic Please add customized wallpaper for lockscreen. As currently it either uses homescreen wallpaper or solid background. There is no separate option to set wall for lockscreen only,FEATURE & UI BUGS
Great  but needs a little work This app is great  but It needs a little work. I can't access home screen widgets n just see a blank space,CRASHES
It's nice It's nice but anything below a corner radius of nine has no effect.,CRASHES
You cant use Android without even debugging it You cant use Android without even debugging it  could you? Helps tracking down bugs.,CRASHES
"Great except one thing Please add some padding between the d pad and the home/picture/video/music/programs list on the bottom. I keep missing the """"""""down"""""""" arrow and clicking one off those links and losing my directory on kodi. Thanks",FEATURE & UI BUGS
Very basic  needs more functionality I would like to see a much better picture/photo viewer in the app  (downloading every picture I watch is not a good option for me). A gallery similar to the web logon interface would be really nice for browsing pictures! Updating server content is very slow sometimes (especially when a lot of data has been added to the server at one time).,FEATURE & UI BUGS
Useless I installed and it showed nothing only a blank screen,CRASHES
Really works ... Please add something related to weight loss,FEATURE & UI BUGS
Very good. This app is actually very good. Shows a lot of potential and being able to use it as a remote control is brilliant  what I've been looking for for a long time. Would like to add a few features just hope the dev keeps on improving it. Would happily pay for this to support it.,FEATURE & UI BUGS
MMS Issue I want to like the app  for a while I had primarily used this as my SMS application  however I have too many issues with MMS(picture and group messaging). Pictures will randomly not show up that have already been sent or received  scrolling up and down may make them show up again. The biggest issue is with group messaging. The app does not always show which person sent the message and you have to check details of individual message to see the number. Had these issues on 2 different phones.,CRASHES
Buggy My words added to dictionary for English (US) doesn't work properly.. Even after touched to save the word  again n again it asks.. When I directly go to settings and dictionary their multiple entries are present  if I open one the duplicates disappear  but at the end of the day the saved words are not at all saving n making typing a tedious task. Fed up with this..! Please make it bug free  I'll again give 5 stars.,CRASHES
Many bugs When i touch the controls it doesn't work  and their are graphical issues like screen flickering. Sounds great  pls fix the controls and graphics,CRASHES
Call feature Please add call feature ___,FEATURE & UI BUGS
Unusable I have same problem as Emma Dannan - cant see nothing but white and gray squares instead of text - doesnt matter if through app or live wallpapers. Cant set anything  cant use! Only stupid ad looks OK. Im angry and uninstalling immediately!,CRASHES
Excellent Widget Galaxy S4 I installed the widget and it appears to be working. Shows 1900 mah which is close to the 2000 from my charger. Unplugged showing 460. Not sure if accurate as my phone is a Samsung. Is this still a problem? Suggestion: Have the current show positive and negative.,CRASHES
But the last update.... Love this game and the fact that it doesn't require any special permissions  but the last update deeply affects playability. On my nexus 5 it doesn't recognize upward swipes most of the time. Left  right  and downward work normally.,CRASHES
Good but room for improvement. Love the fluidity  but should have the option to customize different colors for different contacts (like Google's messenger app). Also  the ability to make the text box full screen to see a large message you are typing is a great feature.,FEATURE & UI BUGS
Worthless peice of garbage It jst keeps on showing only the intro page whenever i opn it n would nt read the books i put in it,CRASHES
Resize doesnt hold I resized the widget to full screen. Then next time i scroll my screens to that page the widget shrank back to the original presized size only showing 2 days agenda when i have a full month agenda,CRASHES
Great Great. It works  partially. The menu button brings the menu up at the bottom for half a second or less  so that doesn't work,CRASHES
Please add feature for split screen.....,FEATURE & UI BUGS
Good app that could become great with minor changes This app does exactly what it advertises and I have been very happy with the results. It took a few tries changing the settings to get the best results and good battery life. A new feature I would suggest is having the ability to save settings profiles. For example so I could save settings that would log slower for when I hike verse logging faster for when I am cycling or in a car. This app works great with photo goetagging applications  recording bike trails  or recording directions. Thank you for producing a quality product.,FEATURE & UI BUGS
need more features Too many modes! Analysis mode? waste of time. would be better to have a button on the main display to quickly start/stop engine in game review mode and game study mode. This will allow user to quickly start/stop engine  save battery power and analyse game without the long procedure to keep going in and out of analysis mode. Also option in setting to show arrow on display for engine move when analysing would be nice.,FEATURE & UI BUGS
Love it! But.. I know it may seem dumb but can you please add a pass lock from the app itself (I love the app but I also worry for my privacy_??_??Its the only reason i dont use this as much as I should..),FEATURE & UI BUGS
Can you add a few of these features/improvements? 1. Video Calling: Pease make it a priority. 2. Editing Media messages: Please allow users to edit media messages as well or recall message. 3. Chat Background: Please allow editing image (clipping  scaling especially). 4. Blocking: Don't let the blocked user receive messages that weren't delivered. 5. Encryption: Please encrypt messages by default  even WhatsApp is doing so. 6. Compression: Allow selection of media quality. 7. Deleting Media: Please add an option to delete shared media permanently.,FEATURE & UI BUGS
Not useful It's nothing but a simple web interface for facebook. Besides check in does not function.,CRASHES
Edit: Feature implemented.No transfers between accounts with different currencies. Other than that looks decent but it's probably not for you if you use multiple accounts with different currencies often.,FEATURE & UI BUGS
Cant find any widget There is a screen icon  but no widget. The icon lets you customise the widget  which cantbe found. Low rankings are. exactly what users should post if it doesnt work.... I'll 5 star when I see mA.,CRASHES
Nicely layed out Excellent. Well thought out. Very intuitive. Shows you your space hogging files. There are other apps like this  but not as concise without the BS. It does lack some features that could be useful  but the small memory footprint let's the app do what its suppose to. File managers don't even have graphical display  so this is what I needed. Great work developer.,FEATURE & UI BUGS
Hooray for ads! Three full screen adverts to change one picture. Go away. Uninstalled.,FEATURE & UI BUGS
Great browser Works great and I can use folders in the bookmarks  don't know of any other Android browser offering this. I just have two issues: 1.In tablet mode it's sometimes unresponsive  especially with multiple tabs (no problems in phone mode). 2. In phone mode it doesn't display the three dots and CM11 disables the menu key  so I can't get into settings...,CRASHES
STOP  STOP  STOP Some remaining fails on that 4 letter word. Train stops/stations are shown with unrelated icons at different zoom  one zoom level gets bus icon. At some zoom levels bus stops disappear behind supporting features such as bicycle racks and waste baskets. And when invoking address geo intent from phonebook  it toasts nothing found and doesn't even open (address tested is in built in address search!). Getting better though now 4.5 stars.,CRASHES
Have to have an account In order to subscribe or follow someone you have to make an account on the app. You can't just subscribe like normal. Also it takes along time to upload photos.,FEATURE & UI BUGS
Indispensable When Out of Cell Coverage And that is when you really need a map  right? The user interface can be obscure (like after a long tap on a location  how to make that go away?)  but mostly quite nice. For a map while driving  showing where I am  not as pretty as Google Maps  but more functional. Swipe down: Didn't think of that. I tapped elsewhere  could you make that do it  too?,FEATURE & UI BUGS
Doesn't work with the HTC one m7. Shows 200-400 000 mA.,CRASHES
HTC one problem Unfortunately on the HTC one I am unable to drag the dashclock to make it my primary lock screen widget  otherwise it would be 5 stars for a great widget.,CRASHES
" \\No data"""""""""""""""" after upgrading to Android N CurrentWidget have served me well for a long time. However  after a system upgrade to Android N the widget just tells me """"""""""""""""no data"""""""""""""""" when I try to read charge or discharge current. So as of now it's unusable  but hopefully a fix is on its way.""",CRASHES
"Just what I needed This app seems to do everything I need being able to import my Quicken without any trouble at all. I have not tested the export yet but probably it will work just fine . One minor glitch  and that is in the category list. The list is in case sensitive alphabetical order. This means that every category that begins with a capital letter will come before any category that begins with a small case letter. Thus """"""""Garbage"""""""" will be in the list where you would expect but """"""""goodies"""""""" follows """"""""Zebra.""""""""",CRASHES
[Update] Well done. Except bug. Anything else? Clapping my paws. Things greatly changed in the past several upgrades. Features become handy  UI got a overhauled update. As I said before  if you have big.Little struct CPU  go and get this. However  under interactive mode  big cores freq table editing is not functioning. Hope there's gonna be a fix. For the UI  I don't get people why complaining about it. Till I checked their accts  and found out that low-end users with low range phones are having great issues. (Maybe old one looks more professional?) Cheers!,CRASHES
Awesome widget  but the deal breaker is that it doesn't open the system clock / alarms when tapped. Rats. Edit: Holy crap! You are are awesome for updating that. Why the extra option for clock settings though? One tap to just open stock clock / alarms would be best  to stay consistent with how the stock clock widget works.,CRASHES
Love it Great always on display but I would like to see more customisation and better battery optimisation,FEATURE & UI BUGS
Ok but more icons would be appreciated Can you please add an icon for Google messenger? Also popular apps like Netflix and more could use an icon.,FEATURE & UI BUGS
"Great Taiwanese IME - Some issues 1. Don't need close keyboard button  back button should do it (going back in activity stack is wrong). 2. Leftmost selection box needs min width  i.e. single """"""""-"""""""" too narrow to tap. 2.5. """"""""-"""""""" key should insert """"""""-"""""""" without suggestions. 3. Input tone numbers in Latin mode. 4. Always switches to Latin mode  I want Hanji by default. 5. Missing lots of punctuation  no full-width. 6. Space should enter what I typed  not select first Hanji from list. Typing English is too hard. 7. Backspace is very broken.",FEATURE & UI BUGS
The only one It is a great emulator. No other emulator can do such emulation. But it really needs a save state to instantly save and load game. Please work on it.,FEATURE & UI BUGS
Cool app Excellent if you want to see how much space things are taking up on your device/storage.. not good at showing the weather,FEATURE & UI BUGS
Like it  not 5 star material Just please add a lock functionality and make it an actual replacement lockscreen like other lock screen apps please _??_??,FEATURE & UI BUGS
Great app Arrow key bar needs to stay on screen 3x longer. Esc key is broken  will add a character when pressing it when cursor is on a word. Also  would like to be able to hold the arrow key down to move cursor quickly.,CRASHES
Great Great rss reader would give 5 stars if could scroll articles with volume button,FEATURE & UI BUGS
" It's cool Still needs improvement tho. A bit of lag when locking the phone  it takes a couple of seconds to responde even with the \\""""""""""no delay"""""""""""""""" option. Plus I like the sound when the phone locks and with this app that won't happen. NEEDS PASSWORD. I don't like keeping the secure pattern of Android because it's like having two lock screens and that's just not the point. Other than that it is a great app! Lol.""",FEATURE & UI BUGS
RC 7 is overdue. Please update this  if only to add support for Android TV.,FEATURE & UI BUGS
Good ...could be better. Love NPR and it's content. Am a local station supporter. How come Android app's personal playlist can't be saved for future listen? I always have to scroll through and re-add stories I had previously added to the play list because they aren't saved once I shut down the app! Please add this critical function.Quit shoving NPR ONE app down our throats. Update this good app please!,FEATURE & UI BUGS
Armor builder needs upgrade Try make mix sets with armor of different ranks but cannot Please add another option for mix sets with all armor selection. Thank you ?,FEATURE & UI BUGS
Using gone Galaxy S4 tablet. The App won't let me login to my account and when I click to any subject it shows nothing in the folders. I use the website but wish I could use the app.,CRASHES
Can not open new background tab Fixed,FEATURE & UI BUGS
Still buggy Startup time is slow  search is sluggish and sometimes certain buttons fail to work when pressed. Went back to Relay.,CRASHES
Change doesn't always suck But latest change to Android O'S made this app a Hoover of gigantic proportions! A favorite  often used app just went from rating of Solid 5 to a WTF 1. Appears to still work  but in reality is now just an irritating guessing game. Hundreds of stored items on my list now invisible with lookup being white font on white background. I make one request to all app designers - update apps only as needed and test before pushing as update. Finally  one demand - FIX THIS APP NOW!,CRASHES
Good It's good  I like the interface but one cannot play the squeezebox apps like digitally imported etc as far I can tell. Other apps allow this. Also  it will spin attempting to reconnect to server forever if there is a network issue,FEATURE & UI BUGS
Needs a couple more features to be perfect. Please add the ability to skip forward and backwards by n seconds. Also  after a pause or exit  play back n seconds from the last pause. Other than that  great app!,FEATURE & UI BUGS
"I liked the app but.. Please add post editing features which are available on WordPress website but not in app (like """"""""""""""""""""""""""""""""read more"""""""""""""""""""""""""""""""" break). Also add other things like pick and drop checkbox  inputbox etc. on both website and app..",FEATURE & UI BUGS
Works flawlessly for what it's meant to do Plucklock is extremely simple to use and set up  as a start. You simply decide how sensitive you want the application to be and it does the rest. It's useful both to protect your phone from potential pluckers and as an alternative method of locking your phone. Careful  though  of low sensitivity thresholds as they may prove more of a hindrance than anything else. At a threshold of around 2.5 I found that the phone wouldn't go off randomly or inconveniently  but would do so with a quick shake.,CRASHES
"Hi  I have a very simple request  please allow """"""""Mark for Deletion"""""""" and """"""""Unmark"""""""" ... also  show the message with a strikethrough if it is marked for deletion -- regardless of where that marked for deletion was made. Thank you. AndrewM Edit: I would like to upgrade my rating  but you need to address this issue first.",FEATURE & UI BUGS
Ok but has bug Like it for minimal permissions. But can not turn off flash light by pressing button. Only exit will turn it off on some devices.,CRASHES
Glitchy The screen freaks out  even when it's laying completely still on a table. I can't find anything  much less the things I'm looking for.,CRASHES
Smooth and good looking but with one flaw The flaw is that which calendars to show for the widget is global  meaning if you want multiple instances of the widget you can't have them display separate calendars. They will be identical. But for a single widget it works great.,CRASHES
Horrible App Please do not download this app. I have downloaded it and my phone refuses to work. I cant slide and cannot cannot uninstall either. Request someone to tell me how to uninstall this app as it refuses to allow me to go to the settings to uninstall. PLZ HELP.,CRASHES
Lite and quick bible Simple and no data needed. Can download josepeus and pilgrims progress among others  but it won't save your spot in the books and sometimes thinks a slow drag is long tap. Less stable as of late... Please please add option back button goes to select book of bible rather than goto previous verse,FEATURE & UI BUGS
Could be great If it would stop crashing and constantly be force closing. It had a perfect layout  easy to use but the never ending crashes is a deal breaker for me,CRASHES
Please fix It doesn't work on my hudl. It crashes before I can do anything on it,CRASHES
There are no words I downloaded And Bible when I opened it up the Bibles and the dictionaries that I downloaded did not show up on my tablet  it was a blank screen. Please fix it. Thank you- it's working,CRASHES
4.4.2 with Supersu I can't see process. It says process needs root but it doesn't ask for permission. Need an update ASAP,CRASHES
Not able to play god of war ghosts of sparta on it. When I click on the game it just shows a black screen Unable to play on it  got the iso file but when I click on the game the screen turns black please help works on other games but not god of war,CRASHES
Doesn't work on S5 This worked great on my S4  switched to S5 and it won't show the mA anymore. Please work on a fix,CRASHES
Best option for Moto Display functionality This is the best option for those looking for Moto Display for non-moto devices. I'd gladly give 5 stars as I'm sure a lot of hard work goes into this app  but functionality seems diminished by my finger print security requirements. If I want to use Nexus Imprint then I am required to use a lock screen that employs added security PIN or pattern. Sometimes I'll unlock via the finger print scanner and it will open  but sometimes it'll only open to other lock screen and require my pattern to open. Thanks!,CRASHES
Fix Fix subtitle font  it doesn't have a contrast line. Also  sometimes downloaded movies or shows do not appear when offline,CRASHES
I can't upload pics Ever since this new update I cannot upload any pics to my new posts. I try via WiFi and with my use of 4G but still nothing. I'm using a samsung galaxy s7. I choose a pic but never finishes to upload. Can I get some help please.,CRASHES
Needs improvement Throwing a background behind an unthemed icon isn't masking. Good start but make the unthemed icon fill the background like Cyrcle  Flatee  and many others do and then it would be perfect.,FEATURE & UI BUGS
Playing next episode doesn't work Everytime I come to the end credits of an episode and tap on the play next episode popup I am taken back to the browse screen. Tapping on the play icon for the show I was watching restarts the episode I just finished. Good job  you crushed it.,CRASHES
Doesn't work at all Only got configuration screen. Never displayed any data on LG 4g phone.,CRASHES
Archieve Feature Please add archieve feature,FEATURE & UI BUGS
Best magic app This app is great for searching for cards and prices. Maybe remove the little circle around the app icon?,FEATURE & UI BUGS
Don't download waste of time Doesn't have items and looks amateur  like someone typed it up on notepad. Cluttered and monotone  unintuitive catrgories. I love pathfinder and pathfinder deserves a better representation than this.,FEATURE & UI BUGS
Playing next episode doesn't work Everytime I come to the end credits of an episode and tap on the play next episode popup I am taken back to the browse screen. Tapping on the play icon for the show I was watching restarts the episode I just finished. Good job  you crushed it.,CRASHES
the widget is too wide  please add an option to resized it. and an option to change font type and background. and an option to hide the widget when there's no network or connections.,FEATURE & UI BUGS
VERY NICE APP... BUT i hope u add a confirmation dialog when i tap 1 of those choices bcoz sometimes i accidentally tap the reboot button but i supposed to tap the shutdown button and i cant do anything but wait for it to finish rebooting.,FEATURE & UI BUGS
Its cool I hate cause she can't pronounce a lot of words wee fi is one WiFi please update no problems on my HTC and she spells alot of words funny,CRASHES
Just what I was looking for Had a nice collection of mod files that I was looking for a way to play. This certainly does the trick. However it would be nice to have a faster way to add many files to a playlist at once.,FEATURE & UI BUGS
Ideas Please add fingerprint recognition then I will remind the app. Because it needs a layer of security.,FEATURE & UI BUGS
Task I like your widget on my Samsung S7. But I cannot visualize the TASKs... I'm missing somenthing? Thanks!,CRASHES
Please add an option for us to edit website icon,FEATURE & UI BUGS
Great design  needs some work. The design of the app is great  I know you are going to focus on memory optimization  but you need to add and change some things. There needs to be an option to disable downloads of wallpapers over mobile data. You also need to make the blur and dim sliders more responsive. You also need an NSFW checkbox  just in case there are those kind of paintings. Hope you consider the feedback.,FEATURE & UI BUGS
Pretty clean I like the app  it works well. I find that if I lock my phone then turn it back on right away it defaults to the standard lock screen for a second then clicked into AcDisplay. Besides that it works really well. Good job,CRASHES
Passing on it again Looks like it stopped doing its primary purpose - syncing photos. Small ads at the bottom  fine... Obnoxious ad on exit - pass. And the ad disable is gone.,CRASHES
Nice Uninteresting for me. Thank you anyway  would be better for younger people. :-),FEATURE & UI BUGS
Interesting premise  however Touch screen very slow to respond. Never had this issue except in this app.,CRASHES
Oneplus 3 hardware capacitive buttons stays active all time! Hardware capacitive buttons stays on and vibrate even if i have locked the phone which consumes more battery! I have installed the plug also still it down stop its working. I suggest you to work on it such that only the fingerprint sensor stays on! I liked your app but please work on this issue.,FEATURE & UI BUGS
Lock issue For some reason when I lock my phone  it reverts back to the original Android lock screen for a couple seconds to a minute before changing to the AC lock screen. Which kinda defeats the purpose of even having this one if it's just going to use the old one first. Would rate 5 stars if this was solved.,CRASHES
Great su app Need improvements... temp unroot etc. Thanks a lot,FEATURE & UI BUGS
Doesn't work on GS5 Always shows 1mA on a GS5 (4.4.2).,CRASHES
Stays at a blue screen Please help the game just sits at a blue screen,CRASHES
Brilliant. Just what I was looking for. Altough I am missing the option to set an audible notification,FEATURE & UI BUGS
Great presentation on a tablet. But needs a next and previous on the Live list page  and needs to keep current service item highlighted and on screen. Till these happen will hace to use the old app as we have lots of service items (all the videos  liturgy readings sermon soon add up) Bur a great work in progress.,FEATURE & UI BUGS
"Good app After the yesterday's update  visible image is working properly. The message that shows """"""""updated ... Ago"""""""" should disappear after few seconds. Otherwise the readings below can not be possible to read. Please rectify it. Otherwise I loved the app.",CRASHES
Newest update screwed it up I admit  this is a brilliant icon pack  and I will return the rating to 5 stars IF the right icons are shown. Whenever I go to share something  or am multitasking and switch from one app to another  the wrong icons are shown with the wrong app. ie. 9gag app has the Netflix icon  WhatsApp has the Viber icon  etc. Need to fix it asap,CRASHES
double tap to focus doesn't work On my Galaxy s6,CRASHES
Like to see weather on task bar,FEATURE & UI BUGS
Blu Studio 7.0 NICE but needs batch mode for single conversations and the ability to change color for single contact conversations     PLEASE ADD      PLUS     a transparent theme PLEASE!!!!.,FEATURE & UI BUGS
Good It was good but sometimes its annyoing how it would snap out of the screen dimmer out of no where,CRASHES
Great app Please add instrument selection and sound font feature. This app is really cool.,FEATURE & UI BUGS
Overlaps Keyboard No matter the setting it covers the keyboard. Can't continue to use the app until this is fixed. Android 6 Nexus 6,CRASHES
LG Mach  ICS 4.04: Great utility made even better Excellent for learning choral music on-the-go  without the weight of my book  with a good stereo headset---also works great piped through speakers at home. I recommended this app to everyone who does part-singing. The option to show lyrics and measure numbers already present is a plus. My community chorus midis are notated that way. Instead of coloring the notes  the option to highlight my part by the line  like a highlighter  as well as the words  with different colors for each  would be better.,FEATURE & UI BUGS
Please add more art App is great  but I think it started to show old pictures sometimes  wish I could see new every day,FEATURE & UI BUGS
Please add different themes. Specially black theme ...,FEATURE & UI BUGS
Subtitle customization Please add a feature that allows you to change the appearance of subtitles. I watch animes in Japanese  and sometimes it's impossible to read the subtitles because it's just white text without any sort of background behind them. You should be able to adjust the color and opacity of the subtitles  as well as have the option to add a background behind them to prevent them from blending in with the show.,FEATURE & UI BUGS
Can Add this features?!!!Response please. Please Add Audio and video calling option which option is in WhatsApp So that every Indian use this messenger.. And when I send anything in a group how to know how many members have seen my picture?,FEATURE & UI BUGS
The best keyboard I know. ASK is the coolest keyboard I've ever used. And it gets better. But one thing I don't like is keyboard sound. So  please change it. Water sound isn't a good one. And I kind of like Material Dark theme like that one that Google Pinyin Input has. So  if it's possible please add material dark/light themes. One last thing is it needs to add more emoji smileys. For instance  it has no flags and you'll need to add. Thank you.,FEATURE & UI BUGS
Like it But I can't add the pictures from gallery.. but overall this app is very good..,CRASHES
"Could you please add the option for Color font_ Please add the direct option to color font (ex. &lt; font color="""""""""""""""""""""""""""""""" size="""""""""""""""""""""""""""""""" &gt;Word &lt; /font &gt;) it'll help us directly to change font color. Otherwise app was good however it's RAM usage is little bit large but it's worth it. I LOVE WP Thanks!",FEATURE & UI BUGS
Remove green bar on top and atleast a clock on home screen,FEATURE & UI BUGS
Doesn't work I installed in my Xperia L and it doesn't work at all,CRASHES
Hi Roman  could you please  please  pretty please add option to only apply blur on the image while the lockscreen is on  and none when the device is unlocked? Thanks either way :),FEATURE & UI BUGS
"There's something missing... the emulator plays well even its slightly slow you need a """"""""portrait"""""""" and """"""""landscape"""""""" option  switching from main screen to the second screen prompt by pressing a button  your START'SELECT and TOUCH button are too small for my big fingers and lastly improve the fps of the emulator because I really want to play Pokemon Diamond and Castlevania:Dawn of Sorrows. I hope you improve your project of the nds4droid? really look forward for the future....... Cheers.",FEATURE & UI BUGS
Useful little app Pretty cool little app  by far most useful to check things that would otherwise mean logging in manually. Although  it doesn't quite understand that sudo or service are commands... And when you hit reboot it says it's failed but does actually reboot it. Couple of things to look at guys. :),CRASHES
Doesn't work Comes up with an error and crashes every time I try to view pictures. Uninstalled. Don't bother wasting your time with this app.,CRASHES
Love it Pretty impressive! But you can add this options to original power menu.,FEATURE & UI BUGS
Unusable I have same problem as Emma Dannan - cant see nothing but white and gray squares instead of text - doesnt matter if through app or live wallpapers. Cant set anything  cant use! Only stupid ad looks OK. Im angry and uninstalling immediately!,CRASHES
No Data? There's 'No Data' on capacity.. So i cant see my MAh,CRASHES
Could be better It's still buggy. The connection with Kodi isn't always stable and sometimes a force stop of the app is necessary. Yatse is so much better from every perspective.,CRASHES
Inbox not working Touching inbox causes the app to crash since last update.,CRASHES
Great app easy to use _ï¿½ï¿½ï¿½ But when i close the app the transaction is not smooth its looks buggy please show this,CRASHES
Lil problem over here? I can't open videos on DM's.. I just tap to open them and the screen just goes white. I've tried closing and re-opening the app and it doesn't work. Help ;-;,CRASHES
Great App but it has its quirks I would like a option of hiding NSFW thumbnails without losing post formatting and so that it also applies to nsfw subreddits. Also I would love to see a automated night mode like Sync has. Until then I'll probably stick with sync.,FEATURE & UI BUGS
Love this app Great app  would love even more if could have notifications of some sort!! But great work!!,FEATURE & UI BUGS
Most lightweight and efficient much better than chrome  dolphin. As a bonus feature  Please add an option to show the url and tabs in the bottom of the browser  as it will be easy to use for large phones.,FEATURE & UI BUGS
Would be nice if a feature could be added so that when you swipe to unlock it took you straight to the pin/pattern screen rather than to your lock screen(so you don't have to swipe again to unlock),FEATURE & UI BUGS
Multiple bugs 1. Deleting profiles doesn't always work correctly. 2. In the Tasker plugin  where you can selct a profile  you cannot scroll down and thus you can't select some profiles  unless you only have 5 or so... 3. Deleting Profile 1-3 is not possible. .... I spent multiple hour on setting everything up and now I just can't use it.. I'm really upset. :/,CRASHES
ok it randomly crashes in the background and I'm not quite sure what that's all about,CRASHES
" always showing 1mA On my Samsung Note 2 it always show 1mA no matter I am charging with a 1A or 2A charger. GS battery monitor  on the other hand  showed 889mA on a 1A charger and 1998mA on a 2A charger! GS battery monitor reflects the right current! Further proven that it is the problem of the \\""""""""""Current Widget""""""""""""""""app itself.""",CRASHES
Interesting. Overwrote my existing pics even though I told it not to. Needs a way to tone the colours down a bit as it's a bit like 60s brothel wallpaper as is.,CRASHES
Does not sync well Really needs a fix to be functionL,FEATURE & UI BUGS
Game needs work. Wow  5 achievements to get! I do love the conceptualisation and theme of the game. I know programming is not easy and I appreciate your very quick response  so I lifted the star level to 4. I have reviewed quite a many of games and yours does present challenge  strategy  and some original thinking. Once you add more achievements  when you are concrete about them  the game shall pull in a great many of people.,FEATURE & UI BUGS
Great! A very simple to use app. But is there a way to implement glulx into it? (In reply to your comment  it would be better than not having any glulx supported apps in the store),FEATURE & UI BUGS
Okay  but buggy with photos Overall not a bad app  but I had multiple problems taking image notes (photos). Not all the photos I took were saved as image notes  most of the ones that were saved as image notes  were not saved in my gallery on my phone to download separately. And the geotagging on the photos only worked for about 5 percent of the images. The rest got pinned to the beginning of the track. With these issues  this app is simply not useable for me. (used on a Moto X 2013 running Android 4.4.4),CRASHES
Nice but lags I really love that app BUT it doesnt work that fine since i got android 7.1. The keyboard is bugging and when i try to chat the hole app begins to lag. I'm using a nexus 5X with android 7.1,CRASHES
Very Bad Can't work. Yes I had downloaded zim file file but there is many articles of Ray charlie. I am curiosity about which you show here in play store. Is this joke.,FEATURE & UI BUGS
Nice fast n secure with a big flaw The app is very intuative and fast. The biggest flaw is lack of one to one encryption by default on all chats. Please add this feature to make it as secure as signal...,FEATURE & UI BUGS
Galaxy note 3 I'm using it as my daily but it really needs an update to reduce short delays.,FEATURE & UI BUGS
Black screen only I had this previously on my s2 and it was fantastic. Sadly I can't seem to get it to work on my s4 at all. Screen just loads black :-(,CRASHES
Nexus 4 - does not work Installed on nexus 4  no widgets  notification shows 'no data'. Pfffft...,CRASHES
Does not work Plz fix,CRASHES
A great open-source app. It could use some more features  like more fine-grained permissions and more detailed logging  but otherwise it does its job great.,FEATURE & UI BUGS
Broken. Keep getting wrong code. Have this app on my android phone  but want to switch to this app on my Samsung Note 8. Went to account on PC  clicked change setting and got barcode. Typed in verify code from app on my Note 8 after it scanned code from PC  but keeps getting wrong code error! Fix this before my android phone completely dies  as it has the only authenticator that works and I need to switch devices now!,CRASHES
A tiny symbols color indicates charge/discharge A simple + or - in a larger font would be better.,FEATURE & UI BUGS
Update ruined everything This used to be the best alarm app  after the recent update it's now horrific... I now have to find a new alarm app... Please add the old interface as an option!!! Update: I found the link to v1.9 apk and installed it  works perfect as usual.,FEATURE & UI BUGS
This version (0.9.8) is terribly outdated. I did not notice until it stopped working after the Android 7 update. The version on F-Droid (0.11.7) works  has an updated interface and also features automatic reconnection.,CRASHES
Works flawlessly! Just missing some features like a proper search function and the ability to see everything on the profiles (submitted  liked  saved  etc.),FEATURE & UI BUGS
Wonderful! Love it! This is one of the best sms apps avalible. Please add a media search feature  so we can search the Web for pictures without leaving the app.,FEATURE & UI BUGS
Locked up phone It locked up my Moto e 2nd Gen phone running lollipop. It took me a day and constantly tapping the screen until I got back to the off switch. Nevermore.,CRASHES
Please add Fingerprint support It's amazing but had to Uninstall it as it didn't have Fingerprint support,FEATURE & UI BUGS
Please add disable bluetooth at end of sleep timer Almost my first choice. Wish the app could disable bluetooth at end of sleep timer. Save my bluetooth headphone battery. I'm sad that Dev has rejected this feature request raised by another user. Love the simple design of this app and don't think one extra tick box in the setting page would over complicate the UI. App is A++  just gutted by the missing feature. Using another app to do this. Why is it so hard to have this feature integrated in any audiobook player.,FEATURE & UI BUGS
A Simple and Clean 2048 Implementation When my kids were falling to the frenzy of 2048  I searched for the simplest app closest in implementation to the original website. This seems to be it! My only gripe is the Game Over text covers the tiles so I can't get good screenshots of my highest ones...,FEATURE & UI BUGS
Very Good Note taking/editing app This is a very Good Note taking/editing app . Markdown support  yeah.. I'm enjoying it. Thanks Devs  keep up the good work. Only a small *bug*  sometimes cursor jumps randomly. And could you please add sort button on Folders/Files window.. Sort by date/title  etc.. Thanks.,FEATURE & UI BUGS
Doesnt work on Note 4 It show me the Mah anywhere,CRASHES
Please add option default player(mx player),FEATURE & UI BUGS
Amazing app  in fact the best one._ But can you please add theme colors other than orange? For example pink.*Thank you so much  Developer. I love the new version of this app. Regards.,FEATURE & UI BUGS
Great for Communication but... This app is so damn glitchy. I open it and it lags. I Open the camera and it lags. I click send and it waits 3 seconds to send. After i open a snap  the notification (red sqaure) stays for another 10 seconds after. Fix the bugs please!,CRASHES
"Nice App Also the beacons wirk  altough i have seen no interaction during the bus ride. Also the survey """"""""Did you enjoy the raid"""""""" should pop-up after you left the bus...",FEATURE & UI BUGS
Account doesn't work Garbage! Logged in with my fb account and says I'm trying to log in from a different country. Signed up for a premium account  gave credit card details and everything and still getting the same error. Have tried clearing the cache for fb and Spotify and retrying but nothing works. My account on the web page says the correct country... What's the deal???,CRASHES
Not working properly since lollipop update. Notification and top icon not reading the correct number. You have to now open the app to see the correct percentage battery left. Was perfect until this happened. Please fix it. Thanks.,CRASHES
Dumb I cant even click on it,CRASHES
Simply useful everyday Can you add option to show tasks also in the widget? It helped me to track my events  still left out about my tasks. Consider this for your next update.,FEATURE & UI BUGS
Okay Seems fun  but i cant get into it. The battle message text is so small as to be negligent. Maybe a gui for battle would be better. The character text box is cool. Movement was rather annoying. Rather than one step at a time  would be nice if you could click and char would auto move  or at least with the dpad be able to hold a direction. Good luck devs,FEATURE & UI BUGS
Great It's a great program I like the fact you can use live wallpaper but would prefer to be able to use a live wallpaper or even animated gif images as the lock screen background separate from the wallpaper. Other than that great app. One thing I haven't found is to enable a security function to securely lock your phone.,FEATURE & UI BUGS
Reply to Xavier Please add comment box to each date . Love this but Reminders not working . Resolve soon. I am not using any task killers   power saving mode . Reminders doesn't work when I tick the works completed.,FEATURE & UI BUGS
Best of the Best Best messaging app  simple  lots of useful features  no ads  no premium  no nothing. But please add dark theme.,FEATURE & UI BUGS
" The app is really good  but it lacks of G-Rank missions on \\""""""""""Quests"""""""""""""""". Please add them""",FEATURE & UI BUGS
one sided Great concept  but!! Seems to only want to backup my side of the conversation.. randomly will it insert the other persons conversation. :( and not always in order,CRASHES
Good This app has a lot of nice features and a great interface  but I've face a problem a lot of times  some files I've deleted still show up and the samd happens once I've cut and moved them to another location  they just duplicate. It's kind of annoying.,CRASHES
Good app except for... it doesn't respond to screen taps half the time on LG G2  making it difficult and annoying to navigate. Also is not downloading NYTimes puzzle  despite correct account info entry.,CRASHES
But cant read whatsapp message Seems whatsapp close the function so no app can read them  I've try few apps nothing can read the messages,CRASHES
Good app Nice app.. but need some improvement; please fix the notification buttons lights  it looks odd with notification button light being lit every time u touch the screen. And also the screenserver(alwayson) takes time to appear after screen is lock. Pls fix this.. and the notification icon too it doesnt go away..,CRASHES
nice project. This is a cool app but not really for me  It played all my music files though! I like that i can dig in my music folder. I don't like the Interface and layout though  it makes me think everything is unorganized. I wish it had a genre feature as well.,FEATURE & UI BUGS
Broken On my HTC One  it reads completely crazy numbers. Even when not plugged in.,CRASHES
It's slower when opening conversations than other apps like EvolveSMS and Messenger. I like to see time stamps on each message sent within a conversation like some other apps and speed improvements. That would make it 5 stars for me.,FEATURE & UI BUGS
great maps but confusing on European roads. Without showing the motorway road signs it can be very tricky to follow directions at exits or roundabouts. I love the maps but im forced to use an app with much clearer 3d navigation and exit road signs. So when that feature is added this will get 5 stars.,FEATURE & UI BUGS
Great but has a playback bug that really annoys me I love the features on this player  but there is one bug that annoys the heck out of me. Many times  when I skip to the next track on the playlist  there is no music playing even though the progress bar and time is moving along. The only way to get it playing is to press the pause button and then press play again. This happens in offline mode as well as online mode. It didn't always do this before  so I don't know what happened. I've used this player for well over a year  but this problem just started like a month or two ago. *update*: I did try reinstalling Dsub  but after reinstalling  i found that it remembered all of my settings. I found that the playback problem seems to be related to my bluetooth speaker (UE Boom). When i use dsub w/o the bluetooth speaker  everything seems to behaves normally. Very strange problem. Possibly the player stops sending signals to the speaker in between song skips and it has trouble reinitiating when the next song starts? I can hear slight clicky sounds on the bluetooth speaker when skipping tracks.,FEATURE & UI BUGS
Does not work on Samsung Galaxy Tab S 8.4 Always shows 1 mah in the widget,CRASHES
Great icon set. But please add icon masking. The non themed icons look terribly out of place.,FEATURE & UI BUGS
The app doesn't work . I can't double tap to unblur it on my homescreen,CRASHES
Doesn't work This app doesn't change the location of the data your trying to store only creates a zip folder that compresses the data never actually moved it on to the sd card. I almost lost over 250 pics of my newborn when my phone broke this apps is a waste of space Do Not Download.,CRASHES
"Loved it Problem is  the app shows """"""""Stopped working"""""""" after sending messages",CRASHES
Mage was nerfed too much The knuckle duster removal means that the mage gets cornered and is murdered by a rat. Seriously. That speed boost helped  and the lack of strength added to the staff hurt the mage class. Bad. Love the game  but bring some advantages to the mage please.,FEATURE & UI BUGS
Works well The UI was confusing and mostly unusable until I ran a web search to figure out how to use the app. Once I understood that I was looking for partial-wakelocks the UI made perfect sense and was very easy to use. Dear Sven  please add a help link in a somewhat obvious place  and I will gladly give five stars. This is a very helpful app once someone knows how to use it.,FEATURE & UI BUGS
LOVE IT. But  I really love every feature of it  but I want some security like password or pin to be added to this app. I think it'll be really awesome to have it in this application. Please add it.,FEATURE & UI BUGS
samsun galaxy s4 mini smiley don't view when touch icon,CRASHES
Great - needs progressive answer reveal Helps in memorizing facts. please add progressive revelation of answer. For example  the first anatomy picture above had 3 facts on 3 separate lines. instead of just one 'Show Answer' button  have two buttons - 'Show next line' and 'Show all answer' or words to similar effect. This could be an option in settings for just having one button or the progressive two buttons. This would help in memorizing long answers - eg long verses  a longer lists than the above etc. I used lots of line breaks to make only the first line of the answer show. Scrolling line per line as I recite allows me to check for perfect recall per line before continuing. However with Anki updates  Anki now forces the display of most or all of the answer on hitting 'Show Answer'. All the cards have to be changed again to control the flow of answer being revealed. Too much at once and its difficult to check if I recited perfectly or not. It's just like an anatomy picture with 20 items. Answer 1  check  anwer 2 check -etc The hint would take lots of time to make each card. Show one line at a time would make cards easier to produce = more study time.,FEATURE & UI BUGS
Bugged Double tap doesn't work,CRASHES
Works Please add contact backup also. Got my all sms from last cel,FEATURE & UI BUGS
Great  but.. Great client for gerrit. My issue is that sign in crashes the app. Specifically for CyanogenMod gerrit. Hope to see this fixed soon.,CRASHES
This is the best beacon app that I have ever used for scanning and app for 3rd party. Why don't you update scanning while a device is locked or in screen off? Also have interval option like Beacon Radar?,FEATURE & UI BUGS
Modern It looks modern and has a lot of nice features. Please add more customization options. It would be nice to have a dark theme and the ability to change the color of the chat bubble.,FEATURE & UI BUGS
NOt too bad. Reasonably easy to figure out though you have to guess at some things. Sometimes th touch screen won't accept input. Haven't tried anything sophisticated with it yet.,CRASHES
Please Add !!! 1. Place a lock screen before entering the app as settings can be changed by anyone 2. Automatic file encryption 3. Please add moving of vault into sdcard !!! Good work !!! Please add more features as soon as possible.,FEATURE & UI BUGS
Needs Now Playing screen _ï¿½ï¿½ï¿½,FEATURE & UI BUGS
Backup Or Move To a New Phone Feature. I have recently move to a new device  But there is no way to move my FreeOTP :( please add the feature,FEATURE & UI BUGS
Update broke it. Doesn't respond to screen tap on Note4.,CRASHES
I did love it until the latest update.... Now the pictures are way too big please fix as I don't want to use another app!!,CRASHES
Numeric number not showing on notification for MIUI. mA not accurate when tested on Redmi 2 and Samasung Galaxy S5,CRASHES
Great and all... But now that those bugs have been fixed  I just wish there was a decklist feature that showed u basically a checklist of an entire deck and the prices of all cards individually and a total at top similar to the trade option but is easier to handle the individual card quantities for quick edits and to see how much the deck costs in total as well as a filter for things like price high to low and alphabetical order. Other than that  good app,FEATURE & UI BUGS
This is a great start and I'm really looking forward to future improvements. The ability to take screenshots of the view will be nice. Even just being able to freeze the view would be helpful. I'd like to see some preferences build in so the font color/size can be changed. On a cloudy day the white font is hard to read in camera mode. What I'd really love to see is the ability to capture a scene  recall it later and be able to interact with it. If I could zoom into a picture and see the names appear on more distant peaks as I zoom towards them in the picture  that would be pretty cool.,FEATURE & UI BUGS
On retina display the drawing is too thin Yuo can not see the chart on modern displays. An option to change line thickness would be pretty good.,FEATURE & UI BUGS
Freaking Amazing Note 5 Only thing it needs is support for back buttons! Using the moga pro and the right analog is substituted for lt and rt!,FEATURE & UI BUGS
Excellent customer support but app could definitely use some work. I recently had an issue but they helped me fix the it. I do have one request for the developers. It would be nice if I could edit my posts in more of a WYSIWYG way like on the website. Right now I have to edit the HTML to make changes which can be useful  but many times more of a hassle. It's also not user friendly for anyone who doesn't know HTML5. If you could add a visual mode to the app it would be useful. The in-app support chat is excellent though.,FEATURE & UI BUGS
Really nice! Only one thing missing: ability to add more connections if you need to control multiple MPD servers. Could you please add that?,FEATURE & UI BUGS
"Leaks? This firewall only blocks some apps that are UNchecked in whitelist mode. It should block ALL unchecked apps! Several apps """"""""leaked"""""""" that should not have any way through iptables. I switched back to android firewall which has not been updated for quite a while but it still worked. This problem occurred on stock (Nexus 6) marshmallow as well as cm13.",CRASHES
No longer working It no longer show the remaining days left when widget is expanded,CRASHES
Needs one thing Please add pull to refresh!,FEATURE & UI BUGS
Fantastic Best mh4u database ever. But armor builder function is still bugged when I adding new set it doesn't show up,CRASHES
You need this for bookmarking Great new redesign of a superbly functioning app all these years (whose interface was always a bit lagging behind). One little annoyance is the huge list of tags  but that's more or less my own fault. Would love to see a good tag management solution built in though if at all possible.,FEATURE & UI BUGS
Almost perfect! Simple yet versatile! If only there was a drag & drop option to rearrange the app icons. Pinning the app and changing the order with 'Pinned app sorting' option is all good and stuff  however it would be much more easier to have a drag & drop option. Also  it'll be great to have all apps listed in Hangar rather than limiting them to the ones that is frequently used. Divider is a bit rectangle-ish  a more square design will make it look more presentable.,FEATURE & UI BUGS
Need to add some security Please add option for pin code or pattern code to unlock..,FEATURE & UI BUGS
Fix the update Continuously Lagging   crashed  not responding. Pls fix this bug,CRASHES
Best Reddit client  please add option to remove all thumbnails in group view (I can't find it anymore _ª_Ó),FEATURE & UI BUGS
What the what? Reset my phone  this app took forever to install. Enabled Widgets and this widget doesn't show up. Can't use it even though 2 hours ago I had it working perfectly.,CRASHES
"Mobile data network App is good overall but my mobile data network keeps switching on and off even if i unticked the """"""""turn on automatic data"""""""" and still have alot of bugs. Hope an update could be rolled out soon",CRASHES
There's no options for sending fron either the first or second sim. Please add this.,FEATURE & UI BUGS
Easy to use. But there a lot of room for improvement. The big room below can be use for width  color selection. No need to put everything on the menu button.,CRASHES
some time not working,CRASHES
This would literally be the perfect lock screen app IF it had slightly more customization. Let us be able to change the icons and notification highlight color and this would be a 10 star app. PLEASE add these 2 things!,FEATURE & UI BUGS
Fantastic start! Can't play sonic because analog stick seems to register as D pad input... also can't detect a memory card. Great start though man  fantastic emulation once it's playable :D menu is a lil cryptic though.,CRASHES
Needs work! Always have trouble. Doesn't let me click to choose options it comes up with on searches. When I click it just goes to a DuckDuckGo homepage or something. Frustrating! Also comes up with bizarre results on searches. Needs narrowed down.,CRASHES
Stories!!! So I love this app so much but whenever I go to watch someone's story and I try to click through it or just rewinds and shows me the snaps they posted that I've seen already  this is really irritating and it starting affect my Discover stories too  Please fix!!!,CRASHES
Please add more utensils such as brushes and pens as well as backrounds.... Samsung galaxy note pro 12.2,FEATURE & UI BUGS
Very useful  thanks! Only one problem: it's missing the Sendezentrum and Workshop tracks.,CRASHES
i have been using this app for many years. it is simple and works. what i would like to see is a widget added so  i can see the post code of my location on my home screen  without needing to open the app?,FEATURE & UI BUGS
Best github app available. 1 small request: under releases-&gt;downloads the downloads are shown in a very small scrollable frame. If this frame could be enlarged to show all downloads and enable scrolling for the whole screen  that would be great!,FEATURE & UI BUGS
It's alright. Please add something like total time of the entire book  not just chapter  mainly. It's very helpful  I use that feature a lot on Smart Audiobook Player. Edit: unfortunately I don't see any new options or functionality so I can't really say I like it any better.,FEATURE & UI BUGS
" Please!! Great app. Please add gesture \\""""""""""shortcuts to start the capturing"""""""""""""""" for launchers!! Like nova 4.0""",FEATURE & UI BUGS
Love this a lot  but it seems very laggy when scrolling through my messages  please fix it and will give 5 stars.,CRASHES
Great extension for great app! it would be nice if user defined fonts  colors (not entire schemes  but specific components like bg) get supported in next releases.,FEATURE & UI BUGS
Not able to block! Please add blocking feature!,FEATURE & UI BUGS
Works as advertized Somewhat annoying to authorize access to wireless networks  but small price to pay for security,FEATURE & UI BUGS
Horrible UI Looks terrible. Can't get past the ugliness,FEATURE & UI BUGS
Note 4 Does not work properly 1mA constantly,CRASHES
F.c App fc when hit back button!,CRASHES
Useful app! Great app  but please make torso up skills show as torso skills in the armour bulder rather than ' torso up 1',FEATURE & UI BUGS
Well-done & simple! Could do with a little more space between number field & go button (a little cramped for editing?),FEATURE & UI BUGS
Need more features Hey can't you get some new features or some updates for this app. It's like stuck for a while here.,FEATURE & UI BUGS
Works on Note 4 for Flir Fx app Had an issue with Flir fx IP camera app. Push notifications would pop-up in the task bar but with no audio notification. This app saved me from returning an otherwise fantastic IP camera,CRASHES
Tap to update sometimes doesnt work Been plugged in for 5 minus charging and still shows 0mA.,CRASHES
"Cannot select file I cannot select file from either internal phone memory or sd card! After selecting sha1 """"""""from file"""""""" and tapping on file selection box my file selection dialog is opening but all files *.iso  *.txt r showing in grey  & cnnt select! I am using original lollipop from my vendor!",CRASHES
Looks good  works good. Unfortunately has no security so for me is useless. If it can somehow work with fingerprint scanner and actually replace my lock screen then it will be an amazing app.,FEATURE & UI BUGS
Fix setting button I cant setting my widget when i disable clock on widget,CRASHES
I like it's not streak freak like other apps. You can do the habits at your own pace. Nice minimal design that allows you to see a lot of habits on one screen. Here's an idea. Do widget that shows habits that are suppose to be done today based on history.,FEATURE & UI BUGS
some mails dissapearing i checked my mail throuhh crome and i can see all my msgs but with this app  some mails are missing. pls fix,CRASHES
Doesnt work with thunbswipe or locks...,CRASHES
Great. Easy to use. Very simple and clean app works great. Best part is  it doesn't overlay the notification bar (unless you want it to) so in the morning it's easy to turn back off. Only problem is the app crashes if you move the selector too far to the left (bellow 25%),CRASHES
Needs one improvement Please add an option to set the brightness level as it effects our eyes at night.,FEATURE & UI BUGS
Support for Huawei Home I had this on my Asus phone before and it worked. Now  on this one  a Huawei  it doesn't. Please add support for Huawei devices. Btw  this is the Honor 4C. Thanks! :),FEATURE & UI BUGS
"Used to be great This app is driving me crazy. I used to live it before they """"""""""""""""""""""""""""""""fixed the bugs"""""""""""""""""""""""""""""""" now it's working terribly. It worked perfectly before. Restore it please. When I finish a puzzle it doesn't even register the fact that it's complete.",CRASHES
GREAT! could you please add the option to upsize the time and date? because that would be fantastic! I would also gladly pay make it an in app purchase if you may THANKS,FEATURE & UI BUGS
Weird Issue LTE Z850 Having an issue where notifications will dismiss themselves from my lockscreen  or sometimes not show up at all. Also does not always play notification sound or vibrate  causing me to miss texts sometimes. Does not happen with stock SMS app or Textra. Aside from these issues  the app is beautiful  and makes texting lovely.,CRASHES
What a wonderfully designed app Content well organized and easy to use. I'v already scanned 350 books. I can think of nothing to improve this app. The only issue I've encountered is sometimes the app just closes down while I'm using it. When I reopen nothing is lost  so no big deal. I'm searching to see if this developer has an app for movies! Thank you for such a great app.,CRASHES
Serious bug Frequently  and randomly  fails to free it's lock on the camera when switching apps or locking the screen. So when the app (or any other) starts again  it can't get access to the camera. You also can't free this camera lock unless you reboot your device. I've not had this issue with the stock camera app or the other popular alternatives.,CRASHES
Awesome I love this app except for the fact that it doesn't cause the wallpaper to scroll when I scroll through my screens,CRASHES
Home page is too busy Wish I could configure it to remove all the junk cards.,FEATURE & UI BUGS
I love it but Please add support for dual sim handsets like moto g XT1068 !,FEATURE & UI BUGS
Double tap The double tap to un blur the image doesn't work for the s6,CRASHES
Nice but There should be additional option so as to control the double tap blur effect. Either of the all time no-blur else a specific time interval for blur adjust!,FEATURE & UI BUGS
Doesn't work It won't accept my user name and password for last.fm. The website accepts it. Not this app. Too bad. 10.27.16 edit: now also scrobbles seldomly  and chooses what at random. I'd like a response from the developer to help me. I play music using Pulsar plus... I reinstalled and now when I try logging in to last.fm and hit authenticate nothing happens.,CRASHES
Concept is great  but execution is not. When turning on wifi  it automatically generates a message before even checking to see if wifi is available. This can become a hassle. Very obnoxious where wifi is patchy. Remedy these issues  and it would be a 5 star app.,CRASHES
Very good Would be better if it could track expenses  ie save some save buttons and then expense graphs and other data,FEATURE & UI BUGS
Nice but Please add the option to have more spacing/padding in the conversation. Texts show up too close to each other and it makes it look cluttered. (see Google messaging app as a reference),FEATURE & UI BUGS
"It could do with an additional search bar to search all classes at once (like hearthstone does it)  as well as a way to group however many of whatever cards you want (useful when you don't have every -- for instance -- """"""""battlecry"""""""" minion memorized and want a place where they're all laid out). This app doesn't do much outside of what can basically already be done inside of hearthstone  but it works well and looks nice.",FEATURE & UI BUGS
Could use some more options on posts  but my goto app now. Easy to use  looks nice  chrome custom tabs.,FEATURE & UI BUGS
Works great on one device  but on another... Hoping you guys add support for lenovo tablet 1050 as it isn't loading the BIOS  but it knows its there. This is a solid emulator however  as it works great on my One+ One,FEATURE & UI BUGS
Percent in the status bar is to small. Please increase the percentage size! Make it the same size at the clock or give us the option to increase the size from 1 to 100  that way we can make it just right to our liking. Other wise its a great app.,FEATURE & UI BUGS
Just what I wanted. Simple  no nonsense  small app. Would be nice if it stopped on headphone disconnect  but the lock screen widget makes it easy to stop it.,FEATURE & UI BUGS
Doesn't work No dice on a Nexus 4. No errors; just won't add the widget. No apparent tech support site.,CRASHES
Many bugs When i touch the controls it doesn't work  and their are graphical issues like screen flickering. Sounds great  pls fix the controls and graphics,CRASHES
Very Good but Can you add Allowed logs  so i can see not only whats being blocked  but to test for leaks.,FEATURE & UI BUGS
"It's cool Still needs improvement tho. A bit of lag when locking the phone  it takes a couple of seconds to responde even with the """"""""no delay"""""""" option. Plus I like the sound when the phone locks and with this app that won't happen. NEEDS PASSWORD. I don't like keeping the secure pattern of Android because it's like having two lock screens and that's just not the point. Other than that it is a great app! Lol.",FEATURE & UI BUGS
It's really good  but incomplete Definitely needs a sending animation. It's so much more pleasant than just a sudden change in the text you're looking at. Also  the conversation drawer isn't really material either. It's barely even holo.,FEATURE & UI BUGS
"Amazing After upgrading from the gs3 to the gs5  the only feature I missed was long pressing the home button for recent apps. I used this  paired with apex luanchers shortcuts to """"""""enable"""""""" this feature",FEATURE & UI BUGS
"Usefull and simple but could be more Could have more option combinations. ex: """"""""not connected to any network for 5min"""""""" AND """"""""screen off for 1min"""""""". so downloads wont stop with the screen off when we need to download something",FEATURE & UI BUGS
% missing It is a very imp calc function. Please add urgently . love the clean UI,FEATURE & UI BUGS
Great Great. It works  partially. The menu button brings the menu up at the bottom for half a second or less  so that doesn't work,CRASHES
Worst app I've ever used Have downloaded it 3 different times in hopes that it had improved. No such luck. Very clunky. Does not rotate well with the phone's orientation. And most maddeningly it freezes my phone to where I have to take the battery out to reset. Don't waste your time.,CRASHES
Screen timeout bug Screen timeout with headphones doesn't work ( does not sleep). Please fix,CRASHES
Screen timeout bug Screen timeout with headphones doesn't work ( does not sleep). Please fix,CRASHES
Needs a lot of work. It has a problem repainting when you rotate from landscape to portrait. The bottom half of the portrait screen is blank as it is still using the same height from landscape. Also links wouldn't work. Paid for it but uninstalling now.,CRASHES
Please add password option for lock screen.,FEATURE & UI BUGS
Almost there please add more COLOR themes. This app is a lot like textra...but it needs a BLACKLIST option. It would be perfect.,FEATURE & UI BUGS
No good When open does not show files.,CRASHES
Bad All the songs I searched up were either the wrong song or nothing shows up,CRASHES
Used to be good. Now trending stories link/button is broken. One of my most used features. Highly frustrating. Fix it and get five stars,CRASHES
Great app! But... This is a really good app but I feel like you should be able to know who views your blog. Like not personal info just there username. I know not everyone has WordPress but just for the people who have it. But everything else is fine! It's also REALLY slow!,FEATURE & UI BUGS
"Useful but fugly now The """"""""improved"""""""" interface now 60% more fugly. Tiny time slice charts  gray in-between sections  smaller font. One word: eeeew. But it's still functional.",FEATURE & UI BUGS
Best ever app I got to store my e-mail IDs and passwords! Introduce some more features.,FEATURE & UI BUGS
Unusable in large rooms No way to filter out joins or parts.,CRASHES
Nice layout but still has bugs. This app is pretty good for sms  but crashes whenever there is an mms message sending  if this gets fixed i will increase my rating. Overall still a good sms app with nice themes.,CRASHES
New issues Sometimes won't let me swipe to next unread when many articles in feed. Some read articles still show as unread temporarily. Article font too small now.,CRASHES
Actually works realtime I've tried a lot but this one actually seems to syncs real-time  so as soon as something changes  either on my phone/tablet or the server  it syncs..... Please make a CardDAV sync as well _ï¿½ï¿½ï¿½ Addendum: only seems to work with one account. With a second account it 'sees' the available calendars  but nothing shows up in my calendar app.,CRASHES
Screen sleep time problem The only problem I have ran into is when I try and use the Screen off memo on my galaxy note 5 the screen goes to sleep while I'm writing the memo. It is really annoying.,CRASHES
Folders Instead of Photos Really great  but it'd be even better if in My Photos we could choose entire folders instead of individual photos. Good for people who already have large wallpaper collections.,FEATURE & UI BUGS
Great app please add more clockstyle,FEATURE & UI BUGS
Sonic adventures 2 crashes Its a great emulator can you fix the bug for when I enter sonic adventure 2 Prison Lane stage the emulation closes me out of to the browser....Can you fix this?,CRASHES
Playback amplifier please! Compare with team speak 3 the audio playback  is much lower. PLEASE ADD PLAYBACK AMPLIFIER for noise environment ptt use . I will not longer rent a mumble server again if no changes.,FEATURE & UI BUGS
Works  but still looks like a Gingerbread app.,FEATURE & UI BUGS
"Used to be great This app is driving me crazy. I used to live it before they """"""""""""""""""""""""""""""""fixed the bugs"""""""""""""""""""""""""""""""" now it's working terribly. It worked perfectly before. Restore it please. When I finish a puzzle it doesn't even register the fact that it's complete.",CRASHES
Not a fan Not a fan of this. My all day events dont show up on the correct days. Tried changing settings and keep re checking ive entered the date correctly but somehow the dates are still not right. Was looking forward to using it. But not now if my dates cant even be corrected.,CRASHES
Notification This app is so pretty..i really like it but the problem is that is not shown any notification if i have received in any apps ex: whatapp  facebook messenger emails...means any apps notification not showing when its on almond screen... thank you.,CRASHES
Neither of the two issues highlighted ago has been fixed _ï¿½É Tapping the star on the right hand side in list view will cause the list to scroll. Also  progress bar when downloading an attachment would be welcome. Half the time I get the impression nothing is happening  and often nothing actually is...nevermind guys  switched to AquaMail  it's like moving from 2006 to 2015. It was nice while it lasted.,CRASHES
Amazing.... But It really needs to get a pass code option for the lock screen option but other than that is an amazing app,FEATURE & UI BUGS
Has problems Huge battery drain : only usable if you keep it plugged in. No clock alarm support. Dosn't display the next alarm time like the standard nighttime display does and when an alarm goes off does not display the snooze cancel screen. Fights you when you try to return out of its display mode. I decided it was more problems then benefits and removed it.,FEATURE & UI BUGS
Please add feature Lyrics Im so love this music player. So smooth and the best music player i've ever found. But i just really hope this music player can be use to display the lyrics. Please add this feature. Im begging you__,FEATURE & UI BUGS
Doesnt work on Note 4 It show me the Mah anywhere,CRASHES
STOP  STOP  STOP Some remaining fails on that 4 letter word. Train stops/stations are shown with unrelated icons at different zoom  one zoom level gets bus icon. At some zoom levels bus stops disappear behind supporting features such as bicycle racks and waste baskets. And when invoking address geo intent from phonebook  it toasts nothing found and doesn't even open (address tested is in built in address search!). Getting better though now 4.5 stars.,CRASHES
Nice! Love it more if I could display the date too!,FEATURE & UI BUGS
Great game Really great game but it doesn't fit my screen so i have to scroll up to see my score,CRASHES
Better and safer than the official app I stopped using the official Facebook app over a year ago  because it was requesting an unreasonable list of permissions  and it didn't offer much beyond what their mobile website offers already. Instead  I simply started using Chrome for my mobile FB access. Recently  I discovered this app. It doesn't offer too much over what a bookmark link would do  but I like that Facebook access is sandboxed  and that the page view is full screen without that URL bar that is visible in a regular browser. It would be wonderful if there was a way to integrate picture sharing to Facebook via the ACTION_SEND intent  but I'm not sure if it's possible to implement with Facebook's mobile website. Anyway  this is a great app for anyone tired of Facebook snooping in on every aspect of their Internet use.,FEATURE & UI BUGS
doesn't work with rtl-2832 Says it works with rtl devices but doesn't. never displays anything  even though the rtl 2832 works with other spectrum analyzers. no help files anywhere so good luck figuring out what's wrong!,CRASHES
Please add feature of image edit before sharing,FEATURE & UI BUGS
Doesn't work I loved this widget on my s4  but it shows zero mA at all times (charging and discharging) on my note 4. Please fix!,CRASHES
" Worthless Doesn't work on nexus 9 Android 5.1.1 App says only \\"""""""""""""""""""""""""" no data"""""""""""""""".""",CRASHES
Not true App shows all system apps as red (dangerous if removed) while this is not true.,CRASHES
After going back from file view  file tree is not showing anymore,CRASHES
One of the design lovers I really like it that there's background in sidebar. It would be nice if we could change blue color at the top to different color so It would match with the bg.,FEATURE & UI BUGS
Love it. But please add new weapons U should add new weapons ANDROID PLEASE LISTEN TO ME BUT CAN u try to put quality setting so that u can make the graphics on the phone or iPad look like the one on pc,FEATURE & UI BUGS
I can even open the app plz fix,CRASHES
No longer working It no longer show the remaining days left when widget is expanded,CRASHES
Great Please add clock hide option and also auto hide status bar when play video or games. Thanks,FEATURE & UI BUGS
love the concept. But fix this double tap doesnt work on samsung galaxy S6....Until then ill have to keep the blur down to zero.,CRASHES
Nice app. Cool user interface and design. Cool functions. But there's no blacklisting. Please add this feature.,FEATURE & UI BUGS
Doesn't work on Galaxy S4 Permanently shows 460,CRASHES
Doesn't work on Nexus 4 The widget doesn't appear on my widget tray for my rooted Nexus 4 running on 4.4.3,CRASHES
Great app Please ADD chromecast / dlna streaming support.,FEATURE & UI BUGS
Add Always On Feature Please add always on feature other wise the apps is awesome. Loved it,FEATURE & UI BUGS
Needs swipe up and down In Poweramp swiping up and down on the now playing screen takes you to the next folder or album... this player needs this functionality to be better than a ok app.... themes would be nice to for it to match my car dash. I used this app in mirror link for my car.,FEATURE & UI BUGS
Add these options! Please add the option to confirm before deleting a message. And add the option to mark multiple messages before deleting. You'll get a 5 star rating when these options are added. Thanks.,FEATURE & UI BUGS
Does the job well. Would like to see some hosting options between the free and the 10 euro one.,FEATURE & UI BUGS
Simple and fast It's simple  fast and works really well. One thing I would like to see in the future versions is sticky note capability.,FEATURE & UI BUGS
I am experiencing a playback bug on a Nexus 5 running Android Lollipop 5.1.1. The playback works as expected as long as a file is not renamed. When I rename a file and play it  the control jumps from Start to End and the playback does not work anymore. Renaming the file to its default name has no effect. Thank you to look into it. I will change my rating when this bug as been fixed. UPDATE 14/11/2015: The bug is still present on Marshmallow (Android 6.0). No feedback from the developer.,CRASHES
Not great Can see effort put into game but simplest option of opponent level is not avaliable! Simple things destroy a good game,FEATURE & UI BUGS
Doesn't work on GS5 Always shows 1mA on a GS5 (4.4.2).,CRASHES
I really like this app. I like the simple/minimalist design. Only problem is when I set timers regardless of the timer/clock app  AcDisplay stops them from making any sound. They show up in the notification but no sound. No problem with alarms  just timers.,CRASHES
Pics and videos won't load When I open my telegram it won't load pics from my chats and it just keep on loading for too long. Pls fix this problem.,CRASHES
Best! Please add a widget at desktop,FEATURE & UI BUGS
Good. Solid  polished app. Works well. Issues I had  though  thus preventing 5*: the icon being at the top left meant that I couldn't run away from a catch. I know you can move where the icon is  but it'd be great to be able to do it on the fly (double tap and drag  maybe?). And secondly the menu items didn't customise as I wanted. I don't want pidgey Calc etc and the icon showed them anyway. Randomly it stopped showing them (as in  it randomly decided to finally accept my customisation). Great app though. Thx!,CRASHES
Glitchy The screen freaks out  even when it's laying completely still on a table. I can't find anything  much less the things I'm looking for.,CRASHES
It looks good! Looks good but still needs some customizability.,FEATURE & UI BUGS
Doesn't background sync. The app only checks for mail when I open it  which isn't very useful. Maybe it's caused by me being in China  but given that the mail server is in China also I fail to see why it doesn't work correctly.,CRASHES
I had high hopes for s6edge+ Only worked on a few and the pics are ugly. Mustard yellow and green designs. Dont try this as its horrible and not worth the time.,FEATURE & UI BUGS
Doesn't (quite) work with my S4 Torn between 3 and 4 stars. It scanned  found a list of codes  and when I tapped one it said it was sending it  but nothing happened. But... they don't work from the dialer either  so it may be something with my phone. So I guess it probably does what it says  I'm just disappointed it didn't work for me.,CRASHES
Great App - Would love some tasks support I was looking for a replacement for Agenda Widget and this looks to be the one. Would love to see some support to show Tasks in the agenda specifically Gtasks. Would also love the ability to highlight the text of current events as well as change the color of a calendar but this is very good. Also noticed it takes up to an hour for completed events to be removed. A push refresh interval would be good,FEATURE & UI BUGS
Nice Plz add more icons,FEATURE & UI BUGS
Feature suggestion - black list certain BSSIDs Some networks have more than one access point with the same SSID. Some of those APs may not work properly and it would be good to be able to black list their BSSIDs.,FEATURE & UI BUGS
Excellent Better  in my view  then the paid iPad version. Easy to use and edit. And it keeps improving!,FEATURE & UI BUGS
I Like It Only Thing I'm Waiting Is An Option For A Square Album Cover Size And A Download Album Cover Option. Other Than That It's Good,FEATURE & UI BUGS
Doesn't handle SSL certificate changes well. Just get stuck in a loop. Clearing data/cache didn't help... Or is it just broken on Android N?,CRASHES
Really cool gadget for RF engineers Restarts driver when changing orientation. Please fix that. Additionally would like to have MUTE button alongside with other buttons. Another issue is: let user choose whether he/she wants kHz  MHz or GHz when entering freq. Thanks in advance!,CRASHES
Does not work. So I downloaded my rom  select it on here and then BAM it does nothing it just goes to the main screen.,CRASHES
Extremely annoying I am continually getting error messages or it only shows a loading sign. This happens about 95% of the time. I log out on my cell and signed back in  I than cleared my data for this app when that doesn't work I uninstalled and then reinstalled it. Nothing works. It's not our internet or the 4G through our cell service. Hulu never acts up like this. Are you wanting me to cancel our 5 plus years of Netflix loyalty Netflix?,CRASHES
Useful but broken now I use it a lot but the app is broken on my S6. Launches to frozen page,CRASHES
Saving pages No options for saving pages on external sd card,FEATURE & UI BUGS
Great app The armor builder needs to include a tab that shows all the components needed for that set  just like the wishlist has.,FEATURE & UI BUGS
Good app Good app overall  few glitches here like conversion color shift happens before i enter conversion but thats minor. Looking forward to future updates.,CRASHES
Good but The HTML doesnt show title because the tag starts with the closing part,CRASHES
Adipoli... Exellent dictionary i hv evr seen... Bt sm words dnt find in app hv meanings in olam website... Need sm way to update or sync... Tnx 4 the grt work... I lv it... Awsm...,FEATURE & UI BUGS
Great  but pretty buggy. Often after the app has been running for a while  channels seem to not be reliable. Especially if I use a client on the computer in between sessions. I was very confused when I opened one channel to find a completely different one. Sometimes  the list of people who are online are off too. I've once found someone logged in under the same nick 4 times (that's a bug). Its because it doesn't seem to always register when someone quits or parts.,CRASHES
Just what I was looking for. I had been in search of an app that does this and I'm really impressed by the fluidity of the App. Just on thing I would like is the support for external icon packs and I really hope you can implement it. Edit:my request and a bunch of new features are enabled..,FEATURE & UI BUGS
Issues Can't seem to be able to use the start or select buttons  and it lags hugely. Fix please.,CRASHES
awesome we can watch video directly in app.very nice.better than official fb app.hope next update will bring more features.maybe move to sd.hehe.sorry for my bad and broken english,FEATURE & UI BUGS
What happened to this app? Used to work great  loved it... but now everytime I hit the search the app closes... and when I have to scroll to find a song ( because I can't use the search or it closes ) the song doesn't download fully. Maybe I'll just uninstall it and reinstall it and see if that fixes the problem. If not I guess I'm just going to get rid of it. Ok...looks like that fixed the problem...the app is back to being awesome again,CRASHES
Doesn't work on GS5 Always shows 1mA on a GS5 (4.4.2).,CRASHES
Broken On my HTC One  it reads completely crazy numbers. Even when not plugged in.,CRASHES
I can't upload pics Ever since this new update I cannot upload any pics to my new posts. I try via WiFi and with my use of 4G but still nothing. I'm using a samsung galaxy s7. I choose a pic but never finishes to upload. Can I get some help please.,CRASHES
" \\No data"""""""""""""""" after upgrading to Android N CurrentWidget have served me well for a long time. However  after a system upgrade to Android N the widget just tells me """"""""""""""""no data"""""""""""""""" when I try to read charge or discharge current. So as of now it's unusable  but hopefully a fix is on its way.""",CRASHES
Ads ads and plugins Needs plugins that will show ads for very simple tasks like reading a pdf,FEATURE & UI BUGS
Great app but I am having some problems when i post something it fails. it is not even showing me my current posts which I have posted from computer. no peer certificate error and by 3g it was uploaded.,CRASHES
"Love  but needs update Love this app  but since the last Android OS update only a white box shows for the pop up suggestions and for the """"""""add"""""""" box. Even if I change the theme. I don't know why it's taking so long to fix.",CRASHES
Not working on other roms Please add support on half life then I will give you a 5 star,FEATURE & UI BUGS
Nice design  easy to use. But... No nested folders support. I would rather drill down the folder set-up I have rather than have all the sub-folders in a flat view.,FEATURE & UI BUGS
Does Not Work Shown as compatible but doesn't show any data.,CRASHES
Also getting the blank screen It is pretty and smooth when it's working well. But I'm getting the odd blank screen when going from a thread back to the main conversation list. Annoying. I'll check back with this one if a few weeks...,CRASHES
Wonderful Please make a material design app icon,FEATURE & UI BUGS
"Ehh Having Issues Lately it's not keeping me signed in. I check the box for """"""""stay signed in"""""""" but it constantly has me log back in. Also when editing my menus from the app while on my phone  as soon as I try to drag a page to reorder the menu it automatically scrolls all the way down making it impossible. Please fix these issues and thanks.",CRASHES
Not working after upgrade to Nougat The ampere reading is not showed up  say 'no data' it's working fine with android marshmallow and disappear after I upgrade to nougat.,CRASHES
It's a great app  the only problem with it is when you're chatting with some one  some of your conversations won't show up. For it's next up grade they should alter that problem. But other than that  it's a great app. _Û,CRASHES
Good but... Please add a feature to BOOKMARK wiki pages in the android version!!!!!,FEATURE & UI BUGS
This is a very good app. But after the recent update (some days back) I can't see the STATS widget. That was really helpful. But now I have to go to the app and check my stats there. I am giving 4 stars just because you guys removed the widget  else this is a 5 star app.,CRASHES
PLEASE FIX orientation issue This is a great tool I've been using for years. My one real complaint is that if I forget to turn of my phone screen rotation  if when clipping a file I rotate my screen it completely changes the times for the crop marks. Frustrating when I've spent time getting something just right.,CRASHES
5 stars but needs improvement I had been using textra for a while. But since I saw the UI didn't get any updates I started looking for something else and this one came up. It is great but it's a bit buggy and needs some more personalization features. One feature needed urgently: send voice notes and contacts in vCards and plain text modes.,FEATURE & UI BUGS
Great App. This app does exactly as promised. It even recovered photos I thought were gone due to my phone automatically deleted when it unexpectedly crashed. When I checked the picture folders in this app I was surprised to find all photos were there. To the Dev team Awesome work! Please add a device memory compression feature. It's been 5 mos since the last update was released. **Is this app still supported??**,FEATURE & UI BUGS
Really good  but with one bug. This database has helped a lot with my hunting  and I'd give it five stars if not for one bug: In the Weapons section  it crashes and restarts when any Hunting Horn details are viewed  making that effectively impossible. Please fix this bug  thanks.,CRASHES
No preferences option I opened the app and did not see any preferences option in the menu. Just settings. Thinking I was missing something I also went through the readme at the project's Github page  but couldn't fund anything. I am on HTC one. Maybe this app doesn't work on HTC phones.,CRASHES
Does not work I can not get out of settings,CRASHES
Doesn't work It's saying No Data for the longest time,CRASHES
Good good app  if it had notifications it would be better..,FEATURE & UI BUGS
Doesn't work on Galaxy S4 Permanently shows 460,CRASHES
"Best interface with unacceptable bug 80% of the time  deleting email's results in crash notification: """"""""Unfortunately K-9 Mail has stopped."""""""" just too irritating to accept. Submitting crash reports have resulted in no feedback from K-9 let alone a problem fix. It's really a shame because it has my favorite look & features. Manage 2 important POP3 email accounts & need better reliability /stability.",CRASHES
Phenomenal update. Like the new 'share with' feature. Also the ui is more beautiful. I'm really impressed with the quality of the recent update. Many more features!,FEATURE & UI BUGS
So far  playing Zelda: The Phantom Hourglass is great! But  I can't access the emulator menu once a game has been loaded. On the Galaxy Note 5.,CRASHES
" \\You need to provide the BIOS"""""""""""""""" I've really wanted to play Sonic Adventure for a long time now. My problem? The bios is in the correct place  as is DC_flash.bin  and then it says """"""""""""""""you need to provide the BIOS"""""""""""""""". Really? This is crap. Someone really needs to get to work on an N64 port of Sonic Adventure.""",FEATURE & UI BUGS
Great Please add someting to game for creating our own story and share it,FEATURE & UI BUGS
Can't find my books I've had the app for a while and loved it (would have given 4 stars!)  but now after the update my books are gone? I tried adding it but don't know where. I also tried doing the Google drive thing but they don't show up. I added the epub and mobi versions but still nothing?,CRASHES
Zoom issues make it unusable Best crossword app  but doesn't work on Samsung s6. Freezes and I can't tap to a new location. Pls fix  otherwise this is a great game.,CRASHES
Loved the look of the app and it seems to have good functionality but it never worked right for me. I had a reminder set for 6am to repeat every day but it reminds me at a random time every day that is no where close to what I wanted.,CRASHES
Great Nexus 5 app. This is a great app better than any of the others out there  has some minor bugs. Please can you look into saving the days data in a way that it is not lost when the phone or app crashes so that history is not lost? Would be really nice if I cold scroll left and see my last month of daily activity  without having to register my personal details.,FEATURE & UI BUGS
Open-source... What else to say. Even if it's still missing some nice options... Continue your great work my friends! To the one arguing about the GUI  IMO  it's the perfection. Sleek  fast and stable. All to do is waiting for couple ameliorations. For example  where is the unread count on the icon ? It's a must on any email client  not only on the widget icon. First time I saw email app without this simple option. Will give 5 stars after couple addons. I promise  Thanks. Do you read your reviews and propositions on options to add ? Thx.,FEATURE & UI BUGS
It worked at first... kind of It loaded up the game to the game's menu but would crash as soon as I gained control of the main character.... now however it doesn't load at all. I haven't done anything different to it.... any suggestions for that please? Also tried again after renaming the folder from dc to reicast as your setup guide says.... no luck,CRASHES
Great app buy  I wish when I went to multitask view the wallpaper would stay and not turn black. Using this on a Nexus 5 by the way.,CRASHES
Views Irritating that it's only available on landscape,FEATURE & UI BUGS
Almost perfect! I love this app  it does what it says it will and it looks amazing. The only problem I have noticed so far is the app bugs and doesn't appear when you clear your notifications on the lock screen  but not in the notification panel. Other than that it is awesome.,CRASHES
Who cares to see other people Life ..then you cant put your onw name on wikipedia because its keep Deleting,FEATURE & UI BUGS
Really good. The only thing I would say could make it better is if we could change the size of the screens and size of the buttons.,FEATURE & UI BUGS
Good app. My problem is the resolution of saved draw (png). Hope there's a way to save in bigger resolution.,CRASHES
Great but less stable than status quo UI  usability is slick. Love it. However lots if instances where it crashes. There was one non crash bug where ur current conversation/other ones went blank. Hopefully it logs bugs extensively  and maybe it can add a report bug feature? It got a lot less buggy than it was a few months ago but its still the only gripe you can have with this great app. Great work guys!,CRASHES
Awesome! Keep up the good work  please add more widgets for exchange email and Facebook perhaps,FEATURE & UI BUGS
Menu button doesn't work The menu button doesn't work  unfortunately.,CRASHES
Great Please add an option to add widget(s) without necessarily removing the clock widget present by default... Otherwise its awesome,FEATURE & UI BUGS
What's wrong? Pictures are huge. Please fix this latest update.,CRASHES
Add more icons. Otherwise perfect with new cm11 themer,FEATURE & UI BUGS
Best Persian Calender but developer plz read If you want use best shamsi calender with gadget .. you can choose this app .. but need to design a better icon for your app .. i give five star after seen nice icon for this app.,FEATURE & UI BUGS
LG Mach  ICS 4.04: Great utility made even better Excellent for learning choral music on-the-go  without the weight of my book  with a good stereo headset---also works great piped through speakers at home. I recommended this app to everyone who does part-singing. The option to show lyrics and measure numbers already present is a plus. My community chorus midis are notated that way. Instead of coloring the notes  the option to highlight my part by the line  like a highlighter  as well as the words  with different colors for each  would be better.,FEATURE & UI BUGS
Widget is always flashing Half the times when I turn on my screen  my home screen is blank/empty for a few seconds because the widget is reloading.. And my home screen is almost 100% full with this widget so it really shows  and is really annoying..,CRASHES
Update broke it. Doesn't respond to screen tap on Note4.,CRASHES
Still lacking options. Tinfoil still not as good as browsers.Add option to copy address or copy link location that are available in mobile browsers by touch&hold.Can't add space when typing comment or status typing messages have no problems.please add shortcut to see online friends.,FEATURE & UI BUGS
don't shows the parfect direction,CRASHES
I need help This is a great emulator but I've been having some issues with it lately. I sees my bios and settings but it crashes back to the home screen when I load a game. Please fix,CRASHES
Love it! But... Notification from running timer doesn't display so have to unlock every time I want to check timer. Also  no ICE display. This is an important feature for me.,CRASHES
Great Idea  Imperfect Execution The toggle does show up and it does work  I can toggle night mode on and off. Unfortunately the auto on and off based on location doesn't seem to work.,CRASHES
some time not working,CRASHES
Amazing Please add palico skills  food skills  and small monsters or make a paid app with those added.,FEATURE & UI BUGS
STEALS INFO I caught it taking screen shots of my bank account information when I was online banking with my phone,CRASHES
Awesome On samsung j5 sm-j500fn  the option with proximity doesn't work well. It turns on the screen instead of lock it.,CRASHES
Doesn't work at all Only got configuration screen. Never displayed any data on LG 4g phone.,CRASHES
Overall the app meets up to the expectations! A very simple yet effective UI along with agenda per day view is what makes this app unique. . please add the total time between the agendas on the widget day view. . . . An option of coloring the agendas would also been an added advantage for developers to reach the 5 stars.,FEATURE & UI BUGS
Awesome  top notch  use this! Best browser by far  feature rich  slick  stable  built in ad blocker  highly configurable  I love it. Just one feature more would make it perfect... a proper Night Mode (black/deep grey background  white/off white type and images as normal) That would be the cherry on top. Really like the new update though  thanks.,FEATURE & UI BUGS
Unable to return to app It hangs when clicking the notification while in overlay mode.,CRASHES
Very good. 5 stars for what it offers. Could be much better thought. Need croop pics  camera adjustments anableing  recognitions of receipt  where it is from  amount  date  form of payment.,FEATURE & UI BUGS
Great free app Can take some time to get used to  but for some very flying - or as a moving map - great. Found some issues - POU airport runways 6/24 are listed as 7/25 on the map runway extensions - yes there is a turf runway 7/25 but for a Class D airport it should list the main 6/24. But  a pilot shall always be thinking... 5 stars for good work,CRASHES
Unable to share files When I tried sharing an audio file to a whatsapp contract  the screen changed to the share screen  I selected a contact and clicked on share  but it just closed. When I check  nothing was shared. This happens every time I tried it.,CRASHES
app is hang my screen is mulfunction,CRASHES
option for disabling sound required option for disabling shutter sound is missing.. i hate shutter sounds.. please see to it that it is included in the next update,FEATURE & UI BUGS
Great APP - Improvement Request - News Republic Works great! News Republic's notifications offers the full story but the APP will only read the title. If possible could you try to fix this in any future release! Thanks,CRASHES
Great looking app. App crashes every 7-12 seconds of browsing. App is very lovely and love the ui and would definitely be my go to reddit app if it would just run better. Is there a fix to this? I'm hoping this is client side because I would love to use this.,CRASHES
Copy button for perfection Just add a little copy button at the top pls then it will be perfect. And if you can give the option of dividing the + & - buttons left-right respectively with the - button smaller  so theres no more need to look while clicking,FEATURE & UI BUGS
Still love it but.. Having some weird glitches recently  delayed sending isn't working. I also get a black screen for a second or two when opening a full conversation when the phone is off or when the qk reply closes in a conversation. Keep up the good work. Where should I go to submit bug reports?,CRASHES
Need another format I'm having a hard time downloading MIDI files on my device (LG Volt). If there's a way to upload MP3  I would give 5 stars. Otherwise  I do like playing along to the pre recorded tracks.,FEATURE & UI BUGS
No longer working It no longer show the remaining days left when widget is expanded,CRASHES
Altitude Filter Not Showing Up I have a Samsung Galaxy Note 5 and when I take a picture and swipe for filters the altitude filter never shows up. I have tried updating  Uninstalling then re-installing the app  turning my phone off  you name it. But nothing has seemed to work.,CRASHES
Great! Just please add the option to ignore certain notifications within the same app  currently one can only either ignore the whole app altogether or receive all of its notifications  for example I want to be notified of new WhatsApp messages but that's it  I don't want it to voice notify me that I have copied a message or deleted so many messages  thanks,FEATURE & UI BUGS
Could be even better ! I should be able to scan a barcode displayed on the screen   it would make signing in easier.,FEATURE & UI BUGS
Unreal... Not in a good way Let's see...adjusted the. colors i wanted on the calendar...how i want my events to be listed..etc..so only thing I need now is the CALENDAR!!!! OMG REALLY???,FEATURE & UI BUGS
Functional but UI is stuck in Gingerbread era and it still requires use of menu button to access option.,FEATURE & UI BUGS
Dumb If only it actually listed the directories on the sd card and had a Copy button as the instructions say!,FEATURE & UI BUGS
MMS issue and slow to launch It looks good  But can't not send pictures taken from camera on the app. Need to use my camera to take the pic then go to the app and select the pic from the gallery to send. Takes up to 2.5/3 secs to open. Not good.,CRASHES
Not working on Android 5 Just doesn't show up on the lock screen despite adding the extensions in DashClock,CRASHES
Crashes every time wit FB personal message I prefer this app to FB but it is a nuisance that it crashes every time I attempt to access personal messages that are apparently waiting for me. This bug is consistent across my two devices. I see other users have reported the same frustrating problem but the developer shows no interest in fixing it. I hope they do fix it  as it is otherwise useful.,CRASHES
Good benchmark Button to 're-run benchmark' would be a good addition  instead of it restarting every time the app is opened.,FEATURE & UI BUGS
No preferences option I opened the app and did not see any preferences option in the menu. Just settings. Thinking I was missing something I also went through the readme at the project's Github page  but couldn't fund anything. I am on HTC one. Maybe this app doesn't work on HTC phones.,CRASHES
Used To Love It Used to love this app. Now  I do have a complaint. Rotating the screen or answering texts sends my selection back to the beginning. Bad idea. :'(,CRASHES
Unable to upload image from the app I'll give 5 stars only if i can upload multiple images from the app. Even on mobile view i had to upload 1 image at time which is time consuming... fix please...,FEATURE & UI BUGS
OK. HTC M8 Seems to only work if the lock screen is lit. If it's not lit  nothing happens. Pressing both volume buttons also turns my ring volume down all the way into silent mode  which is a bit of a pain to turn back up each time I use the light.,CRASHES
Doesn't work at all. Worked fine on my Galaxy s4. Doesn't work at all on my new Note 5. Widget won't stick. Drag the widget where you want it  options screen comes up. Set options  close and the widget disappears.,CRASHES
" Didn't work on 1+1 Sorry  the app didn't work on 1+1  displaying \\""""""""""no data no data no data""""""""""""""""""",CRASHES
Stopped using Constant message count overlay on icon even when I read all the messages. I did reinstall to get rid of this. Additionally constant notification about unread message with button supposed to mark it read  but when pressed  notification goes away just to m?k? another appear with the same message unread. Not even funny. Bad bug. Awful. Dev seems not to care at all.,CRASHES
"Almost good. """"""""Calibrate"""""""" button must be hidden  because it can be touched by mistake  and the calibration process takes about 15 minutes. Also it would be very useful to export settings (calibration values).",FEATURE & UI BUGS
Its cool I hate cause she can't pronounce a lot of words wee fi is one WiFi please update no problems on my HTC and she spells alot of words funny,CRASHES
Floats over transparent nav bar On lollipop the bottom corners floats over transparent nav bar and it would be better to add color to blend material status bar,FEATURE & UI BUGS
CAN'T MOVE FILES AND PICTURES AND MUSIC! Pictures  musics cannot be moved from internal storage to sd card. Please fix.,CRASHES
Potentially excellent but right now pretty poor. For example  when displaying cycle routes it's impossible to see if the transparent red route on a yellow road is the route  or if it's an orange road. Yes  you can tell if you look really closely  but that isn't possible while riding. Instructions are not only minimal but incomprehensible as they refer to menus and settings that don't come with the download. I should have tried the free version first.,FEATURE & UI BUGS
Needs sorting +style change Needs some form of sorting (letter  category  etc). Also  some icons don't really fit the theme. The phone icon is 3d looking and the Snapchat icon looks too bright or pops too much when compared to other icons.,FEATURE & UI BUGS
One suggestion... You should make the counters more customisable colour wise and maybe add an option to have multiple counters on the screen at once.,FEATURE & UI BUGS
Useless I installed and it showed nothing only a blank screen,CRASHES
Notifications problem Previous version worked excellent. Now it doesn't show notifications.,CRASHES
Does not work fully Would of givin it 5 stars but the double tap to see the photos does not work. Love the app just wish that would work. Would be so much better if I did not have to open the app to see it.,CRASHES
It works I knock out quickly after turning this on. The only thing  is I don't know how to close it without going to app manager and forcing it to close. It just hangs open after using task manager. Please add a quit or end option.,FEATURE & UI BUGS
The design is just half-assed. The app is consistently behind the website  video and extended content is not supported. Bummed.,FEATURE & UI BUGS
New update can't add pictures With new update broke the app  can't add pictures anymore.,CRASHES
Playing next episode doesn't work Everytime I come to the end credits of an episode and tap on the play next episode popup I am taken back to the browse screen. Tapping on the play icon for the show I was watching restarts the episode I just finished. Good job  you crushed it.,CRASHES
nice and fast launcher.can you add material design style and get rid of white border between the name of the apps?thanks.,FEATURE & UI BUGS
Yes its good Ya the app's too good but the auto rotate of my phone was off but still the orientation changed. Maybe this could be fixed.,CRASHES
Awesome The effect of rounded edges is really great. Looks very good in most apps. There are some issues with the status bar through  but I think its not the app causing it. The status bar is sometimes black or transparent depending on apps...and thats the thing. But I love the look :))),CRASHES
A few bugs  but nothing major for me Lets me play Tokyo Xtreme Racer 2. However  the minimap and speedometer aren't displayed  which means I can't tell which gear I'm in  but that's not a problem since there's shift assist. Another issue is that the pause menu doesn't show up. If you know where all of the options are  this isn't a big problem. Overall  it's pretty impressive how well it emulates Dreamcast games.,CRASHES
Too Many Bugs to Be Usable Introduces many glitches and control issues (like inability to scroll text boxes independent of the containing page). Another Overrated but ultimately useless 'app' for the growing digital junk pile.,CRASHES
I love this app it's super customization and easy to use. But PLEASE add the ability to sync my google tasks. I would like them to show up with my calendar dates.,FEATURE & UI BUGS
Doesnt work as it says When I backed up the firat sync  nothing shows up in my email  and the log on the ap was empty.,CRASHES
Almost perfect  but if there where a way for you to round home touch buttons like on phone models such as the G2 or G3 I'd give this 10stars if I could!,FEATURE & UI BUGS
Good It was good but sometimes its annyoing how it would snap out of the screen dimmer out of no where,CRASHES
Was great fun Still my favourite game - by far  but the degrading mechanic killed it alot I think. I'm not taking a star away cuz pixel Dungeon is still pixel Dungeon but I would REALLY like to see degradation go away.,FEATURE & UI BUGS
like it but doesn_ï¿½ï¿½t load once end of list Also not as compact as I like. Still pretty good.,FEATURE & UI BUGS
Awesome Didn't work on my Galaxy S3 (Samsung's fault)  but worked on my Vibrant and showed me that my cable was only putting out half capacity. Changed cables and widget shows good amps and now my phone charges!,CRASHES
Well....? As someone else has said.... cant get past preferences screen. Removing immediately.,CRASHES
Works exceptionally well I haven't come across a barcode this app hasn't been able to handle flawlessly. The only minor drawback I could identify is the landscape-only orientation and outdated UI.,FEATURE & UI BUGS
Very good This messenger is the best messenger in the world  please add Persian language in the setting  thanks,FEATURE & UI BUGS
" Note 4 compatibility issue Says \\""""""""""0ma"""""""""""""""" on my Sprint Note 4. What am I doing wrong?""",CRASHES
Newest update screwed it up I admit  this is a brilliant icon pack  and I will return the rating to 5 stars IF the right icons are shown. Whenever I go to share something  or am multitasking and switch from one app to another  the wrong icons are shown with the wrong app. ie. 9gag app has the Netflix icon  WhatsApp has the Viber icon  etc. Need to fix it asap,CRASHES
Alternate input system and-or memory viewing and debugging? This app has a great protential to be a superior bf interpreter and even a good ide. I just want these extra features so that we can debug things well.,FEATURE & UI BUGS
Excellent lightweight app Perfictly does what i need and no useless extra features. And  unlike some other lightweight wifi togglers  works reliable! Please add the option turn off wifi if not connected to any network after x minutes. If using wifi scanning app wifi should be left on for more than 1 minute.,FEATURE & UI BUGS
Made me switch to clementine This is a brilliant app to control clementine. All it needs is a few tweaks and additional options: playlist mangement is unintuitive and buggy. A sleep timer and stop after current song would be quite welcome. EDIT: longpressing pauze achieves toggling stop after current track.,FEATURE & UI BUGS
Galaxy s4 Please add stock launcher in to black list 5 stars after its ok. Thank,FEATURE & UI BUGS
Good The app is the best from what I have tried so far. There is some issue with temporal navigation - when I open several conversations from notifications and then press back  the app goes through every conversation interleaved with the list of conversations. Also sometimes the conversation does not open when I tap on the notification and is not dismissed when I press the 'read' action.,CRASHES
Does not work on Samsung Galaxy Tab S 8.4 Always shows 1 mah in the widget,CRASHES
Nothing too special I get pop ups with no text apart from the options yes/no and I have to guess what happens. A checklist option and the ability to set reminders would be nice. Until then  sticking with color note.,FEATURE & UI BUGS
Bug fixes After scrolling through pictures the all crashes.,CRASHES
Great This is a great messenger app but now it is not showing the new messages when I select it. Also  when I send a message  it is not showing up  even though I think it is going through. Could you fix it please,CRASHES
Good app but horrible on my phone This app worked great on my iphone with the small bug of crashing sometimes. This app on my galaxy s7 sucks. The camera quality is destroyed  no focusing when you tap  lots of glitches like saying i didnt open a snap after i did. Please fix these things most important the camera quality,CRASHES
Text rarely displays correctly. Most of the time  the text in the article is scrambled when I select a news story. I'm using a T-mobile prism.,CRASHES
Doesn't work on Galaxy S4 Permanently shows 460,CRASHES
Meh Many missing icons like phone S Note  Pixlr  Titanium....these are like very popular apps,FEATURE & UI BUGS
It syncs down items added via the website  but doesn't always Sync items added on the phone to bgg. A full sync does not add missing items to bgg  just seems to grab new items on bgg.,CRASHES
Simply Amazing! Works as expected... It would be Ideal to have Kore running In background while showing on Notification drop down when no media Is playing and that way would be simpler to play something else or choose a media from the Notification area. Cheers!,FEATURE & UI BUGS
Amazing! Please add option to either blur or darken screen behind the menu upon activating it. Also  please make scrolling between tabs smooth like scrolling between home screens on a launcher is. Thanks.,FEATURE & UI BUGS
Beautifull but full of bugs Your app is brilliant but it has a lot of bugs :( Last night i turned my phone off and today turned it back on and the wallpaper wasn't working. So i deinstalled it and installed it agiain. Also i have a bug that blurring and dimming isn't working. Also i have put some picture and it bugged down and always stayed with thath picture. When you fix all this you will get 5 stars. Sent from Lg G2 (internacional),CRASHES
Nice Keep it comin'. You should add a button/feature to stop the daemon once its started.,FEATURE & UI BUGS
Nice app Nice app i like it but please add the option to make the extensions appear on center and more click appearances.thnx,FEATURE & UI BUGS
Plz amooled theme Battery save plz no blinding white theme plz  works good ty god bles,FEATURE & UI BUGS
Very good WiFi analyzer ... Very good but room for improvement especially in UI and feature integration. Some features can be integrated with click through rather than menu. Functionally one of the best BUT THIS IS CLEAN OPEN SOURCE AD FREE APP THAT IS NOT OVERPERMISSIONED!!!!! THANKS.,FEATURE & UI BUGS
Please add wallpaper scrolling or something like parallax effects to make the lwp look more creative  realistic and attractive.,FEATURE & UI BUGS
Shake To Silence not working Shake feature not working..,CRASHES
Yes its good Ya the app's too good but the auto rotate of my phone was off but still the orientation changed. Maybe this could be fixed.,CRASHES
Thank you Dev Adam Szalkowski. Very useful app. I was dreaming of this app for a long time. I never knew that the great dev wrote this app. Suggestion: Please add dark theme.,FEATURE & UI BUGS
Just one thing  swipe doesn't work? Other than that it is awesome,CRASHES
Great app! This is a great lockscreen but please add password lock.,FEATURE & UI BUGS
Very useful but add features Add exceptions where an app can alter the brightness. Eg. Mx player,FEATURE & UI BUGS
Kitkat Bug :( Whenever i swipe to go back or close an image I can see my app drawer with all my apps. Please fix this,CRASHES
Ok PLEASE add Touchwiz status bar,FEATURE & UI BUGS
Edited since Gooqle limited characters 1. Issue with not keeping file current (hit back button then went back to file  edits not shown but were saved). 2. Issue with adding md extension to everything  including a pdf file accidentally clicked on. Since md extension hidden I was unaware of this.,CRASHES
Truly bad  use Sky View instead. Pointed toward a bright planet (Venus) on the western horizon but it couldn't find it. Also several other objects that my brother found with the Sky View app on his iPhone. Gave up and downloaded the Sky View app instead which worked great immediately. On Samsung Galaxy Note 4. It asked for location permission which I allowed then went into some stupid app overlays setting which is unnecessary so I exited and it told me location permission wasn't allowed. Set permission but still couldn't find things. Bad.,CRASHES
Too Lite The Lite version doesn't even have the button that makes the app do something.,FEATURE & UI BUGS
Pretty bad Honestly I'm only giving this 2 stars because it's the only dreamcast emulator. Graphical glitches are constant. On screen touch controls are the worst I have seen on an emulator yet and especially the dpad buttons. I don't see an option for save states. Not enough configuration options and can't hold connection to my gamepad for more than a couple minutes. Maybe I'm being harsh as I believe this is new but as it is now  I can't recommend this to anyone.,CRASHES
Incredible app but.... I would give this app five stars if it adds features such as scheduled sms and the ability to add custom backgrounds,FEATURE & UI BUGS
Has potential Seems like a decent app but one downside is I don't like that it won't unlock screen. If I dont happen to see the led alert.. I don't know that I have a text. Fix that and I will def use it.,FEATURE & UI BUGS
Best Game On Android! Please add more levels! If you find this game excessively challenging  that's because it is! If you ever get the Amulet Of Yendor  as I have after a year of playing  you will feel like a boss! The Huntress-Sniper is the best class  your upgradable boomerang your only ally. Search every blank tile  use weightstones to keep you boomerang from breaking  save three magic mapping scrolls for levels 22-24  save a potion of paralysis for the burning fist & rotting hand  and have a battle-wand for the Eye at the end. Play till you win!,FEATURE & UI BUGS
Lovely fast minimalistic browser. But guys  PLEASE add an option to rearrange bookmarks in sidebar. They are mess now. Not even mentioning folders.,FEATURE & UI BUGS
Beautiful Widget Beautiful app to show upcoming events. Would be 5 stars if time and event had option to be on one line. There should also be a choice not to show date header while still allowing access to configurations. Precious space are wasted in these two areas. Fix if you can  please.,FEATURE & UI BUGS
Can't rate Can't get it to work on nexus 5,CRASHES
Yes Screen is black but But the display is on in black area also..There shouldn't be any light in black areas in case of SAMOLED displays.,FEATURE & UI BUGS
Clean interface Please add root capabilities....,FEATURE & UI BUGS
Great app. Needs a few more features but it is still great so far. I wish there were more open source apps like this for android,FEATURE & UI BUGS
Would be great if you updated the app icon to match the icon on the Play Store (which is much better looking and more guideline compliant),FEATURE & UI BUGS
Awesome The effect of rounded edges is really great. Looks very good in most apps. There are some issues with the status bar through  but I think its not the app causing it. The status bar is sometimes black or transparent depending on apps...and thats the thing. But I love the look :))),CRASHES
Not better I can no longer remove pictures from my photos. Its very frustrating  please fix.,CRASHES
Detachment Hi please add capability detachment of groups and channel example my group1: group a - group b - ...,FEATURE & UI BUGS
Please add multi window feature! Please add multi window features for galaxy note's user! It will be amazing update..please add multi window features I don't want to use chrome again,FEATURE & UI BUGS
Used this app for years and couldn't fault it. Recently  as has already been mentioned in previous review  the fishtext connector is broken. Will not communticate with fishtext at all. So without a working connector to my service this app is now useless. Reports of issue at website are just closed without comment,CRASHES
Give us a search button! Trying to update my posts when I have to scroll down hundreds to find the one I want is just ridiculous! How difficult would it be to have a search button so I can find the post I want to update easily- there is one on the iOS version so why not android?!,FEATURE & UI BUGS
Used to love it.. Was my favourite camera app for a long time! But now every picture I take is at an angle??,CRASHES
Add Voice Call Please add voice call feature,FEATURE & UI BUGS
Great but When I tap on play next it doesn't physically move it but does play it next. Also after tapping shuffle off  it still shuffles one last time. Sometimes ad plays while listening to music,CRASHES
Great but one problem The filters are amazing! So many to choose from  especially when updated. There is just one problem... MOST decide to work whenever they want to for me. Most times whenever I click on a filter it freezes and exits the app. At first I assumed it was my phone and later discovered that it was the app itself. My phone isn't slow and has enough storage. Whenever I actually take a picture on Snapchat while using a filter it doesn't allow me to save it. Please fix it I really wish to use the app like everyone else,CRASHES
Stopped using Constant message count overlay on icon even when I read all the messages. I did reinstall to get rid of this. Additionally constant notification about unread message with button supposed to mark it read  but when pressed  notification goes away just to m?k? another appear with the same message unread. Not even funny. Bad bug. Awful. Dev seems not to care at all.,CRASHES
Great  when it works Seems like half the time it doesn't want to load the podcasts. Really annoying  looking for another way to listen to npr.,CRASHES
Crashes every time wit FB personal message I prefer this app to FB but it is a nuisance that it crashes every time I attempt to access personal messages that are apparently waiting for me. This bug is consistent across my two devices. I see other users have reported the same frustrating problem but the developer shows no interest in fixing it. I hope they do fix it  as it is otherwise useful.,CRASHES
"Great simple calendar widget Please add ability to change """"""""shading"""""""" of day headers. They are set to default gray  and lack contrast no matter what color background",FEATURE & UI BUGS
Bad Not working on nexus 5.after downloading it doesn't appear on phone at all...,CRASHES
"Mobile data network App is good overall but my mobile data network keeps switching on and off even if i unticked the """"""""turn on automatic data"""""""" and still have alot of bugs. Hope an update could be rolled out soon",CRASHES
Clipboard option isnt in Share menu for images in google,CRASHES
Works well. Needs a dark or light theme option. Just switch the colors would be good,FEATURE & UI BUGS
@gelakinetic- Please add a deck building feature!! Otherwise superb  love it. Not sure why the best app on the market is free. But yay!,FEATURE & UI BUGS
"Everybody   use Dropbox Please add """"""""sort"""""""" feature   it would be much easier to browse through files & folders. The only reason make me use this app is because my work is forcing employees to share company's files through this horrible app. Everybody  use dropbox.",FEATURE & UI BUGS
Nothing is more frustrating... When you install a new app  and it installs mysteriously under a different name. If you have hundreds & hundreds of apps and install an app named Loop  you would be mistaken to look for that. Magically it installs under the name of Habits...,CRASHES
Amazing! This icon theme is the best! But could you please add icons for messaging  phone  and the default camera app? If you do this I will re rate this icon theme to 5 stars! Keep up the good work!!,FEATURE & UI BUGS
It only sounds good  settings not always work It looked nice - adding the icon to the drawer for sleep mode. Well  it did not. And while trying different settings combinations it finally got to the stage when auto turn on is disabled  the night shade itself is disabled  but the screen is tinted and dimmed. When finally managed to wrangle everything back to normal state  uninstalled at once - don't want risk sticking again...,CRASHES
Wish it didn't reset to the begging page after every screen blank,FEATURE & UI BUGS
When I synch the account of my laptop then open the same account on tab it show me different picture on the tab  so I go back to the laptop to see if anything went wrong but no everything is fine! Something is wrong with the synch on the tap I'm talking about a card which made of pictures as Q and picture as a answer! Seems like the picture code or name cross another picture code and name and end up showing me another picture from anther one of my accounts or desks!,CRASHES
USELESS!! Add at the bottom of the screen hides all the functions DUH!!!!,FEATURE & UI BUGS
Blank screen I sooooo want to give 5 stars but the fact that I can't run this on my S3 (black screen on boot) gives it a 1 star. Please fix so I can play full throttle  steel sky etc.,CRASHES
Great Wow amazing! basically the best drawing app ... could only be improved with a couple more features: custom images dimensions  pixel-perfect/non-antialias brushes  layer support  lasso/marquee selection tool. Add that stuff i'd def. pay for a pro version!,FEATURE & UI BUGS
Was Great but recently less so Use to work perfectly however now I will search something and after clicking on a website will bring me back to the original search screen but with the URL of the website in the search bar. I still use it and highly recommend it. I believe they deserve all support.,CRASHES
Was fantastic  current version needs help... I've been using this mail client for years  and it was phenomenal. However about 2 or 3 updates ago  it started crashing when opening certain messages or only displaying a tiny piece of the message  with the rest of the screen just a blank white space. More recent updates have changed and tweaked this problem  but they haven't managed to kill it yet  making the app very hard to use for productivity purposes. Back to webmail for me  and will give 5 stars once the app is stable again!!,CRASHES
Fix setting button I cant setting my widget when i disable clock on widget,CRASHES
Didn't work Exiting app  or just leave it open in the background still not working - fix please,CRASHES
Great browser Works great and I can use folders in the bookmarks  don't know of any other Android browser offering this. I just have two issues: 1.In tablet mode it's sometimes unresponsive  especially with multiple tabs (no problems in phone mode). 2. In phone mode it doesn't display the three dots and CM11 disables the menu key  so I can't get into settings...,CRASHES
Works really well I use keepass2 files  this app reads but warns updates are beta so I only update on PC and sync changes. All required functions there but search can be clunky - works ok but I'd love those right-hand thin bar vertical alphabets you get on default contacts app list to tap and go to a letter. Also uses copy-paste (insecure) or shows you password on request; initial master password screen not so pretty and need to use Done on page  not keyboard. Otherwise great. Now switching to Keepass2 android offline,FEATURE & UI BUGS
Stupes Utter rubbish.. Not 1 search has yet to produce what I'm looking for.,CRASHES
Suprrb Please add all activities in it like on /off Bluetooth and all other things,FEATURE & UI BUGS
Please change the UI  icon  menu color change the white color to black add more features,FEATURE & UI BUGS
Amazing! This icon theme is the best! But could you please add icons for messaging  phone  and the default camera app? If you do this I will re rate this icon theme to 5 stars! Keep up the good work!!,FEATURE & UI BUGS
Add feature Would b nice if u could have it on the lock screen,FEATURE & UI BUGS
One of the best Facebook apps Gets beaten by Metal  which still works with messages  and has a few more features. If messages worked again  and the Facebook menu locked to the top  this would be my favourite.,FEATURE & UI BUGS
Text rarely displays correctly. Most of the time  the text in the article is scrambled when I select a news story. I'm using a T-mobile prism.,CRASHES
"Always force stop My device is Lenovo a850. But when I tap """"""""install and setting"""""""" button  it force close. Please fix this.",CRASHES
The worst. Half of my notifications are missing. When i get a notification from a group it doesn't take me to the actual comment or reply  just the wall  and then i have to search through the whole post for the comment or reply thread. Its been ages since I've had an available update  and this needs to be fixed. Super frustrating.,CRASHES
Awesome... Nice app and pretty developerish. Only thing I'd like the app to do is stop showing recent apps that were opened. Anyway to do this?,FEATURE & UI BUGS
App Proxy Keeps Crashing It I love this app  and it's the only one I use for the TOR network  but it would be great if you could fix the bugs with the app Proxy button on the bottom in the middle. Every time I hit it the app crashes. I'd really like to be able to use it,CRASHES
Very good  almost great Please add support for fingerprint unlock when using as lock screen. Then it's a solid 5 stars.,FEATURE & UI BUGS
It's nice It's nice but anything below a corner radius of nine has no effect.,CRASHES
Nice n Simple Great works. Sync to SD is very nice. Could you please add sync to caldav with vtodo and simple vjournal. Thanks..,FEATURE & UI BUGS
Major bug I don't know what's up but whenever I go to my profile i end up geting my mom's or my dad's list not mine. I hate that! Its driving me crazy. Also when I go from my phone to my tablet to my ps3 or to my computer it dosent say I've watched episodes that I know I've seen because I was just watching it on a different device. I use to love Netflix. Now I find I'm watching more Youtube and more amazon prime shows because there not making me frustrated.,CRASHES
Useful app Very useful for multitasking. Please include options for changing the bar background.,FEATURE & UI BUGS
"Good it a nice app .but one of the important things it doesn't have is """"""""""""""""""""""""""""""""HISTORY"""""""""""""""""""""""""""""""" DEAR DEV PLEASE ADD THIS OPTION IN NEXT VERSION. THANKS",FEATURE & UI BUGS
Samsung S5 Android 5.0 fails Always reads 0 App called Ampere (a widget) does work fyi.,CRASHES
Please add a pass code!! As awesome as this lock screen is  it is almost useless to me if I have no security options. Please add them and it will be my daily driver,FEATURE & UI BUGS
Needs improvement Needs easier way to edit and delete tracks wsypoints etc.,FEATURE & UI BUGS
Please add this feature Please add calls  i want to make call either with video or voice  and could you add that the chat can be archive,FEATURE & UI BUGS
Doesn't work on Samsung galaxy s3 I heard great things about this and how it could help me calibrate my battery.. It doesn't work at all.. No widget  no nothing..,CRASHES
Card browser function crashes The browser button crashes the app every time. In need of an update,CRASHES
Unable to return to app It hangs when clicking the notification while in overlay mode.,CRASHES
Predictions are WRONG and made me miss an airport train! The BART website prediction is right  what data are you using??,CRASHES
No longer works Used to be the best notification reader  but it has stopped reading notifications...,CRASHES
Awful Roms won't show up except for one which is Pokemon black in Japanese please fix this and I will rate better,CRASHES
Very nice Its great  but sometimes it doesn't refresh with new appointments. This can be forced by changing a setting in the options  but would be better if it didn't fail in the first place!,FEATURE & UI BUGS
Gifs  I need Gifs! Wow  this app is absolutely BEAUTIFUL  the UI is 10000 times better than Textra's... But where are my Gifs? I need the ability to send Gifs and vCards... Those are really important to me! Please add the option to send Gifs as MMS (not as links  and grab them directly from the app just like in Textra) and I will 100% switch from Textra to you... I love your UI so much more than Textra's  but I'll stick with them for now cause they have way more options! Please add Gifs!,FEATURE & UI BUGS
" Perfect d'cast emu... It runs flawlesly on my xperia Z2... Please add \\""""""""""save state"""""""""""""""" feature....""",FEATURE & UI BUGS
Great app and simple to use Please add root option to analyze system partition. Thank you.,FEATURE & UI BUGS
Just one thing! Please add finger print direct unlock without swipe!,FEATURE & UI BUGS
Bug on s6 It always been freeze when i scrolled it up on timeline and everypage i saw as well. Pls fix those bugs !!,CRASHES
Doesn't work on T-Mobile HTC One with KitKat Just displays the settings.,CRASHES
Doesn't work It does not even show up in my list of widgets. No way to see the battery stats without it. My phone is Xiaomi Redmi Note 4g,CRASHES
Messages crashes app every time If I try to look at any Messages  the app crashes.,CRASHES
Needs Work I can't save once without the game glitching or the app crashing. Other times  the option button would just randomly open and close when I click it once. More work and it shall be great. And you should consider adding a fast forward button. It could be very helpful sometimes.,CRASHES
doesn't work with rtl-2832 Says it works with rtl devices but doesn't. never displays anything  even though the rtl 2832 works with other spectrum analyzers. no help files anywhere so good luck figuring out what's wrong!,CRASHES
Coolcool 1 remark: a widget which can show you the code when you click on it would be really handy. Like steam has :D,FEATURE & UI BUGS
Useless. As others have said  screen flips then back to home. Everything appropriate installed. Your app sucks.,CRASHES
It works! For this kind of so simple app  the most important thing is that it works out of the box! And yes  this is the case. Anyway there is always room of improvement... I.e. Instead to use buttons implement gestures to control the presentation...,FEATURE & UI BUGS
"Worked fine until recently Crashes right after a photo is taken. The """"""""""""""""""""""""""""""""report"""""""""""""""""""""""""""""""" incident pop-up doesn't appear.",CRASHES
Neat and simple. Please add smart folders option. Otherwise I live the simple ui,FEATURE & UI BUGS
Doesn't work at all Only got configuration screen. Never displayed any data on LG 4g phone.,CRASHES
Good Great widget  only problem I've noticed or haven't figured out is only the 4x2 widget shows volumes  not even the 4x1,CRASHES
Good effort But still used 17 mb without much changes allowed. try to make app hide option.,FEATURE & UI BUGS
Notification Notification worked perfectly with messengers of facebook  viber  etc... However  if there is a missed call  not only the missed call but all the notification did not show up  please improve it to deserve 5 stars,CRASHES
I love this app ... I would love to see a widget that would show your current location as you move just like as if you have the app opened,FEATURE & UI BUGS
Awesome!!! Simple and easy to use I would recomend putting a private box and a button for adding multiple contacts( + ) in the recipients box. But nevertheless it's quite an awesome app! ???,FEATURE & UI BUGS
Not working after update Worked flawless until update now I cannot get voice working at all. How do I fix this?,CRASHES
Request Please add full Visual Editor features in app then I will give 5 Star.,FEATURE & UI BUGS
Wrong directions Its not showing exact Directions it's showing wrong on Moto G 3rd Gen (Marshmallow),CRASHES
"Best Facebook APP ever! This app is awesome! However  I have a suggestion  if you don't mind... I've noticed that when you tap the """"""""Refresh"""""""" option  it loads the News feed page. IMHO  it should refresh the page you're on. For instance  if you're on Most recent page  it should stay there and refresh that page. If you're on Notifications page  it should stay there and refresh that page. And so on. I hope you consider this suggestion. Anyway  great app. Congratulations! :)",FEATURE & UI BUGS
Zoom issues make it unusable Best crossword app  but doesn't work on Samsung s6. Freezes and I can't tap to a new location. Pls fix  otherwise this is a great game.,CRASHES
One feature required... This is one of the best lockscreen for me so far...But can you please add security like pattern or pin...then it will be perfect.,FEATURE & UI BUGS
"Doesn't work at all Tried on moto x and moto Xprt and Samsung note 8. Nothing shows up by default. Manually brings up the notification but it reads """"""""""""""""""""""""""""""""no data - no data - no data - no data"""""""""""""""""""""""""""""""".",CRASHES
Missing one minor detail... Please add a setting for sales tax that can be applied to totals displayed in list. Love the app!,FEATURE & UI BUGS
Pretty good  but lacking It completely lacks the ability to change the icon for entries  and partially lacks the ability to change icons for groups  meaning you can change it as you make it  but not afterwards. This is annoying because it makes the entries not uniform.,FEATURE & UI BUGS
Awesome Didn't work on my Galaxy S3 (Samsung's fault)  but worked on my Vibrant and showed me that my cable was only putting out half capacity. Changed cables and widget shows good amps and now my phone charges!,CRASHES
please fix can't browse FM  thus can't choose path to custom man pages .gz file for offline use.,CRASHES
Superb Really fast  and doesn't eat battery like Chrome. This has become my default browser. Only small request would be that 'color mode' uses the meta theme-color value if available  and the current system if it's not.,FEATURE & UI BUGS
Doesn't work - widget disappears immediately If I add this widget to my homescreen on the nexus 4 it just disappears after I close the settings. 0/10 wouldn't download again.,CRASHES
"Features missing. Please add the """"""""drag n drop"""""""" feature and the menu which will appear when tapping n holding any file or folder.",FEATURE & UI BUGS
lacking many thing well it fast but should add a feature such as recent view and default storage.,FEATURE & UI BUGS
Sometimes the double tap option does not work i recommend u to fix that,CRASHES
Some issues on my Transformer Prime It works fine on my Galaxy S4 but on my Transformer Prime TF201 the menu button doesn't work. I can't change game without uninstalling and reinstalling  which is an issue :-) Top notch when it works tho!,CRASHES
Awesome features So much to love about this app. However instead of a button to switch from camera to video a separate start video recording button would be nice. I also find it VERY slow to launch on my Galaxy S5 with Marshmallow. I have gone back to the OEM camera app because of these two issues. Still it's a 4 out of 5.,FEATURE & UI BUGS
Not true App shows all system apps as red (dangerous if removed) while this is not true.,CRASHES
"Small flaws but perfect quick-ref guide! I access the weapons pages the most  so it is extremely informative on mobile and helps me find weapon trees fast and on the go. I see a """"""""Final version only"""""""" option  which is very useful for finding the best piece for certain sets  but please hopefully add a """"""""Sort by..."""""""" option in the future where we can sort by Raw  No. of Slots and Sharpness level!",FEATURE & UI BUGS
Not unblurring on shield tablet Double tap to unblur doesn't seem to work well on my shield tablet,CRASHES
Brilliant But new mask is weird and looks ugly,FEATURE & UI BUGS
Please add favorites If there was a way to save a set of channels that would complete this project. Great work.,FEATURE & UI BUGS
Ac display is a best lock screen But please add a security its my request,FEATURE & UI BUGS
Transfer stations not shown Love the countdown and fare shown  but hard to plan a trip if you don't know where to transfer. Have to switch back and forth between schedule page and map.,FEATURE & UI BUGS
Perfect for tracking Does all you need for tracking. The ui could use an overhaul though :-),FEATURE & UI BUGS
Night mode Please add night mode and dark theme options.,FEATURE & UI BUGS
Not working on Android 5 Just doesn't show up on the lock screen despite adding the extensions in DashClock,CRASHES
Terrible app  constantly skips around. How about investing in a decent app that can handle basic caching? Love NPR  can't stand to use this,FEATURE & UI BUGS
Great Simple and reliable. It'd be nice to have a bit more layout customization  but one can't complain for what is an excellent freebie.,FEATURE & UI BUGS
Not as good as mentioned I like this app for its clean and beautiful UI  but there are minor bugs here. One of them is  for example  when new messages arrived  it doesn't show the lock sreen with this widget  even though I've set it as default home lock screen before. I need to swipe to show it. How can I set it as default home lock screen? And also as other people told is there are no security and use at all. It may be used just for fun and wasting our time trying to use the apps. Developer need to fix this all...,CRASHES
W0t The screen needs to screen more than screen can screen.,CRASHES
Its so buggy Maybe my phone isn't this strong to handle it.,CRASHES
Was once great. Now terrible Tries to navigate via non-specified locations. Does not include specified waypoints. Not obvious how to remove unwanted waypoints. Would be useful to save a planned source  destination & waypoints for future use.,FEATURE & UI BUGS
Great apps Please add amoled theme with black background and white font.,FEATURE & UI BUGS
Can't handle linked content Some significant improvements  thanks. However  I would like to be able to select text and copy from other's words. Many friends posting in their native language and I can't get their words into Google translate,FEATURE & UI BUGS
"Just what I needed This app seems to do everything I need being able to import my Quicken without any trouble at all. I have not tested the export yet but probably it will work just fine . One minor glitch  and that is in the category list. The list is in case sensitive alphabetical order. This means that every category that begins with a capital letter will come before any category that begins with a small case letter. Thus """"""""Garbage"""""""" will be in the list where you would expect but """"""""goodies"""""""" follows """"""""Zebra.""""""""",CRASHES
Awesome app  but just one concern This app covers 95% of magic the gathering concerns. My only quarrel is that for MTGO players  the price of cards in tix is not displayed. If this problem was fixed this app would be an easy 100%.,CRASHES
Bug fixes After scrolling through pictures the all crashes.,CRASHES
Concept is great  but execution is not. When turning on wifi  it automatically generates a message before even checking to see if wifi is available. This can become a hassle. Very obnoxious where wifi is patchy. Remedy these issues  and it would be a 5 star app.,CRASHES
this app is on the right track would have given it a a 5 star rating if this app is able to toggle mobile network like chomp. further  please add ability to send contact details thru SMS. I think potential buyers of the pro version will be enticed to shell out cash if the developer will only give a description of what they're getting aside from the colors.,FEATURE & UI BUGS
Mad props Best mtg app out there for free. Would love to see ya add a deck section ( builder with cost prices  breakdown   etc) or combo section. A+++ in my book. Must have for any real mtg player.,FEATURE & UI BUGS
please add pictures for the weapons Adding pictures for the weapons will be a cherry on top so we hunters don't have to switch back and forth to see how weapons look like,FEATURE & UI BUGS
Great Best functions out of about 3 mal apps I've tried. Ty for making this. Hope you also add at least top anime page.,FEATURE & UI BUGS
Only a small part of email text visible The email text is sometime not completely visible instead it is contained in 1 mm high scroll window which makes impossible to read the text. Please fix the issue and get 5 stars.,CRASHES
Good app! Easy to use and follow. There's this sorta bug(?) when I make a scheduled post and try to revert it back to an immediate post though. ;_; EDIT: When I tried posting it as an immediate post  it wasn't showing up in the home page and it says the post isn't found when I tried copy pasting the URL directly to a browser. I had to delete the post and make a new one  and copy paste the content to post it. Hope this helps!,CRASHES
Very nice but... It's a really great launcher...but I wish this app had icon packs....more icon customization plzzz make this happen....,FEATURE & UI BUGS
It was great before the newest update. I Loved this app until today's New update. The pictures are huge and you can't see half of it. Seems like it is not working at all. It has gone crazy and rogue on me.,CRASHES
Group messaging and sending pictures does not work on this app even tho I changed the setting and enabled the group messaging,CRASHES
Great app Arrow key bar needs to stay on screen 3x longer. Esc key is broken  will add a character when pressing it when cursor is on a word. Also  would like to be able to hold the arrow key down to move cursor quickly.,CRASHES
Very good tool. Easy to use. Information displayed cleary. Needs export option for AP view.,FEATURE & UI BUGS
Good but.. Show 0 processes if root privileges is ticked. Please fix!,CRASHES
Crashes every time wit FB personal message I prefer this app to FB but it is a nuisance that it crashes every time I attempt to access personal messages that are apparently waiting for me. This bug is consistent across my two devices. I see other users have reported the same frustrating problem but the developer shows no interest in fixing it. I hope they do fix it  as it is otherwise useful.,CRASHES
Oh  yeah! Well  almost perfect! No ads  lightweight  and versatile. Once sync is available  this will be perfect. Thanks  devs  just what I was looking for....,FEATURE & UI BUGS
Good but not enough Please add colour features and all those features who available on websites,FEATURE & UI BUGS
Cindy Stevens I just downloaded this app and it looks to be exactly what I was looking for. I had an old plastic counter that worked wonders but a new puppy took care of it! I tried several different apps before landing on this one and it is the only one as versatile as my old plastic counter. I have only one item for which I would suggest a change and it is minor. Being older I would like to see the Notes in a larger font to make it easier to read on the pattern page. Like I said a minor detail in an awesome app.,FEATURE & UI BUGS
Would love more information density or more items per screen,FEATURE & UI BUGS
It doesn't work at all. I open it up. Click on the button on my phone 'set up account' Clicked on 'set up account' clicked on 'scan a bar cocode' It opens up my Michaels Store app. It just does this and only this  i cannot scan a QR code for my Origin account.,CRASHES
Simple and clean This is a simple and clean interface for an efficient roller. There are some decent customizations. Only complaint is that there aren't many options for ability scores  and the methods can't be customized (4d6  reroll ones  drop lowest  for example). Overall  it's a great app.,FEATURE & UI BUGS
Doesn't work at all. Worked fine on my Galaxy s4. Doesn't work at all on my new Note 5. Widget won't stick. Drag the widget where you want it  options screen comes up. Set options  close and the widget disappears.,CRASHES
W0t The screen needs to screen more than screen can screen.,CRASHES
Crashing App is crashing once opened and doesn't respond afterwards... When trying to report bug  appp freezes and closes,CRASHES
Cant remove the :80 port....,CRASHES
Conflict with Hotword Detection I really don't understand why this isn't already baked into android. It should be an obvious choice for anyone using a hands free kit. Unfortunately I can't use it at the moment as it breaks the even more useful hotword detection on the Google Experience Launcher. Once this is fixed  this will be an immediate download again.,CRASHES
Some bugs When I place the text widget on my desktop it disappears almost immediately. The graphical one works though.,CRASHES
Best! Although i loved the app as it is the most simplistic lockscreen but please fix two things. First the notification of active mode in the notification panel which is highly irritating and please  please add your custom pattern lock it would be perfect then.,FEATURE & UI BUGS
Better than i thought This is actually nice wish it had more features works great on my LG K7 but what I realize is that when installed and allowed to connect your device there is no uninstalling it,FEATURE & UI BUGS
My kind of game Ive been looking for a game like this for years! Finally! This game is sooo awesome. Please add more maps to this  and would be great if this had like a warship and gunship versions! A very good game overall  would suggest this to my friends,FEATURE & UI BUGS
Fingerprint Has been my favorite lockscreen app since its release. Please add fingerprint functionality. Thanks.,FEATURE & UI BUGS
Good game I like the game but one issue please add finding weapons and secret places,FEATURE & UI BUGS
Almost excellent Turning off all experimental features makes framerate too slow. Glitches in graphics i.e. black areas even in widescreen mode. Don't know if that's an emulator problem or a rom one.,CRASHES
some time not working,CRASHES
Problem finding songs Hey! My friend reccomended tgis app to me  so i tried it out. But when i look for songs nothing ever shows up  only a few times something does. I thought maybe it wasnt too popular a song or something  so i asked the friend that reccomended the app. He said he was able to get all the same songs i was looking for on this app. So im not sure what the issue is? Devs  itd be much appriciated for this to be fixed!,CRASHES
" \\No data"""""""""""""""" after upgrading to Android N CurrentWidget have served me well for a long time. However  after a system upgrade to Android N the widget just tells me """"""""""""""""no data"""""""""""""""" when I try to read charge or discharge current. So as of now it's unusable  but hopefully a fix is on its way.""",CRASHES
Very much appreciate the lack of ads  and low permissions. Still need to hand-clear some common app caches: for example  only a small portion of the YouTube and Yahoo Mail caches are cleared.,FEATURE & UI BUGS
Excellent app with neat interface.... Please try changing the below. 1. Unable to share the folder. 2. Please make cut copy paste simple.,FEATURE & UI BUGS
Cant switch between Google voice and carrier number Works  but is worthless.,CRASHES
Passcode Please add a pass code  because when I try to use my normal one  after I unlock ac display I have to swipe up again then type in my pass code and it's really annoying.,FEATURE & UI BUGS
Used to like But double tap to focus does not work on my Samsung Galaxy S6 Active. Uninstall.,CRASHES
Best messenger ever Surespot definately is the best messenger I have ever used. As I am privacy paranoid  I feel really safe knowing that no one can read my messages (as the NSA and such can with WhatsApp etc). Notifications did not work for me at all until about a month ago. Everything works fine now and I even got my mother to use it now! Thumbs up and keep going this way Surespot  you have my respect. One thing that you could change in the future: the interface looks like it's designed for android 2.3 or something  I don't really like that but that's all.,FEATURE & UI BUGS
Good  but lots of room for improvement Needs more features such as being able to activate torch from lockscreen. I do like the widget feature though  however being able to add more than one would be nice!,FEATURE & UI BUGS
" \\No data"""""""""""""""" after upgrading to Android N CurrentWidget have served me well for a long time. However  after a system upgrade to Android N the widget just tells me """"""""""""""""no data"""""""""""""""" when I try to read charge or discharge current. So as of now it's unusable  but hopefully a fix is on its way.""",CRASHES
It's great but . . . Just a bit laggy with the animations. Also  add more features for a power user  like SD card and cloud storage. And make navigation a bit easier  like when I'm trying to go back to the main screen by cycling through the folders I had to go straight back to the menu instead of tracking back in the folders.,FEATURE & UI BUGS
It good but has some issues I rely very heavily on this app to keep me posted about notifications because for some reason  the website doesn't do it as quickly on neither my laptop nor my desktop. But of late  I've noticed  there have been glitches in the app too. Like gravatars of other bloggers get mixed up. I get a notification on my lock screen that I've received a like or comment l  but when I open the app  it doesn't show me the latest notification. There are other too. Please fix these issues.,CRASHES
" Not working on Nexus 6 after Naugat update It used to  but now ampere reading says \\""""""""""no data"""""""""""""""". Volts and temperature works fine.""",CRASHES
Few improvements til perfection Pls include blur option for the wallpaper and option to place the clock on the upper center of the screen.,FEATURE & UI BUGS
Broken. Keep getting wrong code. Have this app on my android phone  but want to switch to this app on my Samsung Note 8. Went to account on PC  clicked change setting and got barcode. Typed in verify code from app on my Note 8 after it scanned code from PC  but keeps getting wrong code error! Fix this before my android phone completely dies  as it has the only authenticator that works and I need to switch devices now!,CRASHES
Uninstalled  after a year i still can't simulate route or modify POI... ...even though i learned all the submenus  it is just not usable  not intuitive at all. make menus easyer to use! All buttons in one place! Btw:The search for intersecting streets do not work  refuses to find the intersecting street  i know the menu but it does't show list of 2nd street,CRASHES
It looks cool It is nice very similar to note 7 always on display. But with a limited free options.,FEATURE & UI BUGS
Fantastic app for anyone interested in the night sky. Would be beyond amazing if devs could please add a VR cardboard option!,FEATURE & UI BUGS
Does not work Widget just brings up settings menu when added to page,CRASHES
"It used to be great  but the app doesn't see my """"""""reading"""""""" folder and doesn't recognise fb2 files at all :(",CRASHES
Awesome Its awesome  but sometimes when i turn on the screen it stayes for 1 sec then my screen goes off!! Plz fix it....,CRASHES
Was fine  but issues with themes. Lately  the default theme is broken. When adding items to a list  both the font and background are white = cannot see item entry. As a separate item: Please add ability to apply a theme to all lists  not just one at a time. Also  we could use more themes in general. Thanks! ... [GS5 | Android 5.0],FEATURE & UI BUGS
Glad this exists. I've enjoyed it for a while now  but recently it has been crashing when I tap the messages icon.,CRASHES
Good  but... Does not password length greater than 16 characters  which is strange because there is plenty of space left on my NFC tag... Please fix that and you will get 5 stars. Oh anyway  just saw this project is open source. Therefore you will get 5 stars right a way. Thank you.,FEATURE & UI BUGS
Size an issue Just takes up too much room on my home screen. Running Lollipop so mainly used as a home screen widget  for me. So much space...wasted. However  all things considered  a very good application.,CRASHES
doesn't work I am not able to find any widget of this name like its disappeared.... please fix this,CRASHES
Nexus 7 doesn't work Doesn't work on nexus 7 2013 model. Tried several times  tried restart  tried on 2 different nexus 7s. Never shows up in widget list .,CRASHES
Great App When It Works This is a great little button to have and saves on unnecessary swipes  when it actually works. For every ten times I use it  it only works about six of those times. Would really like to see this fixed  because it is great otherwise.,CRASHES
"A wonderful time killer with good controls and a wide variety of games. However  it would REALLY benefit from a """"""""play random game"""""""" button.",FEATURE & UI BUGS
Lollipop 5.1.1 Battery-draining memory hog. Consumes far too much memory while running in the background. 200 themes? Where are they? All I found were colors. UNINSTALLED!,FEATURE & UI BUGS
"Mobile data network App is good overall but my mobile data network keeps switching on and off even if i unticked the """"""""turn on automatic data"""""""" and still have alot of bugs. Hope an update could be rolled out soon",CRASHES
Can't control musixmatch player I can not control musixmatch player in lock screen. _ï¿½É_ï¿½É that's bad. Pls fix. Please...,CRASHES
Google Now Great work  please add support for Google Now launcher. It's the official Android launcher after all. Is it not possible maybe?,FEATURE & UI BUGS
Make the Plain Number a little bit bigger because it's small on my notification screen!!! Make the Plain Number a little bit bigger because it's small on my notification screen!!!,FEATURE & UI BUGS
Good at what it does. But... Would be better if I could set certain numbers to ring when muted - eg so I can get an emergency call from son at college in the middle of the night.,FEATURE & UI BUGS
Need one improvement Please add an option to set the brightness level. As it effects our eyes at night.,FEATURE & UI BUGS
Almost perfect! I love this app  it does what it says it will and it looks amazing. The only problem I have noticed so far is the app bugs and doesn't appear when you clear your notifications on the lock screen  but not in the notification panel. Other than that it is awesome.,CRASHES
Numeric number not showing on notification for MIUI. mA not accurate when tested on Redmi 2 and Samasung Galaxy S5,CRASHES
" ALMOST Perfect Widget may be configured to open existing calendar events with app of my choice (Informant is what I use) BUT adding an event using the \\""""""""""+"""""""""""""""" button opens Google Calendar; no option to use Informant (or any other app). Please add the same option for """"""""""""""""+"""""""""""""""" as for """"""""""""""""edit"""""""""""""""". Thanks!""",FEATURE & UI BUGS
Great app Would be 5 star if the skip 30 second button was on the lock screen. Overall does exactly what I need,FEATURE & UI BUGS
Shame about the size limit It's a shame the photo size is limited  I only have a 4 inch screen and they look pixelated  so I'd hate to think what it's like for tablet users. 'Conserving bandwidth' is a pretty poor excuse - I don't think my data use is going to be significantly impacted by downloading one photo a day.,CRASHES
Crashes when trying to message Crashes everytime when I click on message. Otherwise 5 star. So please fix.,CRASHES
UI experiences 1. When used as a Lock screen widget for nexus 4  observed delay in screen switching on. 2. Daydream animation doesn't use the entire screen  Uses only the center portion of it. 3.Extensions must have an option to reduce font size as it covers only some widgets per view.,CRASHES
Need option to display alarm,FEATURE & UI BUGS
Very good app but one problem... Best lock screen out there. Its simple and looks good.. but please add a security feature. I'm pretty sure if u add a lot of people will appreciate it,FEATURE & UI BUGS
Good app but Good app but for some reason when I click mark all read it marks them all read until I refresh then they all become unread again. Hope this gets fixed soon.,CRASHES
Really great & super nice design but PLEASE add scheduled messaging!!! Would also love to be able to see the previous messages in the quick reply popup.,FEATURE & UI BUGS
Very good camera but interface needs refinement,FEATURE & UI BUGS
Loved the app but keeps crashing phone Any time I use this app on my galaxy s7 edge  it lags. Then after I lock my phone while the app is open  it crashes and the phone doesn't turn on for 15 minutes. This only happens when I use this app. Can you please fix this?,CRASHES
Deleted my photos Deleted all my photos on s4 when I moved :( I'm very upset.,CRASHES
" It does not use too-much unnecessary Permissions & Accesses It does not use too-much unnecessary Permissions & Accesses. THANKS. It's browser-core engine needs to be updated. And it would be better  if it does not use \\""""""""""Precise (GPS & Network) Location"""""""""""""""" Permission & data.""",FEATURE & UI BUGS
Has a Few Bugs as of Recent The app was working great  but now crashes once the refresh button is pressed  and will sometimes crash on startup. Also  the cover photo on a profile page seems to show partially  displaying black on the bottom half of the image.,CRASHES
PLEASE FIX orientation issue This is a great tool I've been using for years. My one real complaint is that if I forget to turn of my phone screen rotation  if when clipping a file I rotate my screen it completely changes the times for the crop marks. Frustrating when I've spent time getting something just right.,CRASHES
"Good app After the yesterday's update  visible image is working properly. The message that shows """"""""updated ... Ago"""""""" should disappear after few seconds. Otherwise the readings below can not be possible to read. Please rectify it. Otherwise I loved the app.",CRASHES
This is a very good app. But after the recent update (some days back) I can't see the STATS widget. That was really helpful. But now I have to go to the app and check my stats there. I am giving 4 stars just because you guys removed the widget  else this is a 5 star app.,CRASHES
Does not work I can not get out of settings,CRASHES
Clock goes off screen Goes to the top and you can only see half of it. I'm on a s6 edge+ and using the s7 digital clock edit: no more problems :),CRASHES
After going back from file view  file tree is not showing anymore,CRASHES
Stupes Utter rubbish.. Not 1 search has yet to produce what I'm looking for.,CRASHES
Awesome Its awesome  but sometimes when i turn on the screen it stayes for 1 sec then my screen goes off!! Plz fix it....,CRASHES
More Formatting Features Needed for Real Note Taking There is some basic on/off formatting which makes it better than plain notepad apps  but you can't indent  and although the official screen shots mentioned something about nested notes  I couldn't find that on the formatting bar (on the phone where I would be taking these notes).,CRASHES
Me gusta I love this app  it let's me make good comics and for absolutely FREE!!! I do have some suggestions like fixing the draw function  as it pauses for a second when I try to draw  and it can mess up my flow  and I would like to have an option to enlarge the eraser  that is all  thanks for the amazing app!!!,FEATURE & UI BUGS
Great  daily driver.... Please add ability to cache bookmark fav icons. It reloads the bookmark icons every time I open the bookmark drawer.,FEATURE & UI BUGS
Wtf? Installed it... Syncs alright but if I create a new note and hit the save icon... Message gets deleted. Same if I try edit an existing note. Will NOT create apple account... Authentication error every time no matter what authentication ... Only Google account works! Piece of crap!!,CRASHES
Great but less stable than status quo UI  usability is slick. Love it. However lots if instances where it crashes. There was one non crash bug where ur current conversation/other ones went blank. Hopefully it logs bugs extensively  and maybe it can add a report bug feature? It got a lot less buggy than it was a few months ago but its still the only gripe you can have with this great app. Great work guys!,CRASHES
Keep it simple AND stupid? I wouldn't say this is stupid. It's a good idea. Needs a true black theme  and also icon pack support. Oh  and it really needs option to show time/date somewhere. EDIT: icon pack support but no icon masking unfortunately....,FEATURE & UI BUGS
Light and quick Very nice  basic  but the folder icons are huge. But does what it says without all the bs,CRASHES
Is it me But this shows on lock screen and does nothing else uninstalled and double tap does not work other glance screen app much better,CRASHES
Awesome app for opening large svg files Very nice. But can't open svgz files. Can't set default. Renaming file to svg gives error. Pls add support for svgz,FEATURE & UI BUGS
Doesn't work This app doesn't work on Yu Yureka. It didn't show the current in mAh.....,CRASHES
ok but volume too close to the stop button. Makes tv go to full volume if missed. Needs to be moved with option to disable or hide.,FEATURE & UI BUGS
It would be better if the calender go to current date each time using the apps regardless the date last viewed when exited,FEATURE & UI BUGS
Good job Please add option to save mirror images (flipped photos),FEATURE & UI BUGS
Weather Stopped Working Until recently  this app has been flawless and a staple of both my tablet and phone. I look forward to an update.,CRASHES
Would be better if each monster had a couple in-game images for an approximate size evaluation  or some notes describing the monsters attack patterns  where to strike and when  or just some tips.,FEATURE & UI BUGS
Great  but pretty buggy. Often after the app has been running for a while  channels seem to not be reliable. Especially if I use a client on the computer in between sessions. I was very confused when I opened one channel to find a completely different one. Sometimes  the list of people who are online are off too. I've once found someone logged in under the same nick 4 times (that's a bug). Its because it doesn't seem to always register when someone quits or parts.,CRASHES
Simple and effective Love your app  saves us a lot of time! If possible I'd like to see the location icon up there too.,FEATURE & UI BUGS
Still not as mature as other SMS apps My conversation list contains a lot of +61 numbers without names in QK. Every other app manages to figure out who these are but QK does not.,CRASHES
Nice display Good app. But please add an pattern or pin lock !,FEATURE & UI BUGS
Tap to search Please add tap to search option like google translation apps.,FEATURE & UI BUGS
Security Please add some type of security on the lock screen,FEATURE & UI BUGS
Add swipe pls Then this Kb would be great. Even has dedicated question mark key which I love. Uninstall for now. Can't live without swipe.,FEATURE & UI BUGS
NO RANDOM BUTTON Why did they take away the random button for android,FEATURE & UI BUGS
OK. HTC M8 Seems to only work if the lock screen is lit. If it's not lit  nothing happens. Pressing both volume buttons also turns my ring volume down all the way into silent mode  which is a bit of a pain to turn back up each time I use the light.,CRASHES
I like the library display; it makes it easy to find books. Also the feature for searching the internet using the book title is great. I would like to be able to add book covers to the books.,FEATURE & UI BUGS
more unlocking animations i am a fan of your ac display  but i feel that the present unlocking animation isnt good enough  you should add a marshmallow or lollipop unlocking animation,FEATURE & UI BUGS
Not consistent I wanted to like it. I like the simple interface but the problem is that this works randomly sometimes I saw it sometimes I didn't. It would constantly go from this to my normal lock screen.,CRASHES
Please add calling feature and more advance view,FEATURE & UI BUGS
Really enjoyed this app But... There are a lot of bugs  there are some times when I click on things or go back and the app just crashes. When I scroll almost all the time it goes back. Besides that there should be a few modifications to the sliding feature  needs more integration with simple actions. I really like this app but I can't use it because of those reasons... :(,CRASHES
Great free app Can take some time to get used to  but for some very flying - or as a moving map - great. Found some issues - POU airport runways 6/24 are listed as 7/25 on the map runway extensions - yes there is a turf runway 7/25 but for a Class D airport it should list the main 6/24. But  a pilot shall always be thinking... 5 stars for good work,CRASHES
Great app! Would be great if you can add support for apache password protected files,FEATURE & UI BUGS
Nice Thanks can we have round button like iPhone big blue round one,FEATURE & UI BUGS
Please add profile features. In some cases we want quick block unblock some apps. And searching those apps taking time,FEATURE & UI BUGS
Great  when it works Seems like half the time it doesn't want to load the podcasts. Really annoying  looking for another way to listen to npr.,CRASHES
Sort of works ok but restored SMS conversations have been divided into two threads per contact; one thread for messages sent and another for received. Looks messy and it's impossible to follow old conversations. Exactly the same issue as a rival app!,FEATURE & UI BUGS
Can't rate Can't get it to work on nexus 5,CRASHES
Great potential Good start  but can improve a lot. Fix the game ratings  they don't match the website.,CRASHES
Works well I would appreciate at few interface tweaks as I'm switching to anki from other apps. Things the ability to edit cards from in the study mode,FEATURE & UI BUGS
Doesn't (quite) work with my S4 Torn between 3 and 4 stars. It scanned  found a list of codes  and when I tapped one it said it was sending it  but nothing happened. But... they don't work from the dialer either  so it may be something with my phone. So I guess it probably does what it says  I'm just disappointed it didn't work for me.,CRASHES
Please add security options like pin or pattern.. Why the hell is it not having a security option!? Else good.. Why does u need a lock screen without any security lock option????,FEATURE & UI BUGS
As I expected Please add some functions like triple tap to change wallpaper  parallax effect.,FEATURE & UI BUGS
AWESOME! This worked great with HTC M-8 Harmon Kardon and Samsung Smart TV. After seeing how Samsung S4 had mirroring option  I wanted it for my phone. I went to Google Play and tried many other ones  but this topped them all. Down side  can't connect to ROKU.,FEATURE & UI BUGS
"Problem with folder icons...! Folder icons not visible apps  music  video icons not visible and cannot move files its showing """"""""""""""""""""""""""""""""Some and all items cannot be moved"""""""""""""""""""""""""""""""" a very big bug cannot even able to paste the options are ovrlapping",CRASHES
Competent GIT client. This is a competent Git client  and comes with an editor for making changes to a repository. I tend to use it more for monitoring a repo than working on one  in which role it excels. Diffs are colourful  and it uses Gravatar. Of course  since it syncs the file to local storage  this is a handy offline Git client  useful with services like Github or Bitbucket when you know in advance that their native app won't be able to connect. There are a couple of minor irritations. Dates are always displayed in the US format  despite my system-wide preference for UK format. Additionally  while syntax highlighting is available in the file viewer  you must explicitly select the language every time you open a file for viewing. It doesn't use the file extension  and it doesn't remember previous choices. Secure shell works well  but you'd have to bear in mind that if you're a key user  it can't use password protected keys (as I write). All in all  I'm happy with this  and it's great for code review.,CRASHES
Very useful Really handy app for my custom themes. But there really needs to be a way to get back into the preferences if you choose to hide the header.,FEATURE & UI BUGS
Please add calling feature to your app.,FEATURE & UI BUGS
Holl india not show,CRASHES
It's ok There is only one problem  it doesn't show the wallpaper on my lock screen,CRASHES
Works ok  have a bug it seems  switching modes am to fm the sound disappears  if u restart the app  sound is back  until i change modes again. I9505 on kitkat. Other than that its a usefull app.,CRASHES
Request Please add support for all keyboards. I am using Google Indic Keyboard and the shortcuts are not working,FEATURE & UI BUGS
The material design is really nice but please add the lockscreen security and also when in lockscreen if i press the home button the lockscreen unlocks automatically...please fix this... apart from that this app is nice...,FEATURE & UI BUGS
"Good app After the yesterday's update  visible image is working properly. The message that shows """"""""updated ... Ago"""""""" should disappear after few seconds. Otherwise the readings below can not be possible to read. Please rectify it. Otherwise I loved the app.",CRASHES
Does Not Work GT -19300 downloaded app. play hit open got black screen with eventually a pop up box stating unfortunately network app has stopped working so reported and uninstalled.,CRASHES
Blur on Lockscreen ONLY 5/5! Would be better if there's an option for blur effect on Lockscreen only!,FEATURE & UI BUGS
Great Accept... No scrolling between lines cannot see the next line of words whilst typing fix this please and will give you 5 + ?. In a new message I can not see what I am seeing beneath the first line of text,CRASHES
Works well  one usability issue I nearly dumped it as useless  because the reading did not change sign when going from discharging to charging. Then I discovered it changes the colour of the lightning icon instead - not what an engineer like me would expect. Now I know that I'm happy  and can find the optimum position on my various wireless chargers. I am marking it down one star because of that. Even changing the colour of the numbers would be better; Red for discharging and green for charging. Nexus 4  Kit Kat.,FEATURE & UI BUGS
Best Maps and Navigation Excellent map details and options. Kindly implement 3D map view and direct search option. I recommend this app to be installed by default in all android devices.,FEATURE & UI BUGS
Good all round but some minor glitches/oversights The armor creator thingy doesn't seem to work unless I'm just over looking a part of it  it stays blank when I try to use it. But other than that  this is a great source of information.,CRASHES
Great looking app. May you please add the ability to round the nav bar corners? That's all is missing from this great app.,FEATURE & UI BUGS
Weekly based Be aware that you can only view/edit the current week!,FEATURE & UI BUGS
"I have a 2016 Hyundai Tucson and we just go Android Auto for our vehicles and I was so surprised to DSub show up as an app ! I love that DSub works with Android Auto !! Much better than using Google Play with Android Auto. It would be perfect if you could get rid of the """"""""For safety reasons  no more items can be displayed"""""""" message.",FEATURE & UI BUGS
Amazing  just one thing though The app is amazing and I love the simple design  the only thing I would like to see implemented in a future release is the ability to auto save. Like Evernote does. I just click off the note and it saves. But apart from that great job. (Would pay for auto save feature),FEATURE & UI BUGS
4 and a half stars I have recently come into needing a sms back up service  I have the cloud  and drive.And I don't know how to use any of them  so I went to Google and found this app. The backup goes right into a folder in my gmail account labeled sms. It's marked as read so no new notifications. I checked every few times to make sure it's all there and have since then trusted the app. It's truly amazing The only problem I have is that I cannot get it to automatically backup without me hitting the button... Help me!,CRASHES
Great app. Shift issue. I love this app  though there is one critical issue: during certain periods of the year  events show as one day early. I believe that this is an issue with DST  in that Egypt cancelled it.,CRASHES
Oriya letters are not showing When I selected Oriya language every letter appeared as blank spaces. My model is Asus zenfone 5 and Android version 4.3,CRASHES
Deleted my photos Deleted all my photos on s4 when I moved :( I'm very upset.,CRASHES
Perfect I would like if you add more features.,FEATURE & UI BUGS
Dileep P Good app. Online version transliteration not working with my Micromax jellybean phone. Offline version only English to Malayalam is available. Please add Malayalam to English also. And plz also add list of words  both English and malayalam. In offline version.,FEATURE & UI BUGS
Fantastic Game Have played this game since the original and love the changes you guys have made  especially here recently. My only frustration with the game is getting a weapon with an enchantment only to see the enchantment disappear after a few upgrades. Those enchantments take the fun level of the game to another level simply because you don't use them every run. Maybe make enchanted weapons rarer to find but make the enchaments permanent to the weapon? Just a suggestion...keep up the good work!,CRASHES
Please add different themes. Specially black theme ...,FEATURE & UI BUGS
Excellent Only thing that would be better was if the wake locks that it so awesomely detects had links as to what they were and what to do about them.,FEATURE & UI BUGS
Quick Reply Please add an option to directly reply from notification.,FEATURE & UI BUGS
Great but When i swipe down the notification  the animation not smooth enough  please fix it for 5,CRASHES
Can't get GPS position on approach charts or runway diagrams. But still nice. New version has this.... Awesome!,CRASHES
No sound on Android Nougat Used this on Marshmallow for my Flir Fx app. Now it stopped working after OS upgrade. Otherwise great app??,CRASHES
Menu button Glitch The menu button just pauses my games and nothing happens. An update to fix this glitch would be nice! Thank you,CRASHES
Nice little app for saving battery Can you please add option to set shorter on-off duration? Say 5 min sleep time and 2 min connect time?,FEATURE & UI BUGS
No Data? There's 'No Data' on capacity.. So i cant see my MAh,CRASHES
white bg I need white background!,FEATURE & UI BUGS
Extremely useful  but... The app is just amazing generally  it just has a couple of quirks that happen sometimes that don't exactly ruin its functionality  but they are slightly annoying. For example  when the screen goes to sleep and I turn it on again  or if I exit the app and open it again  it will have reset to the first playlist instead of the one I'm on. It generally does that  like when browsing the library  entering a folder and then going back it starts at the top again. Otherwise perfect.,CRASHES
Worthless I wanted to remove unneeded icons not everything. I would like to see the f-ing time.,FEATURE & UI BUGS
Missing 3d view while navigation,FEATURE & UI BUGS
awesome please add more corner gestures to open apps  let me keep the display always on  let me unlock the screen by pressing the home button as once i press it  the lockscreen will disable  the only way to unlock is power button. And please let me set a password. Doesn't matter if you ask for root i am fine,FEATURE & UI BUGS
Absolutely fantastic Nice  simple  interface to tick off whether you're adhering to your goals. No unnecessary permissions is an additional bonus. The only grouch is  and I feel I am not being very gracious here  that there is no option to transpose the goals into rows and the days into columns. The tick-off buttons get a wee bit narrow if one is tracking more than  say  six goals. Five stars  nevertheless.,FEATURE & UI BUGS
Awesome Hey ! Your app is so much awesome. please add signature option and the night function is not responsing please fix it. Thnanks your fan Abdullah,FEATURE & UI BUGS
Simple yet awesome However  please add custom lock screen wallpaper support so the lock screen background could be different instead of the same with the home screen background. The lock screen also can be easily bypassed by home and multitasking button.,FEATURE & UI BUGS
Not working on KitKat 4.4.2 On my SGS5 it dosplays wrong current. Wother 1 mA on charging or 0 mA on not charging...,CRASHES
Responsiveness is very poor when switching between bottom menus..,CRASHES
"Not good I cant creat account or cant sine in just show a pic """"""""iam not a robot """"""""How is that app there we cant enter... took so load to open .. is there not any good app there we can download anime easilly...",CRASHES
Typing issues in blog content While typing cursor automatically gets move to other position . Word's get replaced or get deleted. automatically.,CRASHES
Has some fairly big problems. Can't post photos or tag people. Might be more of a problem with Facebook website rather than tinfoil?,CRASHES
Love it Great look and features  and it's fast and responsive. A bit buggy though - as someone mentioned below  the app breaks the home button... it sends me to add/remove pages rather than to my desktop. Android 7.0,CRASHES
Love it This app is so amazing and modern! But can u guys PLEASE add a lock screen!?,FEATURE & UI BUGS
Sensor problem The app just shows waiting for sensors. Other apps worked fine. I was shocked when I saw the sensors not working.,CRASHES
One problem Everything with app so far has been great  but for some reason it won't load the values of the new origins planeswalkers. That's the only reason I rate 4. Also  I get the occasional crash when looking up card values.,CRASHES
A Much Needed App  Poor Execution A noble idea  and a necessary one in the present age of constant surveillance  I looked forward to being able to browse fb without worrying about every shred of personal info being given to ad companies. Doesn't work. Pages that I browsed on the Internet showed up as ads on my newsfeed  including location based ads  as well as things I talked about with other people. Kudos for the effort.,CRASHES
Great but... Please add option to hide app from launcher and pretifier the design of your app like adding material theme and especially make some texts that were cutted down (ex: new generation - testing) to be readable. Im not good at english but im trying to give my best explanations,FEATURE & UI BUGS
Looks horrible You can't read anything in this app  the text colors are so bad.,FEATURE & UI BUGS
Good for photos.. need improvement in video Indoor video performance is not that good.. can have some optimisation over that.. and for photo everything is nearly perfect.. but can have some more improvement especially grainy indoor photos,FEATURE & UI BUGS
Didn't work for me! Syncing erratic and layout a bit cluttered - liked the Doctor Who reference though!,FEATURE & UI BUGS
WAT I only get a black screen and nothing happens i have uninstalled and tried again but no result,CRASHES
Favorites Very cool app. Would love to see the addition of a favorites bar like the Samsung stock sms app,FEATURE & UI BUGS
Please fix KitKat bugs I'm on stock 4.4.2  APK files Dont show the embedded icons. Please fix.,CRASHES
Nice  but please add more costumization and on a tablet looked so small abou the view.,FEATURE & UI BUGS
Thank you Dev Adam Szalkowski. Very useful app. I was dreaming of this app for a long time. I never knew that the great dev wrote this app. Suggestion: Please add dark theme.,FEATURE & UI BUGS
Glitchy You have to download all of the maps first  and when moving between screens would constantly move me to random locations  so I would find myself at a blank screen and I couldn't pan back to where I wanted to be. I also could not get the flight plans to work. Overall has a very poor user interface.,CRASHES
Worst app I've ever used Have downloaded it 3 different times in hopes that it had improved. No such luck. Very clunky. Does not rotate well with the phone's orientation. And most maddeningly it freezes my phone to where I have to take the battery out to reset. Don't waste your time.,CRASHES
Great but incomplete as of now. PLEASE add the function of instead of a default blur on wallpaper  a default DEblur! So when I double tap  it blurs and shows icon text  but then deblurs  get it? And also be able to set time duration of blur.... I think it's a waste of your beautiful wallpaper collection  so please  help me and yourself both ;),FEATURE & UI BUGS
Now having issues with connection to dc boot/flash bin It's was fun but do all the games have glitches with the audio and visuals? How can I fix this problem?,CRASHES
Good  but small annoyance Good app. The constant toast notifications after the latest update  are extremely annoying.,FEATURE & UI BUGS
Add more options! Please add an option to set your own wallpaper from your gallery  and a pass code option please! Then I'll give 5 but there's this bug in which when I press the home key my desktop shows up!,FEATURE & UI BUGS
some time not working,CRASHES
STOP  STOP  STOP Some remaining fails on that 4 letter word. Train stops/stations are shown with unrelated icons at different zoom  one zoom level gets bus icon. At some zoom levels bus stops disappear behind supporting features such as bicycle racks and waste baskets. And when invoking address geo intent from phonebook  it toasts nothing found and doesn't even open (address tested is in built in address search!). Getting better though now 4.5 stars.,CRASHES
Coming close One of the things that I like about Sugar is the collaborative feeling of getting around an activity and working on it with other people. This app doesn't quite get there yet. When we can have groups of people getting together and talking with each other (through the interface) - that'll be what we need to have the true Sugar feel. Thanks  though  for your efforts  so far. In the mean time  I guess I'll be looking for a good old IRC app.,FEATURE & UI BUGS
[UPDATE]None of the extension that I use (Inbox  Weather) seem to be updating the home screen info. So other than date/time  I now get little out of the widget. Too bad.[/UPDATE] After trying a number of clock widgets  this one seems like a keeper. Only used it for a couple of hours  so don't know if there are other issues  but the biggest improvement for me would be supporting double-tap  when the widget is expanded to the full home screen. Double tap turns the screen on/off on LG G3  and it's one of my favorite Android features. To make it work  I need to leave some free area on the screen  but this means  I cannot display everything I want in the wizard. Would be lot more user-friendly  if the widget just passed the double-tap signal to the OS.,CRASHES
Great but can be better There is something wrong with playing mp4 format in new version 3.15  the video freeze at first frame and show time of video 00:00  when i downgrade app to older version the videos in channels played well  also ios and desktop have not this problem   second i think telegram must have more investigate on p ornographic channels that make app dirty and unsafe for families and childern  there are some bugs on it like telegram should ban the number of admin of s exuual channels from create channel again,CRASHES
Almost great Except that I can't upload photos  and sometimes when I expand comments then hit back it returns to the home screen. Thanks for a great app  hope to see these issues resolved.,FEATURE & UI BUGS
Serious bug Frequently  and randomly  fails to free it's lock on the camera when switching apps or locking the screen. So when the app (or any other) starts again  it can't get access to the camera. You also can't free this camera lock unless you reboot your device. I've not had this issue with the stock camera app or the other popular alternatives.,CRASHES
STUPID DONT EVEN DOWNLOAD ITS GLITCHS ALOT AND IT ONLY COMES N Celsius,FEATURE & UI BUGS
Does what it does well. Really like what it does. Would like to see it sit in notifications like Bitcoin Paranoid  though.,FEATURE & UI BUGS
Exactly what I was looking for It's a great app  and is exactly what I'm looking for. Minor problem I have is that it doesn't read labels already set on the client. Also  when setting labels it'd be nice to choose from a drop down box of previously added labels. Just like how the web ui works.,FEATURE & UI BUGS
Feature request... If its possible to add option to hide second ixon it will be awesome. I don't use big cores at all. Edit: I like the new changes... Great!,FEATURE & UI BUGS
Really cool  but not fully functional The real trebuchet launcher is available on multiple APK download sites and on xda. I love this launcher because its official and everything  but the authentic trebuchet launcher has more features. I'm not knocking this or anything  hence the 5 stars; I love this idea  but it's not the real thing. I do however like that you've brought the uniqueness of trebuchet to Google play in a non-sketchy download  so thank you.,FEATURE & UI BUGS
BUGZZZ I posted a comment on a video but my YouTube app froze so I killed it and reopened it but all my accounts were signed out and when I tapped on *Sign in* It didn't show my accounts at all. Pl fix. I am on Android 5.1.1,CRASHES
Please add call system Please add voice call option.,FEATURE & UI BUGS
Uses too much battery I tried this out for a couple days with only the most basic settings (no weather  no automatic dimming) and it still ate up about 20% of my battery every day. Deal breaker right there. Also  the settings are buggy. Pressing the android back button doesn't work  you can't test the double tap to close feature in the preview  and some settings don't reflect the actual setting you've chosen (my clock says it's analog even though I've picked digital). Overall fantastic idea... but bad implementation.,CRASHES
Very nice app  please add an option for burst mode to be a long press on the take picture button. :),FEATURE & UI BUGS
Nice app Can't seem to send pics to other users  tho. Small price to pay for privacy.,CRASHES
Great icon set. But please add icon masking. The non themed icons look terribly out of place.,FEATURE & UI BUGS
Great app But could be better if it could be viewed in cardboard.,FEATURE & UI BUGS
It was great before the newest update. I Loved this app until today's New update. The pictures are huge and you can't see half of it. Seems like it is not working at all. It has gone crazy and rogue on me.,CRASHES
Best crossword app! A+ Clean  smooth interface  simple yet customizable. Many free daily puzzles  plus options to archive and to download more from previous days. Also  it's free! Only way it could be better would be an option for dark background with light text  just to save on battery :),FEATURE & UI BUGS
app is hang my screen is mulfunction,CRASHES
But cant read whatsapp message Seems whatsapp close the function so no app can read them  I've try few apps nothing can read the messages,CRASHES
best 'top' and 'netstat' out there. it would be awesome if you split the top and the netstat into separate apps and get rid of logcat (there are way more advanced logcat apps out there!) Also change the settings vs order by icons - I keep mixing them up all the time!,FEATURE & UI BUGS
Basic features still missing Lock and gesture controlled brightness and volume control are missing. Please add.,FEATURE & UI BUGS
Push notifications and I can't post pictures as comments. I can't post pictures as comments. I click the camera and nothing happens. Push notifications or at least the number showing up in the corner of the app.,CRASHES
Please do something about it I use this for my tablet and it lags a lot and it deleted all of my pictures. I had like 64 pictures and it deleted it all and there is no way I can get it back. I like taking pictures on it and I would continue to take pictures on it if my photos didn't get deleted. Please fix it!,CRASHES
Crashes every time wit FB personal message I prefer this app to FB but it is a nuisance that it crashes every time I attempt to access personal messages that are apparently waiting for me. This bug is consistent across my two devices. I see other users have reported the same frustrating problem but the developer shows no interest in fixing it. I hope they do fix it  as it is otherwise useful.,CRASHES
Unable to return to app It hangs when clicking the notification while in overlay mode.,CRASHES
Not working after update Worked flawless until update now I cannot get voice working at all. How do I fix this?,CRASHES
Fantastic app! I highly recommend it! 'Voice Notify' is an essential app for anyone  but especially useful for someone such as myself who has dexterity difficulties  also has a SCI & is a fulltime wheelchair user. I do not have to look at my phone to know what is happening. VN is very customisable  eg  you can stop some FB group messages by putting the group name or a word in the 'ignored text' option in VN settings. Wish 'Email' said who was sending the emails like 'Gmail' does. Unfortunately on my new Note4  VN keeps being 'disabled'!?! Such a pain for an essential app! ?,CRASHES
Crashes phone Instantly crashes homescreen process  be careful!,CRASHES
THIS IS THE GAME I WAS LOOKING FOR! I have two words to describe this game: almost perfect. BUT PLEASE ADD MORE MAPS,FEATURE & UI BUGS
Big bug Used to be really fun but now can't even install photos!,CRASHES
Great Please add an option for notifications and icons,FEATURE & UI BUGS
liked but Needs improvement??_??__??_??__ How to deactivate and uninstall it?,FEATURE & UI BUGS
Blank screen during game launch. Samsung Tab S. Unable to start any of the games listed. Black blank screen after start.,CRASHES
the widget is too wide  please add an option to resized it. and an option to change font type and background. and an option to hide the widget when there's no network or connections.,FEATURE & UI BUGS
Free  no ads and a clean interface. One star taken away because everytine you pause the player disappears from the lock screen and notification bar.,CRASHES
Loved the look of the app and it seems to have good functionality but it never worked right for me. I had a reminder set for 6am to repeat every day but it reminds me at a random time every day that is no where close to what I wanted.,CRASHES
Gd game but.. I guess i loved the old design much more  seeing how it looked more refined as compared to the original PD  and it gave SPD an identity I fell in love with. The search button is annoying as I prefer to have 2 separate search buttons like before. I know that might interfere with the 4 items slot  so why not group the 4 quick slots in a square for convenience? One handed function would be improved by this too. Lastly the wand auto targeting sucks. I can't do my long shots that hit corners anymore :(,FEATURE & UI BUGS
I like it but I'm unable to set it on the lock screen with my Galaxy S3. There's no enable widgets in settings so not sure how I can add a third party widget.,CRASHES
Sometimes the double tap option does not work i recommend u to fix that,CRASHES
Not working properly since lollipop update. Notification and top icon not reading the correct number. You have to now open the app to see the correct percentage battery left. Was perfect until this happened. Please fix it. Thanks.,CRASHES
2 Things 1. Please add a dark theme 2. Please stop adding more and more annoying features,FEATURE & UI BUGS
Pinned CHAT Please add ability to pin Chat  in the next update. Thanks.,FEATURE & UI BUGS
Works but... Only if I select all interfaces. If I only select my mobile interface  it fails. Happy it works on a stock ROM  since stock is the only one available yet on this phone.,CRASHES
Needs Updating Fun and challenging RPG. Hasn't been updated since February 2014. Would be better if it were complete  but otherwise it's a time killer with the incessant grinding just to gain skills and stats required to finish certain quests and kill certain enemies.,FEATURE & UI BUGS
Good Can you please add iOS and Windows Phone status bar and for a 4.5 inch screen those icons are to big please make them smaller. I hope to see this bugs were fixed in next update.,FEATURE & UI BUGS
Not sure why we can't post photos. It's great regardless but it's a serious dampener.,FEATURE & UI BUGS
No autofill Would be nice if clicking a clip will auto fill it into the selected textbox,FEATURE & UI BUGS
Needs more features Such as JavaScript  HTML  and cssauto complete and CSS preprocessor support. I'd pay for more then $2 for such an ide. Much more.,FEATURE & UI BUGS
Didn't show up as a widget(at first)  can not show current Lenovo Ideatab A-3000: I needed to uninstall and re-install to get the widget into a list of addable items. Shows volts  battery status but no amps. Did not help to sort out which of my cables have too much resistance when charging then. Sony XPeria Go: On my Sony ST27i works okay(It seems I can not write separate reviews for 2 devices  that would be atleast 3 stars for Sony).,CRASHES
Nearly perfect. I give 5 starts because it is the best  but please  add option to hide offline contacts also  implement a way to see who is online and who is not just by lookin at contact list. Thanks!!!!,FEATURE & UI BUGS
Almost perfect... Bottom corners don't work on phones without hardware buttons  like LG G2 and G3. I know this may not be easy to do though. Would be nice if it can be colored to match a colored navbar.,CRASHES
I really liked it Issue 20/12/16  in discovery  when I find a channel and click on it. Doesn't open. Only subscribing and then going to subscribed is allowing me to view the info of that channel. Other than that  I'm using your app. It's very good. Like it man,CRASHES
Worst app. It doesn't work at all,CRASHES
Great app for library Book Catalogue is the best app for my personal library. Features like bookshelves  search books are ideal. However  a feature to search books that have been loaned is most required. Please add this feature soon.,FEATURE & UI BUGS
Pictures never moved to SD card and the app deleted pictures from my gallery,CRASHES
Lock screen security please!!! This app is awesome..I just need lock screen secutiy..than it is awesome..please add it. A lot people are requesting so please add it,FEATURE & UI BUGS
Cant find any widget There is a screen icon  but no widget. The icon lets you customise the widget  which cantbe found. Low rankings are. exactly what users should post if it doesnt work.... I'll 5 star when I see mA.,CRASHES
"I send 0.0000546 BTC to 1271aKQNsbmHckc2aKpzFCzuB3VL8gnJBW  the transaction is successful recorded in blockchain  but it show """"""""existence of this is not proven yet"""""""" is it only detect proven from 1satoshi transaction? ps:I am using bitcoin wallet 4.34  it is not allow too small amount transaction",CRASHES
Good app It does what it says and works well. Quite basic user interface though.,FEATURE & UI BUGS
Pretty clean I like the app  it works well. I find that if I lock my phone then turn it back on right away it defaults to the standard lock screen for a second then clicked into AcDisplay. Besides that it works really well. Good job,CRASHES
Search bar issue The search bar doesn't work at all  when you tap it the app suddenly close,CRASHES
sometimes wont refresh and displays wrong The refresh button doesnt always work on my samsung s5. sometimes the widget will combine multiple days' events making it seem like they all happen on the same day,CRASHES
Good but my screen is always on time out,CRASHES
It doesn't work at all. I open it up. Click on the button on my phone 'set up account' Clicked on 'set up account' clicked on 'scan a bar cocode' It opens up my Michaels Store app. It just does this and only this  i cannot scan a QR code for my Origin account.,CRASHES
Exit confirmation please ! Please add exit app confirmation. It's so annoying to hit back button on phone once and the app closes. Please. Your app are way way way better than the official app. I just need this 1 feature to add to your almost perfect app.,FEATURE & UI BUGS
Best app Please add video calling feature.,FEATURE & UI BUGS
"Pretty good but... I bought this so I could define a route offline and import a gpx. It opens the gpx and routes as desired  hitting all the scenic routes etc. The problem is that it can only traverse the entire gpx. If you deviate from the route it tries to reroute back to the start. We stopped for lunch 100' off the road and it did this. """"""""Delete waypoint"""""""" did not work on the route so I had to use a text editor to delete route points then re-start so we could carry on. Not a happy moment  yet often repeated. OTOH  without a gpx it works very well  aside from the occasional bizarre routing like off and immediately on at the same exit. Offline maps a must in the back country. 1.8.3  Android 4.2.1.",CRASHES
Cheats No doubt its a great emulator... It would be better if you added gameshark codes option...,FEATURE & UI BUGS
Plz add an option as to from which numbers we want to back up sms aor atleast from which time period. I wanted to back up my sms n it showed 20000 sms..so i had to drop the idea...,FEATURE & UI BUGS
Doesn't always work. It scans but nothing shows up  which is annoying.,CRASHES
Doesn't work I installed in my Xperia L and it doesn't work at all,CRASHES
Responsive websites doesn't work ok The responsive meniu doesn't work. Like in opera  chrome  mozila safari  so I can't navigate. Uninstal!,CRASHES
Fantastic! This app is pretty much perfect as it is  generating the full spectrum of DTMF codes and some extras too! One thing I'd love to see is a DTMF decoder that turns tones into numbers  but it certainly doesn't feel like its missing it.,FEATURE & UI BUGS
Incredible free option For a genuinely ad free app  its a great choice. A couple if detailed features such as lock screen next/previous and 15 forward/backward do not exist yet. Solid performance and ease of use.,FEATURE & UI BUGS
This app rocks!!! So I have a galaxy exhibit n it had stopped letting me save pics or download apps. So I went n bought an sd card n was so upset when it didn't fix the problem. I tried a few crappy apps that didn't work but this one is great. You move everything to a folder on your external sd and it frees up vt,CRASHES
PLEASE add Moga Pocket support! Emulator runs fantastic on S4  and got almost every game I wanted to play smoothly. However the Moga Pocket controller neither works with the universal driver nor Moga Pivot. Please  please  please fix this! Your emulator is the reason I upgraded to a smartphone!,FEATURE & UI BUGS
Topics won't load Love the content  but lately the topics won't load. Top news usually works when reclicked.,CRASHES
I love the new function  however it appears there may be a bug now. Flipboard and chrome both freeze when I save an article and I'm forced to home button out. Update - freeze issue fixed in new version,CRASHES
Great app! Good work buddy. Nice  simple  clean. Perfect. Works great on my HTC ONE M8  however is not compatible in my CaFi Car Android unit  but no stress. Keep it up. 5 Stars. A suggestion would be to incorporate a diagnostics tab  like that found in the official app once authenticated after 5 taps on serial number,FEATURE & UI BUGS
Its so buggy Maybe my phone isn't this strong to handle it.,CRASHES
Blank screen during game launch. Samsung Tab S. Unable to start any of the games listed. Black blank screen after start.,CRASHES
Blue battery icon kills it Otherwise it's great but with a transparent status bar  hard to see the icon,FEATURE & UI BUGS
I'm not a fan of the icon but it's a great app overall.,FEATURE & UI BUGS
"Current Version Gangs I can't close this app or get to my fault feed. Nothing happens when I click on the """"""""""""""""x"""""""""""""""" to close. If I hit back  it just leaves the app but it doesn't close. Have to uninstall and reinstall.",CRASHES
Horizontal bubble seem not work after calibrated The bubble stay on left hand side.phone is samsung note 2,CRASHES
5 star if.. Could pause and capture photos while recording on video mode,FEATURE & UI BUGS
Thank you Great app I'm so familiar with the motorola active notifications and since I switched phones this is the best alternative thanks! Wow there's even more features than I realized. Developers here deserve donation bravo! Custom widgets enabled.,FEATURE & UI BUGS
Great app but missing some things  like the occult classes,FEATURE & UI BUGS
Good app Nice app.. but need some improvement; please fix the notification buttons lights  it looks odd with notification button light being lit every time u touch the screen. And also the screenserver(alwayson) takes time to appear after screen is lock. Pls fix this.. and the notification icon too it doesnt go away..,CRASHES
Cant remove the :80 port....,CRASHES
" Didn't work on 1+1 Sorry  the app didn't work on 1+1  displaying \\""""""""""no data no data no data""""""""""""""""""",CRASHES
Nice app Works well  but would be better if you could save multiple queries though.,FEATURE & UI BUGS
Not true App shows all system apps as red (dangerous if removed) while this is not true.,CRASHES
If the map showed where the buses are on the route  this would be a 5-star rating. Aesthetics and other functionality is a 5-star rating. But I really need to see where the bus is on the map. The info is there to incorporate. Just giving next times tells me less than knowing where the bus actually is in real time. Still useful. And aesthetically superior.,FEATURE & UI BUGS
Work great on all my Nexus. But can't show Current (mA) on my new OnePlus One. Can you kindly add support this phone? Thanks.,FEATURE & UI BUGS
Note 7 notification grouping problem Not pissible to display two notifications at same time  please add all 8 cores plus frequency in one icon!,FEATURE & UI BUGS
Needs Android integration When clicking on a link to download  there should be an intent to use the app instead of having to copy/paste or having to open it in another browser [-2 stars until fixed  important app operation]. Please add dark theme  blue/white is just hideous.,FEATURE & UI BUGS
"Satisfactory Plays music  supports replaygain  clean and simple interface. Doesn't appear to support cue sheets  which is a bit disappointing. Enqueueing a folder from files view produces seemingly arbitrary """"""""now playing"""""""" order.",FEATURE & UI BUGS
Great  but poor pgp Great app  but poor pgp implementation. It seems to support inline pgp only. It creates emails that look unprofessional  and full of gibberish  when opened in a client that does not support inline mime.,FEATURE & UI BUGS
"Slow and buggy I love the layout and interface  and the slide action is well designed and intuitive. Unfortunately I have frequent issues with posts and content either loading slowly or not at all. I often get frustrated waiting (30+ seconds) and open photos or gifs in Firefox only to have them load instantly. I get frequent """"""""subreddit not found"""""""" warnings when trying to get to a known subreddit. Restarting the app usually resolved this  but that's a pain too. Fixing these problems would result in a 5-star app.",CRASHES
Weather Stopped Working Until recently  this app has been flawless and a staple of both my tablet and phone. I look forward to an update.,CRASHES
Awesome app Just one thing please add its on security lock...,FEATURE & UI BUGS
Great icons Minus 1 star because there is only one wallpaper. Need more wallpapers  otherwise its a great app with eye pleasing designs.,FEATURE & UI BUGS
It was great before the newest update. I Loved this app until today's New update. The pictures are huge and you can't see half of it. Seems like it is not working at all. It has gone crazy and rogue on me.,CRASHES
Does nothing This apps ask you to donate 1$ but does nothing past the first page where is the donation asking.,CRASHES
When there are images in the body of the message fit to screen makes all the texts of the body very small and the image is full width of the screen. This makes reading the content very difficult since it is so small. I am using Samsung 6 edge. Worked perfectly on Samsung s4. The 250 maximized font size is ignored.,CRASHES
Would be nice to specify main color for the light or dark theme. Otherwise it's like the name implies  simple. I love it! And the developer respond pretty fast!,FEATURE & UI BUGS
Needs improvement Add a pin code and disable some pop ups like facebook messenger while in lock screen.,FEATURE & UI BUGS
App must be improved Please add a feature in which we can know who un followed us. And the people whom we have blocked shouldn't find us through mutual friends. When I unblocked someone I didn't receive the messages the respective person had sent so please make sure you make an update in which the messages refresh as soon as we unblock someone. Looking forward for an update,FEATURE & UI BUGS
Can't control musixmatch player I can not control musixmatch player in lock screen. _ï¿½É_ï¿½É that's bad. Pls fix. Please...,CRASHES
Status issues I cant upload a pic for status update. Hit camera icon and nothing happens,CRASHES
The filters won't work. They won't show. I need help. I installed it for the fourth time and I still have the same problem . The snapchat filter doesn't show. I tried double tapping and long press but it just won't show. I have samsung galaxy V. Is it my phone ? Or what????,CRASHES
limit contacts for send multimedia Please add an option to limit some contacts for receive multimedia files from them. »À»À_ ÖËÀ_Ô»¾»_ÑÔÀ_Ô À_ÔÀÎÀ_ÀË Ö©»¾ÔÀË ÀÀ_ ÀÀ±ÀåÔ »ÀåÀ_ÀÀÔ»¾ À±»_ »À_ÀË»_ÀË Ö©»¾Ô» ÀÀ_ »¾À»_»¾»¾ ÀÀ±À_Ô »À_ À_Ö©À_ »_ »Ô»» À»À±À_À»¾. À_ÖËÀ± Ö©À_Ô ÀÀ_ »»¾ »»_À_»»» »¾ÀôÀ±»»_ »À_ÔÖ© Ö©»¾» »À»À_.,FEATURE & UI BUGS
Found bugs I want to give 5 stars but please add these features and fix some bugs: 1. Please add Apps exclusion list. 2. Fix night mode please; when i cover light sensor with finger in Day and in my room (not a dark room) it goes dark  this is good but when i remove the finger from display it won't come back to normal and remains dark stuck. Please fix this. Please try your finger and see. 3. App automatically stop working even after checking foreground service option.,FEATURE & UI BUGS
limit contacts for send multimedia Please add an option to limit some contacts for receive multimedia files from them. »À»À_ ÖËÀ_Ô»¾»_ÑÔÀ_Ô À_ÔÀÎÀ_ÀË Ö©»¾ÔÀË ÀÀ_ ÀÀ±ÀåÔ »ÀåÀ_ÀÀÔ»¾ À±»_ »À_ÀË»_ÀË Ö©»¾Ô» ÀÀ_ »¾À»_»¾»¾ ÀÀ±À_Ô »À_ À_Ö©À_ »_ »Ô»» À»À±À_À»¾. À_ÖËÀ± Ö©À_Ô ÀÀ_ »»¾ »»_À_»»» »¾ÀôÀ±»»_ »À_ÔÖ© Ö©»¾» »À»À_.,FEATURE & UI BUGS
Add a SECURITY LOCK This function would make the app perfect _ï¿½ï¿½ï¿½(it doesn't matter that yiu can bypass them  at least it keeps people from going through my stuff at the moment). Plus  it would be amazing if you could display desired message on the screen (name  message etc.),FEATURE & UI BUGS
MMS Issue I want to like the app  for a while I had primarily used this as my SMS application  however I have too many issues with MMS(picture and group messaging). Pictures will randomly not show up that have already been sent or received  scrolling up and down may make them show up again. The biggest issue is with group messaging. The app does not always show which person sent the message and you have to check details of individual message to see the number. Had these issues on 2 different phones.,CRASHES
Good one Can you add feature like moto display I.e screen lights up when we pick up the device or pick our device out of pocket,FEATURE & UI BUGS
Great password app 2 problems: 1. password font ambiguous eg  small L  capital I. 2. On lollipop last password viewed appears visible in recent apps. A cloud backup feature would be useful.,FEATURE & UI BUGS
"Great but... So when you use a scroll of blinding light up against a wraith it says """"""""""""""""the wraith flees"""""""""""""""" but he doesn't... only problem I've had so far.",CRASHES
Doesn't work I lost every photo I had of my kids when they were babies not happy at all!!!!!!!!!!!!!!!!!,CRASHES
Not true App shows all system apps as red (dangerous if removed) while this is not true.,CRASHES
Buggy Would be great if it wasn't so buggy. Immediately found: Every time pressing back (with hardware button or in-app) the Android running apps list is shown for half a second. Crashed when I said OK to setup MMS dialog. No scrollbars except in settings. Settings randomly changes the state of other toggles when you change one (although exiting and entering settings fixes this - is not actually changing other settings  jusr very confusing). Briefly turned on data even though I had WiFi on. I'm on Android 4.4.2.,CRASHES
Good....but.... Visible pic showing in this app is actually IR pic....and IR pic are colour composite pic...and timing of sat pic must be visible.,FEATURE & UI BUGS
BEST white noise app! And it's CUSTOMIZABLE! Paul  please consider making this a paid app or at least adding a donate button. I'd certainly pay for it. This is the best free white noise app I've tried. I love how I can customize the frequency and create whatever sound I want. Please also consider adding an explanation of sound frequencies (definitions of white noise  pink noise brown noise  etc) as well as a numerical scale on the color graph. It would be neat to see what the sounds of each of the colors are when quantified with a number and a unit.,FEATURE & UI BUGS
Hmmm I hate the official FB app so... I used it for a few days and it kept crashing. Hit the back button after reading a story and it goes back to the top of my feed. Who wants to scroll through just to get back to where they were? Not me. It makes my G2 heat up significantly. Sadly  this was the best alternative that I found to the invasive  space consuming android FB app. Fix your issues and maybe I'll come back.,CRASHES
Great App I'm a big fan of astronomy and this little app is perfect. A little touchy on the movement when viewing. But otherwise it's great!,CRASHES
Vavorite Game XD I love it so much dammit ...... I have a few thing that may make the game better first please add joystick like you can change beetween joystick and click to move second pls pls pls add multiplayer i want to play with my friend thanks,FEATURE & UI BUGS
One glaring flaw... Whenever I get a new text the notification has the most recent conversation... But when I open the app  the newest text is missing. I have to exit and renter the app to have it show the newest text. This happens ALL THE TIME.,CRASHES
Laziness causes security issues It shows all authentication codes simultaneously.,FEATURE & UI BUGS
Excellent app  excellent design. My only complaint is a minor one; when you press the back button  rather than take you to the previous comic you are taken to the comic list and I find this quite frustrating. A quick update and this app would be virtually perfect! REPLY: Absolutely  as long as it is in the app it would be awesome!,CRASHES
Hi there. I use MAL. Today  I opened the app to update my list but then the Manga List wouldn't show anything. I uninstalled and reinstalled the app. Still nothing. I synced it a couple of times too. Still blank. The only thing affected is my Manga List. The Anime List is working just fine. I have a very stable internet connection too. Could you please help me find the problem? Thanks so much. :),CRASHES
Good It would be even better if it showed cellular connection type even when wifi is on.,FEATURE & UI BUGS
Crashes phone Instantly crashes homescreen process  be careful!,CRASHES
Can't read To small,CRASHES
Only icon theme is missing Please add icon/theme in your next update. Please,FEATURE & UI BUGS
doesnt work well on lg g4 call completes  screen goes black and never comes back till battery is removed.,CRASHES
Click-through toasts please! Toasts are not click-through  despite your reply that they are. I have tried on 3 different phones  the latest being my Samsung Galaxy SIII  and previously  Samsung Galaxy Centura  and Samsung Galaxy Proclaim  all with stock roms. If you can make it possible to click buttons under the toasts I would love it even more. Thank you.,CRASHES
"Please add """"""""""""""""""""""""""""""""white"""""""""""""""""""""""""""""""" as an accent color Other issues where clarified  however  the more I use the app the more I notice how """"""""""""""""""""""""""""""""laggy"""""""""""""""""""""""""""""""" it is compared to other apps like Sync. Would definitely make it my main reddit client if it were more optimized. Also using an OPO with cm13 so I doubt hardware is the problem.",FEATURE & UI BUGS
Samsung Galaxy S4 Not working. Just like someone pointed out. I only see 460mA. I must be missing something.,CRASHES
Very close to perfect Please add support for Google Reminders!,FEATURE & UI BUGS
Samsung galaxy j7 2016 edition Before paying for the of the other clock style can we get preview of it that would be better so we dnt have to waste money,FEATURE & UI BUGS
bugs recently I just saw something wrong. i opened my friend following list n then i clicked more  i found out that some people reappeared (which means 2 or more same account) on following list. I hope the fix soon :),CRASHES
Seafile is great. The android app less so. For the last few versions  the UI is increadibly nonresponsive and the photo upload doesn't reliably happen. Update: the nonresponsiveness issue is fixed.,CRASHES
Very beautiful display The display is nice and good. But please make the other clocks free to get.,FEATURE & UI BUGS
Very cool! I'd love a little more control over the images it creates  but this is a really cool app. My contacts look way better on my phone now!,FEATURE & UI BUGS
Awesome This app is exactly what I wanted and needed. It's simple to use  functions flawlessly  and best of all it doesn't request any hinky permissions! ----------- Update: I installed v1.8 and don't love it anymore. It's been complicated with all sorts of features that I don't want and just get in the way.,FEATURE & UI BUGS
Please add ability to adjust display time,FEATURE & UI BUGS
Great app This app is great for keeping track of books I own and ones I wish to read. Would love it if there was an option to change the theme to black writing on white background. Understand a black background is easier for some people  but not for others. Would definitely be 5 stars then.,FEATURE & UI BUGS
Okay  but no longer for me I must be in the minority  but I liked the white mask. In fact  I would like an icon pack with only the round white mask. The new  more colorful masks are not for me  so I'll have to move on.,FEATURE & UI BUGS
Great app.   been using this for a long time. It really needs a payg mode so you can track spending on payg mobiles as well as pay monthly.,FEATURE & UI BUGS
Sensor problem The app just shows waiting for sensors. Other apps worked fine. I was shocked when I saw the sensors not working.,CRASHES
Great App I really like how it keeps my wallpapers fresh. However  the parallax effect is waaay too strong. I have two pages on my home screen and it skips right over the content of the image most times. If there was a slider for modifying the amount the image moves on scrolling between pages that would be swell.,FEATURE & UI BUGS
Nice app Useful app! Add just the possibility to call and you will win 5 star. Also in thr supergroup we look forword to see the possibliti to know the messager alread see or read!,FEATURE & UI BUGS
Nice! Please add a way to view the alarm clock time,FEATURE & UI BUGS
Works fine but quality is ok The developer corrected the some errors after contacting him  although the wallpapers look a bit low-res on my 720p screen.,CRASHES
Great app but I am having some problems when i post something it fails. it is not even showing me my current posts which I have posted from computer. no peer certificate error and by 3g it was uploaded.,CRASHES
MMS issue and slow to launch It looks good  But can't not send pictures taken from camera on the app. Need to use my camera to take the pic then go to the app and select the pic from the gallery to send. Takes up to 2.5/3 secs to open. Not good.,CRASHES
Issues I really liked this app but I can't use flash for my rear facing camera (the one that isn't front facing) the button doesn't show up anymore. I didnt like it but i could deal with it  but now I can't send a chat to anyone. It keeps saying failed to send. If snapchat could fix these bugs that would make the app 3 times better.,CRASHES
Good .... Simple and understanding but if u could links of some videos it would be better...,FEATURE & UI BUGS
Good looking  but buggy I really like the look of the app  and it also provides a bunch of customization. Ultimately  I had to delete it  though. When opening gifs  I was met with an error message more often than not. Also  many times I'd view a post  and then my feed would get messed up. Instead of putting me back where I was  the feed would loop. This would cause me to see 10 posts I'd already seen a minute ago. Kinda hard to recommend when you can get good looking and fully functional reddit apps already...,CRASHES
Broken somewhat. Does not work with xkcd RSS feed. No images shown.,CRASHES
Nice  but... why does it always zoom in my images a little? I have all my wallpapers resized to 1920x1080 so they fit perfectly on my devices  but Muzei still zooms in and the edges get cut off. Could you please add an option to not zoom the images  but keep their original sizes/zoom levels?,FEATURE & UI BUGS
great app but minor issues sometimes it show double messages if I don't dismiss them. also my only issue is that I can't dismiss the notification by swiping. please fix it.,CRASHES
Almost perfect! I love this app  it does what it says it will and it looks amazing. The only problem I have noticed so far is the app bugs and doesn't appear when you clear your notifications on the lock screen  but not in the notification panel. Other than that it is awesome.,CRASHES
Notifications Blocking My View Everytime I visit my blog through this app the notification panel just occupies the three-fourths of the screen and there is no way to remove it because everytime I tap it what is clicked is the blog underneath.,FEATURE & UI BUGS
Super Handy Easier to carry than 100s of pounds of books. However your latest update has an error. Many of the spells known charts for Occult classes are wrong. They are listed with 4 1st and 2 2nd level spells at first level. You forgot 0 level spells and it throws off the whole chart.,CRASHES
4 and a half stars I have recently come into needing a sms back up service  I have the cloud  and drive.And I don't know how to use any of them  so I went to Google and found this app. The backup goes right into a folder in my gmail account labeled sms. It's marked as read so no new notifications. I checked every few times to make sure it's all there and have since then trusted the app. It's truly amazing The only problem I have is that I cannot get it to automatically backup without me hitting the button... Help me!,CRASHES
Beautiful app 5 stars if you add an option for just clicking to start recording (with a countdown) rather than holding the button down? And then have another option for setting a time limit so it stops recording automatically. Those features would allow me to use it as a guitar loop pedal kind of thing? Great app anyways though.,FEATURE & UI BUGS
very good app but please add font colour option Add font size and color option,FEATURE & UI BUGS
"I will not go back When I first heard about """"""""""""""""""""""""""""""""Google Tap""""""""""""""""""""""""""""""""  I was rather dissapointed since they used an idea as brilliant as that as an April Fool's joke. When I finally bit the bullet and got this app  all I have to say now  is WOW!!! It is just as good as I thought it would be. While it isn't as fast as a more contemporary keyboard  it certainly is a lot less frustrating  especially on my 7-inch screen. My only complaint is that the reference screen doesn't stay open while I type but hopefully the dev will fix that in time.",CRASHES
It absolutely super. Please add more words,FEATURE & UI BUGS
Loved the look of the app and it seems to have good functionality but it never worked right for me. I had a reminder set for 6am to repeat every day but it reminds me at a random time every day that is no where close to what I wanted.,CRASHES
One request Thank you so much for this incredible camera app! You're the best  mate. I have one little request though  could you please make the icons & buttons on camera viewfinder/GUI to be a little bit more 'modern' like the iOS camera? Thank you very much  sir.,FEATURE & UI BUGS
This app is stupid Please add feature to make videos play when minimize app,FEATURE & UI BUGS
The only camera with good screen flash However  it would be better if the flash color can be warmer like iPhone did. It is really doable since you know it is screen with million color,FEATURE & UI BUGS
Nice but Please add the option to have more spacing/padding in the conversation. Texts show up too close to each other and it makes it look cluttered. (see Google messaging app as a reference),FEATURE & UI BUGS
Integration failed This app looks like an alpha version compared to Keepass2Android. Hard to integrate to OneDrive for sync with PC. Must install OneDrive separately and re-enter path to database Everytime we start the app. Missing features such as quick unlock. Unusable for my usage for these reasons. Fix those 2 things and I'll give 4 stars.,FEATURE & UI BUGS
Poor display on LG treasure Using LGL52VL with Android 5.1.1. Screen will not scroll at all in channel rating view. Graphs are barely visible at bottom of screen.,CRASHES
Fix the bugs Crashes all the time. Have to uninstall and reinstall too often. Frustrating! !,CRASHES
So perfect! It's very nice and convenient. I have just a little request. Can you please add the actual picture of the monster even the armor and wep. Thats all tnx,FEATURE & UI BUGS
Never open First time  I was impressed. It working nice. But  when I ran again it doesn't open  it just blinking and runs in background.,CRASHES
Almost perfect Latest update and ampache is all fixed. Album art is showing and songs that have never actually started playing now work. Brought the specials as a thanks. Easy play all album would be nice. Mono sound option would be handy to others like me who are deaf in one ear.,FEATURE & UI BUGS
Some bugs When I place the text widget on my desktop it disappears almost immediately. The graphical one works though.,CRASHES
Almost excellent Turning off all experimental features makes framerate too slow. Glitches in graphics i.e. black areas even in widescreen mode. Don't know if that's an emulator problem or a rom one.,CRASHES
Night mode Please add night mode and dark theme options.,FEATURE & UI BUGS
Zoom issues make it unusable Best crossword app  but doesn't work on Samsung s6. Freezes and I can't tap to a new location. Pls fix  otherwise this is a great game.,CRASHES
luv it but please add permanent action bar  thx,FEATURE & UI BUGS
"Few issues in the new version  but still great Personally I like the new colour scheme  but there is a missing permission in the install routine - the app doesn't ask for permission to access storage. Easy to fix  but frustrating if you can't find app permissions screen. If the """"""""read only"""""""" button is greyed out  you'll see errors when clicking on a file and choosing """"""""Open with"""""""" like: java.io.FileNotFoundException: /storage/emulated/0/mydirectory/myfile.psafe3: open failed: EACCES (Permission denied) but you can still own files by opening the app first",CRASHES
Can you set it so when you tap it  it goes to the clock so I can so a timer stopwatch alarm etc.,FEATURE & UI BUGS
EXCELLENT FOR FREE & NO ADS Love this app  it runs without a glitch.. However buying the extensions add on was a let down cos the only nice one was Peel. Just thought there would be more options but it's not expensive so I guess it's not too big of a complaint. Please add more styles for paid supporters and it will be a 5* app for sure ???,FEATURE & UI BUGS
Just one thing missing Overall I really like this app. It's functional and quite fast. I love the customizable stickers thing and the possibility to search and send gif in-app  BUT! I really feel that some essential emoji are missing. Please add an alpaca  Doge  swan  llama and the geeky colourful stuff. They are really needed. Sending much love guys. Please send back needed emoji,FEATURE & UI BUGS
issues with samsung Gives the very same value 1780 mA even with a 1000mA charger,CRASHES
Its good but... I like the idea of this app but i wish they made a button to unblur the pictures. Like a default unblur setting,FEATURE & UI BUGS
Can u please make the user interface more intresting??????,FEATURE & UI BUGS
Solid Doesn't have all the features of other podcast managers but does what it does very well. Love  that you can sort the queue list. Moving to this as Pocket Casts is increasingly full of features I don't use.,FEATURE & UI BUGS
Not working anymore. Only shows the time nothing else.,CRASHES
Owesome Great app. Out of body experience shuman rythem lucid dreaming. All good. Its really work and give me good experience. Please add om sound with binural beats i am looking for this frome long. But could not found good on. Kindly add om sound with 7.8 hrtz. Thanks.,FEATURE & UI BUGS
Disliked the new update I dislike the new update when they introduced double tapping the side of the screen to jump forward and back 10 seconds. It does not work. It's more of an inconvenience than anything and I wish I could disable It.,CRASHES
Icons not clear unless I clicked them Some icons will not disappear until I click them.,CRASHES
Neef a help I have a moto g Aftet syncing it did show that some contacys wer synced But i still cant see dem on my contact s list,CRASHES
Best PD mod ever!!! Very nice update on reworking warrior class =D Hope you can rework or buff Huntress too which is still underwhelming,FEATURE & UI BUGS
Font is too small! Please make the font much bigger! If it is so small I can't read it at a glance  and can barely read it when squinting  it isn't very useful to me. Uninstalled for an app that's similar  but only ~59K vs ~1100K  and uses a larger  readable font.,CRASHES
Nice app Please add pattern or pin protection as well. That's all I'm missing. Nice UI although. _??_??_??_ but add security please.,FEATURE & UI BUGS
Mrs unreliable Got pics an hour later. Goodbye..,CRASHES
Developer focused Tried logging in with Gmail (why isn't this automated?)  get an error message with the plain error message. No formatting. Error States that I need application specific password. So this app cannot handle two factor Auth. Bye.,CRASHES
Great app. We use it every time  only... I was looking through Hunter and noticed that a lot of the spells are duplicated several times. This makes the spell list look overly long  and could turn some players off  or even raise hopes of spell choice. This looks to be caused because Hunter is listed multiple times in the spell headers for those cases. Please fix this soon.,CRASHES
Does exactly what its supposed to I would give it 5 stars if it had tasker integration  that would make viewing videos at night so much better! Night mode is great for reading in portrait but it makes watching videos too dark. Please please please add tasker integration! Or per app profiles? Nvm figured out that I could just greenify the app in tasker and wake up app when out of landscape mode  it's kinda roundabout but it works,FEATURE & UI BUGS
This app is so lame it only shows one page of data and nothing else I deleted it immediately what a waste of space,CRASHES
Please add a change or edit log so we can see what was edited in the person's previous message. This is especially helpful for Business use. Thank you.,FEATURE & UI BUGS
Nice app  could add more features Great app for making wallpapers and great selection of live wallpapers. I would like to see some more features added to this app like recentering of the images by the user and having the image move as I scroll around my home screen. Otherwise  a very beautiful app.,FEATURE & UI BUGS
Good app It can be better..please add the feature of songs download,FEATURE & UI BUGS
"Isn't working at all on my Moto G I try to set a live wallpaper from the options provided  says """"""""Loading live wallpaper"""""""" and then just shows me a black screen. Same goes for adding nowPaper integration  just a black screen.",CRASHES
Good app! but.. Plz add working clock instead of only shown clock.. otherwise its a good app...,FEATURE & UI BUGS
Good but missing media streaming This app is the second best remote after Tatse. Just missing streaming options to view and listen to content on other devices.,FEATURE & UI BUGS
This app rocks!!! So I have a galaxy exhibit n it had stopped letting me save pics or download apps. So I went n bought an sd card n was so upset when it didn't fix the problem. I tried a few crappy apps that didn't work but this one is great. You move everything to a folder on your external sd and it frees up vt,CRASHES
Need improvements Add double tap to wake feature....make app more stable...add some new features,FEATURE & UI BUGS
very good app but please add font colour option Add font size and color option,FEATURE & UI BUGS
Good but not great. Has a good variety of songs but not every song I'm looking for. I like I can download concerts but sometimes I just want audio not video.,FEATURE & UI BUGS
"Best interface with unacceptable bug 80% of the time  deleting email's results in crash notification: """"""""Unfortunately K-9 Mail has stopped."""""""" just too irritating to accept. Submitting crash reports have resulted in no feedback from K-9 let alone a problem fix. It's really a shame because it has my favorite look & features. Manage 2 important POP3 email accounts & need better reliability /stability.",CRASHES
"ok such a nice app but i cant add photos from gallery.it says """"""""There was an error adding the image"""""""" HELP",CRASHES
Needs improvements No latest Satellite view  No live Map  No Find my phone or a number. No find a friend or family. but i like the App that's why i purchased it no choice. But better improve this! We Like Osmand+,FEATURE & UI BUGS
Good enough  but TTS crashes occur frequently and followed by losing my media sound. This happened each time it is trying to read continuous notifications from social networking app such as whatsapp especially numbers of senders. Sometimes  lengthy notifications from Facebook as well. Please fix.,CRASHES
Status issues I cant upload a pic for status update. Hit camera icon and nothing happens,CRASHES
Excellent Would be nice to have different colors per contact,FEATURE & UI BUGS
Emulator menu doesn't work. I've been trying to get the emulator menu to pull up and when I click on it or drag it it won't come up  also when you click on back arrow from your phone it gives me a black screen which you then have to close the game and open it back up. Fix these bugs please. Other than that the app works on everything else.,CRASHES
Great game  still in progress though... A really good RPG. I can't wait to see how it progresses. There's a lot of side quests  and the gameplay is really nice. You have to grind quite a bit  but it feels rewarding when you level up. The game is quite challenging. The main storyline isn't completed  there is no soundtrack (though that doesn't bother me)  and the assets need improvement (I saw the thief sprite and many others from Fire Emblem!). Maybe some more maps and locations  quests  and game lore. I'll try to help by making quests!,FEATURE & UI BUGS
"The widget doesn't work anymore Until before  I've been using this widget and love it much. But when I accidentally deleted the widget and want to place the widget  the widget won't show up and every time I select the widget and drag to the background  the command box """"""""Ministocks widget added"""""""" appeared  but nothing else shows up.",CRASHES
Please make the scroll holder appear more random at the store. Now it almost always appears on lvl 4 or lvl 5 which is pretty late in the game and also annoying  as I find myself leaving scrolls behind in order not to burn them accidentally.,FEATURE & UI BUGS
Useful little app Pretty cool little app  by far most useful to check things that would otherwise mean logging in manually. Although  it doesn't quite understand that sudo or service are commands... And when you hit reboot it says it's failed but does actually reboot it. Couple of things to look at guys. :),CRASHES
Disappointed Kinda ugly graphics. And I expected more variety. And really? No undo? I didn't make a backup  I guess because I must have trusted you to give me more warning that these changes were IRREVERSIBLE. Any ideas on changing 500+ contact pictures?,FEATURE & UI BUGS
Armor set builder bug But the armor set builder is bugged when i select an armor it doesn't appear in the screen that i selected it. Pls fix! but nice app!,CRASHES
Kitkat Bug :( Whenever i swipe to go back or close an image I can see my app drawer with all my apps. Please fix this,CRASHES
Light theme Light theme for notification would be better with Android 5+.,FEATURE & UI BUGS
Compared to Yatze  this app is my preferred remote for Modi. Much better interface  but it lacks an on-screen keyboard. Also  it's open source and it has no features you have to unlock with a paid version.,FEATURE & UI BUGS
double tap to focus doesn't work On my Galaxy s6,CRASHES
different color for username username color need to be diffeeent than comment and the thumbnail views need to be more condense so allowing more post per page imo. Everything else is very fast and beautiful  keep up the good work.,FEATURE & UI BUGS
" Not working on Nexus 6 after Naugat update It used to  but now ampere reading says \\""""""""""no data"""""""""""""""". Volts and temperature works fine.""",CRASHES
Add Frequently used apps ! Please  add frequently used apps into the search history list!,FEATURE & UI BUGS
I can't even see the icon in my menu and there's not even an option to open it through play store,FEATURE & UI BUGS
like and amazing app  but .. please add notification support  when used this app i cant see notification,FEATURE & UI BUGS
Great stuff. Love the homepage layout Great app. Feels private. Could you make a widget for Android? That would be much more convenient.,FEATURE & UI BUGS
Works great! Does everything that you need it to do. Very helpful if you are like me and constantly pulling down the notification drawer. Only thing I would recommend is the ability to not have the status bar icon while keeping it at the top of the notification list.,FEATURE & UI BUGS
Folders in external mounts show up empty Web version works fine  but app shows certain folders as empty (nothing in here). Happens with externally mounted webdav folder. Useless for me until this bug gets fixed.,CRASHES
MUTE NOTIFICATIONS PLEASE ADD THE ABILITY FOR USERS TO MUTE INDIVIDUAL'S NOTIFICATIONS AS WELL AS THE GROUP ONES,FEATURE & UI BUGS
Editor HTML mode Please back to my default on HTML mode when I want to edit post / page.,FEATURE & UI BUGS
4 stars because : It works great when there is no wifi. It simply turns my wifi off. When I am near a wifi it turns the wifi back on  which is great. But the problem is most of the time those wifi sources are not on my list  it turns my wifi on anyway. Fix that please :) I am using Galaxy s5. Thanks.,CRASHES
Very good app i like this app very much.it is better than whatsapp.but there is no audiocall or videocall feature. please add videocall or audiocall feature in next update. i hope you will reply,FEATURE & UI BUGS
Identity permission No one gets/cares about a file explorer so their g+ icon shows  seriously  next you'll ask location permission so you can default which language to use or some bullshit.,FEATURE & UI BUGS
Widget is always flashing Half the times when I turn on my screen  my home screen is blank/empty for a few seconds because the widget is reloading.. And my home screen is almost 100% full with this widget so it really shows  and is really annoying..,CRASHES
Excellent app. Small bug The side bar from the right. Some images appear to open with scrollbar. Zooming out doesn't change the ability to load the side bar menu. Unable to save image etc.,CRASHES
Please add option to move vault to sd card Google does not allow sd card permissions from android 4.4.x and up  but still devs add it somehow. Its much needed.,FEATURE & UI BUGS
Great but..... Please respond!!! I love this app but when i take it out of my pocket nothing shows up i suggest that it should wake with a double tap gesture,CRASHES
Best app. But please add more features!,FEATURE & UI BUGS
Exactly what I was looking for! I only have one suggestion. I have events that start at 2pm and go til midnight or 2am. I'd like to see it as one event that spans two days. Instead of two events on two days.,FEATURE & UI BUGS
Great game Story is good  some parts sound a little spotchy but the game flows well together. I like the action and investigation aspect.I think a few things might be run-ons  but please finish the game. Keep up the good work.,FEATURE & UI BUGS
"Good but buggy This is a very handy app but also quite buggy too. sometimes: 1- it gets stuck on the watch face when i get a call 2- keeps showing the """"""""""""""""""""""""""""""""in call"""""""""""""""""""""""""""""""" UI even after the call is finished. 3- the contacts menus goes blank at times. It deserves atleast 5 stars with the bugs are fixed! :)",CRASHES
Please Add !!! 1. Place a lock screen before entering the app as settings can be changed by anyone 2. Automatic file encryption 3. Please add moving of vault into sdcard !!! Good work !!! Please add more features as soon as possible.,FEATURE & UI BUGS
Elegant agenda widget ... ... simple  customizable  works with other calendars  but keyword hide function didn't work.,CRASHES
"Minimalistic & Functional While I do love the app  I wish there was a way to remove the annoying """"""""New message"""""""" pop-up. I would prefer to only see the app icon in my notification bar.",FEATURE & UI BUGS
Very Nice... but This app is great  but there are a couple of features I would like to see. First  I would like to have a popup dialog rather than just a notification. Second  and more importantly  I would like to be able to use an alarm sound instead of a notification sound so that just like an alarm  the sound would keep going until I snooze or dismiss. Last  I would like to have different notification settings per calendar so one calendar can use one ringtone and another calendar can use another ringtone.,FEATURE & UI BUGS
Looks great  but the app crashes every time I try to access the widgets! Would be 5 stars if fixed,CRASHES
Distracting. As some as I saw it  I was like  no way  that stinks. It struck me as glaring  and overly distracting.,FEATURE & UI BUGS
Good start. I hope more features like loader droid download manager in future updates.,FEATURE & UI BUGS
Needs a live track,FEATURE & UI BUGS
Not working Am using miui  it showing like failed to open camera _ï¿½É,CRASHES
Dileep P Good app. Online version transliteration not working with my Micromax jellybean phone. Offline version only English to Malayalam is available. Please add Malayalam to English also. And plz also add list of words  both English and malayalam. In offline version.,FEATURE & UI BUGS
It's awesome but... The double tap doesn't work on my s6 please fix it,CRASHES
Security Please add the option to put a pin/pattern.,FEATURE & UI BUGS
Doesn't work - widget disappears immediately If I add this widget to my homescreen on the nexus 4 it just disappears after I close the settings. 0/10 wouldn't download again.,CRASHES
Really simple to use. I like that it has a right click button. Just add a stop button to the media controls,FEATURE & UI BUGS
What once was perfect.. ..is currently experiencing too many to justify keeping installed. Don't get me wrong  this app was marvelous  it really tussled by muffet  but now it crashes when you search  doesn't save file properly and fails at setting ringtone. Alas  now I must search elsewhere for an app to do what I could easily do in 10 seconds on a pc.,CRASHES
The new game button is pure evil Could you move the new game button to the bottom of the app? It is very easily to press it incidentally.,FEATURE & UI BUGS
Not bad! Lacking back/previous button.,FEATURE & UI BUGS
Cool In this App Please add the one Option for delete song while playing. And some Time this unfortunately stopped when I changed the title or file name Please sir fix this bug. And very very thank you for creating this simple music player,FEATURE & UI BUGS
Great. Some Suggestions Great because it is simple.At first I just would suggest to keep notification collapsed by default or to make its behaviour a preference. Also it would be great to dismiss the floating notification with one tap  two taps or long press. Please  add cloud sync for syncing with desktop,FEATURE & UI BUGS
Works well Minor issue: you can set an icon for a group when you make it but you can't change it later.,FEATURE & UI BUGS
Doesn't work on Nexus 5 Both Widgets disappear from the home screen after initial options are set.,CRASHES
Background service bloatware The background service is completely unnecessary for the functioning of the app  yet it always ties up resources and battery power.,FEATURE & UI BUGS
Pretty good Dreamcast emulator While not the best compatibility  Reicast does a good job with what does run. Only knock isut doesn't save the time and day. Give it a shot.,FEATURE & UI BUGS
Nice icons! but incomplete set. Please add We Heart It,FEATURE & UI BUGS
Please add MORE ICONS!!! Please add more icons...like quick toggle icons... like...wifi bluetooth etc...n icons for games too...,FEATURE & UI BUGS
" always showing 1mA On my Samsung Note 2 it always show 1mA no matter I am charging with a 1A or 2A charger. GS battery monitor  on the other hand  showed 889mA on a 1A charger and 1998mA on a 2A charger! GS battery monitor reflects the right current! Further proven that it is the problem of the \\""""""""""Current Widget""""""""""""""""app itself.""",CRASHES
Awesome On samsung j5 sm-j500fn  the option with proximity doesn't work well. It turns on the screen instead of lock it.,CRASHES
Good Remove the ac in the notification bar its useless... And improve that lock screen  i always have to turn it on and off because it stop working... Other than that  awesome! 5 stars when fixed!,FEATURE & UI BUGS
Super useful Clean  uncomplicated layout & easy to use. Perfect little reference tool. I'm hoping they can get Path of War info up before too long.,FEATURE & UI BUGS
The filter option doesn't work on landscape orientation.,CRASHES
Tardis wallpaper missing??? I will give this five freaking stars if you please add the tardis wallpaper that is shown in the preview for the app. The wallpaper with a large tardis  and the doors opened  seeing inside. Please! I've paid for a few of your apps  I'm a customer. :(,CRASHES
nifty please add to move to SD card,FEATURE & UI BUGS
Great apps but still needs improvement. It's a great apps that can show notification for the other apps like bbm and line. But there are some bugs in chatting apps notification which showed double sentences where it should be just one sentences. And it would be nice if we can swipe off to erase notification on dash clock.,FEATURE & UI BUGS
Nice apps  I'd love to see an armor builder in it too  like the one on kiranico  I'd pay for that on an app,FEATURE & UI BUGS
Brilliant app I love being able to listen to all my old amiga game music. Only 3 small items short of perfection. 1 would be nice if it could remember the folder you were last in on next load. 2 for some reason it doesnt seem to support pattern breaks (at least on soundtracker mods) 3 an oscilloscope would be an amazing feature  i used to love watching the oscilloscope display on the amiga trackers!,FEATURE & UI BUGS
Very useful Please add option for No Notification on dated tasks. Also allow Not Dated tasks  kind of general To Do List. Great work,FEATURE & UI BUGS
Crash when set a demodulation! :(,CRASHES
" Saves battery over Facebook and messenger Great battery saving Facebook app. I like that you can read and write messages so I don't have to use the Facebook messenger app. An option to force the default news feed to \\""""""""""most recent"""""""""""""""" is all it really needs. Would be nice to see push notifications especially for messages  but that's not a huge deal.""",FEATURE & UI BUGS
Good but... The interface is a bit laggy  specially when the screen slides in and out. Give it a material makeover.,CRASHES
Good but The HTML doesnt show title because the tag starts with the closing part,CRASHES
Best Love it  please add subliminal massages for money and wealth affirmation. thanks alot,FEATURE & UI BUGS
Loved it until... Great app. Only problem is it keeps freezing up on the first photo. Freezes so badly that it absorbs most of the system resources and needs to be force closed. Doesn't save the picture either. Hopefully it will be updated and fix this bug,CRASHES
The back/erase button in the Hebrew keyboard stopped working! This is a nightmare!,CRASHES
Uninstalled  after a year i still can't simulate route or modify POI... ...even though i learned all the submenus  it is just not usable  not intuitive at all. make menus easyer to use! All buttons in one place! Btw:The search for intersecting streets do not work  refuses to find the intersecting street  i know the menu but it does't show list of 2nd street,CRASHES
Please add that ehen we pick up the phone the display opens. Very good.,FEATURE & UI BUGS
Great widget Does what is needed but I would like two additional features. A convenient way to sort the stock list and a single button to toggle the name or symbol in the wide view.,FEATURE & UI BUGS
"Need update This was the best chess apps but now it needs update to keep the position. """"""""Analyze this"""""""" is more enjoyable to play although lacking some features droid fish has. It now become a must that droid fish need feature of engine match and kibitz. Hope Peter realized this.",FEATURE & UI BUGS
Still needs improvement Great concept. I tested to see how it would work and so those on my notifications would know what they were receiving  it crashed several times trying to turn it off. I'm also noticing a significant battery drain since install  it's no use if it's bleeding my battery and the phone is near dead when I really need it,FEATURE & UI BUGS
Doesn't work It won't accept my user name and password for last.fm. The website accepts it. Not this app. Too bad. 10.27.16 edit: now also scrobbles seldomly  and chooses what at random. I'd like a response from the developer to help me. I play music using Pulsar plus... I reinstalled and now when I try logging in to last.fm and hit authenticate nothing happens.,CRASHES
Full score ...and still room for improvement. I would love to see more key data avilable in the key list  like key creation date etc. This makes it easier to find old keys on your ring if you have a lot of them. Ideally you should be able to configure your view to your own liking. I have had the app crashing on me several times when trying to revoke keys. Not sure what causes this yet though. Great work!,FEATURE & UI BUGS
Very nice Using this with tTorrent. Works like a champ. Would be nice to see which directory the torrent is going to.,FEATURE & UI BUGS
It would be better if you had pictures,FEATURE & UI BUGS
Please fix KitKat bugs I'm on stock 4.4.2  APK files Dont show the embedded icons. Please fix.,CRASHES
If only it could create audio automatically as in Quizlet or flashcard deluxe I would switched back to anki,FEATURE & UI BUGS
Useful but no tasks? You can taylor this widget much more than the stock calendar one but I'm missing one important function with it... doesn't show tasks  please add this!,FEATURE & UI BUGS
The interface is very interesting and mostly uses the material design. I was not able to find out any PASSWORD or PIN features for this. Please add those features . excluding these things . Great lock screen app,FEATURE & UI BUGS
Doesn't (quite) work with my S4 Torn between 3 and 4 stars. It scanned  found a list of codes  and when I tapped one it said it was sending it  but nothing happened. But... they don't work from the dialer either  so it may be something with my phone. So I guess it probably does what it says  I'm just disappointed it didn't work for me.,CRASHES
Doesn't work on GS5 Always shows 1mA on a GS5 (4.4.2).,CRASHES
Best game for Android Best game for Android  very difficult  very rewarding. After beating it 4(5) times I can say that random traps need to be removed  as a rng chance you take heavy damage by walking is just retarded. Maybe hide the traps in the trap rooms. Also more variety and difference between the different rooms and enemy's would be great. Thanks devs,FEATURE & UI BUGS
sometimes wont refresh and displays wrong The refresh button doesnt always work on my samsung s5. sometimes the widget will combine multiple days' events making it seem like they all happen on the same day,CRASHES
Bad Not working on nexus 5.after downloading it doesn't appear on phone at all...,CRASHES
Audio and Video calling please!! Please add the audio and video calling features to the app.,FEATURE & UI BUGS
" Good but a little buggy Awesome app  would be better with \\""""""""""Okay Google"""""""""""""""" hotword detection EDIT: For those who dislike the constant notification  long press on it  click the little i  and set notifications to none :)""",FEATURE & UI BUGS
Not working  shows 0ma all the time,CRASHES
Extremely useful  but... The app is just amazing generally  it just has a couple of quirks that happen sometimes that don't exactly ruin its functionality  but they are slightly annoying. For example  when the screen goes to sleep and I turn it on again  or if I exit the app and open it again  it will have reset to the first playlist instead of the one I'm on. It generally does that  like when browsing the library  entering a folder and then going back it starts at the top again. Otherwise perfect.,CRASHES
Nice app Can't seem to send pics to other users  tho. Small price to pay for privacy.,CRASHES
Text rarely displays correctly. Most of the time  the text in the article is scrambled when I select a news story. I'm using a T-mobile prism.,CRASHES
Used To Love It Used to love this app. Now  I do have a complaint. Rotating the screen or answering texts sends my selection back to the beginning. Bad idea. :'(,CRASHES
Good app This works well! It could be better if it can view stared repos.,FEATURE & UI BUGS
Used on old device Please make it so that galaxy j700t1 users can gain root access thru exploit via one click. Id gladly donate for your time.,FEATURE & UI BUGS
Constantly crashes Doesn't work at all on my plus one android phone :( loads the browse page once every 15 tries  plays music even less. Please fix it!! Paying for and can't use!,CRASHES
Wrong directions Its not showing exact Directions it's showing wrong on Moto G 3rd Gen (Marshmallow),CRASHES
Good app but horrible on my phone This app worked great on my iphone with the small bug of crashing sometimes. This app on my galaxy s7 sucks. The camera quality is destroyed  no focusing when you tap  lots of glitches like saying i didnt open a snap after i did. Please fix these things most important the camera quality,CRASHES
Great App Would have given 5 if it supported (somehow) sharing of pictures to group.,FEATURE & UI BUGS
So easy to use! I often find that I get lost in the number of features supplied by Bible apps these days. This is often due to nested menus  where simple operations tape multiple touches. While its presentation to the user is very simple  it still has nearly all of the features I need (missing highlight capability): notes  search  bookmarking  text copy  backup  etc.,FEATURE & UI BUGS
Nice and lite app A suggestion. Please add service and other expenses into app. Then it be the best app and will deserve five star,FEATURE & UI BUGS
Love it. 1 suggestion! This is my go-to wallpaper app. I am wondering if the dev could add a setting to decide if the wallpaper chosen can be shown in full rather than the zoom currently. Its not easy to explain  but the photos coming in from Reddit are high resolution and muzei shows pixels at 1:1 with phone resolution. Would like option to zoom out or show the whole image? Hopefully you know what I mean.,FEATURE & UI BUGS
Not exact When i tried it from other side and several time  always different results,CRASHES
Loading of next page is a bit funny otherwise fine,FEATURE & UI BUGS
HTC one problem Unfortunately on the HTC one I am unable to drag the dashclock to make it my primary lock screen widget  otherwise it would be 5 stars for a great widget.,CRASHES
I like the idea of the app  but there are so many issues. If you get it right twice you have to wait a day to review the word again. So I tried saying I got all them wrong so I could review then whenever I wanted. After you get more than one wrong it will just constantly go back to the words you got wrong; preventing you from practicing other. It also goes in the order that they were added. So as I'm reviewing them more and more  because of memory I can see one word and know what the next word will be.,FEATURE & UI BUGS
Not working on 5.0.2 HTC One M8. And old pics from 2.2???? Bad  very bad.,CRASHES
Doesn't work Every time I move it to main screen. The app itself pops up. I touch home. And it removes the widget from my screen.,CRASHES
Works like a charm but... I am really  really annoyed by the fact that you can't play while app is in the background or if you turn off the screen. I had my moment of gratitude when the app lagged somehow and I was able to turn the screen off without it pausing the playback. Just please... add the friggin background and screen off playback! Until then  no 5* for you.,FEATURE & UI BUGS
Crappy news stories Every time I pull up the search engine I get a string of really biased news stories. Start page or ixquick are search engines that don't push their politics.,FEATURE & UI BUGS
MMS issue and slow to launch It looks good  But can't not send pictures taken from camera on the app. Need to use my camera to take the pic then go to the app and select the pic from the gallery to send. Takes up to 2.5/3 secs to open. Not good.,CRASHES
Good app. My problem is the resolution of saved draw (png). Hope there's a way to save in bigger resolution.,CRASHES
Great  but needs more Thanks! Please add the media/files permission  I'm getting access denied when I try to access /storage/* /sdcard /mnt/user. I still think some basic color support (red/green/black/white options?) would be good  and that a real menu interface would be better than longpress (menu button support is nice  but most devices don't have one). It would also be nice to have an easy way to change the keyboard--I use hacker keyboard only with terminal apps  and only rarely  so switching is a pain. I'd be happy to pay..,FEATURE & UI BUGS
Crashes every time wit FB personal message I prefer this app to FB but it is a nuisance that it crashes every time I attempt to access personal messages that are apparently waiting for me. This bug is consistent across my two devices. I see other users have reported the same frustrating problem but the developer shows no interest in fixing it. I hope they do fix it  as it is otherwise useful.,CRASHES
Unfinished I made a few posts which never appeared in the main screen. When I checked with a web viewer  the posts were sent to the Firehose. I expected the posts to appear in the app  but they did not do so in time. The 'refresh-indicator' was permanently on.,CRASHES
Unable to set sampling rate on infinix X2 with MT6753 Unable to set sampling rate on the hackrf one on phone with MT6753 processor.,CRASHES
cool! Its really a cool app  would have give 5 star if there is a secure lock! Please add this feature too.,FEATURE & UI BUGS
Interesting. Overwrote my existing pics even though I told it not to. Needs a way to tone the colours down a bit as it's a bit like 60s brothel wallpaper as is.,CRASHES
Great design This app has great design and it was just what I needed but one thing to add is please add seek/playback speed upto 3x because I listen at higher speeds during sleep  so kindly add this feature otherwise its a great app.,FEATURE & UI BUGS
This version (0.9.8) is terribly outdated. I did not notice until it stopped working after the Android 7 update. The version on F-Droid (0.11.7) works  has an updated interface and also features automatic reconnection.,CRASHES
Unable to like comments !! I had reinstalled Instagram dor 4th times and nothing happen! I even do report bug to Instagram for 6th times but still  still unable to like. Please fix for me faster. Thankyou,CRASHES
Sun is out at 1am It is showing the sun rising at 1 am.,CRASHES
Memories gone black Brilliant app but always the glitches are there in different forms. Camera not responding and then the snapchat not responding etc. but now some of the snaps saved to memories appear as a dark picture and nothing appears on them. It happened to me so many times. Please fix it or show a solution.,CRASHES
Multiple bugs 1. Deleting profiles doesn't always work correctly. 2. In the Tasker plugin  where you can selct a profile  you cannot scroll down and thus you can't select some profiles  unless you only have 5 or so... 3. Deleting Profile 1-3 is not possible. .... I spent multiple hour on setting everything up and now I just can't use it.. I'm really upset. :/,CRASHES
Best around Great for life tracking  looking up cards  and looking up prices for trading. Only concerns are that there is no way to see errata on a card if you set it to automatically show an image of the card  and you can't keep multiple wishlists for different decks.,FEATURE & UI BUGS
Nice lockscreen! I used the lockscreen feature  and it looks well with the animation and the simple interface. Please add security option (pattern or pin) for the lockscreen  for the future update. Well done!,FEATURE & UI BUGS
Its good But i need hike icon and also give option to remove count in unexpanded widget,FEATURE & UI BUGS
changed to 3 needs update keeps showing 60+ mins until next train love this app please update to fix bug,CRASHES
Can't read To small,CRASHES
Good concept but too unstable A crashing editor is something unacceptable. Unfortunately  Vim Touch crashes quite often  with data loss as consequence. Nevertheless  the app looks very promising... 5 stars it was stable!,CRASHES
It's ok There is only one problem  it doesn't show the wallpaper on my lock screen,CRASHES
Almost perfect  with a great Developer This is by far my favorite reddit client. I was previously a sync user  but I saw this on reddit back in July and gave it a go. Even now  it still is lacking a few things (like editing comments)  but it has almost every other feature that sync and other clients have  in addition to its own features like the navigation system. But what really compels me to give this 5 stars is how committed the developer is. He has responded to all of my comments/questions/suggestions on reddit personally.,FEATURE & UI BUGS
Doesn't work on Nexus 4 The widget doesn't appear on my widget tray for my rooted Nexus 4 running on 4.4.3,CRASHES
Great but one problem The filters are amazing! So many to choose from  especially when updated. There is just one problem... MOST decide to work whenever they want to for me. Most times whenever I click on a filter it freezes and exits the app. At first I assumed it was my phone and later discovered that it was the app itself. My phone isn't slow and has enough storage. Whenever I actually take a picture on Snapchat while using a filter it doesn't allow me to save it. Please fix it I really wish to use the app like everyone else,CRASHES
Beware! This app has EVIL intentions I installed this app on a brand new phone so I could easily get into recovery to do firmware upgrade. The phone had no other apps than Facebook and WhatsApp. It didn't take long until my phone got hacked by this app and a third party app named recents.apk was installed that made new icon in my launcher with the google play icon and name. This app gave me full screen ads every time I unlocked my phone  and God knows what else it did in the background. SPYWARE! Avoid at all costs.,FEATURE & UI BUGS
Armor set builder bug But the armor set builder is bugged when i select an armor it doesn't appear in the screen that i selected it. Pls fix! but nice app!,CRASHES
Its an great app! Its great to use... But you can make it look like Gmail or something. I mean the design language of that app..,FEATURE & UI BUGS
Pretty good! I got it but the conversations that I had before the app don't show what I sent just the other person. Can I fix that?,FEATURE & UI BUGS
changed to 3 needs update keeps showing 60+ mins until next train love this app please update to fix bug,CRASHES
" Please add \\""""""""""only auto backup when charging"""""""""""""""" option !!""",FEATURE & UI BUGS
Customization I would like to be able to input a time to record  and adjust the max time too. That's just what I want. The reason it's 4 instead of 5 is that it wasn't recording while it was waiting for an answer to the APlease Rate This App prompt. I was shredding on the guitar and wanted to catch it :( nothing to show for it but a blister.,FEATURE & UI BUGS
Meh A bit buggy  please add a fix for half/over sized images  I know this is a wrapper and Facebook mobile browser does it but please try. I will rate 5 stars then.,FEATURE & UI BUGS
Work great on all my Nexus. But can't show Current (mA) on my new OnePlus One. Can you kindly add support this phone? Thanks.,CRASHES
LOVE IT I like using this app ... but there's a little problem when the screen is off it doesn't work hope u guys fix it it would be better _ï¿½ï¿½ï¿½,CRASHES
The Best Superuser app for Android! I like this over SuperSU coz this is Open Source. It's got many more features than old Superuser and SuperSU. It's pre installed in CyanogenMod and many other ROMS  integrates with Settings looks good on tablets and many more.,FEATURE & UI BUGS
Looks nice but... ... scrolling through the messages list seems a bit laggy on my OPO. I managed to fix my MMS issues  though. Still there's a few things that need to be polished for it to be usable on a day-to-day basis.,CRASHES
Best best ever I love this Terminal user interface  I've never felt so comfortable with a launcher since I'm using android. But I'll appreciate your help more  if i can load credit from the terminal  hide the android notification bar and also display my ROM. Thank you. And also a security pass lock before operating the terminal will be very welcome,FEATURE & UI BUGS
"Great simple calendar widget Please add ability to change """"""""""""""""""""""""""""""""shading"""""""""""""""""""""""""""""""" of day headers. They are set to default gray  and lack contrast no matter what color background",FEATURE & UI BUGS
Make theme Please add like on coments and show number of people like comments. And make themes for telegram. Thanks.,FEATURE & UI BUGS
Best Camera App! This is the best camera app on the Play Store but just a suggestion can you add Live Photos?,FEATURE & UI BUGS
Nice and crisp  missing backward counting Nice interface  neat and tidy  but I really miss backward counting. Example presentation time half an hour  count to zero  remind 10 and 5 minutes before the end.,FEATURE & UI BUGS
Can't find my books I've had the app for a while and loved it (would have given 4 stars!)  but now after the update my books are gone? I tried adding it but don't know where. I also tried doing the Google drive thing but they don't show up. I added the epub and mobi versions but still nothing?,CRASHES
No longer work on moto g lolipop It works marvelously well while it was powered by kit Kat for my moto g. But after upgrade to lollipop  it just states that *no data*...,CRASHES
LOVE IT I like using this app ... but there's a little problem when the screen is off it doesn't work hope u guys fix it it would be better _ï¿½ï¿½ï¿½,CRASHES
Best software for opening books learning  analysis and play. It would be great if it can display bestmoves as marked in ctg book rather than showing most played moves in the book as the best move.,FEATURE & UI BUGS
Altitude Filter Not Showing Up I have a Samsung Galaxy Note 5 and when I take a picture and swipe for filters the altitude filter never shows up. I have tried updating  Uninstalling then re-installing the app  turning my phone off  you name it. But nothing has seemed to work.,CRASHES
Red line If you want a app that shows you a red line and some yellow dots then  this game is right for you,CRASHES
One problem Everything with app so far has been great  but for some reason it won't load the values of the new origins planeswalkers. That's the only reason I rate 4. Also  I get the occasional crash when looking up card values.,CRASHES
When I first installed it a few days ago  the connections showed maps. Now when I clicked on any connection  nothing happened?,CRASHES
This seems nice but Can you please add dual sim functionality?,FEATURE & UI BUGS
"It used to be great  but the app doesn't see my """"""""reading"""""""" folder and doesn't recognise fb2 files at all :(",CRASHES
Please add the always on option It will be awesome it you add the always on display feature like s7. And option to add more than 1 widget on the screen. Maybe a pro version for these features. Thanks,FEATURE & UI BUGS
Great app An amazing app. Ive used quite a few and this one is the best by far. Though i would enjoy seeing a kinsect chart for the insect glaive. Its not super important but i haven't seen one of those yet and it seems like it would be an awesome addition for those of us who are IG hunters.,FEATURE & UI BUGS
Please add random contact circle coloring same as Gmail app has. Thanks.,FEATURE & UI BUGS
"Good game but 1 problem Please remove the exit game button.Every time i die i always click that button by habit because it says """"""""exit game"""""""" but instead of going to the main menu it closes the application.Which is a big inconvenience cause i have to load the game back up. I know that there is a separate main menu button but if i want to exit the game I'll just hit the home button. Please remove the button!",FEATURE & UI BUGS
Hide apps? Ability to hide certain apps for privacy and you would have 5 stars from me,FEATURE & UI BUGS
Good progress  but... 1- Does not find servers available via the tun0 interface(e.g. VPN). 2- There is an off-by-one bug. If you tap on an item in the playlist  the next one will play! 3- It would be useful if the current directory is shown somewhere.,CRASHES
Change doesn't always suck But latest change to Android O'S made this app a Hoover of gigantic proportions! A favorite  often used app just went from rating of Solid 5 to a WTF 1. Appears to still work  but in reality is now just an irritating guessing game. Hundreds of stored items on my list now invisible with lookup being white font on white background. I make one request to all app designers - update apps only as needed and test before pushing as update. Finally  one demand - FIX THIS APP NOW!,CRASHES
Runs better than the rest Runs better than most other guide apps  and has a much better map. Though it doesn't list fish locations anywhere.,FEATURE & UI BUGS
Meh. I like DuckDuckGo search engine and the privacy  but this app is really pointless.... I don't want to see stories. I just might as well USD DuckDuckGo in my browser and my phone and that works fine.,FEATURE & UI BUGS
No showing the full aong When I downloaded and select songs it was buffering for 100% then later after few song it stopped buffering and only shows 5sec of any songs....,CRASHES
4.5 Please add a 3x3 lock or a pin lock! Also can you make the distance you have to swipe shorter... So we don't have to swipe as far for it to unlock!,FEATURE & UI BUGS
Really enjoyed this app But... There are a lot of bugs  there are some times when I click on things or go back and the app just crashes. When I scroll almost all the time it goes back. Besides that there should be a few modifications to the sliding feature  needs more integration with simple actions. I really like this app but I can't use it because of those reasons... :(,CRASHES
I jus lost every single one of my pictures thanks to this app. I was sure i copied nd moved everything from my phone to my sd card. I removed my sd card and reset my phone. Next thing you know everything was GONE,CRASHES
A good app  but malfunctions  need to fix this bug I purchased pro version. Using rooted oneplus one mobile with super su. I several times found that  it stops working the cheked apps  inplace of uncheked app. Apart from this when I applied  AF wall and enable it after sometime it deactivated the LAN wi fi and mobile data  showing (!) mark  on whole app  such that it unable to activate wi fi or mobile 3g data until AF wall deactivated and saved. I request devloper team to fix this bug on priority. Due to this problem I unable to use delightfully.,CRASHES
Programmer is very responsive  great feature list. I use widgets to provide at a glance bitcoin stock levels (e.g. BTC-e)  and  for mining status for my miners on various pools.. Definitely worth the donation  I use it daily (several times daily  in fact! ). Some screen formatting concerns for Nova Launcher  but great with default launcher (Nova was my choice  not this guys fault). Optional tap on a widget to get on demand updates. New pools and updates to pool API's regularly. This app is well supported.,FEATURE & UI BUGS
There is No alternate flash method listed anywhere in the settings!!,CRASHES
"What the.. It's a shame  really. Application fills a void and would be really nice to use  it has a fancy site for something that doesn't work. Sure it gives a """"""""pling""""""""  but one can't make an entry  apparently you have to hover over the phone like a hawk  I suppose. So  you want random bell sound  you got it. Other than that though.. As I said  it's a real shame  an open source application like this could be really useful for all kinds of purposes. I was a bit exited till I found out it don't even got the basics down. v.1.5.5 is waste of space xCover 2  android 4.1.2.",CRASHES
doesnt work the network printer shows up but while printing it shows printer not available on both tablet nd mobiles,CRASHES
Thanks for this app! I just downloaded the update and now when I follow a link  the back button on my browser takes me back into the wrapper but in a weird blank screen that stays forever.,CRASHES
Doesn't work on Galaxy S4 Permanently shows 460,CRASHES
Great with desktop Dropox client Can't open the database anymore after all those updates. GUI needs revamp  as it's ugly looking. Needs some revamp to stay in line with time.,FEATURE & UI BUGS
Do not like this... All movies not listed  can't skip through now playing movie  remote looks blah...,FEATURE & UI BUGS
Please add one feature I really love this app. I just wish you can add a password such as a pattern as well; as an optional security measure. If you do  could you make it like the cyanogen mod one. Please,FEATURE & UI BUGS
It works It would be better if it did not star out what I type. If someone's looking over my shoulder  I will deal with that.,FEATURE & UI BUGS
Needs more themes. Unique look and feels great  but i need more options. Too limited. Sorry,FEATURE & UI BUGS
Best MTG app out there! If possible you should add a way to sort your wishlist in folders. Even without you earn every star!,FEATURE & UI BUGS
Need to improve editor Please add commands like 'read more'   'color' etc to the app also. Currently it available only on web version.,FEATURE & UI BUGS
Change doesn't always suck But latest change to Android O'S made this app a Hoover of gigantic proportions! A favorite  often used app just went from rating of Solid 5 to a WTF 1. Appears to still work  but in reality is now just an irritating guessing game. Hundreds of stored items on my list now invisible with lookup being white font on white background. I make one request to all app designers - update apps only as needed and test before pushing as update. Finally  one demand - FIX THIS APP NOW!,CRASHES
Great! Love the diversity of features  especially the wishlist and trading. It would be nice to sort the wishlist  but still a great app. Highly recommended.,FEATURE & UI BUGS
" Could Use a better widget  which doesn't open a new window on interaction. Cannot find non English strings because the app cannot normalize capitalized letters in their names  e.g. ?????? can only be found using \\""""""""""????"""""""""""""""" but not """"""""""""""""?"""""""""""""""". Fix it!""",CRASHES
When I open it shows unfortunately Fb closed Bugs_,CRASHES
Samsung Galaxy S GT-I9000 with CM11 Installed it from F-droid. Works erratically & is not able to switch mobile data on/off properly. Even after exiting the app & restarting mobile without starting the app it didn't let mobile data connect until I uninstalled the app. Gets an additional star for GPL.,CRASHES
Game feature The degrading of weapons is okay but allow the Player to turn it on and off since...you know some of us aren't that hardcore. Plus please add a option to toggle degrading off...please,FEATURE & UI BUGS
love it After last update  this app earns 5 stars. Background processing improved performance significantly. I can only suggest to add dedicared video recording button so you don't have to switch modes.,FEATURE & UI BUGS
What a wonderfully designed app Content well organized and easy to use. I'v already scanned 350 books. I can think of nothing to improve this app. The only issue I've encountered is sometimes the app just closes down while I'm using it. When I reopen nothing is lost  so no big deal. I'm searching to see if this developer has an app for movies! Thank you for such a great app.,CRASHES
Great Start! Although it is in beta phase  I absolutely love the app and I think it has great potential! I've already donated to the development of it too  but I discovered later that I could have paid for extra features... No big deal  but I really want to see the full version of this app soon (with multi reddit feature.. really important!) edit: it has only improved since my last rating! Kudos!,FEATURE & UI BUGS
relatively simple tracking Only feature I'd like to see is import for when you switch devices.,FEATURE & UI BUGS
Amazing application It gives the freedom to create your own study cards. The handling of the cards is really simple while addition of image and sound is great. I just wish the reverse content button returns in the edition screen.,FEATURE & UI BUGS
Doesn't work Using s galaxy note 4.phone on charge and widget is not picking up the charger,CRASHES
Withdrawing my 5 stars Because this app has a serious bug. The delete button on sms notification doesn't delete messages or some messages. But that is actually I want this program to do ;delete messages after reading them. Emailed the developer but no news. Samsung galaxy s4 mini GT-I9192 android 4.2.2,CRASHES
Needs more icons It's good for like 70 to 80% of apps. It hasn't been updated for a while and it's kind of starting to show,FEATURE & UI BUGS
Does not work on Samsung Galaxy Tab S 8.4 Always shows 1 mah in the widget,CRASHES
Excellent There is Only One Problem in updated version. The Icons of The Apps does not show in the folders. The icons are fully black. Please Fix It. And Best File manager Came Across,CRASHES
Great app! Just needs one more thing... I will give this app 5 stars once the ability to see promo and special print card prices is added. Other than that this app has everything you could want!,FEATURE & UI BUGS
App in the works Still obviously being developed  but lacking features. Please add an option to add someone to my contacts from message thread.,FEATURE & UI BUGS
Great! Best PGP app on the market. Needs a few more features like a password and encrypted storage of keys to be truly secure  however not bad at all,FEATURE & UI BUGS
An abandoned project? Finding that most of the games don't work properly. But those that do work flawlessly. No updates for a couple years now. Such a shame. This really looked promising.,CRASHES
Bug not fixed Calendar shows most events a day later than when scheduled. If you click on them you see the correct info. Problem is that you won't see reminders or items scheduled on home screen till the day after. Very frustrating.,CRASHES
"Fixes a problem  then creates another one I think the app is well intended. But you end up with a bunch of pixelated contacts. And that looks horrible on your """"""""""""""""""""""""""""""""recents"""""""""""""""""""""""""""""""" view. Also wen you restore your contacts  they end up even more pixelated. Can you please add a way to delete all the contacts with generated pictures",FEATURE & UI BUGS
Useful App Please add optional Plus sign (+) at SD Card word in popup dialog for easy to use.,FEATURE & UI BUGS
Useful but broken now I use it a lot but the app is broken on my S6. Launches to frozen page,CRASHES
Doesn't work at all Only got configuration screen. Never displayed any data on LG 4g phone.,CRASHES
Pictures can't be saved I'm using Moto G4 Plus. In the latest update of Open Camera pictures taken are not saved. They are deleted automatically after the next picture is shot. Please resolve this issue.. Otherwise I have no complaints...,CRASHES
Very useful  good interface Very nice reader. Widget support is good too. Only thing I feel could be improved is sharing - only URL is shared instead of title + URL.,FEATURE & UI BUGS
Only whish that it would show more items per row.,FEATURE & UI BUGS
Not working Not working at oppo. Saying source not available for hr,CRASHES
It's alright I was playing the controls weren't the greatest. Can't fast forward  but worst of all the settings button stopped working for me once I closed the app. So now I can't save or use cheats.?,CRASHES
LOL @Video Crew  this is a LOG VIEWER and is unable to delete any settings from your phone.,CRASHES
Good. Solid  polished app. Works well. Issues I had  though  thus preventing 5*: the icon being at the top left meant that I couldn't run away from a catch. I know you can move where the icon is  but it'd be great to be able to do it on the fly (double tap and drag  maybe?). And secondly the menu items didn't customise as I wanted. I don't want pidgey Calc etc and the icon showed them anyway. Randomly it stopped showing them (as in  it randomly decided to finally accept my customisation). Great app though. Thx!,CRASHES
Was a handy app @ one time Used to do exactly what it said  but after the most recent update it stopped working. Now shows battery level at startup but never changes after that...,CRASHES
Not too bad Needs some more features to become a really good app (such as look nice on tablet screen size  smoother view/edit transitions)  but otherwise good app.,FEATURE & UI BUGS
"Watch later isn't working The app works fine but for sone odd reason  the Watch Later playlist doesn't work. The video plays but the section i can scroll like the Description  like bar Comments  Sub box and all that are replaced with a error promt that says """"""""""""""""there was an error"""""""""""""""" and a code (I don't remember the code). Also i can't use that blackish-gray drop box where i can select the next video in my """"""""""""""""Watch Later"""""""""""""""" Playlist. Lastely  i can't see the arrows that let me switch from one video to another. There are other issues. Plz fix.",CRASHES
Never worked at all on my Nexus 5. Doesn't work on my Nexus 5. It only says N/A for data.,CRASHES
"Could you please add the option for Color font_Ñ_ Please add the direct option to color font (ex. &lt; font color="""""""""""""""""""""""""""""""""""""""""""""""""""""""""""""""" size="""""""""""""""""""""""""""""""""""""""""""""""""""""""""""""""" &gt;Word &lt; /font &gt;) it'll help us directly to change font color. Thanks!",FEATURE & UI BUGS
Please add more!!!_??_??_??_ This app is fantastic already but it needs something more  it needs more option of hanging the wallpaper of the lock screen. Not just homescreen's or a black wall but maybe from gallery??,FEATURE & UI BUGS
Almost perfect Please add option to toggle double tap on home screen for full reveal.,FEATURE & UI BUGS
Never seen some of these puzzles Great crossword app.....but I don't get half of the crossword puzzles that are shown on this page..... Never seen Boston Globe for instance. Give me more daily puzzles please!,CRASHES
Nice app  could add more features Great app for making wallpapers and great selection of live wallpapers. I would like to see some more features added to this app like recentering of the images by the user and having the image move as I scroll around my home screen. Otherwise  a very beautiful app.,FEATURE & UI BUGS
Fix setting button I cant setting my widget when i disable clock on widget,CRASHES
Has what I need and ad free! Thank God. A lil refinement needed  I looked far and wide for an ad free podcast app  and this meets that requirement and so many more! You can search and add podcasts from iTunes directly. Only thing I wish was different is to be able to delete downloaded podcasts directly from the episode interfaces,FEATURE & UI BUGS
Nexus 6p support Please add finger print support.,FEATURE & UI BUGS
Force closing It force closes when switching wallpapers. Doesn't let me set wallpapers anymore.,CRASHES
No sound on Android Nougat Used this on Marshmallow for my Flir Fx app. Now it stopped working after OS upgrade. Otherwise great app??,CRASHES
Red line If you want a app that shows you a red line and some yellow dots then  this game is right for you,CRASHES
Great besides I wish there was more classes to play as,FEATURE & UI BUGS
Simple Counter is exactly what it says in the title  a simple tally counter app. The feature to count is there with buttons to add or remove from the counter. There are more features though  with the ability to store multiple counters  edit the number in the counter  value reset  and volume buttons to use for counting. As a free and open source app  Simple Counter does what it does well with very straightforward and direct tools for tally counting with a simple yet useful mindset.,FEATURE & UI BUGS
The buttons aren't working for me.,CRASHES
Need chat heads Good app please add chat head option to give 5 star and buy you coffee ?,FEATURE & UI BUGS
Good but Need some improvement  not showing all 8 cores on status bar while showing 8 cores on notification. SM900H,CRASHES
great i think its the only app of its kind that is light with 0 ads...but just one thought...please add icons for extra cores...octacores and all...i can only see all octas as one core alone...,FEATURE & UI BUGS
Needs a widget button to activate w/o launching full app. Other than that is good; free and open-source software which does the job without spying on users.,FEATURE & UI BUGS
No use This does not tell time in decimal form. It divides the day into 10 hours. As a tradesman i require the hours to be normal with the minutes displayed in decimal (eg. 30 mins = 0.5 hours  60 mins = 1.0 hours.) Having a 10 hour day is for people who cant understand time.,FEATURE & UI BUGS
Transfer stops or freezes Several times pictures i take would get stuck uploading and then the app would crash. I uninstalled,CRASHES
Doesn't start stalls retrieving position information. All other service have excellent GPS.,CRASHES
Best!! This is the perfect apps i was looking for... stuck with photo wall for months without alternative layout.. i would pay for more feature.. thx for dev. :),FEATURE & UI BUGS
Useful little app Pretty cool little app  by far most useful to check things that would otherwise mean logging in manually. Although  it doesn't quite understand that sudo or service are commands... And when you hit reboot it says it's failed but does actually reboot it. Couple of things to look at guys. :),CRASHES
Force closing It force closes when switching wallpapers. Doesn't let me set wallpapers anymore.,CRASHES
I like it but in color composition map of India not seen completely. Correct it.,CRASHES
Great app Properly synchronizes messages with server. However  needs more work on crashes and handling of message history above 20 messages.,CRASHES
Needs improvement Crashes very frequently. Further  there has to be an option to keep meeting name and schedule appearing in single line rather than schedule (only time) below the name.,FEATURE & UI BUGS
Swipe function Really like this app but would be 5* awesome if in the next release you could add a swipe to delete function and a number by the desktop icon saying how many new emails have arrived. Thanks and keep up the good work!,FEATURE & UI BUGS
" Note 4 compatibility issue Says \\""""""""""0ma"""""""""""""""" on my Sprint Note 4. What am I doing wrong?""",CRASHES
Excellent app Exactly what I needed for my phone. Excuse me please  I have one problem and that is with the volume. It is very low when analyzing.,CRASHES
love this! two more features and I'd be incredibly happy: layers and custom canvas size. Incredibly simple and easy to use once you get the hang of it.,FEATURE & UI BUGS
Great!! I love this app to keep in touch with my friends and seeing what they are up to but when I want to see stories all it does is go to a black screen and it never loads I haven't had this problem before please fix this bug,CRASHES
Widgets Please add one-click-connect widgets,FEATURE & UI BUGS
Please Add Note 7 Clock Style. And More Clock Style.,FEATURE & UI BUGS
Useful The lockscreen needs improvement on smartphones without home buttons. Also its a necessity to open notifs when double taping or swiping them. Another thing is to remove the acdisplay service from the notification bar. Dont forget to improve the calling system too.,FEATURE & UI BUGS
Great Could you please add an option to enabling and disabling traffic filter from the quick setting (extension tiles) in android nougat.,FEATURE & UI BUGS
Fix Fix subtitle font  it doesn't have a contrast line. Also  sometimes downloaded movies or shows do not appear when offline,CRASHES
Awesome app Sometimes the episode doesn't start playing but that's only when you switch wifi off between using the app.,CRASHES
Love this a lot  but it seems very laggy when scrolling through my messages  please fix it and will give 5 stars.,CRASHES
Sucks Deleted all my pics instead of moving to sd.... Uninstall  ./..(-_-),CRASHES
Doesn't work at all for androids The app crashes constantly  can't ever send or receive snaps properly  and can't load a lot of snap stories  only sometimes can add to my story  it's so frustrating,CRASHES
Stories!!! So I love this app so much but whenever I go to watch someone's story and I try to click through it or just rewinds and shows me the snaps they posted that I've seen already  this is really irritating and it starting affect my Discover stories too  Please fix!!!,CRASHES
Brilliant and simple Copying the server address to clipboard works perfectly with clipsync which syncs it to my desktop ? having the ability to upload files too would be great   an upload button or using another http address serving the webpage for receiving files?,FEATURE & UI BUGS
Cant open menu!!! Plz fix the menu is not showing i have a galaxy s6,CRASHES
Misleading The search box widget isn't as clean as I'd want it  offering up pages I don't want.,FEATURE & UI BUGS
Very Useful !!! Several train times are bit different from the actual time. It's better if that can be sorted soon.,CRASHES
Okay Very plain. Lacking in features. Wish it could actually hide folders and does what it says it can.,FEATURE & UI BUGS
Please add security! Then you get not only five stars  but a million stars!,FEATURE & UI BUGS
But cant read whatsapp message Seems whatsapp close the function so no app can read them  I've try few apps nothing can read the messages,CRASHES
Good start but need a lot of additional func to be good. Some obvious and simple needs should have been easy to anticipate. A select all option when navigating for files to upload for instance. Don't make you users select several hundred individual files to backup their photos. While you're at it  add the option to designate a folder to back up every new file... until you have the time to implement a full sync which would be only slightly more work. Seriously could be lot more useful with just a few simple tweaks.,FEATURE & UI BUGS
Best Battery Indicator This is the best battery Indicator  simple  light  most important less battery drain  it can customize alarm for battery temperature that is very usefull for me. Hope next update  the notification bar can show battery temperature as an option  for now it onli battery status.,FEATURE & UI BUGS
Exit confirmation please ! Please add exit app confirmation. It's so annoying to hit back button on phone once and the app closes. Please. Your app are way way way better than the official app. I just need this 1 feature to add to your almost perfect app.,FEATURE & UI BUGS
"Cannot select file I cannot select file from either internal phone memory or sd card! After selecting sha1 """"""""from file"""""""" and tapping on file selection box my file selection dialog is opening but all files *.iso  *.txt r showing in grey  & cnnt select! I am using original lollipop from my vendor!",CRASHES
Just what you need Good job in getting the imd together. Lovely app that really helps. What we need is a basic route guide. So if I say Bkk Vyyy ptn nnp BBB... It should draw a line that can help know the weather on route,FEATURE & UI BUGS
WORLD CLOCK good for me but cant display the whole thing!!!!,CRASHES
Good game but could be improved It's free  simple  and replicates Blokus well. But it needs more than 4 difficulty levels. Would be nice to be able to change colors since red and orange can be hard to differentiate. Opponent always wins ties. Sometimes blocks get stuck when positioning but can always X out and do the move again. Themes and sound might also be nice.,FEATURE & UI BUGS
"Simplicity and Style Simple and functional interface - it is my favorite and a joy to use. What I would still love to see is the possibility to pre-define more than one multiple timer (maybe a second row  even though I can see the difficulty to display the length of each period for distinguishing between more of them) Additionally  an option to prevent the device from rotating  e.g. forcing the app into portrait mode  would be great. I would also like to have a possibility to choose where the remaining time is shown because - depending on the background image - the middle of the screen can sometimes be inconvenient. A request that's a little over the top :): I love the sound of the """"""""Three Bells""""""""  it would be great if this same sound was available as one single bell. Thanks for a wonderful app :)",FEATURE & UI BUGS
"Not good I cant creat account or cant sine in just show a pic """"""""iam not a robot """"""""How is that app there we cant enter... took so load to open .. is there not any good app there we can download anime easilly...",CRASHES
Most useful extension for dashclock I wish there was a paid version with alot more features.,FEATURE & UI BUGS
support more launchers please! Please  add support for launcher. Cheers!,FEATURE & UI BUGS
Troubleshooting- can't deactivate once activated I have trouble with removing this app please fix. I need to deactivate it first  but when I want to deactivate it from settings&gt;lock screen and security&gt;device administrators&gt;Ac display  it always crashes. I already tried restarting my phone (Samsung S7),CRASHES
Awesome app but.... But please add savestate because when you need to read text or you phone goes into sleep mode or any thing like that the emulator shuts down my phone keeps crashing before i get to a save point and now my phone restarts and crashes i will give you 5 stars when you put save state but aside from that THIS APP IS AWESOME!!!! :D. (ps: I cant read the icons),FEATURE & UI BUGS
Doesn't work I'm writing to tell you the new version doesn't work eather. Click open nothing but a white blank screen. The widget all it says is widget loading. Has really done anything.,CRASHES
Great app A very solid app. Crashes every once in a while but the interface is great and it's super easy to find my favorite shows (onpoint with Tom). Love the hourly news updates.,CRASHES
Uninstalled  after a year i still can't simulate route or modify POI... ...even though i learned all the submenus  it is just not usable  not intuitive at all. make menus easyer to use! All buttons in one place! Btw:The search for intersecting streets do not work  refuses to find the intersecting street  i know the menu but it does't show list of 2nd street,CRASHES
Status issues I cant upload a pic for status update. Hit camera icon and nothing happens,CRASHES
Awesome but would like to see... This app has almost everything you need but I would really love to see relic weapons and armor lists with all their possible skins as well as a guide for all the guild card awards and how to get them! Thanks for your hard work!,FEATURE & UI BUGS
It copies pics and videos but not apps please fix it,FEATURE & UI BUGS
LinConnect Alpha works on Mint 16 Works OK in Mint 16 and my Android 4.1.1 mobile but the notifications from my facebook some of them are in Greek and show ASCII characters and symbols .I wish i had more features like combine with airdroid answer my sms or have notification that my battery is low.Good work thought.,FEATURE & UI BUGS
All you need A great  stable app. I use it almost exclusively. My only issue is the app draws from only one price list. (Tcg player) It would be nice to also see starcity or Canadian prices (face to face games),FEATURE & UI BUGS
Not working anymore. Only shows the time nothing else.,CRASHES
Good concept but too unstable A crashing editor is something unacceptable. Unfortunately  Vim Touch crashes quite often  with data loss as consequence. Nevertheless  the app looks very promising... 5 stars it was stable!,CRASHES
Why I updated this app to the latest version and I can't add pics from gallery anymore. Why??,CRASHES
Seafile is great. The android app less so. For the last few versions  the UI is increadibly nonresponsive and the photo upload doesn't reliably happen. Update: the nonresponsiveness issue is fixed.,CRASHES
Very good Would be better if after checking the box  the task would be crossed out to sort it out visually,FEATURE & UI BUGS
No luck It seems that app does not work with my device. It shows voltage  level percentage and temperature but not current  which is why I installed the app.,CRASHES
"I send 0.0000546 BTC to 1271aKQNsbmHckc2aKpzFCzuB3VL8gnJBW  the transaction is successful recorded in blockchain  but it show """"""""existence of this is not proven yet"""""""" is it only detect proven from 1satoshi transaction? ps:I am using bitcoin wallet 4.34  it is not allow too small amount transaction",CRASHES
Does Not Work Shown as compatible but doesn't show any data.,CRASHES
Sensor problem The app just shows waiting for sensors. Other apps worked fine. I was shocked when I saw the sensors not working.,CRASHES
Insufficient features and still immature implementation and design. Snappy loading and paging.,FEATURE & UI BUGS
"File encryption error? Tried to encrypt a file. Choose type """"""""file"""""""" then browse to either local mem device and it wouln't chhose file and tried external drive also. But the filename isnt shown in field after chosing it so the app sees nothing to encrypt. Is this a kitkat 4.4.4 ver issue or did i miss a config option?",CRASHES
"Great but... So when you use a scroll of blinding light up against a wraith it says """"""""""""""""the wraith flees"""""""""""""""" but he doesn't... only problem I've had so far.",CRASHES
Support for Galaxy S3 Please add support for the S3  there's really no point for using a tablet that doesn't have data.,FEATURE & UI BUGS
Needs improvement I really like this app but whenever I try stopping a piece or moving to a different spot  it freezes and eventually crashes.,FEATURE & UI BUGS
all okay but only one feature is missing :- please add security (PIN  PATTERN) than it would be the best lock screen .,FEATURE & UI BUGS
Not as good as mentioned I like this app for its clean and beautiful UI  but there are minor bugs here. One of them is  for example  when new messages arrived  it doesn't show the lock sreen with this widget  even though I've set it as default home lock screen before. I need to swipe to show it. How can I set it as default home lock screen? And also as other people told is there are no security and use at all. It may be used just for fun and wasting our time trying to use the apps. Developer need to fix this all...,CRASHES
Fantastic Love how simple to use it is. The only thing missing though is a simpel counter at the bottom of all the habits  showing on a day to day basis how many habits you succesfully have done. Which in itself would be fun to track.,FEATURE & UI BUGS
S6 doesn't display Hello I'm on the galaxy s6 and whenever it charges above 1000 ma I can't view it for the exact number it just changes to 0 ma. If you could please fix this. My old s4 showed it perfect and I love using this app,CRASHES
Responsiveness is very poor when switching between bottom menus..,CRASHES
It looks great but It doesn't always update for me. The app icons shown don't always reflect the apps that I have most recently been using. Galaxy Note 3 running android 4.3.,CRASHES
Les Miserables orrible  orrible scroll bug.,CRASHES
Click-through toasts please! Toasts are not click-through  despite your reply that they are. I have tried on 3 different phones  the latest being my Samsung Galaxy SIII  and previously  Samsung Galaxy Centura  and Samsung Galaxy Proclaim  all with stock roms. If you can make it possible to click buttons under the toasts I would love it even more. Thank you.,CRASHES
Better layout but lacks some I like the inscript layout  but it doesn't seem to have a question mark for devanagari keyboard. Also backspace key location changes  that's bad. We don't need two shift keys.,FEATURE & UI BUGS
Not true App shows all system apps as red (dangerous if removed) while this is not true.,CRASHES
Reminders - Missing So far the most appealing and customizable calender widget I found. Please add Reminders for 5 stars.,FEATURE & UI BUGS
Hi there. I use MAL. Today  I opened the app to update my list but then the Manga List wouldn't show anything. I uninstalled and reinstalled the app. Still nothing. I synced it a couple of times too. Still blank. The only thing affected is my Manga List. The Anime List is working just fine. I have a very stable internet connection too. Could you please help me find the problem? Thanks so much. :),CRASHES
About ready to give up on Newsblur Every day I get mixed up links to stories I want to read. I'd love for Newsblur for Android to show an unread count on it's icon. Note 2.,FEATURE & UI BUGS
Love it But had to deduct a single star since the archive isn't working (all it shows is black boxes on the OnePlus). And I would like a slightly expanded description about the work and the museum  or a link to that type of info.,CRASHES
Great app. But since last update search button isn't working anymore on my HTC desire 500. Update: didn't see your reply until now but anyway it started working again. Not sure if i restarted the phone though. Thanks anyway  i'll try next time.,CRASHES
Sensor problem The app just shows waiting for sensors. Other apps worked fine. I was shocked when I saw the sensors not working.,CRASHES
I did love it until the latest update.... Now the pictures are way too big please fix as I don't want to use another app!!,CRASHES
I need help This is a great emulator but I've been having some issues with it lately. I sees my bios and settings but it crashes back to the home screen when I load a game. Please fix,CRASHES
Sync issues and missing info When the app works  it works well; however  the app seems to have many issues that make using the website often a better choice. I lost access to my wish list on the app  you cannot view multiple photos of a game  the UI for rating and reviewing games is almost hidden  and the search feature is useless unless you know exactly what you want to find. I use the app to log plays  but for now that's about it.,CRASHES
Yes Just great to identify those that are not seen just need to also have feature to copy and paste files(tranfer files to different locations),FEATURE & UI BUGS
Dumb This is the non HD version. Looks like a cartoon  and ads pop up on my home screen and when ever I'm on my phone  what ever I'm doing ads pop up.,FEATURE & UI BUGS
Messages crash If I tap on the messages the app automatically crashes and closes. Apart from this I don't think there are any issues and it seems good  but without the messages I can't use it,CRASHES
I love it! It's awesome! But can you add colors to the draw  and maybe a thickness scale?,FEATURE & UI BUGS
Doesnt works on moto g4 plus... After installing and enabling it.. no night mode tile appears in add tiles menu... :(,CRASHES
Brilliant looking app but adding sleep at end of chapter would make it a much better app for me. Also an option to not display the name of the audiobook as many have it in the cover photo. A more compact display would make it easier to browse as well.,FEATURE & UI BUGS
An abandoned project? Finding that most of the games don't work properly. But those that do work flawlessly. No updates for a couple years now. Such a shame. This really looked promising.,CRASHES
Useful App Would be better if it cleared the notification after the event time has passed  but works well enough otherwise.,FEATURE & UI BUGS
"No ! This is unacceptable ! What are you doing ? There's porn uploaded on youtube and u aren't doing anything ! I might help you find the playlists ! The main ones are """"""""""""""""Uncensored strip naked"""""""""""""""" and """"""""""""""""strip2""""""""""""""""(has over 700 videos) please stop pornigraphy on youtube ! It's enough on the internet we don't need it on youtube ! Please block the ones that post the videos for 5 stars from me ! And I'm only 14 ! And i hate porn so please   if you can't keep up with the uploads please add a button that will block everything that contains nudity !",FEATURE & UI BUGS
Needs finished Ok  I killed the river troll. Crossed the bridge. And the world stops there. Tell me when you have an update to expand the map.,FEATURE & UI BUGS
Vector It's one of the few with vector map of metro stations. However it's missing firstly done details  like in London with changes required which it doesn't show/know. Also the vector isn't always as geographically good representation as the official maps. But there is potential.,CRASHES
Best voice app   love it  only problem is that if there's no continents on the message it does not play anything. It should have an option that if there's no continents on the body I should say the application name,CRASHES
Very nice  but... it would be nice if we could change the color of the browser. Looking at all that black all the time makes me a little sad. Other then that  I love it! It has great features and I love the holo look. ?,FEATURE & UI BUGS
Fun app  broken interface The puzzle view works great  but the clue view is janky. The app sometimes crashes when changing letters  the clue boxes are way too large and cumbersome to resize. The old interface was much easier to use. Edit: letters occasionally display as being correct until tapping on them again.,CRASHES
The worst. Half of my notifications are missing. When i get a notification from a group it doesn't take me to the actual comment or reply  just the wall  and then i have to search through the whole post for the comment or reply thread. Its been ages since I've had an available update  and this needs to be fixed. Super frustrating.,CRASHES
Missing 1 feature Thank you for porting the best simple launcher! I just wish if you could add a swipe to right to launch Google Now just like Google Now launcher.,FEATURE & UI BUGS
Good start I like what I see  but I would recommend another feature. Please add a notification setting that allows automatic postponement of notifications until a predetermined time (such as 7:00 am). This is especially useful on all day events with a default notification.,FEATURE & UI BUGS
Need root Guys if you want to use this all you need root look up on YouTube to get root if ts super easy,FEATURE & UI BUGS
Very cool app. Great app for seeing what's using your battery. I wish I could root to get the full experience.,FEATURE & UI BUGS
Problem with contacts Some of my saved contacts show up us numbers. Otherwise its good,CRASHES
Typing issues in blog content While typing cursor automatically gets move to other position . Word's get replaced or get deleted. automatically.,CRASHES
Excellent companion This is extremely handy  my only ask is that you fix the rapid fire lists for LBGs. Right now it just hangs out at the bottom of each weapon with nothing next to it. Thanks!,CRASHES
Version 6.0.0 problem Though I like the new interface  now I am unable to copy any password after unlocking my password database. I can only see the password but not copy it. I am running Android version 4.4.4. EDIT: Thank you for your reply. I did not know about the alternate keyboard thing but I will use that from now on. Thanks again!,CRASHES
It works but The graphics are awful  so is the UX and it really needs a total rework.,FEATURE & UI BUGS
No monthly view? It seems to be a great widget except for the fact that there is no monthly view of the calendar. You can view all the events for the month in one long painful list  but a month layout would be far better.,FEATURE & UI BUGS
Please add an option to send contacts as well.,FEATURE & UI BUGS
Shame about the size limit It's a shame the photo size is limited  I only have a 4 inch screen and they look pixelated  so I'd hate to think what it's like for tablet users. 'Conserving bandwidth' is a pretty poor excuse - I don't think my data use is going to be significantly impacted by downloading one photo a day.,CRASHES
Mutilated task list on my taskwarrior server Used this app on my phone and tablet and regular taskwarrior on my laptop. After adding new list and some tasks to it on a phone  then syncing on phone  tablet and laptop I observed: all task entries were tripled  task that were not assigned a project had now a project 'Inbox'  tags were cleared from most of the entries.,CRASHES
Problem with Note 4 Like another reviewer having the same issue of cursor not responding when I tap a box. Uninstalled and reinstalled did not fix. Used to love this app hate to dump it for a different one.,CRASHES
doesn't work with rtl-2832 Says it works with rtl devices but doesn't. never displays anything  even though the rtl 2832 works with other spectrum analyzers. no help files anywhere so good luck figuring out what's wrong!,CRASHES
crashing?!?! After I send about 3 or 4 snaps or I watch a snapchat story... the app freezes and crashes... sometimes causing my entire phone to crash... this has only started happening after the last few updates but i really would like this bug to get fixed,CRASHES
It used to be amazing  but now it randomly stops displaying my notifications and even working as a lockscreen. I wish it would work properly again  because this used to be 5 star perfect lockscreen,CRASHES
Good but... A light app with widgets and nice UI. I would like to see an option to strike the task as complete from the widget itself. Besides this there are no reoccurring task allowed AFAIK.,FEATURE & UI BUGS
"Perfect Love this app! I tried a large variety of different """"""""habit"""""""" applications before discovering this one. I love the simplicity of it and the ability to be able to see everything 'at a glance' on the opening screen. It makes it exactly what I was looking for. It's almost like a super simple """"""""to do"""""""" list but I really love that it doesn't force reminders on me. I like that the frequency of the tasks is really easy to customise. My only suggestion for improvement would be to have more colour options available  but that's a very minor thing. Otherwise it's brilliant  I use it every day.",FEATURE & UI BUGS
Almost there please add more COLOR themes. This app is a lot like textra...but it needs a BLACKLIST option. It would be perfect.,FEATURE & UI BUGS
Android wear Please add analog mode and date feature in the watchface. Thanks.,FEATURE & UI BUGS
File browser is broken I am unable to navigate the file browser to find a CA cert. The only two locations I am given are recent and downloads. I tried moving my cert to sdcard\\downloads but it still does not show up. The option for browsing internal storage only shows up when I am looking at client certificate on 'android certificate' type  something I am not using. #EDIT: thanks for the help  dev. But it looks like the cert provided from my VPN doesn't work. Probably an outdated file.,CRASHES
Good Interface  Minimal Features What it does  it does well. One thing I don't like is the file management. I have my library organized by author  series  and then the books. I can't select a root folder to add (my master Audio Book folder)  otherwise it thinks the sub-folders are their own book. My suggestion: having it maybe show the sub-folders  and then clicking the folders shows the next folders  kind of like a music management  where you click on artist  then album and such.,FEATURE & UI BUGS
Some issues on my Transformer Prime It works fine on my Galaxy S4 but on my Transformer Prime TF201 the menu button doesn't work. I can't change game without uninstalling and reinstalling  which is an issue :-) Top notch when it works tho!,CRASHES
This is the exact thing i was looking for. I purchased some apps but none are better than this. It is far better than the paid alternatives. Thank you so much dev_ªÉó. Please (add an option to) show hidden files in the directory as well.,FEATURE & UI BUGS
When I synch the account of my laptop then open the same account on tab it show me different picture on the tab  so I go back to the laptop to see if anything went wrong but no everything is fine! Something is wrong with the synch on the tap I'm talking about a card which made of pictures as Q and picture as a answer! Seems like the picture code or name cross another picture code and name and end up showing me another picture from anther one of my accounts or desks!,CRASHES
Must acknowledge IMD Nice app for a quick view of IMD pics. A mention of source as IMD will be good to have,FEATURE & UI BUGS
It takes more battery !!! Drains battery and most clock icons charges money.,FEATURE & UI BUGS
Doesn't work This app doesn't change the location of the data your trying to store only creates a zip folder that compresses the data never actually moved it on to the sd card. I almost lost over 250 pics of my newborn when my phone broke this apps is a waste of space Do Not Download.,CRASHES
The app is very a accurate but Unfortunately the majority of the phones have buttons on the edges or curved lines. So is very hard the get the corect and straight 0 degrees plain.,FEATURE & UI BUGS
Impressive! Very impressive application to weather forcust it will be more impressive if wind direction show over the cloud present.,FEATURE & UI BUGS
Beautifull but full of bugs Your app is brilliant but it has a lot of bugs :( Last night i turned my phone off and today turned it back on and the wallpaper wasn't working. So i deinstalled it and installed it agiain. Also i have a bug that blurring and dimming isn't working. Also i have put some picture and it bugged down and always stayed with thath picture. When you fix all this you will get 5 stars. Sent from Lg G2 (internacional),CRASHES
Awesome But it desperately needs an option to automatically delete old messages i.e. Limit a thread to 500 messages. The app seems to lag pretty hard in conversations with thousands of messages  and it's not really feasible to manually delete that many messages. I have to keep switching to other sms apps and use them to automatically delete old messages  before switching back,FEATURE & UI BUGS
It's alright. The thing I would really like to see is a way to just outright delete old puzzles. I don't want crap archived  just delete it when I press clean up.,FEATURE & UI BUGS
Ok  the App is fine  but it really needs one very simple addition: Rearranging the codes! it's so annoying they're sorted on 'time added'  and you cannot change it. Other welcome changes are: adding your own 'main' label. And when you tap a code  you should copy it to clipboard  that's like the main function for the app. But please please PLEASE fix the Rearranging,FEATURE & UI BUGS
Delete option I love this player but please add a delete option for when I finish an audio file I could delete it.,FEATURE & UI BUGS
Simple and great Opensource music player Please add more feature  maybe add EQ for a better experience.,FEATURE & UI BUGS
