text,label
Was fine  but issues with themes. Lately  the default theme is broken. When adding items to a list  both the font and background are white = cannot see item entry. As a separate item: Please add ability to apply a theme to all lists  not just one at a time. Also  we could use more themes in general. Thanks! ... [GS5 | Android 5.0],FEATURE & UI BUGS
Great icons Minus 1 star because there is only one wallpaper. Need more wallpapers  otherwise its a great app with eye pleasing designs.,FEATURE & UI BUGS
Great app This app is great for keeping track of books I own and ones I wish to read. Would love it if there was an option to change the theme to black writing on white background. Understand a black background is easier for some people  but not for others. Would definitely be 5 stars then.,FEATURE & UI BUGS
Doesn't work at all Only got configuration screen. Never displayed any data on LG 4g phone.,CRASHES
Great and all... But now that those bugs have been fixed  I just wish there was a decklist feature that showed u basically a checklist of an entire deck and the prices of all cards individually and a total at top similar to the trade option but is easier to handle the individual card quantities for quick edits and to see how much the deck costs in total as well as a filter for things like price high to low and alphabetical order. Other than that  good app,FEATURE & UI BUGS
Smartfreen tab 7 Pls reply it its can't working on smartfreen tab 7 every I'm click press to poot or built check that's have an error,CRASHES
Constantly crashes Doesn't work at all on my plus one android phone :( loads the browse page once every 15 tries  plays music even less. Please fix it!! Paying for and can't use!,CRASHES
Armor builder needs upgrade Try make mix sets with armor of different ranks but cannot Please add another option for mix sets with all armor selection. Thank you ?,FEATURE & UI BUGS
Really bad   small low quality vedio Vedios have small dots  very bad to see this  vedio size is small bad quality,CRASHES
No longer work on moto g lolipop It works marvelously well while it was powered by kit Kat for my moto g. But after upgrade to lollipop  it just states that *no data*...,CRASHES
Also getting the blank screen It is pretty and smooth when it's working well. But I'm getting the odd blank screen when going from a thread back to the main conversation list. Annoying. I'll check back with this one if a few weeks...,CRASHES
It was great until it would not let me study the cards when I want regardless of what I did in the settings. It also stopped  etc from looking at any flashcards that I made. I could not use them when I needed to.,CRASHES
Needs a lot of work. It has a problem repainting when you rotate from landscape to portrait. The bottom half of the portrait screen is blank as it is still using the same height from landscape. Also links wouldn't work. Paid for it but uninstalling now.,CRASHES
Weather Stopped Working Until recently  this app has been flawless and a staple of both my tablet and phone. I look forward to an update.,CRASHES
Couldn't get it to work. Keeps saying that the binaries are out of date and won't load the new ones after it sends me to recovery screen to flash them. Spent a couple hours online trying to figure this out and couldn't do it so I just gave up.,CRASHES
Great. Easy to use. Very simple and clean app works great. Best part is  it doesn't overlay the notification bar (unless you want it to) so in the morning it's easy to turn back off. Only problem is the app crashes if you move the selector too far to the left (bellow 25%),CRASHES
Works well I would appreciate at few interface tweaks as I'm switching to anki from other apps. Things the ability to edit cards from in the study mode,FEATURE & UI BUGS
One bug in latest version No way how user can exit/stop mobipref service running in background,CRASHES
Simple and light Love it  but some icons are are huge.,CRASHES
Good but This looks good  but only for usa  please add Europ.,FEATURE & UI BUGS
Doesn't work Says its connected but never loads a page over 20%,CRASHES
Incredible app but.... I would give this app five stars if it adds features such as scheduled sms and the ability to add custom backgrounds,FEATURE & UI BUGS
Please add more icons Games such as TOS and PAD and SS and QuizUp.,FEATURE & UI BUGS
Poor interface,FEATURE & UI BUGS
Happy I'm happy with this app. :) A suggestion: It would be nice to have access to the comments on the articles. As it is  I share the article link with my phone as a text  then I click on the link in the text to go to the article on the website and see the comments.,FEATURE & UI BUGS
Awesome I love this app except for the fact that it doesn't cause the wallpaper to scroll when I scroll through my screens,CRASHES
The back/erase button in the Hebrew keyboard stopped working! This is a nightmare!,CRASHES
Great app but I am having some problems when i post something it fails. it is not even showing me my current posts which I have posted from computer. no peer certificate error and by 3g it was uploaded.,CRASHES
Was OK Haven't used this for a while due to dates in calc not displaying correctly and limitations to document size. Edit was a bit of a disaster as it reformatted my document. Have tried again but am now going to uninstall. Not sure if the problem is with newer Libre Office or this app.,CRASHES
Has problems Huge battery drain : only usable if you keep it plugged in. No clock alarm support. Dosn't display the next alarm time like the standard nighttime display does and when an alarm goes off does not display the snooze cancel screen. Fights you when you try to return out of its display mode. I decided it was more problems then benefits and removed it.,FEATURE & UI BUGS
Blank screen during game launch. Samsung Tab S. Unable to start any of the games listed. Black blank screen after start.,CRASHES
Was fine  but issues with themes. Lately  the default theme is broken. When adding items to a list  both the font and background are white = cannot see item entry. As a separate item: Please add ability to apply a theme to all lists  not just one at a time. Also  we could use more themes in general. Thanks! ... [GS5 | Android 5.0],FEATURE & UI BUGS
not working on kitkat 4.4.2 on my s4 i have to swipe it down to see the details of my notifications when i hit lock button and unlock it   i again have to swipe it down to see the details of my notifications it only gets expanded manually by me   not working good :/,CRASHES
Only a small part of email text visible The email text is sometime not completely visible instead it is contained in 1 mm high scroll window which makes impossible to read the text. Please fix the issue and get 5 stars.,CRASHES
File browser is broken I am unable to navigate the file browser to find a CA cert. The only two locations I am given are recent and downloads. I tried moving my cert to sdcard\\downloads but it still does not show up. The option for browsing internal storage only shows up when I am looking at client certificate on 'android certificate' type  something I am not using. #EDIT: thanks for the help  dev. But it looks like the cert provided from my VPN doesn't work. Probably an outdated file.,CRASHES
Like Basic widget that works well. I request to see a countdown to end of (current) Unix time feature.,FEATURE & UI BUGS
Doesn't work for me I downloaded the app but I couldn't find a save button nd it doesn't show anything on my home screen:/ someone know what's wrong?,CRASHES
Highest customizability out there Extremely customizable  but the Boost UI is superior imo. I wish I could get the way Boost's compact mode looks with the functionality of Slide. Especially Boost's comment writing view.,FEATURE & UI BUGS
Has a Few Bugs as of Recent The app was working great  but now crashes once the refresh button is pressed  and will sometimes crash on startup. Also  the cover photo on a profile page seems to show partially  displaying black on the bottom half of the image.,CRASHES
Very Good Icon Pack It is a very smooth icon pack. But the link to the tardis wp doesn't work please fix it,CRASHES
As I expected Please add some functions like triple tap to change wallpaper  parallax effect.,FEATURE & UI BUGS
Happy the widget is back! I've been a huge fan of this app for awhile. When the toggle widget disappeared in JB  I was disappointed....but not in the developer. Now he's brought it back. Granted  there are now crashing issues  but I have faith in this guy that he'll get if fixed. Can't wait  so I can give 5 stars.,CRASHES
Never seen some of these puzzles Great crossword app.....but I don't get half of the crossword puzzles that are shown on this page..... Never seen Boston Globe for instance. Give me more daily puzzles please!,CRASHES
Incredible free option For a genuinely ad free app  its a great choice. A couple if detailed features such as lock screen next/previous and 15 forward/backward do not exist yet. Solid performance and ease of use.,FEATURE & UI BUGS
Nice and lite app A suggestion. Please add service and other expenses into app. Then it be the best app and will deserve five star,FEATURE & UI BUGS
Doesn't show up at all,CRASHES
It is good  but.. Please add feature to have different widgets for different calendars. Right now it is possible to have multiple copies of the same widget.,FEATURE & UI BUGS
Best app Please add video calling feature.,FEATURE & UI BUGS
Beautiful Widget Beautiful app to show upcoming events. Would be 5 stars if time and event had option to be on one line. There should also be a choice not to show date header while still allowing access to configurations. Precious space are wasted in these two areas. Fix if you can  please.,FEATURE & UI BUGS
Please fix KitKat bugs I'm on stock 4.4.2  APK files Dont show the embedded icons. Please fix.,CRASHES
A few bugs but a nice app I like the UI but there are a few bugs for example it crashes unexpectedly (because it is a beta) and if a link doesn't have a thumbnail it doesn't show it EDIT: the thumbnail bug has gone :) but it crashes when you change WiFi to WiFi or mobile data to WiFi and the other way around its quite annoying,CRASHES
Blank screen I sooooo want to give 5 stars but the fact that I can't run this on my S3 (black screen on boot) gives it a 1 star. Please fix so I can play full throttle  steel sky etc.,CRASHES
Nice  seems useful Two UI issues for me. First  there doesn't seem to be any way to sort events alphabetically. Secondly  the little 'i' buttons are very small  and right next to the invisible scroll bar (especially so in 'By Application' view with one app. expanded). This means it's hard to hit the 'i' and very easy to hit the scroll bar by mistake  and jump to somewhere completely different in the long list! Dev.  you could make the 'i' nearly 2x as big and it would still fit in the existing UI  and would help! Thanks!,FEATURE & UI BUGS
Great  but poor pgp Great app  but poor pgp implementation. It seems to support inline pgp only. It creates emails that look unprofessional  and full of gibberish  when opened in a client that does not support inline mime.,FEATURE & UI BUGS
Great game It's awesome how this game is just like titanfall. But can you please add a private team chat or just a regular one. And also having the ability th have friends would be epic too. Thx.,FEATURE & UI BUGS
great  simple interface -- but could you please add the option for notifications to stay on screen as long as a user wants?? that's the ONLY flaw I could find with this app.,FEATURE & UI BUGS
But the last update.... Love this game and the fact that it doesn't require any special permissions  but the last update deeply affects playability. On my nexus 5 it doesn't recognize upward swipes most of the time. Left  right  and downward work normally.,CRASHES
Love it This app is so amazing and modern! But can u guys PLEASE add a lock screen!?,FEATURE & UI BUGS
Push notifications and I can't post pictures as comments. I can't post pictures as comments. I click the camera and nothing happens. Push notifications or at least the number showing up in the corner of the app.,CRASHES
Great Simple App Please add the option to overlap the navigation bar.,FEATURE & UI BUGS
Please add pattern lock? I will be SO HAPPY if you add 3x3 pattern lock. Please consider it!!!!!!,FEATURE & UI BUGS
it backed up all texts and pictures to my Gmail account and everything is there. But the restore to my new phone did not include pictures just texts. did i do something wrong with the restore?? I can give it 5 stars if i get a solution.,CRASHES
Not unblurring on shield tablet Double tap to unblur doesn't seem to work well on my shield tablet,CRASHES
limit contacts for send multimedia Please add an option to limit some contacts for receive multimedia files from them. »À»À_ ÖËÀ_Ô»¾»_ÑÔÀ_Ô À_ÔÀÎÀ_ÀË Ö©»¾ÔÀË ÀÀ_ ÀÀ±ÀåÔ »ÀåÀ_ÀÀÔ»¾ À±»_ »À_ÀË»_ÀË Ö©»¾Ô» ÀÀ_ »¾À»_»¾»¾ ÀÀ±À_Ô »À_ À_Ö©À_ »_ »Ô»» À»À±À_À»¾. À_ÖËÀ± Ö©À_Ô ÀÀ_ »»¾ »»_À_»»» »¾ÀôÀ±»»_ »À_ÔÖ© Ö©»¾» »À»À_.,FEATURE & UI BUGS
Lacks display settings Any app for reading needs display choices. White on black would be a good start. It would keep me on the site longer by not draining my battery...,FEATURE & UI BUGS
It was great until it would not let me study the cards when I want regardless of what I did in the settings. It also stopped  etc from looking at any flashcards that I made. I could not use them when I needed to.,CRASHES
No updates -- 20140424 Uninstalled -- (1) No font-size setting. The description text of the permissions is so tiny on my tablet screen.,FEATURE & UI BUGS
Horrible UI Looks terrible. Can't get past the ugliness,FEATURE & UI BUGS
Its a good app...but... Wish the print was a little larger so I can see it better.,CRASHES
Arts Topic and List of Attacks The art info and how to get them is what you forgot and  a list of unique moves and attacks you can do with that weapon.,FEATURE & UI BUGS
Doesn't work on GS5 Small font. No scrolling.,CRASHES
Fantastic Game Have played this game since the original and love the changes you guys have made  especially here recently. My only frustration with the game is getting a weapon with an enchantment only to see the enchantment disappear after a few upgrades. Those enchantments take the fun level of the game to another level simply because you don't use them every run. Maybe make enchanted weapons rarer to find but make the enchaments permanent to the weapon? Just a suggestion...keep up the good work!,CRASHES
please add pictures for the weapons Adding pictures for the weapons will be a cherry on top so we hunters don't have to switch back and forth to see how weapons look like,FEATURE & UI BUGS
"'Dislike' button doesn't work This goes for BOTH the app and web clients: What's the point of a 'Dislike' button on comments when the tally never shows up? ---- Also: Whenever I click """"""""""""""""Read More"""""""""""""""" on comments  it keeps bringing up the reply box because the RM text is too obscure or close to the reply/comment box. Once this is fixed I'll be sure to give this app 4 stars (for the first time in a year or more) because the new Suggestions/Recommendations algorithm is that good.",CRASHES
Pretty good! I got it but the conversations that I had before the app don't show what I sent just the other person. Can I fix that?,FEATURE & UI BUGS
Fast and simple  but... it would be nice to have a list layout setting as the grid layout looks cluttered when using tiny icons. Also it would be nice to have caching run in the background so I can still use the app as it seems to be caching apps every time I open it.,FEATURE & UI BUGS
Suggestion I have a good suggestion for telegram to be more useful Please add a new ability to the next update of telegram  ability to copy or forward all messages that we send for a person.,FEATURE & UI BUGS
Awesome app. must have!! Can you please add a button to take pictures? Currently as soon as i touch the screen  even if the focus is not clear the picture is taken. What we want is the touch allows to focus correctly until image is clear and then the take picture button takes the correct clear image. If you can add this feature the rest app is 5 star!!!!,FEATURE & UI BUGS
SEARCH RESULTS Search doesn't work when typing on keyboard  That's REALLY annoying. Like it doesn't search anything i.e. respond when I'm tapping on the keyboard. Fix that issue please. That'd be great!,CRASHES
Best! Although i loved the app as it is the most simplistic lockscreen but please fix two things. First the notification of active mode in the notification panel which is highly irritating and please  please add your custom pattern lock it would be perfect then.,FEATURE & UI BUGS
Bad Update!! Shows wrong information.,CRASHES
Horizontal bubble seem not work after calibrated The bubble stay on left hand side.phone is samsung note 2,CRASHES
Could be great If it would stop crashing and constantly be force closing. It had a perfect layout  easy to use but the never ending crashes is a deal breaker for me,CRASHES
Awesome I love this app  but would love to see more options in the Android Wear watch face. I love having the art as background  but really miss having the date  watch charge  weather  or any other info displayed. This face only shows the time digitally. Please add more options for the watch face! (including blurring the backgorund as in the phone  analog display  etc),FEATURE & UI BUGS
"Cannot select file I cannot select file from either internal phone memory or sd card! After selecting sha1 """"""""from file"""""""" and tapping on file selection box my file selection dialog is opening but all files *.iso  *.txt r showing in grey  & cnnt select! I am using original lollipop from my vendor!",CRASHES
Menu button doesn't work The menu button doesn't work  unfortunately.,CRASHES
Awesome app but please add a security option,FEATURE & UI BUGS
" Please fix $TERM Apparently requests from 5-star-scoring users are ignored  so I've downgraded to 2 stars in the hope that the devs notice. Please can $TERM be set to something other than \\""""""""""screen"""""""""""""""" as that is already used by the """"""""""""""""screen"""""""""""""""" session manager. Perhaps """"""""""""""""ansi"""""""""""""""" would be appropriate. Or add support for \\e]5;TEXT\\07 & \\ekTEXT\\e\\""",FEATURE & UI BUGS
Works flawlessly! Just missing some features like a proper search function and the ability to see everything on the profiles (submitted  liked  saved  etc.),FEATURE & UI BUGS
Fix the update Continuously Lagging   crashed  not responding. Pls fix this bug,CRASHES
Good app! but.. Plz add working clock instead of only shown clock.. otherwise its a good app...,FEATURE & UI BUGS
Great Please add an option to add widget(s) without necessarily removing the clock widget present by default... Otherwise its awesome,FEATURE & UI BUGS
With wonderful but.. Needs option to keep same day past events displayed in case delayed. Or option to keep incomplete events in view. Has helped me stay productive without pain!,FEATURE & UI BUGS
Most useful extension for dashclock I wish there was a paid version with alot more features.,FEATURE & UI BUGS
Doesn't work Comes up with an error and crashes every time I try to view pictures. Uninstalled. Don't bother wasting your time with this app.,CRASHES
A few bugs but a nice app I like the UI but there are a few bugs for example it crashes unexpectedly (because it is a beta) and if a link doesn't have a thumbnail it doesn't show it EDIT: the thumbnail bug has gone :) but it crashes when you change WiFi to WiFi or mobile data to WiFi and the other way around its quite annoying,CRASHES
Great! Nice  exactly what I needed. Seems to be a bug in changing font-size  though. Doesn't take effect after going Back. Workaround is to restart via Recent screens.,CRASHES
Good but limited I love this reader but the only problem is the lack of features such as double click zoom and smooth scroll .,FEATURE & UI BUGS
Never showed up Installed and followed instructions but never showed up in widgets list. Using android tablet  needs to be an app instead of only a widget!,CRASHES
Good game I like the game but one issue please add finding weapons and secret places,FEATURE & UI BUGS
W0t The screen needs to screen more than screen can screen.,CRASHES
Good but... Please add widget size setting,FEATURE & UI BUGS
Used to like But double tap to focus does not work on my Samsung Galaxy S6 Active. Uninstall.,CRASHES
Amazing! This icon theme is the best! But could you please add icons for messaging  phone  and the default camera app? If you do this I will re rate this icon theme to 5 stars! Keep up the good work!!,FEATURE & UI BUGS
The buttons aren't working for me.,CRASHES
Double tap doesn't work on the Samsung Galaxy Note 5,CRASHES
One of the best Facebook apps Gets beaten by Metal  which still works with messages  and has a few more features. If messages worked again  and the Facebook menu locked to the top  this would be my favourite.,FEATURE & UI BUGS
Very useful  good interface Very nice reader. Widget support is good too. Only thing I feel could be improved is sharing - only URL is shared instead of title + URL.,FEATURE & UI BUGS
One of the design lovers I really like it that there's background in sidebar. It would be nice if we could change blue color at the top to different color so It would match with the bg.,FEATURE & UI BUGS
Has what I need and ad free! Thank God. A lil refinement needed  I looked far and wide for an ad free podcast app  and this meets that requirement and so many more! You can search and add podcasts from iTunes directly. Only thing I wish was different is to be able to delete downloaded podcasts directly from the episode interfaces,FEATURE & UI BUGS
I love it. Please don't change the icon ever   I love it!!! Please add the option to add songs to especiphic playlist and search by genres. Also add feature to number the songs while in play.,FEATURE & UI BUGS
contact pics If we dnt lyk we cannot remove pics at a tym ... we should go to contact nd removng ... woRST app ....,FEATURE & UI BUGS
A suggestion Please make use of immersive mode in your app (when full screen mode is checked). So there won't be a giant navigation bar at the bottom when browsing.,FEATURE & UI BUGS
awesome please add more corner gestures to open apps  let me keep the display always on  let me unlock the screen by pressing the home button as once i press it  the lockscreen will disable  the only way to unlock is power button. And please let me set a password. Doesn't matter if you ask for root i am fine,FEATURE & UI BUGS
What happened??? I recently updated and now i get an Error: Feed Request message. I can't search or get newsfeed. BTW whats up with the wanting access to my pics & external storage??? I thought this app was NSA free?,CRASHES
If the map showed where the buses are on the route  this would be a 5-star rating. Aesthetics and other functionality is a 5-star rating. But I really need to see where the bus is on the map. The info is there to incorporate. Just giving next times tells me less than knowing where the bus actually is in real time. Still useful. And aesthetically superior.,FEATURE & UI BUGS
Decent But Flawed This application is extremely basic - which is not necessarily a 'bad' thing. It just doesn't seem to perform those basics well  e.g. when I have paused a podcast and returned at a later time...I don't currently see a way to start it again. There is no 'play' button  and the only available option is 'skip.' It also won't let me delete a podcast in mid-play unless I 'skip' it.,FEATURE & UI BUGS
Many bugs When i touch the controls it doesn't work  and their are graphical issues like screen flickering. Sounds great  pls fix the controls and graphics,CRASHES
It's ok There is only one problem  it doesn't show the wallpaper on my lock screen,CRASHES
App auto quit App quit by itself when attempting to connect to SMB server. All details and credential were correct. Hope dev fix this as soon as possible as I want to switch out from ES File Explorer as soon as possible.,CRASHES
Minimal but functional It works  but compared to Dropbox or Drive it's super minimal. Suggestions if I may: 1. Integrate into the file open menu  so that I can open owncloud files from arbitrary apps  and 2. Provide an option to delete the locally downloaded copy of a file  that seems to be missing and is sometimes annoying.,FEATURE & UI BUGS
It works. Overall  the app works and the ability to search by name or number and a quick link to the explain page is rather nice. Unfortunately  the UI is rather dated and you can't zoom in on a single panel. The inability to zoom on a text heavy comic is definitely this apps biggest problem  especially on a phone  and why I'll probably just stick with the website and only use this to save comics I want to reference often.,FEATURE & UI BUGS
Please add android 6 support  doesnt work on Nexus 6p,FEATURE & UI BUGS
Didn't work on Galaxy s5 Only showed that it was charging or not with no detail about how much current.,CRASHES
"Best of the bunch Great app that I use and reference through out the day. One bug that I found is when I input my stride length in """"""""feet"""""""" it will only display my distance walked in """"""""miles"""""""" for the rest of the day. The next morning it will revert back to my stride length in cm and display kilometers walked.",CRASHES
When I synch the account of my laptop then open the same account on tab it show me different picture on the tab  so I go back to the laptop to see if anything went wrong but no everything is fine! Something is wrong with the synch on the tap I'm talking about a card which made of pictures as Q and picture as a answer! Seems like the picture code or name cross another picture code and name and end up showing me another picture from anther one of my accounts or desks!,CRASHES
Must acknowledge IMD Nice app for a quick view of IMD pics. A mention of source as IMD will be good to have,FEATURE & UI BUGS
"Beautiful app but I've noticed a small bug on my nexsus 7 (2012) running Android Lollipop 5.0.2 and using the Google Now Launcher. In portrait mode the blur effect works perfectly but when I tilt my device in landscape mode it """"""""deactivates"""""""". I hope you developers can fix the issue soon. Apart from this great job guys  I love the new update!",CRASHES
NO RANDOM BUTTON Why did they take away the random button for android,FEATURE & UI BUGS
Blur only on lockscreen Can we have another option which blurs only on lockscreen and is normal on home screen,FEATURE & UI BUGS
Great app It's a great app thanks for the work. Best planner ever. Although  the dark theme is not very good looking on big screen (the circle on the bottom right got a bad resolution),FEATURE & UI BUGS
Please fix this app it's not putting the widget on my home screen.,CRASHES
It's alright I was playing the controls weren't the greatest. Can't fast forward  but worst of all the settings button stopped working for me once I closed the app. So now I can't save or use cheats.?,CRASHES
Great! Love the diversity of features  especially the wishlist and trading. It would be nice to sort the wishlist  but still a great app. Highly recommended.,FEATURE & UI BUGS
Dash Look nice time charge..upgrade more for perfect dimensi..,FEATURE & UI BUGS
Not working Clicking on the clock doesn't take me to the system clock ! Please fix ASAP! I have a gs5,CRASHES
Open-source... What else to say. Even if it's still missing some nice options... Continue your great work my friends! To the one arguing about the GUI  IMO  it's the perfection. Sleek  fast and stable. All to do is waiting for couple ameliorations. For example  where is the unread count on the icon ? It's a must on any email client  not only on the widget icon. First time I saw email app without this simple option. Will give 5 stars after couple addons. I promise  Thanks. Do you read your reviews and propositions on options to add ? Thx.,FEATURE & UI BUGS
Need Improvement Great in syncronize. Stable. Nothing to worry about. But  please add ability to insert objects  map coordinates for example. And also put undo in edititing notes mode.,FEATURE & UI BUGS
Poor display on LG treasure Using LGL52VL with Android 5.1.1. Screen will not scroll at all in channel rating view. Graphs are barely visible at bottom of screen.,CRASHES
Only a small part of email text visible The email text is sometime not completely visible instead it is contained in 1 mm high scroll window which makes impossible to read the text. Please fix the issue and get 5 stars.,CRASHES
Very cool! I'd love a little more control over the images it creates  but this is a really cool app. My contacts look way better on my phone now!,FEATURE & UI BUGS
Notification This app is so pretty..i really like it but the problem is that is not shown any notification if i have received in any apps ex: whatapp  facebook messenger emails...means any apps notification not showing when its on almond screen... thank you.,CRASHES
Core<->IRC disconnects can crash app. Overall much better than Windows app! I've also installed the beta APK from F-Droid and can confirm the auto-reconnect works great. Side bonus: material design!,CRASHES
Best home screen replacement All other home screen replacements seem to make the home screen laggy or slow in general and don't usually look good  but because this uses any home screen and just replaces the widget it is way better. Highly recommended,CRASHES
Crashing a lot... While changing track..UI freezes and after scrolling the list it shows system FC error. But track still plays in background. Otherwise app is very nice. Please fix it.,CRASHES
Dumb This is the non HD version. Looks like a cartoon  and ads pop up on my home screen and when ever I'm on my phone  what ever I'm doing ads pop up.,FEATURE & UI BUGS
The best crossword app I've been using this app almost everyday for a couple years now. Have hardly ever had a glitch. It's truly the best one out there! Only thing I wish is it would pull from NY Times. I thought I could get it because I have a subscription but that one doesn't work. Other than that  perfect!,FEATURE & UI BUGS
Slow I have to tap the boxes several times to get it to highlight. Sometimes it doesn't automatically go the the next clue. Very annoying. This is my favorite crossword app but I can't stand these problems.,CRASHES
Excellent emulation Runs sonic adventure 2 with minor graphic glitches. My only complaint is that the emulator closes entirely whenever you turn off the screen or go to your phones home screen  forcing you to restart your progress. Could really use a save state function or sleep mode,CRASHES
"I will not go back When I first heard about """"""""""""""""""""""""""""""""Google Tap""""""""""""""""""""""""""""""""  I was rather dissapointed since they used an idea as brilliant as that as an April Fool's joke. When I finally bit the bullet and got this app  all I have to say now  is WOW!!! It is just as good as I thought it would be. While it isn't as fast as a more contemporary keyboard  it certainly is a lot less frustrating  especially on my 7-inch screen. My only complaint is that the reference screen doesn't stay open while I type but hopefully the dev will fix that in time.",CRASHES
Best launcher ever I loved it. If u can make app list to grid view it will b awesome.,FEATURE & UI BUGS
I like the idea of the app  but there are so many issues. If you get it right twice you have to wait a day to review the word again. So I tried saying I got all them wrong so I could review then whenever I wanted. After you get more than one wrong it will just constantly go back to the words you got wrong; preventing you from practicing other. It also goes in the order that they were added. So as I'm reviewing them more and more  because of memory I can see one word and know what the next word will be.,FEATURE & UI BUGS
Useless I installed and it showed nothing only a blank screen,CRASHES
Big bug Used to be really fun but now can't even install photos!,CRASHES
Waste of time Keep.on going back to the playstore screen,CRASHES
Good but... Please add a feature to BOOKMARK wiki pages in the android version!!!!!,FEATURE & UI BUGS
Terrible app  constantly skips around. How about investing in a decent app that can handle basic caching? Love NPR  can't stand to use this,FEATURE & UI BUGS
Security Please add security such as pattern or pin in lollipop style.,FEATURE & UI BUGS
"'Dislike' button doesn't work This goes for BOTH the app and web clients: What's the point of a 'Dislike' button on comments when the tally never shows up? ---- Also: Whenever I click """"""""""""""""Read More"""""""""""""""" on comments  it keeps bringing up the reply box because the RM text is too obscure or close to the reply/comment box. Once this is fixed I'll be sure to give this app 4 stars (for the first time in a year or more) because the new Suggestions/Recommendations algorithm is that good.",CRASHES
Cool app but missing features The app is good but could be better. Please include horizontal layout and tablet layout. Add pictures to stations to fill out the space. Add live listening.,FEATURE & UI BUGS
Fantastic app. One little request My only wish is engine time limit in lightbulb mode to save battery. To me 2-3 seconds is usually enough  anything more is a waste of power. I constantly have to switch analysis on/off which is annoying esp. that it also removes the arrows and the engine output. An analysis time limit setting and a button at the bottom telling the engine to continue (if the user wants more depth in some positions) would solve this. Every Android chess app should have this feature as they run on phones with limited battery.,FEATURE & UI BUGS
" Does not work as expected on Samsung i9305 and Moto G XT1033 NOTIFICATION PANEL: Totally failed to read any data on the Moto G. No data shown On the Samsung i9305  everything was blank. not even the \\""""""""""no data"""""""""""""""" text on the Moto G WIDGET: very diffcult to configure. placed widget onto homescreen  config page pops up. Am I suppose to press the home button or back button to set the widget? no widget set on homescreen""",CRASHES
Please add save button,FEATURE & UI BUGS
Works ok.. But just noticed that I'm unable to upload photos for some reason  doesn't even show up in my shared list when I try to upload a picture...,CRASHES
Current reading zero On Samsung xcover 2 current reading is zero. Other values are ok. However some much worse apps do show it.,CRASHES
It's OK. Can't switch between cameras  almost 10 sec streaming lag is there  can't reduce pixel size to fasten up streaming. Actually no interface provided. Application is Good expecting improvements ?,FEATURE & UI BUGS
"Works really really well and deserves 5 stars except for the poor volume control slider. It's just too small and I only manage to click it with about 20% accuracy; even on my 10.1"""""""" tablet! Otherwise  great app with all the functionality I'd ever require.",CRASHES
If you play mhgen  you need this Love the clean and intuitive interface  and the extensive amount of detailed info. The one thing more I'd ask for is in game pictures of stuff like armor and monsters. Still an awesome app for hunters at any level.,FEATURE & UI BUGS
Awesome widget  but the deal breaker is that it doesn't open the system clock / alarms when tapped. Rats. Edit: Holy crap! You are are awesome for updating that. Why the extra option for clock settings though? One tap to just open stock clock / alarms would be best  to stay consistent with how the stock clock widget works.,CRASHES
Disappointed Kinda ugly graphics. And I expected more variety. And really? No undo? I didn't make a backup  I guess because I must have trusted you to give me more warning that these changes were IRREVERSIBLE. Any ideas on changing 500+ contact pictures?,FEATURE & UI BUGS
Too Lite The Lite version doesn't even have the button that makes the app do something.,FEATURE & UI BUGS
Stories!!! So I love this app so much but whenever I go to watch someone's story and I try to click through it or just rewinds and shows me the snaps they posted that I've seen already  this is really irritating and it starting affect my Discover stories too  Please fix!!!,CRASHES
Good Great widget  only problem I've noticed or haven't figured out is only the 4x2 widget shows volumes  not even the 4x1,CRASHES
Could be great If it would stop crashing and constantly be force closing. It had a perfect layout  easy to use but the never ending crashes is a deal breaker for me,CRASHES
Found bugs I want to give 5 stars but please add these features and fix some bugs: 1. Please add Apps exclusion list. 2. Fix night mode please; when i cover light sensor with finger in Day and in my room (not a dark room) it goes dark  this is good but when i remove the finger from display it won't come back to normal and remains dark stuck. Please fix this. Please try your finger and see. 3. App automatically stop working even after checking foreground service option.,FEATURE & UI BUGS
Choppy I connected to my tv with no issues  but trying to view youtube  movies  videos  ect.. is so choppy. 3 stars and deleting.,CRASHES
Doesn't work on Nexus 5. I downloaded the map  but it doesn't work in Nexus 5. The map screen is just white. I think there's a dot. The interface is a bit clunky  but I wouldn't mind if it would render the map. I'm going to keep the app for a bit in hopes that it gets fixed.,CRASHES
Great App w some improvement potential Pulse Heart Rate Monitor H7 works w S6. Improvement suggestions: 1. add altitude graph and statistics. 2. Show major statistics (current and avg time/speed/dist/hart rate) in big chars while running.,FEATURE & UI BUGS
Doesn't background sync. The app only checks for mail when I open it  which isn't very useful. Maybe it's caused by me being in China  but given that the mail server is in China also I fail to see why it doesn't work correctly.,CRASHES
Great app for library Book Catalogue is the best app for my personal library. Features like bookshelves  search books are ideal. However  a feature to search books that have been loaned is most required. Please add this feature soon.,FEATURE & UI BUGS
Night mode Please add night mode and dark theme options.,FEATURE & UI BUGS
STILL no weather available!!!!!!!!!! I love this app  have used the widget for years now on many different android devices  and have NEVER had any problems with it at all  until recently... -The weather extension has stopped showing any info  just says unavailable instead... When I click on the link it still takes me to the correct place  but that's it.,CRASHES
Great! Please add: 1) hide app icons feature as well 2)option to choose to keep shelf or Google now ;) 3) change icon packs 4)themes!,FEATURE & UI BUGS
Better and safer than the official app I stopped using the official Facebook app over a year ago  because it was requesting an unreasonable list of permissions  and it didn't offer much beyond what their mobile website offers already. Instead  I simply started using Chrome for my mobile FB access. Recently  I discovered this app. It doesn't offer too much over what a bookmark link would do  but I like that Facebook access is sandboxed  and that the page view is full screen without that URL bar that is visible in a regular browser. It would be wonderful if there was a way to integrate picture sharing to Facebook via the ACTION_SEND intent  but I'm not sure if it's possible to implement with Facebook's mobile website. Anyway  this is a great app for anyone tired of Facebook snooping in on every aspect of their Internet use.,FEATURE & UI BUGS
Five stars if... Hello team  loving the app by the way but the small font size is way too small to be called as small. Are there any tweaks you can provide to have it resize through percentage? 50%-200% instead of having small  medium etc configuration. Would also be happy if you may add the automatic retry resending when messages failed. Thank you.,CRASHES
"Great Taiwanese IME - Some issues 1. Don't need close keyboard button  back button should do it (going back in activity stack is wrong). 2. Leftmost selection box needs min width  i.e. single """"""""-"""""""" too narrow to tap. 2.5. """"""""-"""""""" key should insert """"""""-"""""""" without suggestions. 3. Input tone numbers in Latin mode. 4. Always switches to Latin mode  I want Hanji by default. 5. Missing lots of punctuation  no full-width. 6. Space should enter what I typed  not select first Hanji from list. Typing English is too hard. 7. Backspace is very broken.",FEATURE & UI BUGS
"Please fix the scaling problem? The latest update has a problem with scaling the images. Now  no matter what I have the """"""""""""""""""""""""""""""""fit to"""""""""""""""""""""""""""""""" option set to  I still have to manually scroll up  down  right and left to see the whole image. It doesn't seem like it  but believe me it's very annoying.",CRASHES
Settings The settings button does not work for me. Also most roms do not show up either.,CRASHES
Love it! I've been using this app on every phone I have gotten s3 mini z1 and z3+  and it has never failed and appreciate the developer keeping it ad free and no pro version with more features. I just wish there's an option to pick a wallpaper picture instead of just choosing a solid colour or the home screen wallpaper.,FEATURE & UI BUGS
Bad design If you're going to use the bottom navigation  the fragments should not animate between pages. It gives the impression that you can switch tabs by dragging which is not correct.,FEATURE & UI BUGS
"Didn't work I have rooted phone but it still didn't work. Tried copying iptables from droidwall  still no luck. It says it is connected to network in app but fails the test on site. Log always shows some error like """"""""""""""""""""""""""""""""error 404 when fetching tor/keys/to"""""""""""""""""""""""""""""""" something like that which I was unable to fix. Waste of time for nothing.",CRASHES
Waste of time Keep.on going back to the playstore screen,CRASHES
Excellent Better  in my view  then the paid iPad version. Easy to use and edit. And it keeps improving!,FEATURE & UI BUGS
when i click the battery section it dosen't show anything  it would work fine before. please fix it,CRASHES
Works well. Needs a dark or light theme option. Just switch the colors would be good,FEATURE & UI BUGS
Request Please add option for selecting a directory as pictures. Selecting them all one by one is boring.,FEATURE & UI BUGS
auto sync Nice work... please add sync with existing files  ie. Auto backup/upload old photos from device,FEATURE & UI BUGS
Nice but if you have several accounts  you cannot adjust the order in which the accounts are listed. and it would be nice to have a settable back ground color for each account,FEATURE & UI BUGS
Better apps icon needed.... Simple Fast and Lightweight,FEATURE & UI BUGS
Blank screen during game launch. Samsung Tab S. Unable to start any of the games listed. Black blank screen after start.,CRASHES
Great looking app. May you please add the ability to round the nav bar corners? That's all is missing from this great app.,FEATURE & UI BUGS
Please add mosh support And I'll leave your competitors' software completely and rate you at 5 stars ;&gt;,FEATURE & UI BUGS
Nice  simple and useful I really like that I can see as far ahead I want in my calendar. My only suggestion is please add a refresh button to the settings.,FEATURE & UI BUGS
Double tap doesnt work in note 5,CRASHES
Best MTG app out there! If possible you should add a way to sort your wishlist in folders. Even without you earn every star!,FEATURE & UI BUGS
Doesn't work It won't accept my user name and password for last.fm. The website accepts it. Not this app. Too bad. 10.27.16 edit: now also scrobbles seldomly  and chooses what at random. I'd like a response from the developer to help me. I play music using Pulsar plus... I reinstalled and now when I try logging in to last.fm and hit authenticate nothing happens.,CRASHES
Great apps but still needs improvement. It's a great apps that can show notification for the other apps like bbm and line. But there are some bugs in chatting apps notification which showed double sentences where it should be just one sentences. And it would be nice if we can swipe off to erase notification on dash clock.,FEATURE & UI BUGS
Nice but lags I really love that app BUT it doesnt work that fine since i got android 7.1. The keyboard is bugging and when i try to chat the hole app begins to lag. I'm using a nexus 5X with android 7.1,CRASHES
Easy to use. But there a lot of room for improvement. The big room below can be use for width  color selection. No need to put everything on the menu button.,CRASHES
it's ok. not comparable with dropbox/onedrive it's good I have 2.5TB personal cloud. but I have purchased it wanting to sync my camera roll photos  it only works when you are using WIFI. in fact  photos that were taken when you are not connected to the WIFI will not sync.,CRASHES
MMS Issue I want to like the app  for a while I had primarily used this as my SMS application  however I have too many issues with MMS(picture and group messaging). Pictures will randomly not show up that have already been sent or received  scrolling up and down may make them show up again. The biggest issue is with group messaging. The app does not always show which person sent the message and you have to check details of individual message to see the number. Had these issues on 2 different phones.,CRASHES
Unable to like comments !! I had reinstalled Instagram dor 4th times and nothing happen! I even do report bug to Instagram for 6th times but still  still unable to like. Please fix for me faster. Thankyou,CRASHES
Memories gone black Brilliant app but always the glitches are there in different forms. Camera not responding and then the snapchat not responding etc. but now some of the snaps saved to memories appear as a dark picture and nothing appears on them. It happened to me so many times. Please fix it or show a solution.,CRASHES
Only whish that it would show more items per row.,FEATURE & UI BUGS
Works exceptionally well I haven't come across a barcode this app hasn't been able to handle flawlessly. The only minor drawback I could identify is the landscape-only orientation and outdated UI.,FEATURE & UI BUGS
Update ruined everything This used to be the best alarm app  after the recent update it's now horrific... I now have to find a new alarm app... Please add the old interface as an option!!! Update: I found the link to v1.9 apk and installed it  works perfect as usual.,FEATURE & UI BUGS
Laziness causes security issues It shows all authentication codes simultaneously.,FEATURE & UI BUGS
Beware! This app has EVIL intentions I installed this app on a brand new phone so I could easily get into recovery to do firmware upgrade. The phone had no other apps than Facebook and WhatsApp. It didn't take long until my phone got hacked by this app and a third party app named recents.apk was installed that made new icon in my launcher with the google play icon and name. This app gave me full screen ads every time I unlocked my phone  and God knows what else it did in the background. SPYWARE! Avoid at all costs.,FEATURE & UI BUGS
Useful no frills shopping list I like it  but please add a function to remove all marked items from the list. It's tedious removing each item individually when you finish shopping,FEATURE & UI BUGS
Only 3 stars... Only 3 stars since you still haven't fixed the bug that makes the message list scroll when I click on the star for a message.,CRASHES
"Great simple calendar widget Please add ability to change """"""""""""""""""""""""""""""""shading"""""""""""""""""""""""""""""""" of day headers. They are set to default gray  and lack contrast no matter what color background",FEATURE & UI BUGS
Fckn hate it on note 4 if my phone is on anything less than 80%Snapchat has the possibility to make it cut off and send my phone on an endless loop of turning off then on by itself until I take the battery out. Then it comes on and goes back out until i plug it up. Most times i only use Snapchat when I'm connected to a charger. The app takes up wayy too much space. Plus my emojis from my actual phone disappear when I enlarge the text. Only the words stay. Fix!!,CRASHES
Better if add more setting about view,FEATURE & UI BUGS
LG Mach  ICS 4.04: Great utility made even better Excellent for learning choral music on-the-go  without the weight of my book  with a good stereo headset---also works great piped through speakers at home. I recommended this app to everyone who does part-singing. The option to show lyrics and measure numbers already present is a plus. My community chorus midis are notated that way. Instead of coloring the notes  the option to highlight my part by the line  like a highlighter  as well as the words  with different colors for each  would be better.,FEATURE & UI BUGS
Unfinished I made a few posts which never appeared in the main screen. When I checked with a web viewer  the posts were sent to the Firehose. I expected the posts to appear in the app  but they did not do so in time. The 'refresh-indicator' was permanently on.,CRASHES
"Rename to """"""""SEND TO NO WHERE"""""""" Thanks to this app I just lost over 2700 pictures. Awesome. Worst app ever. Do not download and do not use. Wish they would do something about my lost files. But that definitely won't happen.",CRASHES
Worthless peice of garbage It jst keeps on showing only the intro page whenever i opn it n would nt read the books i put in it,CRASHES
[FIXED](Battery Drain Widget Malfunction)* Mazal tov! Looks like the widget's functioning properly. Five stars. Now I've run out of complaints. Oy vey! ? (Just denied location requests. Hopefully this will help. If so I'll give another star because this is otherwise the best zmanim app I found. Battery drain was fixed although not optimal now the scrollable widget doesn't work right. Too bad because when it does work it's great. So I added a star although with the widget fixed it'd be five.) *previous comments in parentheses,CRASHES
Text rarely displays correctly. Most of the time  the text in the article is scrambled when I select a news story. I'm using a T-mobile prism.,CRASHES
Notification This app is so pretty..i really like it but the problem is that is not shown any notification if i have received in any apps ex: whatapp  facebook messenger emails...means any apps notification not showing when its on almond screen... thank you.,CRASHES
"PD has gotten easier New patches involve new ways to kill your way through the dungeon but monsters remain the same. """"""""Scroll of wipe out"""""""" shouldn't exist... I understand that these changes make playing more enjoyable for beginners but they affect the lategame way too much.",FEATURE & UI BUGS
Works I need independent encryption for work & APG along with K9-mail makes that practical on mobile. I wouldn't object to a slick interface or addnl key management features but neither is really necessary. The functionality is there and that's what really matters: 5-stars,FEATURE & UI BUGS
Program doesn't work Nothing but errors. Could use a tutorial.,CRASHES
Best one but screen flickers. works fine... but if the display turns on when i have a balance msg or any popup msgs in background  the ac display lock screen starts to flicker like it has gone mad. thats the only issue with this app. I have been waiting for a fix for so long but devs are so reluctant about this issue. so i m giving only 3 stars. And add support for Music match player,FEATURE & UI BUGS
Needs FORCE HIDE ON HOME Option The HIDE ON KIT KAT HOME SCREEN option doesn't detect my custom launcher. It would be nice if I could force this behavior.,FEATURE & UI BUGS
This app rocks!!! So I have a galaxy exhibit n it had stopped letting me save pics or download apps. So I went n bought an sd card n was so upset when it didn't fix the problem. I tried a few crappy apps that didn't work but this one is great. You move everything to a folder on your external sd and it frees up vt,CRASHES
Red line If you want a app that shows you a red line and some yellow dots then  this game is right for you,CRASHES
Needs more themes. Unique look and feels great  but i need more options. Too limited. Sorry,FEATURE & UI BUGS
don't shows the parfect direction,CRASHES
Looks good  works good. Unfortunately has no security so for me is useless. If it can somehow work with fingerprint scanner and actually replace my lock screen then it will be an amazing app.,FEATURE & UI BUGS
Doesn't work with gravity screen When I pick up the phone I doesn't wake!,CRASHES
Pretty good. Would be nice to wrap the widget header when resized (see full text for day  month  etc). Maybe be able to hide the new or settings buttons. Otherwise  great alternative to Google widget,FEATURE & UI BUGS
Needed  but constantly crashing in background On my new google pixel OS7.1.1  this app is constantly crashing in background and showing a pop-up asking if I want to force quit it. Usually crashing when I wake up phone. Pop-up will display multiple times while typing. For a required app  I expect it to work  and it doesnt appear to be updated often so I don't know when its crash will be fixed.,CRASHES
Good. Solid  polished app. Works well. Issues I had  though  thus preventing 5*: the icon being at the top left meant that I couldn't run away from a catch. I know you can move where the icon is  but it'd be great to be able to do it on the fly (double tap and drag  maybe?). And secondly the menu items didn't customise as I wanted. I don't want pidgey Calc etc and the icon showed them anyway. Randomly it stopped showing them (as in  it randomly decided to finally accept my customisation). Great app though. Thx!,CRASHES
It works but The graphics are awful  so is the UX and it really needs a total rework.,FEATURE & UI BUGS
Good to analyze the weather Please add current pressure indicator in digits.,FEATURE & UI BUGS
Widget is always flashing Half the times when I turn on my screen  my home screen is blank/empty for a few seconds because the widget is reloading.. And my home screen is almost 100% full with this widget so it really shows  and is really annoying..,CRASHES
Android wear Please add analog mode and date feature in the watchface. Thanks.,FEATURE & UI BUGS
"Usefull and simple but could be more Could have more option combinations. ex: """"""""not connected to any network for 5min"""""""" AND """"""""screen off for 1min"""""""". so downloads wont stop with the screen off when we need to download something",FEATURE & UI BUGS
Good app  but locks my phone when I receive a notification. I'm enjoying using this  but now if I'm using my phone and I get a text message it will lock my screen and I will need to swipe again to continue using it. Any help in fixing that would be appreciated.,CRASHES
Incorrect data This app showed a current of 566 mAmp when charging an HTC One M7 and 533 mAmp when not charging. This is obviously incorrect. Good interface  though.,CRASHES
Missed calls won't go away! This uses to be a great app. Now u can't get rid of missed calls no matter how many times I tap ignore. Frustrated!,CRASHES
problem with cm13 i have installed cm 13 on zuk z1 and the toast notification appeared for seconds and then doesnt appear,CRASHES
Give us a search button! Trying to update my posts when I have to scroll down hundreds to find the one I want is just ridiculous! How difficult would it be to have a search button so I can find the post I want to update easily- there is one on the iOS version so why not android?!,FEATURE & UI BUGS
Chinese index Great applications. Can we have the index page in Chinese when using the Chinese Bible?,FEATURE & UI BUGS
Needs more customization options The keyboard works very well  but desperately needs way more customization options. I want to be able to choose the keys on the bottom row instead of picking from presets. I also would like to be able to have popups on keys but not the spacebar. Other than that its very responsive and the autosuggest/autocorrect is alright  sometimes has problems but perfect for the most part.,FEATURE & UI BUGS
Simply Amazing! Works as expected... It would be Ideal to have Kore running In background while showing on Notification drop down when no media Is playing and that way would be simpler to play something else or choose a media from the Notification area. Cheers!,FEATURE & UI BUGS
Passcode Please add a pass code  because when I try to use my normal one  after I unlock ac display I have to swipe up again then type in my pass code and it's really annoying.,FEATURE & UI BUGS
Latest update is crap Since the latest update I have to click on a song 5 times or something until it plays it. The most times it 'plays' but you don't hear anything. You can see how it plays  but you don't hear anything. And after the song ended  the next song is the same: the music doesn't play. It just looks like it plays. Fix this please  I used to love spotify.,CRASHES
Not showing mA No use  as the main function is not working. 0 mA all the time.,CRASHES
Doesn't work After last update keep getting error 0013. Tried everything you asked but still nothing.,CRASHES
Please add more utensils such as brushes and pens as well as backrounds.... Samsung galaxy note pro 12.2,FEATURE & UI BUGS
Has a Few Bugs as of Recent The app was working great  but now crashes once the refresh button is pressed  and will sometimes crash on startup. Also  the cover photo on a profile page seems to show partially  displaying black on the bottom half of the image.,CRASHES
"Great except one thing Please add some padding between the d pad and the home/picture/video/music/programs list on the bottom. I keep missing the """"""""down"""""""" arrow and clicking one off those links and losing my directory on kodi. Thanks",FEATURE & UI BUGS
"Leaks? This firewall only blocks some apps that are UNchecked in whitelist mode. It should block ALL unchecked apps! Several apps """"""""leaked"""""""" that should not have any way through iptables. I switched back to android firewall which has not been updated for quite a while but it still worked. This problem occurred on stock (Nexus 6) marshmallow as well as cm13.",CRASHES
Waste trying it. It showed it will start by itself on next boot  but never started. Had it for 5 days.,CRASHES
Nice app But not for dual Sim fone  please add an feature or option for dual Sim,FEATURE & UI BUGS
Not working Clicking on the clock doesn't take me to the system clock ! Please fix ASAP! I have a gs5,CRASHES
doesnt work well on lg g4 call completes  screen goes black and never comes back till battery is removed.,CRASHES
Please add this 9/10 No gimmicks  exactly what I wanted! I would like see you make the scrolling smoother!,FEATURE & UI BUGS
Okay Very plain. Lacking in features. Wish it could actually hide folders and does what it says it can.,FEATURE & UI BUGS
Not working on 5.0.2 HTC One M8. And old pics from 2.2???? Bad  very bad.,CRASHES
Much better I used to get very frustrated as cycle streets wouldn't re-route. I used it today and it was loads better : re-routing just like it should. It took me a great route out of the worst of the traffic but still direct. Now it just needs to let me know the name of the street I'm turning down a second or two earlier and it will be perfect. I use it with one earphone in following verbal directions as I reckon this is safest  wouldn't fancy cycling while trying to follow route on the screen.,FEATURE & UI BUGS
Ehhh Its okay   fine   cool but SOOO not the REAL deal I have seen better,FEATURE & UI BUGS
Cool one Hai  very well done app. Can you people please add service tax and monthly bill option ? So that we can get exact monthly bill in our pocket.... thanks to team,FEATURE & UI BUGS
Notifications problem Previous version worked excellent. Now it doesn't show notifications.,CRASHES
Need option to display alarm,FEATURE & UI BUGS
no go on HTC one Doesn't work on HTC One or One mini; shows random values  even when I plug in the same charger  value shown is different every time.,CRASHES
Developer focused Tried logging in with Gmail (why isn't this automated?)  get an error message with the plain error message. No formatting. Error States that I need application specific password. So this app cannot handle two factor Auth. Bye.,CRASHES
Needs home screen customization (e.g. widgets  app icons)  but otherwise great aesthetic and performance.,FEATURE & UI BUGS
Shut down App works fine until I hit the shut down button. When hitting wake up it does nothing. I have to switch of kodi at power source then turn back on for the remote to work again.,CRASHES
Freezes I was on the boss on the tenth floor playing as a mage. I was using my staff of prismatic light fight him  as when he is blinded he cannot throw his weapons at me. But mid-blast from my staff  and it freezes. What's up? Can I fix it? Because this is the furthest I've gotten on a mage. I have a screen shot if it would help.,CRASHES
Adipoli... Exellent dictionary i hv evr seen... Bt sm words dnt find in app hv meanings in olam website... Need sm way to update or sync... Tnx 4 the grt work... I lv it... Awsm...,FEATURE & UI BUGS
4 for now .... Please add security and then it will be 5 star app,FEATURE & UI BUGS
Awesome Its awesome  but sometimes when i turn on the screen it stayes for 1 sec then my screen goes off!! Plz fix it....,CRASHES
Great Great browser nice and fast. Please add force enabled zoom. Thanks and keep up the great work.,FEATURE & UI BUGS
"Great for Zombie Dice and Star Realms! Would you be ready to add some kind of customization option to keep track of non-linear points? Would need a way to add multiple always visible columns of user-entered numbers for each player and then a pointer to show which number each one is on currently. (Player stats for """"""""betrayal at house on the hill"""""""".)",FEATURE & UI BUGS
Doesn't work Widget is blank and won't let me add any stocks. Apparently tapping the left of the widget is for settings however nothing.,CRASHES
Causing some battery drain and heating. Much better than any other similar option Google Pixel. Very good  clean app. Just that the missed call notification doesn't show up and it dismisses any other notifications on a screen after u get a missed call  assume that's cause lights up,CRASHES
The Best.... its the best......But very poor gesture recognition.. plzzz fix it...,CRASHES
Doesn't work Shows only voltage no amps,CRASHES
Good app! Easy to use and follow. There's this sorta bug(?) when I make a scheduled post and try to revert it back to an immediate post though. ;_; EDIT: When I tried posting it as an immediate post  it wasn't showing up in the home page and it says the post isn't found when I tried copy pasting the URL directly to a browser. I had to delete the post and make a new one  and copy paste the content to post it. Hope this helps!,CRASHES
Continually says there's no internet connection when I have full Internet and unlimited data. Always freezes and doesn't always let me post. With all these weekly updates there should be no glitches or bugs anymore,CRASHES
UNINSTALLING BREAKS PHONE AND ADDRESS BOOK After syncing then uninstalling my contacts and phone app no longer works. They crash immediately after opening. The only way to get them to work again is to reinstall the app. Stop whatever you're working on and fix this bug now.,CRASHES
Bullshit Icons don't even show up its a waste of time!,CRASHES
I can't even see the icon in my menu and there's not even an option to open it through play store,FEATURE & UI BUGS
Lacks of controls configuration I don't like gyro controlled games. Good port otherwise.,FEATURE & UI BUGS
I really like this app. I like the simple/minimalist design. Only problem is when I set timers regardless of the timer/clock app  AcDisplay stops them from making any sound. They show up in the notification but no sound. No problem with alarms  just timers.,CRASHES
Great  but.. Great client for gerrit. My issue is that sign in crashes the app. Specifically for CyanogenMod gerrit. Hope to see this fixed soon.,CRASHES
Bug: Kyrandia 2  crashes when i drink the swampsnake potion to scare the rat in the cave Please fix kyrandia 2 bug,CRASHES
Very good app but one problem... Best lock screen out there. Its simple and looks good.. but please add a security feature. I'm pretty sure if u add a lot of people will appreciate it,FEATURE & UI BUGS
"I will not go back When I first heard about """"""""""""""""""""""""""""""""Google Tap""""""""""""""""""""""""""""""""  I was rather dissapointed since they used an idea as brilliant as that as an April Fool's joke. When I finally bit the bullet and got this app  all I have to say now  is WOW!!! It is just as good as I thought it would be. While it isn't as fast as a more contemporary keyboard  it certainly is a lot less frustrating  especially on my 7-inch screen. My only complaint is that the reference screen doesn't stay open while I type but hopefully the dev will fix that in time.",CRASHES
Just says 0 Doesnt work for me.,CRASHES
Eh Won't let me upload photos via the app. Although chrome let's me do it through there mobile website.,FEATURE & UI BUGS
The Best.. This is the best app out there..I tried lots of apps in its class and finally found it best.. But icon and design of app is outdated and should be outstanding and up to date. Decrease the app size also if possible,FEATURE & UI BUGS
Please add a theme that makes it look like s7 always on,FEATURE & UI BUGS
Great app buy  I wish when I went to multitask view the wallpaper would stay and not turn black. Using this on a Nexus 5 by the way.,CRASHES
I love this app it's super customization and easy to use. But PLEASE add the ability to sync my google tasks. I would like them to show up with my calendar dates.,FEATURE & UI BUGS
Couldn't open the app It didn't even give me the option to open app after installing. Please fix.,CRASHES
Android n bug The tap to open picture either by single tap or double tap doesn't work on android preview 5  it work on when internal viewer is selected but when using external it crash when a photo is tap to open. it force close itself. Plz fix this issue,CRASHES
Responsive websites doesn't work ok The responsive meniu doesn't work. Like in opera  chrome  mozila safari  so I can't navigate. Uninstal!,CRASHES
"Best of the bunch Great app that I use and reference through out the day. One bug that I found is when I input my stride length in """"""""feet"""""""" it will only display my distance walked in """"""""miles"""""""" for the rest of the day. The next morning it will revert back to my stride length in cm and display kilometers walked.",CRASHES
Very good  almost great Please add support for fingerprint unlock when using as lock screen. Then it's a solid 5 stars.,FEATURE & UI BUGS
Just one thing  swipe doesn't work? Other than that it is awesome,CRASHES
Extremely annoying I am continually getting error messages or it only shows a loading sign. This happens about 95% of the time. I log out on my cell and signed back in  I than cleared my data for this app when that doesn't work I uninstalled and then reinstalled it. Nothing works. It's not our internet or the 4G through our cell service. Hulu never acts up like this. Are you wanting me to cancel our 5 plus years of Netflix loyalty Netflix?,CRASHES
Pretty good Dreamcast emulator While not the best compatibility  Reicast does a good job with what does run. Only knock isut doesn't save the time and day. Give it a shot.,FEATURE & UI BUGS
Not compatible with Note 2 This app is not compatible with Samsung Note 2. It will show the maximum possible charge you can receive based on whether it recognize the charger as AC Plug or USB. I assume it will work on other devices,CRASHES
when I click in recovery installation  it makes my phone restart  but it doesn't past the welcome screen. it stocks there....HELP!!!!,CRASHES
Loved it until... Great app. Only problem is it keeps freezing up on the first photo. Freezes so badly that it absorbs most of the system resources and needs to be force closed. Doesn't save the picture either. Hopefully it will be updated and fix this bug,CRASHES
Add more icons. Otherwise perfect with new cm11 themer,FEATURE & UI BUGS
Sucks Deleted all my pics instead of moving to sd.... Uninstall  ./..(-_-),CRASHES
Good Great widget  only problem I've noticed or haven't figured out is only the 4x2 widget shows volumes  not even the 4x1,CRASHES
"I want """"""""add"""""""" option on every deck page baaaaaaack!!!!! The interface looks a little weird and slightly slower than previous version and the """"""""+"""""""" botten on deck page is omitted thats frustrating!!",FEATURE & UI BUGS
Great job . . keep it up. . Some suggestions: 1. Could be little more colorful or rather less b/w. . some themes as plugins maybe. 2. Editing an entry could have been more user friendly e.g. instead of using 2 lines for name it could have been done in a single line. . this is just my thought 3. Section for users to know how to know about security and stuff. .,FEATURE & UI BUGS
Great free app Can take some time to get used to  but for some very flying - or as a moving map - great. Found some issues - POU airport runways 6/24 are listed as 7/25 on the map runway extensions - yes there is a turf runway 7/25 but for a Class D airport it should list the main 6/24. But  a pilot shall always be thinking... 5 stars for good work,CRASHES
Great App Really easy to use. Love how it navigates. One suggestion  program a setting to open Strong's links and notes in the parallel section when touched in its opposite section.,FEATURE & UI BUGS
Nexus 4 - does not work Installed on nexus 4  no widgets  notification shows 'no data'. Pfffft...,CRASHES
"Doesn't work at all Tried on moto x and moto Xprt and Samsung note 8. Nothing shows up by default. Manually brings up the notification but it reads """"""""""""""""""""""""""""""""no data - no data - no data - no data"""""""""""""""""""""""""""""""".",CRASHES
Nice display Good app. But please add an pattern or pin lock !,FEATURE & UI BUGS
Overall good Like to be able to categorize so after sync fonts or something matches category colors in outlook.,FEATURE & UI BUGS
LOVE IT I like using this app ... but there's a little problem when the screen is off it doesn't work hope u guys fix it it would be better _ï¿½ï¿½ï¿½,CRASHES
"Watch later isn't working The app works fine but for sone odd reason  the Watch Later playlist doesn't work. The video plays but the section i can scroll like the Description  like bar Comments  Sub box and all that are replaced with a error promt that says """"""""""""""""there was an error"""""""""""""""" and a code (I don't remember the code). Also i can't use that blackish-gray drop box where i can select the next video in my """"""""""""""""Watch Later"""""""""""""""" Playlist. Lastely  i can't see the arrows that let me switch from one video to another. There are other issues. Plz fix.",CRASHES
Would be nice if a feature could be added so that when you swipe to unlock it took you straight to the pin/pattern screen rather than to your lock screen(so you don't have to swipe again to unlock),FEATURE & UI BUGS
5 stars but needs improvement I had been using textra for a while. But since I saw the UI didn't get any updates I started looking for something else and this one came up. It is great but it's a bit buggy and needs some more personalization features. One feature needed urgently: send voice notes and contacts in vCards and plain text modes.,FEATURE & UI BUGS
Was fantastic  current version needs help... I've been using this mail client for years  and it was phenomenal. However about 2 or 3 updates ago  it started crashing when opening certain messages or only displaying a tiny piece of the message  with the rest of the screen just a blank white space. More recent updates have changed and tweaked this problem  but they haven't managed to kill it yet  making the app very hard to use for productivity purposes. Back to webmail for me  and will give 5 stars once the app is stable again!!,CRASHES
A tiny symbols color indicates charge/discharge A simple + or - in a larger font would be better.,FEATURE & UI BUGS
Excellent Great work. ... playlist and library functionality on remote app needs a bit of work. .. doesn't always add to list and rather cumbersome with large library.,CRASHES
Mutilated task list on my taskwarrior server Used this app on my phone and tablet and regular taskwarrior on my laptop. After adding new list and some tasks to it on a phone  then syncing on phone  tablet and laptop I observed: all task entries were tripled  task that were not assigned a project had now a project 'Inbox'  tags were cleared from most of the entries.,CRASHES
Never Performs Right Reported problems on Asus tablet back in April  I see nothing has been fixed.,CRASHES
Awesome widget  but the deal breaker is that it doesn't open the system clock / alarms when tapped. Rats. Edit: Holy crap! You are are awesome for updating that. Why the extra option for clock settings though? One tap to just open stock clock / alarms would be best  to stay consistent with how the stock clock widget works.,CRASHES
Still needs improvement Great concept. I tested to see how it would work and so those on my notifications would know what they were receiving  it crashed several times trying to turn it off. I'm also noticing a significant battery drain since install  it's no use if it's bleeding my battery and the phone is near dead when I really need it,FEATURE & UI BUGS
Good app It does what it says and works well. Quite basic user interface though.,FEATURE & UI BUGS
Froze phone until it would die. 5 stars to be seen. Every time I would scam a coffee it would freeze my screen and all buttons accept for power button  but in able to restart my phone  I would have to hit the power button and then touch the screen to select  power off. So I would literally have to wait until my phone died to use it again. Maybe it was just my phone but this is what happened to me.,CRASHES
Really fun But  is there more classes to be if you donate,FEATURE & UI BUGS
Near to perfect It would be better if there was security lock feature,FEATURE & UI BUGS
Good Remove the ac in the notification bar its useless... And improve that lock screen  i always have to turn it on and off because it stop working... Other than that  awesome! 5 stars when fixed!,FEATURE & UI BUGS
Love the concept but regularly crashes Please fix! I regularly have to reset the wallpaper as my phone switches from the Muzei painting of the day to a black or default wallpaper. Love it but has only been installed a week and already having problems...,CRASHES
Floats over transparent nav bar On lollipop the bottom corners floats over transparent nav bar and it would be better to add color to blend material status bar,FEATURE & UI BUGS
Great Wow amazing! basically the best drawing app ... could only be improved with a couple more features: custom images dimensions  pixel-perfect/non-antialias brushes  layer support  lasso/marquee selection tool. Add that stuff i'd def. pay for a pro version!,FEATURE & UI BUGS
Facing a problem after upgrading OS to android 6.0 After upgrading my os to android 6.0 I am facing a problem. The non editable page of the app is showing the book cover photo but when I am tapping a book to go to the editable page where the book description showes the book cover photo is not displaying. I have tried to change the settings but still the problem is continuing,CRASHES
Really cool gadget for RF engineers Restarts driver when changing orientation. Please fix that. Additionally would like to have MUTE button alongside with other buttons. Another issue is: let user choose whether he/she wants kHz  MHz or GHz when entering freq. Thanks in advance!,CRASHES
Useful The lockscreen needs improvement on smartphones without home buttons. Also its a necessity to open notifs when double taping or swiping them. Another thing is to remove the acdisplay service from the notification bar. Dont forget to improve the calling system too.,FEATURE & UI BUGS
" Could Use a better widget  which doesn't open a new window on interaction. Cannot find non English strings because the app cannot normalize capitalized letters in their names  e.g. ?????? can only be found using \\""""""""""????"""""""""""""""" but not """"""""""""""""?"""""""""""""""". Fix it!""",CRASHES
Troubleshooting- can't deactivate once activated I have trouble with removing this app please fix. I need to deactivate it first  but when I want to deactivate it from settings&gt;lock screen and security&gt;device administrators&gt;Ac display  it always crashes. I already tried restarting my phone (Samsung S7),CRASHES
Copy button for perfection Just add a little copy button at the top pls then it will be perfect. And if you can give the option of dividing the + & - buttons left-right respectively with the - button smaller  so theres no more need to look while clicking,FEATURE & UI BUGS
Security Please add some type of security on the lock screen,FEATURE & UI BUGS
Good widget  but needs improvement. At first  I was excited to use it. But that is turning out to be a challenging experience. The events doesn't sync up with the calendar events. I've restart my phone. Whether the events have been created  deleted or updated it doesn't reflect immediately on the widget. Please fix it. Or am I missing a setting?,FEATURE & UI BUGS
white bg I need white background!,FEATURE & UI BUGS
please add feature for hiding percentage...i aked you before  on email,FEATURE & UI BUGS
Does not show the city specific Shows a gross view of the area but not the specific city. Please guide,FEATURE & UI BUGS
Saves time The real FB app is bulky . This wrapper is good. It would be good of you add features to upload old multiple photos to an album,FEATURE & UI BUGS
Needs immediate and on data connection even to scan one book. Doesn't allow building up a list of ISBN's offline (e.g. like Book Library) and then allow a batch scan once the data connection is available again.,FEATURE & UI BUGS
Book Catalog I love this app. It let's me check which books I have before buying another one at the book store. My one and only request is if you could please add different background options - specifically a background that looks like an actual bookshelf. (Some of the other lower rated apps have this feature.),FEATURE & UI BUGS
A great open-source app. It could use some more features  like more fine-grained permissions and more detailed logging  but otherwise it does its job great.,FEATURE & UI BUGS
Good  but... Does not password length greater than 16 characters  which is strange because there is plenty of space left on my NFC tag... Please fix that and you will get 5 stars. Oh anyway  just saw this project is open source. Therefore you will get 5 stars right a way. Thank you.,FEATURE & UI BUGS
Perfect Kodi companion This remote is exactly what I was waiting for. Wish it had a touch screen function for a cursor.,FEATURE & UI BUGS
Pictures? I love this and I'll use this all the time but I would like to have pictures of the weapons and monsters under the description or something,FEATURE & UI BUGS
One of the best  almost I have tested many pedometer apps and I really like this one  I would use it instead of Google Fit  but there is one issue  the pause button. This ends up pressed by mistake sometimes and then I lose tracking data. I would never pause this and would like an option to show or hide the pause button or choose to pause from within the settings menu.,CRASHES
Only a handful works The only games that seem to run well are power stone 1 and 2  trick style  jet set radio   anything else you download will be buggy or unplayable. The developers gave up on this a long time ago. I'd download just for the games above. I wanted to play Shemue :( I have a s7 edge but the game is too buggy. Good luck with getting the bios to run lol. There is a trick to getting it to recognize the bios. I spent days looking it up via Google and YouTube tutorial and I finally got it. Good luck lol,CRASHES
Really cool  but not fully functional The real trebuchet launcher is available on multiple APK download sites and on xda. I love this launcher because its official and everything  but the authentic trebuchet launcher has more features. I'm not knocking this or anything  hence the 5 stars; I love this idea  but it's not the real thing. I do however like that you've brought the uniqueness of trebuchet to Google play in a non-sketchy download  so thank you.,FEATURE & UI BUGS
Still missing some basic features The app looks nice and fairly simple. Promises to be a pocket companion. Allows qif export. I even got the premium key. However  it is not allowing transfer between accounts in different currencies  which is a deal breaker for me as it makes the app next to useless on trips abroad  which is one of the main reasons to carry an app like this around. As the features are being actively implemented  this functionality may be expected in the upcoming release.,FEATURE & UI BUGS
Good but.. Show 0 processes if root privileges is ticked. Please fix!,CRASHES
Widgets Please add one-click-connect widgets,FEATURE & UI BUGS
Great database. This is by far the best MH4U DB on google play. Very complete and simple. Developer did an incredibly good job on this. Not being a jerk  just want to make some suggestions: the menu for sections (quests  monsters  locations etc) could the home page and armors could be separeted by set (easier to check skill points). But definitely worth 5 stars.,FEATURE & UI BUGS
Please add an option for us to edit website icon,FEATURE & UI BUGS
Best app for art lovers Can u also please add indian exotic art??,FEATURE & UI BUGS
Runs better than the rest Runs better than most other guide apps  and has a much better map. Though it doesn't list fish locations anywhere.,FEATURE & UI BUGS
No longer working It no longer show the remaining days left when widget is expanded,CRASHES
Can't read To small,CRASHES
when i click the battery section it dosen't show anything  it would work fine before. please fix it,CRASHES
New update can't add pictures With new update broke the app  can't add pictures anymore.,CRASHES
Doesn't work The widget is just stuck on 1ma. I am using a galaxy S5 on 4.4.2 Android.,CRASHES
Nice n Simple Great works. Sync to SD is very nice. Could you please add sync to caldav with vtodo and simple vjournal. Thanks..,FEATURE & UI BUGS
"Mobile data network App is good overall but my mobile data network keeps switching on and off even if i unticked the """"""""turn on automatic data"""""""" and still have alot of bugs. Hope an update could be rolled out soon",CRASHES
Great but less stable than status quo UI  usability is slick. Love it. However lots if instances where it crashes. There was one non crash bug where ur current conversation/other ones went blank. Hopefully it logs bugs extensively  and maybe it can add a report bug feature? It got a lot less buggy than it was a few months ago but its still the only gripe you can have with this great app. Great work guys!,CRASHES
Please add support for messages Please in some way could you add a workaround to avoid installing facebook messenger?,FEATURE & UI BUGS
Notification Notification worked perfectly with messengers of facebook  viber  etc... However  if there is a missed call  not only the missed call but all the notification did not show up  please improve it to deserve 5 stars,CRASHES
Its okay but... Hi reicast developer. First of all  thank you for creating this emulator for all of us who are addicted in playing console games in our mobile phone. Everything is nice but can you please add save state option on this program. Most of the time I need to check my email while playing reicast it is somehow frustrating that I can not access my game the way I leave it. Hopefully you can add this option in it asap. Thank you and kepp up the good work.,FEATURE & UI BUGS
awesome app I love this app very much...but suddenly i m having problem..now i can't see table of contents option in menu before i can see that but not now.please fix this,CRASHES
Add a SECURITY LOCK This function would make the app perfect _ï¿½ï¿½ï¿½(it doesn't matter that yiu can bypass them  at least it keeps people from going through my stuff at the moment). Plus  it would be amazing if you could display desired message on the screen (name  message etc.),FEATURE & UI BUGS
STILL no weather available!!!!!!!!!! I love this app  have used the widget for years now on many different android devices  and have NEVER had any problems with it at all  until recently... -The weather extension has stopped showing any info  just says unavailable instead... When I click on the link it still takes me to the correct place  but that's it.,CRASHES
Nice Work bud! Just fix the battery issues and maybe add more fonts  clock interface and customizations  then you'll get 5 stars. I didn't have to think twice to help you with the developement so please hear me out brother! All the best! Cheers!,FEATURE & UI BUGS
Good but... The interface is a bit laggy  specially when the screen slides in and out. Give it a material makeover.,CRASHES
Easy to use. But there a lot of room for improvement. The big room below can be use for width  color selection. No need to put everything on the menu button.,CRASHES
Excellent Mumble App I love the app as a whole  the interface is sensible and intuitive. The only feature I'd like to see is an option to prevent the screen locking  having to unlock when using on screen push to talk mode can be the difference between a wipe and a successful run.,FEATURE & UI BUGS
Missed calls won't go away! This uses to be a great app. Now u can't get rid of missed calls no matter how many times I tap ignore. Frustrated!,CRASHES
Doesn't work. At all. Doesn't seem to work even with BusyBox Pro installed. Or maybe I'm not doing it right? Naah. Thing doesn't work on any app I apply. Even after editing preference files as text. But it was awesome to try. Let's see if it'll improve,CRASHES
Please add that ehen we pick up the phone the display opens. Very good.,FEATURE & UI BUGS
Great app but I am having some problems when i post something it fails. it is not even showing me my current posts which I have posted from computer. no peer certificate error and by 3g it was uploaded.,CRASHES
Incompatibility Can you please add in support for 4.2.2 Jelly Bean?It looks amazing but it wont work...,FEATURE & UI BUGS
No luck It seems that app does not work with my device. It shows voltage  level percentage and temperature but not current  which is why I installed the app.,CRASHES
Photo layout New update breaks layout of photos in news feed.,CRASHES
Good enough for me The app is really simple and neat. Really love to search words offline. Still I couldn't find some common words like kung fu   browser etc. Please add new and up to date words. Hoping for an excellent update or a new version.,FEATURE & UI BUGS
One problem Please we liked it when if we wanted to up load a photo it just comes up  now just to up upload a photo it now has to load which takes time. Pls we do not like the idea of our photos loading.,FEATURE & UI BUGS
Poor display on LG treasure Using LGL52VL with Android 5.1.1. Screen will not scroll at all in channel rating view. Graphs are barely visible at bottom of screen.,CRASHES
Bug on 16 keys layout... If press twice or more on 16 keys layout it will capital again... please fix... thanks  sorry for bad english...,CRASHES
Can't tag anyone Love the app but I can't tag individual people to share posts. Can you make this available or am I doing something wrong? Does anybody ever answer these questions? Tried Tinfoil again on 2/ 24  only used about 10 minutes before uninstalling. Would love to be able to use this app but when I used Google Voice to type my message I couldn't use the X to delete anything if I made a mistake. Still can't share posts on friends pages. Don't know what the middle share button is for it didn't work.,FEATURE & UI BUGS
no go on HTC one Doesn't work on HTC One or One mini; shows random values  even when I plug in the same charger  value shown is different every time.,CRASHES
SO MANY ADDS PLEASE ADD A OPTION TO TURN OFF ADDS  THEIR SOOOO ANOYING WHEN YOUR LISTENING TO MUSIC.,FEATURE & UI BUGS
Truly bad  use Sky View instead. Pointed toward a bright planet (Venus) on the western horizon but it couldn't find it. Also several other objects that my brother found with the Sky View app on his iPhone. Gave up and downloaded the Sky View app instead which worked great immediately. On Samsung Galaxy Note 4. It asked for location permission which I allowed then went into some stupid app overlays setting which is unnecessary so I exited and it told me location permission wasn't allowed. Set permission but still couldn't find things. Bad.,CRASHES
Looks Promising I like that it doesn't take up much space and runs smooth. However  it would be nice to be able to adjust the font size and maybe be able to have preview of picture links. Also  the app seems to log me out quite frequently. Other than that. Looks real promising!,FEATURE & UI BUGS
Tardis wallpaper missing??? I will give this five freaking stars if you please add the tardis wallpaper that is shown in the preview for the app. The wallpaper with a large tardis  and the doors opened  seeing inside. Please! I've paid for a few of your apps  I'm a customer. :(,CRASHES
Awesome Alternative to ES File Explorer Sweetly Materialised. Very clean and minimalistic design. But what I am missing in it is the use of gestures. Hope to see the same in the future updates,FEATURE & UI BUGS
Great but..... Please respond!!! I love this app but when i take it out of my pocket nothing shows up i suggest that it should wake with a double tap gesture,CRASHES
Great design  very quick  but can't import bookmarks. Would love to see a quick settings option like in the stock ICS browser.,FEATURE & UI BUGS
Please release new version Save your power button  no need to press power button or volume keys to wake device. Must have app. With frequent updates,FEATURE & UI BUGS
fantastic live wallpaper. please add a dynamic option to change map every X mins apart from wake up.can you also add the startrek enterprise orbiting?,FEATURE & UI BUGS
Great design  needs some work. The design of the app is great  I know you are going to focus on memory optimization  but you need to add and change some things. There needs to be an option to disable downloads of wallpapers over mobile data. You also need to make the blur and dim sliders more responsive. You also need an NSFW checkbox  just in case there are those kind of paintings. Hope you consider the feedback.,FEATURE & UI BUGS
Yes Easily the best lock screen on the store. Would be better with a password option though.,FEATURE & UI BUGS
Confused Can't open app  it only shows install or uninstall after its been installed  please help thank u,CRASHES
Good Interface  Minimal Features What it does  it does well. One thing I don't like is the file management. I have my library organized by author  series  and then the books. I can't select a root folder to add (my master Audio Book folder)  otherwise it thinks the sub-folders are their own book. My suggestion: having it maybe show the sub-folders  and then clicking the folders shows the next folders  kind of like a music management  where you click on artist  then album and such.,FEATURE & UI BUGS
Why should I prefer the app over webpage? Needs more funcionalities for reading to be a great experience. 1. Better fonts (Georgia & Clear Sans are the best) 2. Reading modes (Sepia/Night mode) 3. Pop-up a meaning of a word upon selection (like they do in various ebook reader apps). Otherwise the app is just OK. I hope this feedback will be looked into.,FEATURE & UI BUGS
no ipv6 please add ipv6 support or is there any way to use ipv6?,FEATURE & UI BUGS
Can't save It runs well. Moving the mouse around one the screen is dumb. Can't save my game though so this is pretty much worthless.,CRASHES
Its an great app! Its great to use... But you can make it look like Gmail or something. I mean the design language of that app..,FEATURE & UI BUGS
Good but not Best This emulator crashes. Games like wwe 2k14 wwe smackdown vs raw2011 tna impact cross the line etc doesn't work. these all games went only black screen on selecting game to play.Please please solve my problem.I m a huge fan of games.So please make an update fixing my problem.And please please replay me.,CRASHES
Not bad Design is great. Problem..... Coping  moving  deleting very slow  even sometimes crashes. Not showing sd card size.,CRASHES
great i think its the only app of its kind that is light with 0 ads...but just one thought...please add icons for extra cores...octacores and all...i can only see all octas as one core alone...,FEATURE & UI BUGS
Developer focused Tried logging in with Gmail (why isn't this automated?)  get an error message with the plain error message. No formatting. Error States that I need application specific password. So this app cannot handle two factor Auth. Bye.,CRASHES
Good but room for improvement. Love the fluidity  but should have the option to customize different colors for different contacts (like Google's messenger app). Also  the ability to make the text box full screen to see a large message you are typing is a great feature.,FEATURE & UI BUGS
Voice call missing Please add Voice call feature,FEATURE & UI BUGS
Brilliant looking app but adding sleep at end of chapter would make it a much better app for me. Also an option to not display the name of the audiobook as many have it in the cover photo. A more compact display would make it easier to browse as well.,FEATURE & UI BUGS
Reverse Order of Tasks in Tasks List It would be better if the app shows the tasks in order it is there in tasks in web. I couldn't see any option for it.I only see some other sort orders which aren't helpful.,FEATURE & UI BUGS
Needs some modern features Needs modern mobile email features - swipe to archive/delete  swipe to snooze  etc. Otherwise it works fine.,FEATURE & UI BUGS
While it DOES backup well to a gmail account.... It does NOT restore correctly. Changed to a new phone (same model as old phone)  and restored. It went through the motions of having restored all my messages (3114 of them) - yet only 2 messages show up when I open my texting app. Would LOVE to have a working product.,CRASHES
Notifications don't show (A. Lollipop),CRASHES
Doesn't handle SSL certificate changes well. Just get stuck in a loop. Clearing data/cache didn't help... Or is it just broken on Android N?,CRASHES
"Loved it Problem is  the app shows """"""""Stopped working"""""""" after sending messages",CRASHES
Unpolished  imprecise Firstly  it loads each of my sheets with formatting errors - background colors from a group of cells are continued for two additional cells within the same column  or a random section is transposed to another part of the sheet. Secondly  each time I attempt to open a document it displays an advertisement which  when dismissed  does not then proceed to my document but returns me to the main menu from which I have to dig through my files a second time to open the file. The second time  the file loads.,CRASHES
Excellent lightweight app Perfictly does what i need and no useless extra features. And  unlike some other lightweight wifi togglers  works reliable! Please add the option turn off wifi if not connected to any network after x minutes. If using wifi scanning app wifi should be left on for more than 1 minute.,FEATURE & UI BUGS
Best PD mod ever!!! Very nice update on reworking warrior class =D Hope you can rework or buff Huntress too which is still underwhelming,FEATURE & UI BUGS
_ï¿½ï¿½_ï¿½ï¿½_ï¿½ï¿½_ï¿½ï¿½ But seems small issue and bad request msg popup alot,CRASHES
Works  but still looks like a Gingerbread app.,FEATURE & UI BUGS
Can you set it so when you tap it  it goes to the clock so I can so a timer stopwatch alarm etc.,FEATURE & UI BUGS
Why don't u add an app icon?,FEATURE & UI BUGS
"It connected my personal info from other places WithOut My Permission!! It Added My Legal Name to my Secret email address TODAY. I got a reply email saying """"""""Who is this- I dont know that name!"""""""" It kept saying(every letter I tapped  but it was working  just a hassle) gmail wont work without Body Sensory&gt;wtf Permission.",CRASHES
Doesnt work? I'd love to use this but it isn't appearing on my lock screen. I have a Nexus 7 (2013). Have changed this app to be my lock screen from the display settings  but it just doesn't work.,CRASHES
I like it and wanted something with voice alert as I don't see that well,FEATURE & UI BUGS
Just what I wanted. Simple  no nonsense  small app. Would be nice if it stopped on headphone disconnect  but the lock screen widget makes it easy to stop it.,FEATURE & UI BUGS
This app rocks!!! So I have a galaxy exhibit n it had stopped letting me save pics or download apps. So I went n bought an sd card n was so upset when it didn't fix the problem. I tried a few crappy apps that didn't work but this one is great. You move everything to a folder on your external sd and it frees up vt,CRASHES
Great  fixed the image problem This is a great app. The website still has a lot of functions the app doesn't have  which is strange because I'm using the website on my android device. Very nice design though.,CRASHES
HTC one problem Unfortunately on the HTC one I am unable to drag the dashclock to make it my primary lock screen widget  otherwise it would be 5 stars for a great widget.,CRASHES
Home button bug You just have to press home button to skip to lock screen,CRASHES
Google tasks compatible need Improvements.not showing all my tasks,CRASHES
Great Job on the game. The game is very addicting and just as fun but I think you should add more content and maybe try to get it where you can play multiplayer on a local internet access point and it could be a four player max turn base game with the class you choose to a set amount of tiles or something. Thanks for listening and can't wait to see the game grow.,FEATURE & UI BUGS
I am experiencing a playback bug on a Nexus 5 running Android Lollipop 5.1.1. The playback works as expected as long as a file is not renamed. When I rename a file and play it  the control jumps from Start to End and the playback does not work anymore. Renaming the file to its default name has no effect. Thank you to look into it. I will change my rating when this bug as been fixed. UPDATE 14/11/2015: The bug is still present on Marshmallow (Android 6.0). No feedback from the developer.,CRASHES
The best reddit client ever. Please make the comment navigation buttons a little larger and more material like.,FEATURE & UI BUGS
Great App I'm a big fan of astronomy and this little app is perfect. A little touchy on the movement when viewing. But otherwise it's great!,CRASHES
Crash when set a demodulation! :(,CRASHES
Its a good app...but... Wish the print was a little larger so I can see it better.,CRASHES
Very good This messenger is the best messenger in the world  please add Persian language in the setting  thanks,FEATURE & UI BUGS
When will be the next update ? I can no longer set font colour (instead of black and white only  font size and. Just make a paid version already and I will definitely pay for it,FEATURE & UI BUGS
Almost perfect! I love this app  it does what it says it will and it looks amazing. The only problem I have noticed so far is the app bugs and doesn't appear when you clear your notifications on the lock screen  but not in the notification panel. Other than that it is awesome.,CRASHES
Thank you Great app I'm so familiar with the motorola active notifications and since I switched phones this is the best alternative thanks! Wow there's even more features than I realized. Developers here deserve donation bravo! Custom widgets enabled.,FEATURE & UI BUGS
Lovely fast minimalistic browser. But guys  PLEASE add an option to rearrange bookmarks in sidebar. They are mess now. Not even mentioning folders.,FEATURE & UI BUGS
Great App I'm a big fan of astronomy and this little app is perfect. A little touchy on the movement when viewing. But otherwise it's great!,CRASHES
ONE TAP PROBLEM it doesnt save our account.. it skips.. wth FIX IT PLEASE.. it will show one tap then after i save it and log out to log in other accounts the saved account was removed.. i am so pissed,CRASHES
It looks good! Looks good but still needs some customizability.,FEATURE & UI BUGS
Great app But could be better if it could be viewed in cardboard.,FEATURE & UI BUGS
Sort of works ok but restored SMS conversations have been divided into two threads per contact; one thread for messages sent and another for received. Looks messy and it's impossible to follow old conversations. Exactly the same issue as a rival app!,FEATURE & UI BUGS
Problem with Note 4 Like another reviewer having the same issue of cursor not responding when I tap a box. Uninstalled and reinstalled did not fix. Used to love this app hate to dump it for a different one.,CRASHES
Amazing high res walls Please add a feature to randomize wallpapers on lock screen too,FEATURE & UI BUGS
Bad I appreciate the artwork but on my tablet it looks awful,FEATURE & UI BUGS
Love It! I used to develop for iPhone and this reminds me of seeing iOS 7 for the first time. An OS with a fresh breath of life. I would like to see an option to have grayscale only on the homescreen or the lockscreen as well as be able to customize the Android Wear watch face!,FEATURE & UI BUGS
Good idea but not getting what i want Great app diffently going to use it however  please add a way where i can have the extensions on both sides of the clock. Right now i can have three on right side of the clock if im using a 5x2 grid. I know i can extend it but my home screen looks weird with that extended. I want to have my missed calls etc etc on one side and battery  weather and other info on the other. Other then that what a simple app but it maybe too simple where we loose alot of customizable options.,FEATURE & UI BUGS
Best looking music player Awesome interface just need to fix some bugs  and please include play by folder option.,FEATURE & UI BUGS
Pheww  that's better! Sure made me feel better about Facebook on my phone. The official app kept getting fatter and fatter... My only request is notifications (or I have somehow missed them). I know push notifications are something else entirely  but is it possible to check  say  every 12 hours if I have any Facebook notifications? Or is there another app entirely that would be better for that sole purpose?,FEATURE & UI BUGS
Doesn't handle SSL certificate changes well. Just get stuck in a loop. Clearing data/cache didn't help... Or is it just broken on Android N?,CRASHES
Crashes Too many crashes turning into a black screen where I need to always restart my phone. Also  whenever I watch videos it doesn't load please fix. Thanks,CRASHES
PLEASE FIX orientation issue This is a great tool I've been using for years. My one real complaint is that if I forget to turn of my phone screen rotation  if when clipping a file I rotate my screen it completely changes the times for the crop marks. Frustrating when I've spent time getting something just right.,CRASHES
This would literally be the perfect lock screen app IF it had slightly more customization. Let us be able to change the icons and notification highlight color and this would be a 10 star app. PLEASE add these 2 things!,FEATURE & UI BUGS
I really liked it Issue 20/12/16  in discovery  when I find a channel and click on it. Doesn't open. Only subscribing and then going to subscribed is allowing me to view the info of that channel. Other than that  I'm using your app. It's very good. Like it man,CRASHES
Works as advertized Somewhat annoying to authorize access to wireless networks  but small price to pay for security,FEATURE & UI BUGS
Okay  but no longer for me I must be in the minority  but I liked the white mask. In fact  I would like an icon pack with only the round white mask. The new  more colorful masks are not for me  so I'll have to move on.,FEATURE & UI BUGS
Nice  but... why does it always zoom in my images a little? I have all my wallpapers resized to 1920x1080 so they fit perfectly on my devices  but Muzei still zooms in and the edges get cut off. Could you please add an option to not zoom the images  but keep their original sizes/zoom levels?,FEATURE & UI BUGS
relatively simple tracking Only feature I'd like to see is import for when you switch devices.,FEATURE & UI BUGS
Neef a help I have a moto g Aftet syncing it did show that some contacys wer synced But i still cant see dem on my contact s list,CRASHES
need option it's blurred automatically  please add an option. to set blur or not.,FEATURE & UI BUGS
Doesnt work on Note 4 It show me the Mah anywhere,CRASHES
Fantastic  but I actually like the new icon  but I do wish the notification icon itself matched the app icon shape  like other SMS apps (Google Messenger  Hangouts  Textra  etc.). If that was changed or at least given options  this would get 5 stars no questions asked. Well done otherwise!,FEATURE & UI BUGS
HTC one problem Unfortunately on the HTC one I am unable to drag the dashclock to make it my primary lock screen widget  otherwise it would be 5 stars for a great widget.,CRASHES
Please consider adding an option to archive/hide conversations.,FEATURE & UI BUGS
Best Love it  please add subliminal massages for money and wealth affirmation. thanks alot,FEATURE & UI BUGS
Hmm  locks the screen on.. but without wake_lock permission so I can't even stop it by denying permission. Sigh  I thought I'd finally found a good one. [Edit] 4 stars because I use this all the time. Very useful  thank you; just wish I could prevent the wake-lock-that-isn't.,FEATURE & UI BUGS
Great App Crashes every time it opens since the last update. Doesn't recognize my developer account. Please fix soon!,CRASHES
Awesome... Nice app and pretty developerish. Only thing I'd like the app to do is stop showing recent apps that were opened. Anyway to do this?,FEATURE & UI BUGS
Love this app But the qk reply is annoying. Have it at the top not the middle,FEATURE & UI BUGS
Not exact When i tried it from other side and several time  always different results,CRASHES
Great app but missing some things  like the occult classes,FEATURE & UI BUGS
"Awesome app! Just what I was looking for. But I think there is a conflict with my TouchPal (free) keyboard  because it puts a space after the word. The first item I tried  saying the word """"""""Maps"""""""" results in it finding my Ulmon City Maps app  but not Google Maps  . Same problem with saying """"""""Pic or QuickPic"""""""" and not finding QuickPic. This means I can't vocalize the auto launch feature as shown in the video.",CRASHES
Useful app Very useful for multitasking. Please include options for changing the bar background.,FEATURE & UI BUGS
Best Persian Calender but developer plz read If you want use best shamsi calender with gadget .. you can choose this app .. but need to design a better icon for your app .. i give five star after seen nice icon for this app.,FEATURE & UI BUGS
Crashes every time wit FB personal message I prefer this app to FB but it is a nuisance that it crashes every time I attempt to access personal messages that are apparently waiting for me. This bug is consistent across my two devices. I see other users have reported the same frustrating problem but the developer shows no interest in fixing it. I hope they do fix it  as it is otherwise useful.,CRASHES
Picture issues Please solve issues in setting pictures,CRASHES
New issues Sometimes won't let me swipe to next unread when many articles in feed. Some read articles still show as unread temporarily. Article font too small now.,CRASHES
Add features Can you at least add no wallpaper scrolling and a widget to change the wallpaper?,FEATURE & UI BUGS
The fastest download manager on Android! Highest number of threads(32) makes the download faster than in any other download manager. However  it needs more features like being able to set the default download folder and download different file types in different folders by default  and capturing download links from browser.,FEATURE & UI BUGS
"A wonderful time killer with good controls and a wide variety of games. However  it would REALLY benefit from a """"""""play random game"""""""" button.",FEATURE & UI BUGS
Game needs work. Wow  5 achievements to get! I do love the conceptualisation and theme of the game. I know programming is not easy and I appreciate your very quick response  so I lifted the star level to 4. I have reviewed quite a many of games and yours does present challenge  strategy  and some original thinking. Once you add more achievements  when you are concrete about them  the game shall pull in a great many of people.,FEATURE & UI BUGS
Typing issues in blog content While typing cursor automatically gets move to other position . Word's get replaced or get deleted. automatically.,CRASHES
Samsung Galaxy S4 Not working. Just like someone pointed out. I only see 460mA. I must be missing something.,CRASHES
Please add the always on option It will be awesome it you add the always on display feature like s7. And option to add more than 1 widget on the screen. Maybe a pro version for these features. Thanks,FEATURE & UI BUGS
faceing some problem When iam going to custom page it's not work.i can't change the option such as static front page background etc.please develop this!,CRASHES
Works but doesn't. Some apps will make the screen turn on and some won't. Some notifications don't even work at all now unless I have the app open itself that I'm getting notifications for. It's actually quite annoying.,CRASHES
Awesome..but It is an awesome app.. would be great if i could see on my PC what I am typing .. instead of having to look at the phone..,FEATURE & UI BUGS
Cool concept Won't close. Even when I kill the app it still runs in the background. It needs a [X] Close _ï¿½ï¿½__ï¿½ï¿½ï¿½button that ends all its processes  including background. _ï¿½__. I'd also like to see a mood enhancer and anxiety relief beat. _ï¿½ï¿½_,FEATURE & UI BUGS
"As soon as the """"""""always on"""""""" screen comes up  the capacitive keys also light up and stay on. Wastes power unnecessarily  on an app that needs to be as efficient as possible.",FEATURE & UI BUGS
Not too bad Needs some more features to become a really good app (such as look nice on tablet screen size  smoother view/edit transitions)  but otherwise good app.,FEATURE & UI BUGS
Won't let you select a whole folder you have to manually add each photo. So if you have a folder with a hundred folders you have to add them all manually. So this prohibits me from just adding files to a folder and the app be smart enough to add into rotation. Seems very limited.,FEATURE & UI BUGS
Troubleshooting- can't deactivate once activated I have trouble with removing this app please fix. I need to deactivate it first  but when I want to deactivate it from settings&gt;lock screen and security&gt;device administrators&gt;Ac display  it always crashes. I already tried restarting my phone (Samsung S7),CRASHES
Works amazingly well Love it  best subsonic app around. Only issue I'm seeing is new artists are not showing up on the app but do in subsonic server. No other issues found so far. Edit: refresh worked :),CRASHES
Almost perfect Please add option to toggle double tap on home screen for full reveal.,FEATURE & UI BUGS
It's great.. but It would be better of there would be an option to start the app on boot cuz once I reboot into my OS... it takes about a minute or 2 for ac display to start up again. otherwise... no issues _??_??__,FEATURE & UI BUGS
don't shows the parfect direction,CRASHES
"Dropped the ball on this one... """"""""""""""""""""""""""""""""Needs MMS before 5stars but  this app works great!!!"""""""""""""""""""""""""""""""" That was 2013  now.... What happened? Is it not compatible with the Galaxy 6 Edge? I'm very frustrated  please fix these blank messages. Had you at 4 stars but  dropped to 1 only because it's still in my Gmail. Ugh  very frustrating.. All I want is a smooth transition between phones and it doesn't help that these phones are nearly $1000.",CRASHES
It's ok Needs more features and the lock screen needs to have a music widget whenever music is playing,FEATURE & UI BUGS
No Data? There's 'No Data' on capacity.. So i cant see my MAh,CRASHES
Great App Would be nice to be able to have to display your mpd collection e.g. via album  or via Files by default.,FEATURE & UI BUGS
This would literally be the perfect lock screen app IF it had slightly more customization. Let us be able to change the icons and notification highlight color and this would be a 10 star app. PLEASE add these 2 things!,FEATURE & UI BUGS
Please add Sms blocker option Five star worth app but misses SMS blocker do giving 4*,FEATURE & UI BUGS
Add a security lock Hi! Thank You for an amazing app. Please add an inbuilt screen security lock option also  that would compliment and complete the app perfectly.,FEATURE & UI BUGS
Very nice Its great  but sometimes it doesn't refresh with new appointments. This can be forced by changing a setting in the options  but would be better if it didn't fail in the first place!,FEATURE & UI BUGS
Great but.... I would really like to be able to set a sleep timer on the fly without going into settings and changing it permanently. Maybe hold and drag to adjust?,FEATURE & UI BUGS
Excellent app! Use it for work and it has saved my life more than once when trying to remember if I had returned a phone call or sent a text message. My only issue is that since Marshmallow it seems that sometimes it will stop backing up automatically. When I check my calendar and don't see recent call logs  I have to open the app and backup manually to get it going again.,CRASHES
Fantastic storage analyser 3.5.3 fixed a minor crash bug  happy again. Thanks to developer for quick response.,CRASHES
Dileep P Good app. Online version transliteration not working with my Micromax jellybean phone. Offline version only English to Malayalam is available. Please add Malayalam to English also. And plz also add list of words  both English and malayalam. In offline version.,FEATURE & UI BUGS
Best github app available. 1 small request: under releases-&gt;downloads the downloads are shown in a very small scrollable frame. If this frame could be enlarged to show all downloads and enable scrolling for the whole screen  that would be great!,FEATURE & UI BUGS
Three stars Please add the downloading feature without buying youtube red I (and many more people) have bad Internet and only get an hour or less of WiFi a week,FEATURE & UI BUGS
Well  the app is nice... Used the F-Droid version for a while and now I've bought it. The only thing I don't like about Conversations is the theme color  I can't switch green to some other color  and bright green makes my eyes hurt. Please add an option to switch the theme color.,FEATURE & UI BUGS
Please add feature Lyrics Im so love this music player. So smooth and the best music player i've ever found. But i just really hope this music player can be use to display the lyrics. Please add this feature. Im begging you__,FEATURE & UI BUGS
Doesn't work on GS5 Small font. No scrolling.,CRASHES
Can't click connect Was looking forward to this but after filling in the details and accepting the ssl warning I just can't click the connect button  nothing happens when I try,CRASHES
Best crossword app! A+ Clean  smooth interface  simple yet customizable. Many free daily puzzles  plus options to archive and to download more from previous days. Also  it's free! Only way it could be better would be an option for dark background with light text  just to save on battery :),FEATURE & UI BUGS
Good benchmark Button to 're-run benchmark' would be a good addition  instead of it restarting every time the app is opened.,FEATURE & UI BUGS
Leftists Bias In Articles Selected About 1 in 5 articles that populate the reading material is highly biased leftwing yellow journalism. Need a methode to set preferences and ignore these horrible posts. Until then I can't stand looking at it.,FEATURE & UI BUGS
Awful Roms won't show up except for one which is Pokemon black in Japanese please fix this and I will rate better,CRASHES
Awesome app wonderful except when I bought the app yesterday I could send voice text when I went to messaging and today I can't I'm trying to fix it will give 5 stars when I can voice text again my voice indicator is not showing up anymore can you help??,CRASHES
Too Many Bugs to Be Usable Introduces many glitches and control issues (like inability to scroll text boxes independent of the containing page). Another Overrated but ultimately useless 'app' for the growing digital junk pile.,CRASHES
Flyme Not working on flyme android with nova launcher. Doesnt appear,CRASHES
" Please add \\""""""""""always on"""""""""""""""" mode""",FEATURE & UI BUGS
Cant remove the :80 port....,CRASHES
Awesome app  but missing one thing. There needs to be a way to pick which vehicle you want to have as the default when opening the app instead of just having it be the vehicle on the top of the list. Or just add a way to drag and drop to rearrange the vehicle list.,FEATURE & UI BUGS
Nothing but bugs Takes forever for show listing to show up  and usually crashes before finished. When opened again and listing is available clicking on anything causes the app to crash again. At this point it's useless.,CRASHES
Like it But I can't add the pictures from gallery.. but overall this app is very good..,CRASHES
Good Please add use background wallpaper status bar,FEATURE & UI BUGS
Counts are wrong The overview page counts are always wrong.,CRASHES
Used to like But double tap to focus does not work on my Samsung Galaxy S6 Active. Uninstall.,CRASHES
Does not work. When I turn on the app now it freezes my phone in a black screen.,CRASHES
Awesome app  but just one concern This app covers 95% of magic the gathering concerns. My only quarrel is that for MTGO players  the price of cards in tix is not displayed. If this problem was fixed this app would be an easy 100%.,CRASHES
Messages crashes app every time If I try to look at any Messages  the app crashes.,CRASHES
Locked up phone It locked up my Moto e 2nd Gen phone running lollipop. It took me a day and constantly tapping the screen until I got back to the off switch. Nevermore.,CRASHES
Awesome widget  but the deal breaker is that it doesn't open the system clock / alarms when tapped. Rats. Edit: Holy crap! You are are awesome for updating that. Why the extra option for clock settings though? One tap to just open stock clock / alarms would be best  to stay consistent with how the stock clock widget works.,CRASHES
It works I knock out quickly after turning this on. The only thing  is I don't know how to close it without going to app manager and forcing it to close. It just hangs open after using task manager. Please add a quit or end option.,FEATURE & UI BUGS
good but maybe disable the sound when taking photo & video?cuz its kinda annoying.thanks in advance _ï¿½É_ï¿½É,FEATURE & UI BUGS
This seems nice but Can you please add dual sim functionality?,FEATURE & UI BUGS
Awesome app. Very stylish. Would be better if it had security options,FEATURE & UI BUGS
Cheats No doubt its a great emulator... It would be better if you added gameshark codes option...,FEATURE & UI BUGS
Brilliant This is brilliant app. Hope you guys will add poll and video option in next update. GROUP DMs not working. ADD POLL AND VIDEO OPTION and Groul DMs are not showing.,CRASHES
"Way to small fonts on a tablet After 2years waiting I repeat it: Some is adjustable  but most is unreadable small  unusable. Had to find first to scroll down in 9prefs  nothing said in help  so major design probs. Samsung galaxy tab2 7"""""""" Add: still big pain to select several files.",CRASHES
"The playlist is a killer feature; I've known for a long time that Google's implementation is bugged (songs like to """"""""stick together"""""""" when moving them  but the display doesn't render this)  so seeing a developer put time into making an implementation that works proper is refreshing and praiseworthy. The UI isn't great (it shows filenames  not metadata; added songs are invisibly queued until you press add  and cancel is arguably too close; removing and reordering tends to seek back to the top of the list view; etc.) but the fact that it allows one to construct an ordered playlist  can source music from any readable location in the filesystem  allows one to quickly append tracks from a single directory in a specific order  and has an easy to use text-file playlist format more than makes up for those deficiencies. After having a falling out with Shuttle for just these reasons  this is now my preferred general audio player--let alone MIDI support.",CRASHES
Can not open new background tab Fixed,FEATURE & UI BUGS
Withdrawing my 5 stars Because this app has a serious bug. The delete button on sms notification doesn't delete messages or some messages. But that is actually I want this program to do ;delete messages after reading them. Emailed the developer but no news. Samsung galaxy s4 mini GT-I9192 android 4.2.2,CRASHES
great simple app need design refresh and please add colour temperature control  it'd be great,FEATURE & UI BUGS
Meh A bit buggy  please add a fix for half/over sized images  I know this is a wrapper and Facebook mobile browser does it but please try. I will rate 5 stars then.,FEATURE & UI BUGS
Problem Visiting a friend's page  about  details  I can't scroll down anymore. Please fix this.,CRASHES
Its the worst wallpaper ever! When i tried to set the paper  my background home screen just went white then black. Dont install this app! Please fix this then i'll give it a five star rate!,CRASHES
Edited since Gooqle limited characters 1. Issue with not keeping file current (hit back button then went back to file  edits not shown but were saved). 2. Issue with adding md extension to everything  including a pdf file accidentally clicked on. Since md extension hidden I was unaware of this.,CRASHES
VERY GOOD APP (Galaxy S5) I am using this app for long time. Thanks to the app maker at the 1st place. Please add feature of selecting all contacts and unselecting some. This is useful because we need to select and backup some banking smss' that do not contain a contact number. Thanks to the app developer.,FEATURE & UI BUGS
So perfect! It's very nice and convenient. I have just a little request. Can you please add the actual picture of the monster even the armor and wep. Thats all tnx,FEATURE & UI BUGS
Love it but I'd prefer if you add some security options please :) Please add the lock with pin and pattern option! And also the option to customize wallpaper :),FEATURE & UI BUGS
Doesn't work Only ever showed 0mA charge rate,CRASHES
Great app but Please add dictionary option where we can add and replace a word that the tts cannot pronounce correctly.,FEATURE & UI BUGS
Good app! Easy to use and follow. There's this sorta bug(?) when I make a scheduled post and try to revert it back to an immediate post though. ;_; EDIT: When I tried posting it as an immediate post  it wasn't showing up in the home page and it says the post isn't found when I tried copy pasting the URL directly to a browser. I had to delete the post and make a new one  and copy paste the content to post it. Hope this helps!,CRASHES
Nice app But not for dual Sim fone  please add an feature or option for dual Sim,FEATURE & UI BUGS
Awesome app Love the app so far. Helps me to keep track of my build status & issues wherever I am  just a small request can you guys add a build status identifier in the builds tab and polling+auto scroll of the build log?,FEATURE & UI BUGS
Now having issues with connection to dc boot/flash bin It's was fun but do all the games have glitches with the audio and visuals? How can I fix this problem?,CRASHES
More Basic Features please You did a really great work. Thumbs Up! Please add Strobe feature and option to turn on the light with volume button when screen off. Because unlocking the phone and tapping the icon or widget is a long process in a sudden dark situation. Thanks.,FEATURE & UI BUGS
It is good Please add notification settings to keep track of who said something in the channel  including someone mentioned me.,FEATURE & UI BUGS
Very poor Its the worst app I never seen when I install this just my tablet hangs... What the crap is this!! I don't wanna install this app next time,CRASHES
Can't get it to work Can't get widget to load.,CRASHES
Pretty bad Honestly I'm only giving this 2 stars because it's the only dreamcast emulator. Graphical glitches are constant. On screen touch controls are the worst I have seen on an emulator yet and especially the dpad buttons. I don't see an option for save states. Not enough configuration options and can't hold connection to my gamepad for more than a couple minutes. Maybe I'm being harsh as I believe this is new but as it is now  I can't recommend this to anyone.,CRASHES
Only 3 stars... Only 3 stars since you still haven't fixed the bug that makes the message list scroll when I click on the star for a message.,CRASHES
"Great App. Would be greater with a few more options I'm an avid reader and I own a lot of books. Still  I also read a lot of books which I do not own. It be nice to have  with the green check mark for read status  an icon that tells you if you own it and what kind of book it is (Hard cover  paperback or Ecopy) right on the """"""""shelf"""""""". As well  if its a series of book  the total number of books within the series right next to its name  as to help tracking how many we are missing in that series. Would had the last star if both those things could be added.",FEATURE & UI BUGS
Works on Note 4 for Flir Fx app Had an issue with Flir fx IP camera app. Push notifications would pop-up in the task bar but with no audio notification. This app saved me from returning an otherwise fantastic IP camera,CRASHES
Overlaps Keyboard No matter the setting it covers the keyboard. Can't continue to use the app until this is fixed. Android 6 Nexus 6,CRASHES
Please add more!!!_ï¿½ï¿½ï¿½ This app is fantastic already but it needs something more  it needs more option of hanging the wallpaper of the lock screen. Not just homescreen's or a black wall but maybe from gallery??,FEATURE & UI BUGS
"Could you please add the option for Color font_Ñ_ Please add the direct option to color font (ex. &lt; font color="""""""""""""""""""""""""""""""""""""""""""""""""""""""""""""""" size="""""""""""""""""""""""""""""""""""""""""""""""""""""""""""""""" &gt;Word &lt; /font &gt;) it'll help us directly to change font color. Thanks!",FEATURE & UI BUGS
Please add wallpaper scrolling or something like parallax effects to make the lwp look more creative  realistic and attractive.,FEATURE & UI BUGS
I'm not a fan of the icon but it's a great app overall.,FEATURE & UI BUGS
Editor HTML mode Please back to my default on HTML mode when I want to edit post / page.,FEATURE & UI BUGS
Yes Screen is black but But the display is on in black area also..There shouldn't be any light in black areas in case of SAMOLED displays.,FEATURE & UI BUGS
Never closes when you click exit. Just pops up again. Buggiest piece of software I have installed.,CRASHES
Doesn't work This app doesn't change the location of the data your trying to store only creates a zip folder that compresses the data never actually moved it on to the sd card. I almost lost over 250 pics of my newborn when my phone broke this apps is a waste of space Do Not Download.,CRASHES
Its the worst wallpaper ever! When i tried to set the paper  my background home screen just went white then black. Dont install this app! Please fix this then i'll give it a five star rate!,CRASHES
doesn't work with rtl-2832 Says it works with rtl devices but doesn't. never displays anything  even though the rtl 2832 works with other spectrum analyzers. no help files anywhere so good luck figuring out what's wrong!,CRASHES
Voice not audible We are able to hear the frequencial music but No Voice. Would be better if we can hear the voice too.,FEATURE & UI BUGS
Doesn't work well with G3 double tap On my G3  double tapping turns the screen on/off  which i like. It would be nice to have some other options for bringing the image into focus.,CRASHES
Great  but needs more Thanks! Please add the media/files permission  I'm getting access denied when I try to access /storage/* /sdcard /mnt/user. I still think some basic color support (red/green/black/white options?) would be good  and that a real menu interface would be better than longpress (menu button support is nice  but most devices don't have one). It would also be nice to have an easy way to change the keyboard--I use hacker keyboard only with terminal apps  and only rarely  so switching is a pain. I'd be happy to pay..,FEATURE & UI BUGS
Unsafe Please please PLEASE add swipe patterns and PIN codes. This is my favourite lock screen but I can't use it as I want my phone to be safe.,FEATURE & UI BUGS
Great Could you please add an option to enabling and disabling traffic filter from the quick setting (extension tiles) in android nougat.,FEATURE & UI BUGS
Works but... Only if I select all interfaces. If I only select my mobile interface  it fails. Happy it works on a stock ROM  since stock is the only one available yet on this phone.,CRASHES
Bad Update!! Shows wrong information.,CRASHES
Please add a change or edit log so we can see what was edited in the person's previous message. This is especially helpful for Business use. Thank you.,FEATURE & UI BUGS
Interesting. Overwrote my existing pics even though I told it not to. Needs a way to tone the colours down a bit as it's a bit like 60s brothel wallpaper as is.,CRASHES
Pleased with the developers I was afraid I would end up regretting paying for this app but the developer responded to my complaints and promptly delivered an update that solved my issues. While far from being perfect  I am happy enough with the purchase especially if this experience is any indication of the direction of its development. There are some bugs and some more features would be nice but as of right now I am content.,FEATURE & UI BUGS
Best lockscreen ever. Please add secure screen options..,FEATURE & UI BUGS
THIS IS THE GAME I WAS LOOKING FOR! I have two words to describe this game: almost perfect. BUT PLEASE ADD MORE MAPS,FEATURE & UI BUGS
Was good but... ... with Android 6.0 there's a problem. After closing the app it keeps my phone awake until I manually swipe it off from the recently used apps. Otherwise my phone stays with screen on forever ignoring my Display setting to turn off the display after 15 seconds. Fix this and I will renew my rating.,CRASHES
Crashes Too many crashes turning into a black screen where I need to always restart my phone. Also  whenever I watch videos it doesn't load please fix. Thanks,CRASHES
"It's ok The best one I have found so far. I hate the fact that it records letters I mistype as """"""""hinted""""""""... I'm using a touch screen. If it wasn't for autocorrect no one would be able to read this. I'd give 5 stars if they removed the hinted thing.",FEATURE & UI BUGS
My search for a screen lock has ended! Oh no... It's crashing and no notifications... Here was my take when I just started using the app.... But.. Disappointed... Can we please fix the issues! Awesome minimalistic locker... Just works.. Tried so many screen locks... But this one rocks and works each time.. Specially when you have android 5.0 versions... Love this app. Cheers! Look forward to more features soon! Great job by the development team,FEATURE & UI BUGS
Filters not working :( When trying to use the filters and holding the screen showing your face nothing shows up :(,CRASHES
Disappointing A little buggy  a little slow  imperfect web renderng. I'm looking for an alternate to AOSP or the stock android browser which is bloat free and quick but has no ad blocker. Promising browser but needs improvement.,FEATURE & UI BUGS
Good... Good game  but needs improvement. It takes long to lvl up and i find the monsters very op  but over all its a good time killer.,FEATURE & UI BUGS
Great app but Please add dictionary option where we can add and replace a word that the tts cannot pronounce correctly.,FEATURE & UI BUGS
Love it! Perfect  nice and simple...oh but would you please  oh please  add a 10 minute option in between 5 and 15 minutes for turnung wifi on. Thanks,FEATURE & UI BUGS
Sometimes cuts the pic It cuts the pic sometimes so it doesnt fit the screen a part of the screen remains blank...please fix this,CRASHES
Troubleshooting- can't deactivate once activated I have trouble with removing this app please fix. I need to deactivate it first  but when I want to deactivate it from settings&gt;lock screen and security&gt;device administrators&gt;Ac display  it always crashes. I already tried restarting my phone (Samsung S7),CRASHES
It looks cool It is nice very similar to note 7 always on display. But with a limited free options.,FEATURE & UI BUGS
Amazing  but.. It needs more base customizations for the clock itself. Positioning of text  text size  etc.,FEATURE & UI BUGS
overall very helpful Overall very helpful  It does what it says. One drawback. The time between I hear the notification sound and the screen is turned on is around 2-3 seconds on my device  what is too long. I'd like the screen to be turned on immediately (or 1 sec) after the notification sound. Sony Xperia Z Ultra  Android 4,FEATURE & UI BUGS
One More Thing... It's great but the app dosen't have any pin/pattern security please add that feature then you will get your 5 star but other than that it's a great app,FEATURE & UI BUGS
Locked up phone It locked up my Moto e 2nd Gen phone running lollipop. It took me a day and constantly tapping the screen until I got back to the off switch. Nevermore.,CRASHES
Nice but Works great but when I tap on the screen while a movie is broadcasted it closes?,CRASHES
Can't put it on my home screen for some reason. I can see the settings for it but no widget,CRASHES
Great calculator  May be the best ... I was looking for a simple calculator which let me write the math. exps. Same as paper & tried many calculators . Fortunately found this and after installing.... Yeah  that's exactly what I was looking for ? . Just the widget ... It is useless  but can be ignored. ?,FEATURE & UI BUGS
Can't connect at all Inserted in ip/host/username and password. What am I putting in path? Any other app I've used doesn't require a path? Will not connect. Connection failed. Not good! . . . . Update: Thanks to reply sorted my issue and got to say it's the best SickRage app I've used. Great work.,CRASHES
Crashes every time wit FB personal message I prefer this app to FB but it is a nuisance that it crashes every time I attempt to access personal messages that are apparently waiting for me. This bug is consistent across my two devices. I see other users have reported the same frustrating problem but the developer shows no interest in fixing it. I hope they do fix it  as it is otherwise useful.,CRASHES
one sided Great concept  but!! Seems to only want to backup my side of the conversation.. randomly will it insert the other persons conversation. :( and not always in order,CRASHES
Excellent app. Small bug The side bar from the right. Some images appear to open with scrollbar. Zooming out doesn't change the ability to load the side bar menu. Unable to save image etc.,CRASHES
Work great on all my Nexus. But can't show Current (mA) on my new OnePlus One. Can you kindly add support this phone? Thanks.,FEATURE & UI BUGS
Doesn't work at all. Worked fine on my Galaxy s4. Doesn't work at all on my new Note 5. Widget won't stick. Drag the widget where you want it  options screen comes up. Set options  close and the widget disappears.,CRASHES
Would love more information density or more items per screen,FEATURE & UI BUGS
Awesome Now  if it would lend you a bit more tools like the ability of adding textures to read or write into  or use the home screen on rooted devices for creating cool animations; or maybe even have options to write geometry or vertex shaders. Anyway  one can only dream  overall it is a great app and I thank you for it. A certain elegance and a fine sense for details can definitely be seen from the start. One last thing thou  can there be an option to use Tab as a character and not a navigational key for those with physical keyboards? It is totally annoying  but there might be something I miss to see.,FEATURE & UI BUGS
Ok but has bug Like it for minimal permissions. But can not turn off flash light by pressing button. Only exit will turn it off on some devices.,CRASHES
The app is excelent but need a zoom that fit always the page width.,FEATURE & UI BUGS
Good  but small annoyance Good app. The constant toast notifications after the latest update  are extremely annoying.,FEATURE & UI BUGS
cant stop this app very bad... experince i have uninstall app but still can't stop the message which are reding,CRASHES
Worst UI ever. Can't find anything to watch Unsubscribed. Appears like they have a total of 30 movies and TV shows. Nothing original comes up and lots are repeated through different genres or even classified incorrectly. 100% needs a new UI and way of browsing.,CRASHES
Amazing this works I remember trying to emulate dc on a pc 4 years ago and it was garbage. Now it works on a tablet...wow. Not without it's faults  though. The selection of games is limited and the ones that do work have minor graphical glitches. Hope this is still a work in progress. Amazing work so far.,CRASHES
Good but... I can't see linked images,CRASHES
Doesn't handle SSL certificate changes well. Just get stuck in a loop. Clearing data/cache didn't help... Or is it just broken on Android N?,CRASHES
Top rpg list The best game iv played for long time. I wish someone can finish a few more maps dungeons and two citys nor and fey i love the game. Need to keep going but at a end. No ad's  no need to spend big cash to keep up. Just play and survive!!! UPDATE NOW PLZ,FEATURE & UI BUGS
Blue battery icon kills it Otherwise it's great but with a transparent status bar  hard to see the icon,FEATURE & UI BUGS
Please add a password to the lock screen too The app is great with its UI and design... Size is affordable and love to unlock screen with it,FEATURE & UI BUGS
the widget is too wide  please add an option to resized it. and an option to change font type and background. and an option to hide the widget when there's no network or connections.,FEATURE & UI BUGS
Not exact When i tried it from other side and several time  always different results,CRASHES
Too many errors I found the interface interesting but I got it for my tablet which I use on the subway. This thing went nuts crashing and restarting and interrupting games and other apps so I had to remove it. Did not do well with intermittent connectivity,CRASHES
Nice app. Cool user interface and design. Cool functions. But there's no blacklisting. Please add this feature.,FEATURE & UI BUGS
Ideas On the next update could you include the ability to see the recent added on top of the list / recent to oldest,FEATURE & UI BUGS
Stability  efficiency  simplicity  and endless working devs make this subsonic client the best in its class. -update Still the absolute best in its class  but PLEASE GIVE ME ENQUEUE BY DEFAULT OPTION! Thank you!,FEATURE & UI BUGS
Not better I can no longer remove pictures from my photos. Its very frustrating  please fix.,CRASHES
Almost perfect. I love the app  but please add pin/pattern/fingerprint to unlock! I would love to use this to replace my lockscreen &lt;3,FEATURE & UI BUGS
"The slow decay from greatness. Early adopters like myself have witnessed this rollercoaster. The perpetual transition toward gratuitous fiscal propriety. Monthly """"""""subscription"""""""" to access your OWN music? Little too much to tolerate. Especially following the other shameless attempts to squeeze more money out of initial supporters. Too bad too  this software was excellent otherwise.",FEATURE & UI BUGS
Note 5  small bugs On my note 5  when I open the app  it only gives me options to select sources  and the pictures of the sources don't show up. I also can't look at previous pictures of the day,CRASHES
Suggestion Please add an option to filter the videos in a channel,FEATURE & UI BUGS
Was OK Haven't used this for a while due to dates in calc not displaying correctly and limitations to document size. Edit was a bit of a disaster as it reformatted my document. Have tried again but am now going to uninstall. Not sure if the problem is with newer Libre Office or this app.,CRASHES
" Good but a little buggy Awesome app  would be better with \\""""""""""Okay Google"""""""""""""""" hotword detection EDIT: For those who dislike the constant notification  long press on it  click the little i  and set notifications to none :)""",FEATURE & UI BUGS
Useless The screen doesn't wake up when I receive an email notification. Even though I have all apps's notifications (including system ones) active. It only wakes up on random notifications at random times. Useless to my moto g.,CRASHES
Getting some strange glitches. The settings sliders sometimes unset themselves  conversation not in list after sending message but can see after search  slider not accessible.,CRASHES
Doesnt work as it says When I backed up the firat sync  nothing shows up in my email  and the log on the ap was empty.,CRASHES
Blu Studio 7.0 NICE but needs batch mode for single conversations and the ability to change color for single contact conversations     PLEASE ADD      PLUS     a transparent theme PLEASE!!!!.,FEATURE & UI BUGS
Home button bug You just have to press home button to skip to lock screen,CRASHES
It looks great but It doesn't always update for me. The app icons shown don't always reflect the apps that I have most recently been using. Galaxy Note 3 running android 4.3.,CRASHES
LOVE IT. But  I really love every feature of it  but I want some security like password or pin to be added to this app. I think it'll be really awesome to have it in this application. Please add it.,FEATURE & UI BUGS
Does not work fully Would of givin it 5 stars but the double tap to see the photos does not work. Love the app just wish that would work. Would be so much better if I did not have to open the app to see it.,CRASHES
Love it Love it  love it  love it. It isn't perfect (still beta)  but I do believe this app will be a great app. If it's possible  I think the clock should move from corner to corner instead of just moving up and down. Also  the notifications do not show up on my screen.,FEATURE & UI BUGS
Great potential Good start  but can improve a lot. Fix the game ratings  they don't match the website.,CRASHES
So much fun! Just love the simple interface and the fact that I can play versus my friends. Looking forward to updates where I would be able to play online against a remote opponent.,FEATURE & UI BUGS
Nice apps  I'd love to see an armor builder in it too  like the one on kiranico  I'd pay for that on an app,FEATURE & UI BUGS
Droid ultra 4.4 Actually really accurate for me... Only problem is when not charging it shows 200mA not 0 but when charging it matches the chargers specs  tested with multiple amperage chargers. Would be extra nice if it only updated while charging. Seems silly to make it update when not connected to power,CRASHES
Please add feature for split screen.....,FEATURE & UI BUGS
"Something bad happened. Couldn't open file"""""""" File opened to read. Edited the file I was sent and upon saving the edited version the message above repeatedly showed up. Hesitant about sending the error report due to the sensitivity of the document content. Will give 5 stars when I can successfully save an edited document.",CRASHES
Stupes Utter rubbish.. Not 1 search has yet to produce what I'm looking for.,CRASHES
Almost perfect Use this app for years  paired with swype or hacker's keyboard for arrow & clipboard support  just like JuiceSSH. Please add arrow & clipboard buttons  so other keyboards can be used and I'll give 5 stars,FEATURE & UI BUGS
samsun galaxy s4 mini smiley don't view when touch icon,CRASHES
Good on pictures.. Can someone pls explain how this works I download it and I can prewiev and everything but it doesn't work I tap on my phone nothing pls,CRASHES
Great app Only improvement I'd like to see is displaying infect and life total on the same view (rather than having to switch back and forth),FEATURE & UI BUGS
Just what you need Good job in getting the imd together. Lovely app that really helps. What we need is a basic route guide. So if I say Bkk Vyyy ptn nnp BBB... It should draw a line that can help know the weather on route,FEATURE & UI BUGS
Worth 5 stars if settings worked The app would be great if the settings worked  but they rarely do. It's especially problematic that the navigation rules/preferences don't work. The timer won't display. Closing & restarting the app after changing settings doesn't help. Using Samsung Galaxy S4  Android version 5.0.1.,CRASHES
So Slow Its a good emulater not gonna lie but its so flippin slow!Also this game didnt have a speed up button so its even worse.Pls Speed it up to normal speed and add the speed button for 5 stars because it deserves it...,FEATURE & UI BUGS
Video problem Whenever I post a video it gets blank and only pixels are showing now it gets worse,CRASHES
Doesn't show up at all,CRASHES
Looks awesome.. Just make the notifications go away if they are already checked inside.. This is a huge flaw. Thanks,CRASHES
Problem Visiting a friend's page  about  details  I can't scroll down anymore. Please fix this.,CRASHES
The Barcode scanner won't work As soon as i click on the Barcode scanner  the app crashes and opens a random app on my phone. I want to use the code but it's so inconvenient typing that long code. When that little crash issue gets fixed I will give the 5 stars it had.,CRASHES
Icon color Please randomize icon colors when random theme is activated,FEATURE & UI BUGS
Nice App! I'm new to the app which is why only 3 stars (for now). Very nice initial impressions  will probably do some in app purchases. Would love to see some more customization to the widgets.,FEATURE & UI BUGS
Doesn't always work. It scans but nothing shows up  which is annoying.,CRASHES
I can even open the app plz fix,CRASHES
Notification This app is so pretty..i really like it but the problem is that is not shown any notification if i have received in any apps ex: whatapp  facebook messenger emails...means any apps notification not showing when its on almond screen... thank you.,CRASHES
Simple Counter is exactly what it says in the title  a simple tally counter app. The feature to count is there with buttons to add or remove from the counter. There are more features though  with the ability to store multiple counters  edit the number in the counter  value reset  and volume buttons to use for counting. As a free and open source app  Simple Counter does what it does well with very straightforward and direct tools for tally counting with a simple yet useful mindset.,FEATURE & UI BUGS
Few improvements til perfection Pls include blur option for the wallpaper and option to place the clock on the upper center of the screen.,FEATURE & UI BUGS
liked but Needs improvement??_??__??_??__ How to deactivate and uninstall it?,FEATURE & UI BUGS
Very good app If you could add a description field for transfer transaction same as the one for the payment to make some notes for what you transfer the money for the other person. Thanks and hope to see it soon,FEATURE & UI BUGS
Great app! Good work buddy. Nice  simple  clean. Perfect. Works great on my HTC ONE M8  however is not compatible in my CaFi Car Android unit  but no stress. Keep it up. 5 Stars. A suggestion would be to incorporate a diagnostics tab  like that found in the official app once authenticated after 5 taps on serial number,FEATURE & UI BUGS
Amazing Please add palico skills  food skills  and small monsters or make a paid app with those added.,FEATURE & UI BUGS
Nice Thanks can we have round button like iPhone big blue round one,FEATURE & UI BUGS
LG Mach  ICS 4.04: Great utility made even better Excellent for learning choral music on-the-go  without the weight of my book  with a good stereo headset---also works great piped through speakers at home. I recommended this app to everyone who does part-singing. The option to show lyrics and measure numbers already present is a plus. My community chorus midis are notated that way. Instead of coloring the notes  the option to highlight my part by the line  like a highlighter  as well as the words  with different colors for each  would be better.,FEATURE & UI BUGS
Good app except for... it doesn't respond to screen taps half the time on LG G2  making it difficult and annoying to navigate. Also is not downloading NYTimes puzzle  despite correct account info entry.,CRASHES
Excellent emulation Runs sonic adventure 2 with minor graphic glitches. My only complaint is that the emulator closes entirely whenever you turn off the screen or go to your phones home screen  forcing you to restart your progress. Could really use a save state function or sleep mode,CRASHES
don't shows the parfect direction,CRASHES
" Doesn't work at all Tried on moto x and moto Xprt and Samsung note 8. Nothing shows up by default. Manually brings up the notification but it reads \\""""""""""no data - no data - no data - no data"""""""""""""""".""",CRASHES
Great! Just please add the option to ignore certain notifications within the same app  currently one can only either ignore the whole app altogether or receive all of its notifications  for example I want to be notified of new WhatsApp messages but that's it  I don't want it to voice notify me that I have copied a message or deleted so many messages  thanks,FEATURE & UI BUGS
Galaxy note 3 I'm using it as my daily but it really needs an update to reduce short delays.,FEATURE & UI BUGS
Could be great If it would stop crashing and constantly be force closing. It had a perfect layout  easy to use but the never ending crashes is a deal breaker for me,CRASHES
Nostalgia Great to go down memory lane. Will rate 5 star if/when save states are integrated and program doesnt shut down when i close the screen.,CRASHES
" Please!! Great app. Please add gesture \\""""""""""shortcuts to start the capturing"""""""""""""""" for launchers!! Like nova 4.0""",FEATURE & UI BUGS
Good. Solid  polished app. Works well. Issues I had  though  thus preventing 5*: the icon being at the top left meant that I couldn't run away from a catch. I know you can move where the icon is  but it'd be great to be able to do it on the fly (double tap and drag  maybe?). And secondly the menu items didn't customise as I wanted. I don't want pidgey Calc etc and the icon showed them anyway. Randomly it stopped showing them (as in  it randomly decided to finally accept my customisation). Great app though. Thx!,CRASHES
Just what I was looking for Beautiful  minimal app with fantastic extensive capabilities. Really want the opposite of the blur feature to be implemented though - lock screen should be blurred and the home screen should be clear.,FEATURE & UI BUGS
When I synch the account of my laptop then open the same account on tab it show me different picture on the tab  so I go back to the laptop to see if anything went wrong but no everything is fine! Something is wrong with the synch on the tap I'm talking about a card which made of pictures as Q and picture as a answer! Seems like the picture code or name cross another picture code and name and end up showing me another picture from anther one of my accounts or desks!,CRASHES
Worth 5 stars if settings worked The app would be great if the settings worked  but they rarely do. It's especially problematic that the navigation rules/preferences don't work. The timer won't display. Closing & restarting the app after changing settings doesn't help. Using Samsung Galaxy S4  Android version 5.0.1.,CRASHES
Unable to set sampling rate on infinix X2 with MT6753 Unable to set sampling rate on the hackrf one on phone with MT6753 processor.,CRASHES
Very handy but a few bugs The file selector control used to select a file for encryption/decryption doesn't seem to work. After selecting the file  the filename field remains blank. Have to type it in manually or paste from clipboard. Please fix.,CRASHES
Incorrect data This app showed a current of 566 mAmp when charging an HTC One M7 and 533 mAmp when not charging. This is obviously incorrect. Good interface  though.,CRASHES
not working on kitkat 4.4.2 on my s4 i have to swipe it down to see the details of my notifications when i hit lock button and unlock it   i again have to swipe it down to see the details of my notifications it only gets expanded manually by me   not working good :/,CRASHES
Please please please do a better implementation of online gallery/photo viewing. Take a look at Cirrus  smoother viewing  it doesn't download the full sized image but rather a scaled version (important!)  and preloads the next image automatically. Edit: Thanks for your response  and YES  well done! The beta version does *exactly* what I was trying to explain  perfect and thank you! Good work guys ;-),FEATURE & UI BUGS
Like to see weather on task bar,FEATURE & UI BUGS
Switches off my WiFi... ...while I'm reading News Republic or play games (htc one m9 and Nvidia shield tablet). Please correct. Edit: I can confirm another two Android phones switch off Wi-Fi randomly by your app. Are you sure that once you trigger the counter it resets when the screen is on again within given time? I recreate the script in automagic and had same issue  now I use automagic on my rooted devices  but I would like to use your app on unrooted ones.,CRASHES
Double tap doesnt work in note 5,CRASHES
Lost 22 march event in Melbourne Right now the stops in Melbourne CBD are closed but your app shows trams are coming!!!!,CRASHES
Great Great rss reader would give 5 stars if could scroll articles with volume button,FEATURE & UI BUGS
SEARCH RESULTS Search doesn't work when typing on keyboard  That's REALLY annoying. Like it doesn't search anything i.e. respond when I'm tapping on the keyboard. Fix that issue please. That'd be great!,CRASHES
Now having issues with connection to dc boot/flash bin It's was fun but do all the games have glitches with the audio and visuals? How can I fix this problem?,CRASHES
Awesome. Please add self organized sessions.,FEATURE & UI BUGS
It's slower when opening conversations than other apps like EvolveSMS and Messenger. I like to see time stamps on each message sent within a conversation like some other apps and speed improvements. That would make it 5 stars for me.,FEATURE & UI BUGS
Status issues I cant upload a pic for status update. Hit camera icon and nothing happens,CRASHES
Great but When i swipe down the notification  the animation not smooth enough  please fix it for 5,CRASHES
Useful little app Pretty cool little app  by far most useful to check things that would otherwise mean logging in manually. Although  it doesn't quite understand that sudo or service are commands... And when you hit reboot it says it's failed but does actually reboot it. Couple of things to look at guys. :),CRASHES
"ok such a nice app but i cant add photos from gallery.it says """"""""There was an error adding the image"""""""" HELP",CRASHES
I would give it 5 stars if I would give it 5 stars if the time doesnt move from top to bottom.... Thats the only problem...,FEATURE & UI BUGS
Excellent I use gauth to provide 2FA for ssh logins  su/sudo attempts  Gmail  aws... and I also use it for work. It's practical security done  seemingly  very well. My only complaint is a UI problem. I have a lot of keys and the existing display options have no company option. It's frustrating to scroll through the list  especially when we could easily have a font size option as well as compact themes to reduce whitespace.,FEATURE & UI BUGS
It is good  but... I only gave it three stars for the fact that I cannot add books to my library from this app. Or the fact that you cannot see other books in the same series. You can't even look at other books by the same author. Besides that  it is a good app to have for Smashwords.,FEATURE & UI BUGS
it Is great it will be better if it can save the pink for clicking on later according to user's preference,FEATURE & UI BUGS
Not Bad......Could Be Better Thanks for picking up where Yahoo left off when they ditched all the loyal Astrid users ? After using Astrid for years  I have two suggestions/requests: 1 - Functional: add the facility to get a reminder (via a check box) an hour before the task deadline is due  without having to set a specific alarm (this has to be reset every time a deadline passes & you extend it). 2 - Aesthetic: add an option to be able to make the background more or less transparent  using a slider. Other than that  excellent ?,FEATURE & UI BUGS
"Masterful User Experience I've searched and studied dozens of to-do list apps  and this one is the only one (maybe right next to Todoist) that really """"""""gets it"""""""". We want as few taps as possible: Keyboard opens automatically  designed so it doesn't get in the way. Colors don't have a separate unnecessary menu  and the reminder date moves to the time  just as it should. Excellent work! The choice to omit a header bar also shows good visual design  keeping it uncluttered. I would like Roboto font and repeating reminders. Keep it up!",FEATURE & UI BUGS
Programmer is very responsive  great feature list. I use widgets to provide at a glance bitcoin stock levels (e.g. BTC-e)  and  for mining status for my miners on various pools.. Definitely worth the donation  I use it daily (several times daily  in fact! ). Some screen formatting concerns for Nova Launcher  but great with default launcher (Nova was my choice  not this guys fault). Optional tap on a widget to get on demand updates. New pools and updates to pool API's regularly. This app is well supported.,FEATURE & UI BUGS
Does not work Widget just brings up settings menu when added to page,CRASHES
Plz add an option as to from which numbers we want to back up sms aor atleast from which time period. I wanted to back up my sms n it showed 20000 sms..so i had to drop the idea...,FEATURE & UI BUGS
It takes more battery !!! Drains battery and most clock icons charges money.,FEATURE & UI BUGS
Open doc My complaint is that the page separation isn't the same when I print from my phone,FEATURE & UI BUGS
Problem with contacts Some of my saved contacts show up us numbers. Otherwise its good,CRASHES
Not able to play god of war ghosts of sparta on it. When I click on the game it just shows a black screen Unable to play on it  got the iso file but when I click on the game the screen turns black please help works on other games but not god of war,CRASHES
Thank you Dev Adam Szalkowski. Very useful app. I was dreaming of this app for a long time. I never knew that the great dev wrote this app. Suggestion: Please add dark theme.,FEATURE & UI BUGS
It's ok Tried loading pic but it doesn't work since it can read pictures from my whatsapp folder and wiil not read other folders making it impossible to download the pics. Again picture orientation is bad. Does not show related items to the item one clicks on .fix pls,CRASHES
Does not work in my nexus 5 No data; no log,CRASHES
Hi there. I use MAL. Today  I opened the app to update my list but then the Manga List wouldn't show anything. I uninstalled and reinstalled the app. Still nothing. I synced it a couple of times too. Still blank. The only thing affected is my Manga List. The Anime List is working just fine. I have a very stable internet connection too. Could you please help me find the problem? Thanks so much. :),CRASHES
Almost perfect! Simple yet versatile! If only there was a drag & drop option to rearrange the app icons. Pinning the app and changing the order with 'Pinned app sorting' option is all good and stuff  however it would be much more easier to have a drag & drop option. Also  it'll be great to have all apps listed in Hangar rather than limiting them to the ones that is frequently used. Divider is a bit rectangle-ish  a more square design will make it look more presentable.,FEATURE & UI BUGS
Every time I want to send a snap or a message I have to uninstall and then reinstall the app   otherwise it doesn't send or it crashes   fix this please,CRASHES
Great App. This app does exactly as promised. It even recovered photos I thought were gone due to my phone automatically deleted when it unexpectedly crashed. When I checked the picture folders in this app I was surprised to find all photos were there. To the Dev team Awesome work! Please add a device memory compression feature. It's been 5 mos since the last update was released. **Is this app still supported??**,FEATURE & UI BUGS
Well-done & simple! Could do with a little more space between number field & go button (a little cramped for editing?),FEATURE & UI BUGS
Please add this Would be great if there was option to upvote and down vote using icons,FEATURE & UI BUGS
"Works really really well and deserves 5 stars except for the poor volume control slider. It's just too small and I only manage to click it with about 20% accuracy; even on my 10.1"""""""" tablet! Otherwise  great app with all the functionality I'd ever require.",CRASHES
Works? The icon is so ugly... Something pixelated?,FEATURE & UI BUGS
Please add BANGLA language! I need BANGLA language and BANGLA dictionary. You should pay attention here that about 28 crore people speak BANGLA. Also I can't change the size of the keyboard and it covers the half of my screen. Predictions are not so good  but it's ok.,FEATURE & UI BUGS
awesome app I love this app very much...but suddenly i m having problem..now i can't see table of contents option in menu before i can see that but not now.please fix this,CRASHES
Great. Easy to use. Very simple and clean app works great. Best part is  it doesn't overlay the notification bar (unless you want it to) so in the morning it's easy to turn back off. Only problem is the app crashes if you move the selector too far to the left (bellow 25%),CRASHES
Nice app Works well  but would be better if you could save multiple queries though.,FEATURE & UI BUGS
It only sounds good  settings not always work It looked nice - adding the icon to the drawer for sleep mode. Well  it did not. And while trying different settings combinations it finally got to the stage when auto turn on is disabled  the night shade itself is disabled  but the screen is tinted and dimmed. When finally managed to wrangle everything back to normal state  uninstalled at once - don't want risk sticking again...,CRASHES
Lollipop battery incorrect on lock screen FIXED* FIXED IN UPDATE  thanks dev! On the lockscreen  notification as a card  but the battery is incorrect. Battery levels will get stuck at random periods  like 91%  80%  etc. However  after you swipe your lock code and get to your home screen  the battery number at the top left corner is correct.,CRASHES
New mask Don't like the new mask  and would be nice to have more icons.,FEATURE & UI BUGS
awesome we can watch video directly in app.very nice.better than official fb app.hope next update will bring more features.maybe move to sd.hehe.sorry for my bad and broken english,FEATURE & UI BUGS
What's wrong? Pictures are huge. Please fix this latest update.,CRASHES
Needs improvement Used to work great  now it crashes on my Nexus 5. Very sad to lose the score mid-game :-(,FEATURE & UI BUGS
Folders Instead of Photos Really great  but it'd be even better if in My Photos we could choose entire folders instead of individual photos. Good for people who already have large wallpaper collections.,FEATURE & UI BUGS
Great app although some icons do not conform to material design,FEATURE & UI BUGS
This app is so lame it only shows one page of data and nothing else I deleted it immediately what a waste of space,CRASHES
Server not found Server and client installed. LinConnect enabled both in-app and in accessibility. Server running  same network... no server seen... Custom server ip returns test notification not received error. Help appreciated :),CRASHES
Love it Great App  certainly the best available for our Squeezebox. What would be a great improvement  however  is the preloading of the My Music folder. This way I could scroll through my music and would not have to wait for folder names to load. It's a minor nuisance  but something that annoys me once in a while.,FEATURE & UI BUGS
Lollipop update I love this app  but since I updated to lollipop  I can't see the words I'm typing. It's white font on white background. Please fix  then it will be 5 stars again!,CRASHES
Super! I've been using Periodic Table app by Material Droid; now I realize it is a (possibly illegal) copycat of Elementary. Glad I found the original. This app is ad-free  well designed  simple and easy to use  with no unnecessary extra info like historical facts or photographs which can be found in wikipedia. Minor complain: in table view the color square of element symbol seems truncated  with atomic weight hovering over the symbol--looks so on my 7in tablet.,FEATURE & UI BUGS
Good  needs improvement Accuweather notifications are not working after the update. Otherwise a great tool.,FEATURE & UI BUGS
Didn't Work Widget won't load onto screen. Notification bar shows incorrect figures. Moto X Style  Lollipop. Uninstalling.,CRASHES
Awesome app Just one thing please add its on security lock...,FEATURE & UI BUGS
Nice little app for saving battery Can you please add option to set shorter on-off duration? Say 5 min sleep time and 2 min connect time?,FEATURE & UI BUGS
Why I updated this app to the latest version and I can't add pics from gallery anymore. Why??,CRASHES
Dreamcaster Runs really good just booted up power stone and yeah back to my Dreamcast days. Still some bugs with it ie:full screen mode choppy and touch controls are off a little bit. But still all good looks gooood in HD mode. Thanks and please keep it updated.,CRASHES
Please add a revert function. Almost all of my contacts look the same. Too much green and yellow : (,FEATURE & UI BUGS
Nice interface but lacks file open & save Better  lack while loading file and saving it,FEATURE & UI BUGS
faceing some problem When iam going to custom page it's not work.i can't change the option such as static front page background etc.please develop this!,CRASHES
MMS issue and slow to launch It looks good  But can't not send pictures taken from camera on the app. Need to use my camera to take the pic then go to the app and select the pic from the gallery to send. Takes up to 2.5/3 secs to open. Not good.,CRASHES
Change Size? I just got this widget and I already like it  but is there another size I can download? I only see a 4x2 one and I need 4x4 as is shown in the first screenshot here. Thanks!,CRASHES
Game feature The degrading of weapons is okay but allow the Player to turn it on and off since...you know some of us aren't that hardcore. Plus please add a option to toggle degrading off...please,FEATURE & UI BUGS
please fix can't browse FM  thus can't choose path to custom man pages .gz file for offline use.,CRASHES
It's awesome BUT... My battery level is sometimes like 10%behind the actual percentage  it refreshes when i refresh the weather manually which also doesn't always work  i must sometimes click the weather like a retard 1000 times so it refreshes and i have auto updates every hour.. Also I'd love to see more colors for the text  more customization generally f.e. What to display for every specific extension and stuff like that  more colors  change fonts  change density of the extensions.. Works on my HS flawlessly otherwise,CRASHES
Useful App Please add optional Plus sign (+) at SD Card word in popup dialog for easy to use.,FEATURE & UI BUGS
Force closing It force closes when switching wallpapers. Doesn't let me set wallpapers anymore.,CRASHES
I love this app ... I would love to see a widget that would show your current location as you move just like as if you have the app opened,FEATURE & UI BUGS
Just great all around. The app is clean  functional  and has a quick reply feature that works better than other apps. Just about no complaints  it was money well spent. The only issue is that the shortcut on my home screen (GEL) deletes itself on restart.,CRASHES
different color for username username color need to be diffeeent than comment and the thumbnail views need to be more condense so allowing more post per page imo. Everything else is very fast and beautiful  keep up the good work.,FEATURE & UI BUGS
Please add call system Please add voice call option.,FEATURE & UI BUGS
Good but ... It's the best Dreamcast emulator  but it would be better if you could make an update that allowed you to be able to insert codebreaker codes. PLZ MAKE AN UPDATE THAT WILL ALLOW YOU TO INSERT CODEBREAKER CODES!!!!!!!!! PLZ! Also Can You PLZ Fix Sonic Adventure 1 & 2?!?!?!?! and fix the left and right trigger?!?!?!,FEATURE & UI BUGS
luv it but please add permanent action bar  thx,FEATURE & UI BUGS
Great Start! Although it is in beta phase  I absolutely love the app and I think it has great potential! I've already donated to the development of it too  but I discovered later that I could have paid for extra features... No big deal  but I really want to see the full version of this app soon (with multi reddit feature.. really important!) edit: it has only improved since my last rating! Kudos!,FEATURE & UI BUGS
Super useful Clean  uncomplicated layout & easy to use. Perfect little reference tool. I'm hoping they can get Path of War info up before too long.,FEATURE & UI BUGS
Almost there I love this app  but there is ONE THING you can do to make it better  please add a deck builder as well  after all you guys already have a lot of amazing features on this app  but to make it even better  and just mold it into the best card game app ever  which it kind of already is in my opinion  is adding a deck builder into it so that way I  and others  don't have to also download a deckbuilder along with this  when this already has a database built into it,FEATURE & UI BUGS
Very Very good Please add quick reply...edit:no quick reply yet and no finger print suport,FEATURE & UI BUGS
Used to work... now it doesn't. Uninstall,CRASHES
Group messaging and sending pictures does not work on this app even tho I changed the setting and enabled the group messaging,CRASHES
Doesn't work with gravity screen When I pick up the phone I doesn't wake!,CRASHES
Good app! Easy to use and follow. There's this sorta bug(?) when I make a scheduled post and try to revert it back to an immediate post though. ;_; EDIT: When I tried posting it as an immediate post  it wasn't showing up in the home page and it says the post isn't found when I tried copy pasting the URL directly to a browser. I had to delete the post and make a new one  and copy paste the content to post it. Hope this helps!,CRASHES
A God send! Awful interference problem with my 868MHz central heating system. 20min with this app and an rtlsdr dongle tracked the problem to an old controller with a near flat battery transmitting a continuous unmodulated carrier.,CRASHES
Extremely annoying I am continually getting error messages or it only shows a loading sign. This happens about 95% of the time. I log out on my cell and signed back in  I than cleared my data for this app when that doesn't work I uninstalled and then reinstalled it. Nothing works. It's not our internet or the 4G through our cell service. Hulu never acts up like this. Are you wanting me to cancel our 5 plus years of Netflix loyalty Netflix?,CRASHES
Improving... Only options to open files are Google drive  images  etc. Don't see a way to browse local files. Update: This developer has been very responsive. I had a problem with the free version and he was very responsive then  too. This app is a work in progress. It's not bad for a simple editor  but it's not quite ready for prime yet. 3 stars for now.,FEATURE & UI BUGS
Need another format I'm having a hard time downloading MIDI files on my device (LG Volt). If there's a way to upload MP3  I would give 5 stars. Otherwise  I do like playing along to the pre recorded tracks.,FEATURE & UI BUGS
Good to do app Please add option to change default settings (time  color  repeat  etc). I typically add tasks for the day in the morning but it won't appear on widget cuz it defaults to next day. Thx,FEATURE & UI BUGS
Descent Very impressed. But seems some apps never showed in the list. Could you pls add netstat function? A folded log view of consecutive traffics of the same app would be better for overview,FEATURE & UI BUGS
"Rename to """"""""SEND TO NO WHERE"""""""" Thanks to this app I just lost over 2700 pictures. Awesome. Worst app ever. Do not download and do not use. Wish they would do something about my lost files. But that definitely won't happen.",CRASHES
Didn't work on a LG G3. Just displayed approximately 5mA all the time. 2 star rating only reflects that it didn't work on a LG G3  it may well work on other phones.,CRASHES
Nice! Please add a way to view the alarm clock time,FEATURE & UI BUGS
The only one It is a great emulator. No other emulator can do such emulation. But it really needs a save state to instantly save and load game. Please work on it.,FEATURE & UI BUGS
No longer working It no longer show the remaining days left when widget is expanded,CRASHES
Glitches At my first time to play  it was fine. Until it was glitching. When I open the app  the floating icons at the beginning is surrounded with black. I can't even see anything when I will play. So please help me fix this glitch and I will rate it 5 stars.,CRASHES
Awesome app  but just one concern This app covers 95% of magic the gathering concerns. My only quarrel is that for MTGO players  the price of cards in tix is not displayed. If this problem was fixed this app would be an easy 100%.,CRASHES
Clipboard option isnt in Share menu for images in google,CRASHES
best 'top' and 'netstat' out there. it would be awesome if you split the top and the netstat into separate apps and get rid of logcat (there are way more advanced logcat apps out there!) Also change the settings vs order by icons - I keep mixing them up all the time!,FEATURE & UI BUGS
Doesn't handle SSL certificate changes well. Just get stuck in a loop. Clearing data/cache didn't help... Or is it just broken on Android N?,CRASHES
Great app The armor builder needs to include a tab that shows all the components needed for that set  just like the wishlist has.,FEATURE & UI BUGS
Works flawlessly for what it's meant to do Plucklock is extremely simple to use and set up  as a start. You simply decide how sensitive you want the application to be and it does the rest. It's useful both to protect your phone from potential pluckers and as an alternative method of locking your phone. Careful  though  of low sensitivity thresholds as they may prove more of a hindrance than anything else. At a threshold of around 2.5 I found that the phone wouldn't go off randomly or inconveniently  but would do so with a quick shake.,CRASHES
moto g4 plus great app love this app i suggest u plz add option to change the background colour or add an image,FEATURE & UI BUGS
Great app. Needs a few more features but it is still great so far. I wish there were more open source apps like this for android,FEATURE & UI BUGS
Resize doesnt hold I resized the widget to full screen. Then next time i scroll my screens to that page the widget shrank back to the original presized size only showing 2 days agenda when i have a full month agenda,CRASHES
Color scheme that works in map First  this is the gold standard for puzzle games. Lots to choose from and all with various levels of difficulty. But the big deal is map. I'm red green colorblind and never thought I could play a color-based game without some other help. With the new color scheme  I actually can! Minor point (not worth a star): I still can't use the dots without the letters. So it would be nice to either have larger dots or a way to keep the letter hint on in settings.,FEATURE & UI BUGS
Continually crashes  even after Force Stopping Crashing issue fixed  but now there is extreme lag when scrolling. Freshly reset Moto Z Force Droid on Verizon with Android 7.0.0 Security Patch from December 1st,CRASHES
A tiny symbols color indicates charge/discharge A simple + or - in a larger font would be better.,FEATURE & UI BUGS
Feature request... If its possible to add option to hide second ixon it will be awesome. I don't use big cores at all. Edit: I like the new changes... Great!,FEATURE & UI BUGS
Doesn't open Closes immediately after clicking. Says AnkiDroid encountered a problem. Please fix this. I really need to review.,CRASHES
Crappy news stories Every time I pull up the search engine I get a string of really biased news stories. Start page or ixquick are search engines that don't push their politics.,FEATURE & UI BUGS
"Fixes a problem  then creates another one I think the app is well intended. But you end up with a bunch of pixelated contacts. And that looks horrible on your """"""""""""""""""""""""""""""""recents"""""""""""""""""""""""""""""""" view. Also wen you restore your contacts  they end up even more pixelated. Can you please add a way to delete all the contacts with generated pictures",FEATURE & UI BUGS
Has some fairly big problems. Can't post photos or tag people. Might be more of a problem with Facebook website rather than tinfoil?,CRASHES
Really great icon pack! Everything's sorted out except for the fact that a custom style applied to the theme appears to break / prevent some apps from loading. One example is Feedly. If I apply another icon-pack in CM11 aside from this  the app loads as expected. Any chance we can take a look? Keep up the good work!,CRASHES
Awesome app!! But needs a lil tweak for nexus 6 devices I love this. But I am having an issue when trying to edit the touch screen buttons. Every time I try to launch the editor the app just closes. I don't get a error message or anything it just closes. Can you please help? Thanks.,CRASHES
Works but... Only if I select all interfaces. If I only select my mobile interface  it fails. Happy it works on a stock ROM  since stock is the only one available yet on this phone.,CRASHES
Awesome Just what I wanted. Thanks for making such a great app. It will be better if you can add auto changing wallpaper and animation such as zooming and moving. Also animation between Wallpaper changes. Please add it.,FEATURE & UI BUGS
"Good Couple of things I'd like to see. Better support for the """"""""top"""""""" command  so that it will accept keys entered. Also easier shortcuts  like the ones where you can tap and add ctrl key amd then hit the letter you need  for example. See Juice SSH.",FEATURE & UI BUGS
Have to have an account In order to subscribe or follow someone you have to make an account on the app. You can't just subscribe like normal. Also it takes along time to upload photos.,FEATURE & UI BUGS
"Could you please add the option for Color font_Ñ_ Please add the direct option to color font (ex. &lt; font color="""""""""""""""""""""""""""""""" size="""""""""""""""""""""""""""""""" &gt;Word &lt; /font &gt;) it'll help us directly to change font color. Otherwise app was good however it's RAM usage is little bit large but it's worth it. I LOVE WP Thanks!",FEATURE & UI BUGS
Doesn't work. At all. Doesn't seem to work even with BusyBox Pro installed. Or maybe I'm not doing it right? Naah. Thing doesn't work on any app I apply. Even after editing preference files as text. But it was awesome to try. Let's see if it'll improve,CRASHES
Best of logcat Not Working on MM. Please fix this. Thanks..,CRASHES
5 star if.. Could pause and capture photos while recording on video mode,FEATURE & UI BUGS
LETS SEE IF I CAN SCAN LEGO MINIFIGURES I want LEGO minifigures,FEATURE & UI BUGS
Its the worst wallpaper ever! When i tried to set the paper  my background home screen just went white then black. Dont install this app! Please fix this then i'll give it a five star rate!,CRASHES
Graphical glitches,CRASHES
not bad Simple and beautiful. Very nice app. Just I personally pefer a dark theme. Also I would like to see bigger result  back  and CE buttons. They look a little smaller to me now. Maybe it's just me though.,FEATURE & UI BUGS
I love it. Please don't change the icon ever   I love it!!! Please add the option to add songs to especiphic playlist and search by genres. Also add feature to number the songs while in play.,FEATURE & UI BUGS
It doesn't work at all. I open it up. Click on the button on my phone 'set up account' Clicked on 'set up account' clicked on 'scan a bar cocode' It opens up my Michaels Store app. It just does this and only this  i cannot scan a QR code for my Origin account.,CRASHES
Lot of padding  white spaces and lot of wasted space in the last version (material design). This is very inefficient and adds a lot of scroll. Can you please reduce a bit and have a bit more information displayed on screen?,FEATURE & UI BUGS
Laggy Packed with great features  but scrolling is a bit laggy. Takes 1-2 seconds to load maps everytime I scroll. It seems like I'm using an online map that it has to take too much time to load... Will update rating once this problem is addressed.,CRASHES
Not great Can see effort put into game but simplest option of opponent level is not avaliable! Simple things destroy a good game,FEATURE & UI BUGS
" It's cool Still needs improvement tho. A bit of lag when locking the phone  it takes a couple of seconds to responde even with the \\""""""""""no delay"""""""""""""""" option. Plus I like the sound when the phone locks and with this app that won't happen. NEEDS PASSWORD. I don't like keeping the secure pattern of Android because it's like having two lock screens and that's just not the point. Other than that it is a great app! Lol.""",FEATURE & UI BUGS
Laggy Packed with great features  but scrolling is a bit laggy. Takes 1-2 seconds to load maps everytime I scroll. It seems like I'm using an online map that it has to take too much time to load... Will update rating once this problem is addressed.,CRASHES
Awesome features So much to love about this app. However instead of a button to switch from camera to video a separate start video recording button would be nice. I also find it VERY slow to launch on my Galaxy S5 with Marshmallow. I have gone back to the OEM camera app because of these two issues. Still it's a 4 out of 5.,FEATURE & UI BUGS
Best home screen replacement All other home screen replacements seem to make the home screen laggy or slow in general and don't usually look good  but because this uses any home screen and just replaces the widget it is way better. Highly recommended,CRASHES
Demands my account email. Downloaded and ran this app. It would not let me get to any useful screen. Instead it tried to force me to register. The text claimed it wanted to create an anonymous login. Except it forced my playstore account email and would not allow me to change it. Far from anonymous. One wonders why the app is so insistent on getting my account email.,FEATURE & UI BUGS
Was good but... ... with Android 6.0 there's a problem. After closing the app it keeps my phone awake until I manually swipe it off from the recently used apps. Otherwise my phone stays with screen on forever ignoring my Display setting to turn off the display after 15 seconds. Fix this and I will renew my rating.,CRASHES
"Works Great I got the seemingly-common """"""""Error"""""""" message when trying to make an app a system app  tried running the app from the icon on the home screen  and that app said it needed to force close. I assumed that the phone needed a reboot to recognize that the app has now been moved and has changed status  and the app is now a system and works normally.",CRASHES
Amazing.... But It really needs to get a pass code option for the lock screen option but other than that is an amazing app,FEATURE & UI BUGS
It has improved Still could do with a new interface  and a flexible and menu ability.,FEATURE & UI BUGS
Poor Not working anymore. Tried uninstalling n installing but still not working. Worked well for two months but now it's just occupying space n nothing else. So bye bye VN. Deleted.,CRASHES
super duper awesome .. thankss..please add ok google voice recognition...,FEATURE & UI BUGS
But the last update.... Love this game and the fact that it doesn't require any special permissions  but the last update deeply affects playability. On my nexus 5 it doesn't recognize upward swipes most of the time. Left  right  and downward work normally.,CRASHES
Nice going EDIT: as per request  changes were done. Works extremely well. Small bug is that in nav drawer  there is a huge gap before first item. Please fix.,FEATURE & UI BUGS
when I click in recovery installation  it makes my phone restart  but it doesn't past the welcome screen. it stocks there....HELP!!!!,CRASHES
Only Complaint I love the app  it's near purrfect. I just wish there was an enlarged area map that shows where gathering/fishing spots are,FEATURE & UI BUGS
"Just what I needed This app seems to do everything I need being able to import my Quicken without any trouble at all. I have not tested the export yet but probably it will work just fine . One minor glitch  and that is in the category list. The list is in case sensitive alphabetical order. This means that every category that begins with a capital letter will come before any category that begins with a small case letter. Thus """"""""Garbage"""""""" will be in the list where you would expect but """"""""goodies"""""""" follows """"""""Zebra.""""""""",CRASHES
problem with cm13 i have installed cm 13 on zuk z1 and the toast notification appeared for seconds and then doesnt appear,CRASHES
Please add a refresh option! Other than that I love everything about this widget,FEATURE & UI BUGS
Love it But had to deduct a single star since the archive isn't working (all it shows is black boxes on the OnePlus). And I would like a slightly expanded description about the work and the museum  or a link to that type of info.,CRASHES
I like it's not streak freak like other apps. You can do the habits at your own pace. Nice minimal design that allows you to see a lot of habits on one screen. Here's an idea. Do widget that shows habits that are suppose to be done today based on history.,FEATURE & UI BUGS
Menu button doesn't work The menu button doesn't work  unfortunately.,CRASHES
Fingerprint Has been my favorite lockscreen app since its release. Please add fingerprint functionality. Thanks.,FEATURE & UI BUGS
Please add call option and stickers Otherwise super.good,FEATURE & UI BUGS
Popout mode Please add pop out mode it will make look good for YouTube,FEATURE & UI BUGS
Doesn't handle SSL certificate changes well. Just get stuck in a loop. Clearing data/cache didn't help... Or is it just broken on Android N?,CRASHES
Choppy I connected to my tv with no issues  but trying to view youtube  movies  videos  ect.. is so choppy. 3 stars and deleting.,CRASHES
Such a nice UI  and great functionality. Only suggestion would be to be able to view a command's output.,FEATURE & UI BUGS
Clean interface Please add root capabilities....,FEATURE & UI BUGS
Please add a custom beep as confirmation,FEATURE & UI BUGS
Fantastic idea  but needs a little polishing I'm on a 5.7in note 4 and the tweet box you type in is bugged. It cuts off the top half of the letters  and the second line only comes into full view when you get half way across it. I would suggest bringing the whole box down maybe 5% so the top bar doesnt intrude. Also theres an issue with force closing when you tap the app when its been open in the background. To beat it ive to open running apps and go in that way otherwise i just start it again once it closed. Plus i would make the tweet button larger.,CRASHES
Improve the UI Please Why is there no screen lock button.? What is this 2005? Its a must for all video players. Also why is there no home button shortcut? Everytime i play many videos  to go back to home screen  i have to keep pressing the back button. Also please add a video tab feature in the app so that ww can switch between and play different videos simultaneously. Sometimes i wonder if google owns you.,FEATURE & UI BUGS
Bug I give you 4 stars cause im using this app for many years. Please FIX 16 keys keyboard bug! Keyboard totaly bug when i need to enter passwords. Fix that,CRASHES
Worth 5 stars if settings worked The app would be great if the settings worked  but they rarely do. It's especially problematic that the navigation rules/preferences don't work. The timer won't display. Closing & restarting the app after changing settings doesn't help. Using Samsung Galaxy S4  Android version 5.0.1.,CRASHES
Issues Can't seem to be able to use the start or select buttons  and it lags hugely. Fix please.,CRASHES
Great App I really like how it keeps my wallpapers fresh. However  the parallax effect is waaay too strong. I have two pages on my home screen and it skips right over the content of the image most times. If there was a slider for modifying the amount the image moves on scrolling between pages that would be swell.,FEATURE & UI BUGS
Exit confirmation please ! Please add exit app confirmation. It's so annoying to hit back button on phone once and the app closes. Please. Your app are way way way better than the official app. I just need this 1 feature to add to your almost perfect app.,FEATURE & UI BUGS
Very nice  but... it would be nice if we could change the color of the browser. Looking at all that black all the time makes me a little sad. Other then that  I love it! It has great features and I love the holo look. ?,FEATURE & UI BUGS
Great Freedom Very nice  but I wish the blue lines separating SMS conversations were gone and the WiFi icon was colored blue. 4 stars until then.,FEATURE & UI BUGS
Bad Update!! Shows wrong information.,CRASHES
Awesome app Five star Rating is not enough for this app Telegram app deserve 7 STAR rating or more very good app with lot of outstanding features. Please add this feature also  we copy and paste photos to the message platform. at present we are not paste photos from another sides to Telegram please add this feature. This feature is present at evernote.,FEATURE & UI BUGS
Group messaging and sending pictures does not work on this app even tho I changed the setting and enabled the group messaging,CRASHES
Awesome app wonderful except when I bought the app yesterday I could send voice text when I went to messaging and today I can't I'm trying to fix it will give 5 stars when I can voice text again my voice indicator is not showing up anymore can you help??,CRASHES
Please add ability to adjust display time,FEATURE & UI BUGS
Awesome I love this app except for the fact that it doesn't cause the wallpaper to scroll when I scroll through my screens,CRASHES
Keep going Great application so far  need additional features like automatic folder uploads and the ability to select multiple files. Looking forward to future updates!,FEATURE & UI BUGS
"I have a 2016 Hyundai Tucson and we just go Android Auto for our vehicles and I was so surprised to DSub show up as an app ! I love that DSub works with Android Auto !! Much better than using Google Play with Android Auto. It would be perfect if you could get rid of the """"""""For safety reasons  no more items can be displayed"""""""" message.",FEATURE & UI BUGS
Amazing! It has bugs and the instalation process is quite annoying but when it works  works amazing! Great work so far  please add a widget for individual games so you doesn't have to open the emulator and choose the game. Using the app from a galaxy s4 mini,FEATURE & UI BUGS
Deleted my photos Deleted all my photos on s4 when I moved :( I'm very upset.,CRASHES
Wtf? Installed it... Syncs alright but if I create a new note and hit the save icon... Message gets deleted. Same if I try edit an existing note. Will NOT create apple account... Authentication error every time no matter what authentication ... Only Google account works! Piece of crap!!,CRASHES
Still has problems. Nexus 4. It never notifies me when both Mobile and WiFi connections are gone. The messages could be clearer. When I leave home and lose my wifi connection  the notification is that mobile data is now enabled I would love to see a desc of when not if is triggered. I just enabled preference to show alt icon when wifi is lost and several times it has changed to that icon and notified me wifi is lost even though it is not. Opening app puts back the correct 'connected' icon.,FEATURE & UI BUGS
Love this app if it works I've tried many sms this one looks good. Couple of things would make a brilliant app 1. Allow contrasting colours. 2. Give avatars material design colours. If no photo. 3. Seems strange to scroll threads up rather than down. Only been using this for a couple will do a more in depth review after a couple of days. Having used this app for s week now its great but why does it keep calling people I text? Had to stop using this because it keeps calling people I text,FEATURE & UI BUGS
Can't change CPU frequency. I am having problem in changing frequency of phone. When I select 1728 MHz it revers back to 2457 immediately. If this is app bug  please fix it.,CRASHES
Doesn't show up aa a file reader The app doesn't even show up as an option when I try to open a downloaded ebook. So I'm just going to uninstall it without really testing it out.,CRASHES
Dim Need colors to be punchier and more icons options please,FEATURE & UI BUGS
Very good Would be better if it could track expenses  ie save some save buttons and then expense graphs and other data,FEATURE & UI BUGS
Can't find anything on SD card Plus  crashes often when I start searching. Other than that  still the best. Edit: found a workaround  navigate to mp3 with ES Explorer (or other file viewer) and open with Ringdroid.,CRASHES
"Best of the bunch Great app that I use and reference through out the day. One bug that I found is when I input my stride length in """"""""feet"""""""" it will only display my distance walked in """"""""miles"""""""" for the rest of the day. The next morning it will revert back to my stride length in cm and display kilometers walked.",CRASHES
The worst. Half of my notifications are missing. When i get a notification from a group it doesn't take me to the actual comment or reply  just the wall  and then i have to search through the whole post for the comment or reply thread. Its been ages since I've had an available update  and this needs to be fixed. Super frustrating.,CRASHES
Great app and simple to use Please add root option to analyze system partition. Thank you.,FEATURE & UI BUGS
CAN'T MOVE FILES AND PICTURES AND MUSIC! Pictures  musics cannot be moved from internal storage to sd card. Please fix.,CRASHES
Just what I was looking for. I had been in search of an app that does this and I'm really impressed by the fluidity of the App. Just on thing I would like is the support for external icon packs and I really hope you can implement it. Edit:my request and a bunch of new features are enabled..,FEATURE & UI BUGS
crashing?!?! After I send about 3 or 4 snaps or I watch a snapchat story... the app freezes and crashes... sometimes causing my entire phone to crash... this has only started happening after the last few updates but i really would like this bug to get fixed,CRASHES
love it After last update  this app earns 5 stars. Background processing improved performance significantly. I can only suggest to add dedicared video recording button so you don't have to switch modes.,FEATURE & UI BUGS
Super Handy Easier to carry than 100s of pounds of books. However your latest update has an error. Many of the spells known charts for Occult classes are wrong. They are listed with 4 1st and 2 2nd level spells at first level. You forgot 0 level spells and it throws off the whole chart.,CRASHES
Best app for FB sync... But I face an issue.. Whenever a contacts pic has been changed it does not get replaced in my phone book as expected... I manually edit my contact n remove the old pic for the new pic to be used... I do it manually for all my contacts.. :-( :-( using nexus 4..,CRASHES
Good I like it runs star wars battlefront2 pretty good but can you try to fix the sound in it? The sound works in menus but in a match it messes up,CRASHES
Didn't want to download it I sign in online  but every time I want to make a comment and sign in my Google account  it asks if I want to download it. There is no do not ask again button. Sometimes I click the wrong button and it downloads itself. I don't want it!,CRASHES
This app works great in conjunction with phpsysinfo  but it's a bit simplistic  and doesn't have all the features of the web interface. Please keep implementing features  and I will gladly donate money.,FEATURE & UI BUGS
Promising It's looking very good. Needs Feedly integration.,FEATURE & UI BUGS
This app is amazing! By far one of the best ones out there. With little to no problems this app has become my favorite. I do have one request though. Can you please add two things. 1: can you please add in a rainbow wheel thing so I could have a larger variety of colors? That would be amazing. And 2: It sould be even better if you can add a feature where you click on the color and that becomes the color you use. If you could do that  I would love it  thanks!,FEATURE & UI BUGS
Great game Need change on how to move the character  really hard though. Looking forward for some animations. Need to give different reward for different choices in game.,FEATURE & UI BUGS
not working on kitkat 4.4.2 on my s4 i have to swipe it down to see the details of my notifications when i hit lock button and unlock it   i again have to swipe it down to see the details of my notifications it only gets expanded manually by me   not working good :/,CRASHES
Bug: Kyrandia 2  crashes when i drink the swampsnake potion to scare the rat in the cave Please fix kyrandia 2 bug,CRASHES
Very useful Really handy app for my custom themes. But there really needs to be a way to get back into the preferences if you choose to hide the header.,FEATURE & UI BUGS
Nice but still sometimes it don't show perfect when my battery is 100% it show one day 2 hours but when I have 95 % battery it show only 6 hours how can it b just 5% battery down and indicate wrong,CRASHES
Use it alot I like it and it's easy to use and find pics  but it's a problem not being able to save a pic.,CRASHES
It only sounds good  settings not always work It looked nice - adding the icon to the drawer for sleep mode. Well  it did not. And while trying different settings combinations it finally got to the stage when auto turn on is disabled  the night shade itself is disabled  but the screen is tinted and dimmed. When finally managed to wrangle everything back to normal state  uninstalled at once - don't want risk sticking again...,CRASHES
Logged-out Notification don't turn off Since the new update it keeps showing that i have notifications  while I'm logged out. I turned off the Logged-out Notification setting  but it still shows me that I have notifications while I'm logged out. But when I log in to check them  there are no new notifications. There is definitely a bug in the system.,CRASHES
"Something bad happened. Couldn't open file"""""""" File opened to read. Edited the file I was sent and upon saving the edited version the message above repeatedly showed up. Hesitant about sending the error report due to the sensitivity of the document content. Will give 5 stars when I can successfully save an edited document.",CRASHES
Impressive features It has an awesome features  you should look at the settings panel and enable camera 2api to experience a new features. Now I'm using this app as default app for taking photos. I hope they will add more manual controls for aperture and shutter speed.,FEATURE & UI BUGS
Please do something about it I use this for my tablet and it lags a lot and it deleted all of my pictures. I had like 64 pictures and it deleted it all and there is no way I can get it back. I like taking pictures on it and I would continue to take pictures on it if my photos didn't get deleted. Please fix it!,CRASHES
Translucent bars would look awesome 5 stars when you do it!,FEATURE & UI BUGS
Doesn't work I installed in my Xperia L and it doesn't work at all,CRASHES
Awesome Please fix the bug when using the cd command though and the crashing that occurs sometimes after reboot. Great work though! EDIT: Crashing problem was due to me turning off notification  sorry. But sometimes  when typing the full app name  its recognised as being typed twice and doesn't launch the app - please fix this bug and the one where app names are cut off the green buttons.,CRASHES
Nice app Theres a problem showing all the contacts. Most of my contacts dont show up. Its nice though.,CRASHES
Nice Application But please add encrypted messaging default option,FEATURE & UI BUGS
Doesn't work - widget disappears immediately If I add this widget to my homescreen on the nexus 4 it just disappears after I close the settings. 0/10 wouldn't download again.,CRASHES
Works amazingly well Love it  best subsonic app around. Only issue I'm seeing is new artists are not showing up on the app but do in subsonic server. No other issues found so far. Edit: refresh worked :),CRASHES
Doesnt work as it says When I backed up the firat sync  nothing shows up in my email  and the log on the ap was empty.,CRASHES
Horrible I have galaxy s5 active and it didn't show my music that I downloaded! Total waste of space ! You do not want this app it is horrible. The only reason I downloaded this app was to make my music into my ringtone and it didn't even have my music,CRASHES
Waste of time Keep.on going back to the playstore screen,CRASHES
Hate this new GUI Why you think to change the theme it really look like kids graphics old theme is much better than this one...Why don't you try some light theme that look cool...,FEATURE & UI BUGS
Brilliant This is brilliant app. Hope you guys will add poll and video option in next update. GROUP DMs not working. ADD POLL AND VIDEO OPTION and Groul DMs are not showing.,CRASHES
Notifications Show even when disabled,CRASHES
Very simple UI The controls are very intuitive and I have never had a single bug or glitch. Plus it doesn't munch on my battery or RAM. The puzzles are awesome. Only problem with them is that for some games you cannot set custom difficulty too high because of screen limits  but that's not a problem.,CRASHES
Really great & super nice design but PLEASE add scheduled messaging!!! Would also love to be able to see the previous messages in the quick reply popup.,FEATURE & UI BUGS
option for disabling sound required option for disabling shutter sound is missing.. i hate shutter sounds.. please see to it that it is included in the next update,FEATURE & UI BUGS
Please add calling feature and more advance view,FEATURE & UI BUGS
" Doesn't work at all Tried on moto x and moto Xprt and Samsung note 8. Nothing shows up by default. Manually brings up the notification but it reads \\""""""""""no data - no data - no data - no data"""""""""""""""".""",CRASHES
Looks stunning but some annoying bugs The main bugs for me are  when the screen orientation changes when half way through writing a message  it clears what I have written and I have to start again  it doesn't seem to save drafts at all so if I start typing and have to refer to another app like Gmail for example  when I return back to qksms to finish the message it has cleared it again. Also the sender name seems intermittent in the inbox  most times its fine but sometimes it just displays the number and I can't get it to show the name.,CRASHES
Very poor Its the worst app I never seen when I install this just my tablet hangs... What the crap is this!! I don't wanna install this app next time,CRASHES
Beautifull but full of bugs Your app is brilliant but it has a lot of bugs :( Last night i turned my phone off and today turned it back on and the wallpaper wasn't working. So i deinstalled it and installed it agiain. Also i have a bug that blurring and dimming isn't working. Also i have put some picture and it bugged down and always stayed with thath picture. When you fix all this you will get 5 stars. Sent from Lg G2 (internacional),CRASHES
Broken somewhat. Does not work with xkcd RSS feed. No images shown.,CRASHES
The only option i need is the one to backup the sms/mms as soon as it's received /sent... please add it.. thanks in advance.,FEATURE & UI BUGS
Mouse needs fixed One thing that's different is the mouse. I cannot drag it as previously. Can you fix the mouse cursor so I can drag it an select stuff. The cursor is right under my finger an makes it hard to select stuff. Like conversation topics for example. Please fix it. An I'll give you five stars. Please fix the mouse cursor. I am playing fate of atlantis an when I'm trying to fix the generator I cannot pour gas into the pipe. I need to open the metal cap an cannot select open an try to find it please fix mouse issue,CRASHES
White colorized names Would be nice if white was not a possible color for names to be colorized with. Since the text is already white it makes it hard to read.,FEATURE & UI BUGS
Would be better if each monster had a couple in-game images for an approximate size evaluation  or some notes describing the monsters attack patterns  where to strike and when  or just some tips.,FEATURE & UI BUGS
Best Great cam  tons of options  actively updated  fantastic. Thank you for this product. Please add a Bitcoin address and I'll support you.,FEATURE & UI BUGS
Only icon theme is missing Please add icon/theme in your next update. Please,FEATURE & UI BUGS
Developer focused Tried logging in with Gmail (why isn't this automated?)  get an error message with the plain error message. No formatting. Error States that I need application specific password. So this app cannot handle two factor Auth. Bye.,CRASHES
Some of the icons are really beautiful except... The designs are beautiful for the most part. However  in the new version  some of the apps that don't have designs look really bad compared to the other version. Because of this  I decided to switch to another icon pack.,FEATURE & UI BUGS
HTC one problem Unfortunately on the HTC one I am unable to drag the dashclock to make it my primary lock screen widget  otherwise it would be 5 stars for a great widget.,CRASHES
Good  for the first Android build of Freeminer. I usually play Minetest (What Freeminer originally got forked from.) This build is made well. All GUIs fit in the screen. Shame it can only connect to a limited amount of servers..... I tried connecting to one  and when it got halfway through Media  it restarted..... Seems I have insufficient RAM. Anyways  that's an improvement compared to MT Android builds. It just crashes all other apps  trying to get memory. I like the slippery ice  yet the movement keys are a little too small for my liking.,CRASHES
"Works Great I got the seemingly-common """"""""Error"""""""" message when trying to make an app a system app  tried running the app from the icon on the home screen  and that app said it needed to force close. I assumed that the phone needed a reboot to recognize that the app has now been moved and has changed status  and the app is now a system and works normally.",CRASHES
Picture issues Please solve issues in setting pictures,CRASHES
Settings The settings button does not work for me. Also most roms do not show up either.,CRASHES
Weather issues Battery and email widgets work fine  I'm going to try other widgets for weather though. There's no manual refresh  it seems to take hours to auto refresh location and temperature. Always Completely inaccurate when tapped to open up website weather,CRASHES
"Best of the bunch Great app that I use and reference through out the day. One bug that I found is when I input my stride length in """"""""feet"""""""" it will only display my distance walked in """"""""miles"""""""" for the rest of the day. The next morning it will revert back to my stride length in cm and display kilometers walked.",CRASHES
Constant crashes Version 2.0 update constantly crashes on OnePlus when using your own photos. Clearing app data doesn't help.,CRASHES
Good idea but app needs improvement Wish there was an option to change camera settings.,FEATURE & UI BUGS
Useful app! Great app  but please make torso up skills show as torso skills in the armour bulder rather than ' torso up 1',FEATURE & UI BUGS
Doesn't work This app doesn't change the location of the data your trying to store only creates a zip folder that compresses the data never actually moved it on to the sd card. I almost lost over 250 pics of my newborn when my phone broke this apps is a waste of space Do Not Download.,CRASHES
What once was perfect.. ..is currently experiencing too many to justify keeping installed. Don't get me wrong  this app was marvelous  it really tussled by muffet  but now it crashes when you search  doesn't save file properly and fails at setting ringtone. Alas  now I must search elsewhere for an app to do what I could easily do in 10 seconds on a pc.,CRASHES
Exit confirmation please ! Please add exit app confirmation. It's so annoying to hit back button on phone once and the app closes. Please. Your app are way way way better than the official app. I just need this 1 feature to add to your almost perfect app.,FEATURE & UI BUGS
Great app but I am having some problems when i post something it fails. it is not even showing me my current posts which I have posted from computer. no peer certificate error and by 3g it was uploaded.,CRASHES
Simply useful everyday Can you add option to show tasks also in the widget? It helped me to track my events  still left out about my tasks. Consider this for your next update.,FEATURE & UI BUGS
Lock issue For some reason when I lock my phone  it reverts back to the original Android lock screen for a couple seconds to a minute before changing to the AC lock screen. Which kinda defeats the purpose of even having this one if it's just going to use the old one first. Would rate 5 stars if this was solved.,CRASHES
Absolutely LOVE it! Has issues like lag when you scroll  but it is essential in my opinion!,CRASHES
What happened to this app? Used to work great  loved it... but now everytime I hit the search the app closes... and when I have to scroll to find a song ( because I can't use the search or it closes ) the song doesn't download fully. Maybe I'll just uninstall it and reinstall it and see if that fixes the problem. If not I guess I'm just going to get rid of it. Ok...looks like that fixed the problem...the app is back to being awesome again,CRASHES
Must show the real time clock. Everything is good except the clock icon.It should be showing the current time otherwise anyone can understand that its a fake status bar.Please do something about it.,FEATURE & UI BUGS
Cant find any widget There is a screen icon  but no widget. The icon lets you customise the widget  which cantbe found. Low rankings are. exactly what users should post if it doesnt work.... I'll 5 star when I see mA.,CRASHES
Doesn't work It won't accept my user name and password for last.fm. The website accepts it. Not this app. Too bad. 10.27.16 edit: now also scrobbles seldomly  and chooses what at random. I'd like a response from the developer to help me. I play music using Pulsar plus... I reinstalled and now when I try logging in to last.fm and hit authenticate nothing happens.,CRASHES
Coming close One of the things that I like about Sugar is the collaborative feeling of getting around an activity and working on it with other people. This app doesn't quite get there yet. When we can have groups of people getting together and talking with each other (through the interface) - that'll be what we need to have the true Sugar feel. Thanks  though  for your efforts  so far. In the mean time  I guess I'll be looking for a good old IRC app.,FEATURE & UI BUGS
Could use some more options on posts  but my goto app now. Easy to use  looks nice  chrome custom tabs.,FEATURE & UI BUGS
Interesting. Overwrote my existing pics even though I told it not to. Needs a way to tone the colours down a bit as it's a bit like 60s brothel wallpaper as is.,CRASHES
Big bug Used to be really fun but now can't even install photos!,CRASHES
Crashes to home screen everytime i click on messages. Please fix,CRASHES
Not good for small screens Tried to use this on 480x800 older Samsung S3 and when movie playing the media controls are under the arrows making it hard to do much.,CRASHES
"Amazin simple and intuitive Simple and super intuitive design! Helped me spot all memory heavy files in 15 seconds. The app is not intrusive and does not require any other permissions apart from accessing memory. I usually don't leave reviews  but the author definitely deserves 5 stars! One advice to improve the app is to add """"""""open"""""""" functionality directly to the block of file eliminating the need to click on """"""""show"""""""" button",FEATURE & UI BUGS
Not compatible with Note 2 This app is not compatible with Samsung Note 2. It will show the maximum possible charge you can receive based on whether it recognize the charger as AC Plug or USB. I assume it will work on other devices,CRASHES
Private inbox and Dual Sim features Please add private inbox and dual sim features for dual sim phones.,FEATURE & UI BUGS
Doesn't work I lost every photo I had of my kids when they were babies not happy at all!!!!!!!!!!!!!!!!!,CRASHES
Improvements Some ways to improve is to able to flick up the notification that appears at the top but still keep it in the notifications center. It stays for far too long and sometimes I just want to get it out of the way but still see the icon in the notification bar,FEATURE & UI BUGS
Please add the voice search service,FEATURE & UI BUGS
Can't get GPS position on approach charts or runway diagrams. But still nice. New version has this.... Awesome!,CRASHES
" It does not use too-much unnecessary Permissions & Accesses It does not use too-much unnecessary Permissions & Accesses. THANKS. It's browser-core engine needs to be updated. And it would be better  if it does not use \\""""""""""Precise (GPS & Network) Location"""""""""""""""" Permission & data.""",FEATURE & UI BUGS
Please add option of installing on SD card,FEATURE & UI BUGS
Great experience This is a great app for connecting to Weechat. It has all the features i could ask for. The developer is more than willing to work with you to resolve bugs and add features (if appropriate).,FEATURE & UI BUGS
Can't handle linked content Some significant improvements  thanks. However  I would like to be able to select text and copy from other's words. Many friends posting in their native language and I can't get their words into Google translate,FEATURE & UI BUGS
Works on Note 4 for Flir Fx app Had an issue with Flir fx IP camera app. Push notifications would pop-up in the task bar but with no audio notification. This app saved me from returning an otherwise fantastic IP camera,CRASHES
Brilliant and simple Copying the server address to clipboard works perfectly with clipsync which syncs it to my desktop ? having the ability to upload files too would be great   an upload button or using another http address serving the webpage for receiving files?,FEATURE & UI BUGS
Good but some flaws Works as advertised showing notifications from various apps. Very customisable you can choose your icons and how you want the notification to look. Slight problem: The action when I click on a notification from the widget does not match the action if I clicked it from the notification shade. Not sure if I'm missing something but I'd like it if I clicked a Facebook notification it would take me to the actual notification not just the app.,CRASHES
Problems with office365 Emails in office365 read or mark as read are listed as new at the next check.. This has been going on for a long time now. Is the app still maintained?,CRASHES
Great app easy to use _ï¿½ï¿½ï¿½ But when i close the app the transaction is not smooth its looks buggy please show this,CRASHES
Great search engine and browser! What happened with the stories? I click on them and they don't load.,CRASHES
"Can't cut alarm off!!!!! Runs for a whole minute! Ignores how many times you hit the """"""""Dismiss"""""""" button  or how long you hold the """"""""Dismiss"""""""" button down! Hate this app! Useless if you cannot cut it off!!!",CRASHES
Very cool app. Great app for seeing what's using your battery. I wish I could root to get the full experience.,FEATURE & UI BUGS
Please add more!!!_??_??_??_ This app is fantastic already but it needs something more  it needs more option of hanging the wallpaper of the lock screen. Not just homescreen's or a black wall but maybe from gallery??,FEATURE & UI BUGS
Latest version broken Switching between accounts causes previous account droplets to be displayed  new account info doesn't entirely load.,CRASHES
Not working after upgrade to Nougat The ampere reading is not showed up  say 'no data' it's working fine with android marshmallow and disappear after I upgrade to nougat.,CRASHES
OMG you saved Blackberry OS!. We just lost facebook integration with the hub as Facebook will not give Blackberry the API's! This is the next best thing  tremendous! Bring this to Blackberry world now and win the race easily it you know how to write in cascades! Gold mine for you and win for us as well  thanks DEV!... BTW: can you remove the naggy install messenger button when going to the messenger part? Ten star application! #TeamBlackberry,FEATURE & UI BUGS
Best app ever. Latest release has bug for me. Google please don't shut this down. Please. The bug is: I can't (add remove and play) when there are files in the active play list. Can't add either from play lists or files. Using Sony z3v 4.4.4 and an old mpd (2 years ago stable),CRASHES
"useless for browsing files the filename is truncated no matter the screen orientation  even on a tablet  when browsing files. there is no way to change from """"""""content"""""""" view where items are in rectangles to a normal list view so you can read what's there.",CRASHES
Very good but But u have to add 4 buttons :) the upleft button  the upright  the downleft and downright :),FEATURE & UI BUGS
I can even open the app plz fix,CRASHES
2 requests Best SMS on android - fast and great UI. Can you please add an option for in app vibration? And also an option for a sent message sound?,FEATURE & UI BUGS
Truly amazing app. Love it! I love it!!!! The only thing that was a bummer -i'm sure it will be fixed- is the limited amount of artists in the music-artists list. I have quite some music and the artist list only goes up to the letter h. All artists beyond h are not displayed and can't be found by search. Looking forward to the fix!,FEATURE & UI BUGS
No malayalam When i try to somewhats meaning  there is no malayalam meaning  there is some other language shown..,FEATURE & UI BUGS
Fantastic app! I highly recommend it! 'Voice Notify' is an essential app for anyone  but especially useful for someone such as myself who has dexterity difficulties  also has a SCI & is a fulltime wheelchair user. I do not have to look at my phone to know what is happening. VN is very customisable  eg  you can stop some FB group messages by putting the group name or a word in the 'ignored text' option in VN settings. Wish 'Email' said who was sending the emails like 'Gmail' does. Unfortunately on my new Note4  VN keeps being 'disabled'!?! Such a pain for an essential app! ?,CRASHES
Horrible App Please do not download this app. I have downloaded it and my phone refuses to work. I cant slide and cannot cannot uninstall either. Request someone to tell me how to uninstall this app as it refuses to allow me to go to the settings to uninstall. PLZ HELP.,CRASHES
I did love it until the latest update.... Now the pictures are way too big please fix as I don't want to use another app!!,CRASHES
Shame about the size limit It's a shame the photo size is limited  I only have a 4 inch screen and they look pixelated  so I'd hate to think what it's like for tablet users. 'Conserving bandwidth' is a pretty poor excuse - I don't think my data use is going to be significantly impacted by downloading one photo a day.,CRASHES
Persian Please add Persian language to app,FEATURE & UI BUGS
Cannot see users Installed on my desktop pc and on my android phone but both users cannot see each other. They are on the same LAN network with static IP.Disappointed. Sorry.,CRASHES
No autofill Would be nice if clicking a clip will auto fill it into the selected textbox,FEATURE & UI BUGS
Fixed my issue! I could see everything on my sdcard but hook it up to a computer and my nandroid backup files were missing. Eventually theyd show up but they take up a lot of space & I want to transfer them asap. Ran the app once & boom... I see the files. Thanks!,CRASHES
Great............_ï¿½_ This is the dream book reading app for me. Thank you very much for this app. Specially the option to search words in the dictionary paved the way for us the non English speakers to submerge into the world of literature without worrying about vocabulary. And there are also a lot of awesome free books to download. The page turning animations are also cool. The only thing that I'll like to have is to be able to turn page while in zoomed in position in any place on the page............,FEATURE & UI BUGS
Numeric number not showing on notification for MIUI. mA not accurate when tested on Redmi 2 and Samasung Galaxy S5,CRASHES
Excellent! but  few suggestions I like this Concept and simple UI. But  there is no hourly tracking and it will not work in background  no notifications after I close this app. Thank you (y),FEATURE & UI BUGS
Lightweight  functional and ad-free. UI size and layout isn't very customizable  but that isn't an issue for me.,FEATURE & UI BUGS
Can't put it on my home screen for some reason. I can see the settings for it but no widget,CRASHES
No sound on Android Nougat Used this on Marshmallow for my Flir Fx app. Now it stopped working after OS upgrade. Otherwise great app??,CRASHES
Works great! Does everything that you need it to do. Very helpful if you are like me and constantly pulling down the notification drawer. Only thing I would recommend is the ability to not have the status bar icon while keeping it at the top of the notification list.,FEATURE & UI BUGS
" ALMOST Perfect Widget may be configured to open existing calendar events with app of my choice (Informant is what I use) BUT adding an event using the \\""""""""""+"""""""""""""""" button opens Google Calendar; no option to use Informant (or any other app). Please add the same option for """"""""""""""""+"""""""""""""""" as for """"""""""""""""edit"""""""""""""""". Thanks!""",FEATURE & UI BUGS
Laggy Packed with great features  but scrolling is a bit laggy. Takes 1-2 seconds to load maps everytime I scroll. It seems like I'm using an online map that it has to take too much time to load... Will update rating once this problem is addressed.,CRASHES
Nice little app for saving battery Can you please add option to set shorter on-off duration? Say 5 min sleep time and 2 min connect time?,FEATURE & UI BUGS
Never Performs Right Reported problems on Asus tablet back in April  I see nothing has been fixed.,CRASHES
Love this app Long time user. A simple widget would be absolutely great! Then I can set up two to show different ports.,FEATURE & UI BUGS
it's ok. not comparable with dropbox/onedrive it's good I have 2.5TB personal cloud. but I have purchased it wanting to sync my camera roll photos  it only works when you are using WIFI. in fact  photos that were taken when you are not connected to the WIFI will not sync.,CRASHES
Some bugs When I place the text widget on my desktop it disappears almost immediately. The graphical one works though.,CRASHES
It was great before the newest update. I Loved this app until today's New update. The pictures are huge and you can't see half of it. Seems like it is not working at all. It has gone crazy and rogue on me.,CRASHES
Needs Rework Please add Pattern and pin lock with the app.. and an option to set specific picture as background,FEATURE & UI BUGS
"Cannot sign/confirm key when master key is stripped I've my master key stripped with an additional subkey for signing. When I confirmed a key  the dropdown box which says """"""""Select a key"""""""" did show my key  but was greyed out. This used to work with some previous version  but the current version does not work anymore with this situation. Please fix this.",CRASHES
Needs more features Such as JavaScript  HTML  and cssauto complete and CSS preprocessor support. I'd pay for more then $2 for such an ide. Much more.,FEATURE & UI BUGS
No use This does not tell time in decimal form. It divides the day into 10 hours. As a tradesman i require the hours to be normal with the minutes displayed in decimal (eg. 30 mins = 0.5 hours  60 mins = 1.0 hours.) Having a 10 hour day is for people who cant understand time.,FEATURE & UI BUGS
No showing the full aong When I downloaded and select songs it was buffering for 100% then later after few song it stopped buffering and only shows 5sec of any songs....,CRASHES
Please add different themes. Specially black theme ...,FEATURE & UI BUGS
" Awesome! A great app  and works very well for Radio over IP (ROIP) interfacing. Feature request: Please add \\""""""""""Half Duplex PTT"""""""""""""""" option to the main server menu for easy selection! Thanks for a great app!""",FEATURE & UI BUGS
Much needed alternative to the official FB spy app I wish it were easy to open URLs in Tinfoilhat  it would be immensely useful for signing up to connected web sites  comments pages etc,FEATURE & UI BUGS
Hallelujah! I have been missing Astrid ever since Yahoo! killed it. Never did find a to-do app that could quite replace it. So glad to see the open-source base recovered. Can't wait to see where this goes and what improvements it may bring (not that there is much room for improvement -- it's pretty awesome as is!). I do wish there was a Dropbox backup sync included. Other than that  I'm quite happy.,FEATURE & UI BUGS
Great for Communication but... This app is so damn glitchy. I open it and it lags. I Open the camera and it lags. I click send and it waits 3 seconds to send. After i open a snap  the notification (red sqaure) stays for another 10 seconds after. Fix the bugs please!,CRASHES
Doesn't work on Nexus 5. I downloaded the map  but it doesn't work in Nexus 5. The map screen is just white. I think there's a dot. The interface is a bit clunky  but I wouldn't mind if it would render the map. I'm going to keep the app for a bit in hopes that it gets fixed.,CRASHES
Good app It can be better..please add the feature of songs download,FEATURE & UI BUGS
Great but one issue...... January 28 2016 Jonsin' puzzle. This puzzle required a number as part of an answer. The app keyboard doesn't have numbers and the native keyboard number buttons don't do anything. Yes  I'm a purist.,FEATURE & UI BUGS
"Just what I needed This app seems to do everything I need being able to import my Quicken without any trouble at all. I have not tested the export yet but probably it will work just fine . One minor glitch  and that is in the category list. The list is in case sensitive alphabetical order. This means that every category that begins with a capital letter will come before any category that begins with a small case letter. Thus """"""""Garbage"""""""" will be in the list where you would expect but """"""""goodies"""""""" follows """"""""Zebra.""""""""",CRASHES
Buggy I generally like WordPress  however  the app has some problems. If I save a local draft with pictures and exit out of the app even for just a few seconds  the formatting goes wonky and half the pictures disappear. Now just recently  I wrote up a really long post  hit publish  and when I checked on it  it had saved as a local draft. I hit edit and the ENTIRE post disappeared. I restarted the app and my phone and it's still gone. I'm not sure I'll continue to use this app after that!! :(,CRASHES
One little bug When I'm not charging my LG G2  the widget always shows 15mA. It shows the correct values when I'm charging. Hope to see this fixed in upcoming versions. Very neat and quick app! Replaced Ampere with this.,CRASHES
Super Fast! I always use this app to replace the native app drawer on my devices. Wish it could create shortcut to home screen though.,FEATURE & UI BUGS
Ok but has bug Like it for no unnecessary permissions. But screen rotation causes light to flash.,CRASHES
Doesn't work on Galaxy S4 Permanently shows 460,CRASHES
Deleted my photos Deleted all my photos on s4 when I moved :( I'm very upset.,CRASHES
I can never hear the end of a show/story  it always skips to the next audio file just before concluding the show I'm listening to.,CRASHES
Great stuff. Love the homepage layout Great app. Feels private. Could you make a widget for Android? That would be much more convenient.,FEATURE & UI BUGS
Couldnt get it to work for some reason I really like the design and user friendliness of it. But I couldnt get it to load the anime I wanted to watch to make my list.,CRASHES
Still not great It would be so much better if it didn't cancel lots of other features. S-voice no longer has voice output when this is turned on. There are lots of Galaxy features that this disables so I can't use this anymore. * Still s-voice doesn't work worth this. How can I use this and still use S-Voice at the same time?,CRASHES
4 stars because : It works great when there is no wifi. It simply turns my wifi off. When I am near a wifi it turns the wifi back on  which is great. But the problem is most of the time those wifi sources are not on my list  it turns my wifi on anyway. Fix that please :) I am using Galaxy s5. Thanks.,CRASHES
Works well The UI was confusing and mostly unusable until I ran a web search to figure out how to use the app. Once I understood that I was looking for partial-wakelocks the UI made perfect sense and was very easy to use. Dear Sven  please add a help link in a somewhat obvious place  and I will gladly give five stars. This is a very helpful app once someone knows how to use it.,FEATURE & UI BUGS
I use it most of the time on my phone  nice app but as an user sometimes white subtitles are annoying or useless because It is confusing when you're watching a scene with whiteness background  makes more difficult what you're watching  please add the option to switch color! Or just bring back yellow subtitles,FEATURE & UI BUGS
Great app. I can now keep track of books my children have. The only thing is I wish my children and I can all share the one library across devices. If anyone knows how please let me know,FEATURE & UI BUGS
Good game but could be improved It's free  simple  and replicates Blokus well. But it needs more than 4 difficulty levels. Would be nice to be able to change colors since red and orange can be hard to differentiate. Opponent always wins ties. Sometimes blocks get stuck when positioning but can always X out and do the move again. Themes and sound might also be nice.,FEATURE & UI BUGS
Lock app Please add option to lock the application with password  thanks,FEATURE & UI BUGS
My kind of game Ive been looking for a game like this for years! Finally! This game is sooo awesome. Please add more maps to this  and would be great if this had like a warship and gunship versions! A very good game overall  would suggest this to my friends,FEATURE & UI BUGS
Good but not great. Has a good variety of songs but not every song I'm looking for. I like I can download concerts but sometimes I just want audio not video.,FEATURE & UI BUGS
Very basic  needs more functionality I would like to see a much better picture/photo viewer in the app  (downloading every picture I watch is not a good option for me). A gallery similar to the web logon interface would be really nice for browsing pictures! Updating server content is very slow sometimes (especially when a lot of data has been added to the server at one time).,FEATURE & UI BUGS
Cant find any widget There is a screen icon  but no widget. The icon lets you customise the widget  which cantbe found. Low rankings are. exactly what users should post if it doesnt work.... I'll 5 star when I see mA.,CRASHES
Excellent app with neat interface.... Please try changing the below. 1. Unable to share the folder. 2. Please make cut copy paste simple.,FEATURE & UI BUGS
"Features missing. Please add the """"""""drag n drop"""""""" feature and the menu which will appear when tapping n holding any file or folder.",FEATURE & UI BUGS
Works well Minor issue: you can set an icon for a group when you make it but you can't change it later.,FEATURE & UI BUGS
All you need A great  stable app. I use it almost exclusively. My only issue is the app draws from only one price list. (Tcg player) It would be nice to also see starcity or Canadian prices (face to face games),FEATURE & UI BUGS
"Simple  clean  useful I'm not a professional chemist and dont know if the information provided by the app is complete and accurate. I'm just assuming it is. Here's my reaction to the program. Pros: Simple  clean  easy to use user interface. Much information provided. No ads. No permissions required. No distracting eye candy. Small memory footprint. Open source - presumably spyware free. Cons: It has crashed on me  but nothing bad happens if it does. It just restarts. Hopefully  someone will find the bug. Suggestions: It would be nice to have links to a definition of each chemical data type (""""""""sublimation point""""""""  """"""""triple point""""""""  """"""""heat of vaporization""""""""  etc.) """"""""Unknown"""""""" is reported when there is no data. It would be nice to divide that into true unknowns (i.e.  yet to be discovered)  """"""""not applicable for this element""""""""  and maybe """"""""does not exist for this element."""""""" - Or maybe those last two are the same.",FEATURE & UI BUGS
Nexus 6p issue Good app  but there is no option to record 1080p video in 16:9 (8.3 mega pixel). Please be include this in the list.,FEATURE & UI BUGS
Simple and cool Would be better with a character not naked with a huge belly :),FEATURE & UI BUGS
cant stop this app very bad... experince i have uninstall app but still can't stop the message which are reding,CRASHES
Nice Keep it comin'. You should add a button/feature to stop the daemon once its started.,FEATURE & UI BUGS
Yes Easily the best lock screen on the store. Would be better with a password option though.,FEATURE & UI BUGS
Can't get widget to display,CRASHES
when i click the battery section it dosen't show anything  it would work fine before. please fix it,CRASHES
Please Add !!! 1. Place a lock screen before entering the app as settings can be changed by anyone 2. Automatic file encryption 3. Please add moving of vault into sdcard !!! Good work !!! Please add more features as soon as possible.,FEATURE & UI BUGS
Nothing fancy but gets the basics right I just wish it had more features like the competition.,FEATURE & UI BUGS
" Please add \\""""""""""only auto backup when charging"""""""""""""""" option !!""",FEATURE & UI BUGS
Almost perfect Please add pattern  code for security,FEATURE & UI BUGS
Many problems. Filter voices hardly work  doesn't record any videos  my filters are gone on videos  and a few disappeared for when I take pictures too.,CRASHES
Changed interface Why did you reduce the timer icons to such a miniscule degree? The + sign to add another item obscures the count down icon of one item so need to move the screen. Is this change for change sake?,CRASHES
Very buggy  didn't like it. The whole thing is slow and takes at least 3 swipes to unlock. Starts very slowly too  so it isn't always on. The transitions are weird too  sometimes it jumps back from lockscreen to the overlay and then back.,CRASHES
Easy to use. But there a lot of room for improvement. The big room below can be use for width  color selection. No need to put everything on the menu button.,CRASHES
This app is amazing! By far one of the best ones out there. With little to no problems this app has become my favorite. I do have one request though. Can you please add two things. 1: can you please add in a rainbow wheel thing so I could have a larger variety of colors? That would be amazing. And 2: It sould be even better if you can add a feature where you click on the color and that becomes the color you use. If you could do that  I would love it  thanks!,FEATURE & UI BUGS
I need help This is a great emulator but I've been having some issues with it lately. I sees my bios and settings but it crashes back to the home screen when I load a game. Please fix,CRASHES
Doesn't work on GS5 Small font. No scrolling.,CRASHES
[UPDATE]None of the extension that I use (Inbox  Weather) seem to be updating the home screen info. So other than date/time  I now get little out of the widget. Too bad.[/UPDATE] After trying a number of clock widgets  this one seems like a keeper. Only used it for a couple of hours  so don't know if there are other issues  but the biggest improvement for me would be supporting double-tap  when the widget is expanded to the full home screen. Double tap turns the screen on/off on LG G3  and it's one of my favorite Android features. To make it work  I need to leave some free area on the screen  but this means  I cannot display everything I want in the wizard. Would be lot more user-friendly  if the widget just passed the double-tap signal to the OS.,CRASHES
"Can't cut alarm off!!!!! Runs for a whole minute! Ignores how many times you hit the """"""""Dismiss"""""""" button  or how long you hold the """"""""Dismiss"""""""" button down! Hate this app! Useless if you cannot cut it off!!!",CRASHES
Nothing but bugs Takes forever for show listing to show up  and usually crashes before finished. When opened again and listing is available clicking on anything causes the app to crash again. At this point it's useless.,CRASHES
Doesn't work - widget disappears immediately If I add this widget to my homescreen on the nexus 4 it just disappears after I close the settings. 0/10 wouldn't download again.,CRASHES
Worst app. It doesn't work at all,CRASHES
Good I'd like to see refreshed design (would be great to have Material design here),FEATURE & UI BUGS
"The widget doesn't work anymore Until before  I've been using this widget and love it much. But when I accidentally deleted the widget and want to place the widget  the widget won't show up and every time I select the widget and drag to the background  the command box """"""""Ministocks widget added"""""""" appeared  but nothing else shows up.",CRASHES
Integration failed This app looks like an alpha version compared to Keepass2Android. Hard to integrate to OneDrive for sync with PC. Must install OneDrive separately and re-enter path to database Everytime we start the app. Missing features such as quick unlock. Unusable for my usage for these reasons. Fix those 2 things and I'll give 4 stars.,FEATURE & UI BUGS
Awesome  top notch  use this! Best browser by far  feature rich  slick  stable  built in ad blocker  highly configurable  I love it. Just one feature more would make it perfect... a proper Night Mode (black/deep grey background  white/off white type and images as normal) That would be the cherry on top. Really like the new update though  thanks.,FEATURE & UI BUGS
PLEASE add Moga Pocket support! Emulator runs fantastic on S4  and got almost every game I wanted to play smoothly. However the Moga Pocket controller neither works with the universal driver nor Moga Pivot. Please  please  please fix this! Your emulator is the reason I upgraded to a smartphone!,FEATURE & UI BUGS
NOt too bad. Reasonably easy to figure out though you have to guess at some things. Sometimes th touch screen won't accept input. Haven't tried anything sophisticated with it yet.,CRASHES
"Please add """"""""""""""""""""""""""""""""white"""""""""""""""""""""""""""""""" as an accent color Other issues where clarified  however  the more I use the app the more I notice how """"""""""""""""""""""""""""""""laggy"""""""""""""""""""""""""""""""" it is compared to other apps like Sync. Would definitely make it my main reddit client if it were more optimized. Also using an OPO with cm13 so I doubt hardware is the problem.",FEATURE & UI BUGS
changed to 3 needs update keeps showing 60+ mins until next train love this app please update to fix bug,CRASHES
Buggy I generally like WordPress  however  the app has some problems. If I save a local draft with pictures and exit out of the app even for just a few seconds  the formatting goes wonky and half the pictures disappear. Now just recently  I wrote up a really long post  hit publish  and when I checked on it  it had saved as a local draft. I hit edit and the ENTIRE post disappeared. I restarted the app and my phone and it's still gone. I'm not sure I'll continue to use this app after that!! :(,CRASHES
Brilliant app I love being able to listen to all my old amiga game music. Only 3 small items short of perfection. 1 would be nice if it could remember the folder you were last in on next load. 2 for some reason it doesnt seem to support pattern breaks (at least on soundtracker mods) 3 an oscilloscope would be an amazing feature  i used to love watching the oscilloscope display on the amiga trackers!,FEATURE & UI BUGS
I really liked it Issue 20/12/16  in discovery  when I find a channel and click on it. Doesn't open. Only subscribing and then going to subscribed is allowing me to view the info of that channel. Other than that  I'm using your app. It's very good. Like it man,CRASHES
Notifications don't show (A. Lollipop),CRASHES
good but had a couple of faults if you are picky about accessories works great  but would be better when trying to limit speech to headphones if it didn't detect anything Bluetooth as a headphone(including smartwatches and keyboards),FEATURE & UI BUGS
Nice but There should be additional option so as to control the double tap blur effect. Either of the all time no-blur else a specific time interval for blur adjust!,FEATURE & UI BUGS
Used on old device Please make it so that galaxy j700t1 users can gain root access thru exploit via one click. Id gladly donate for your time.,FEATURE & UI BUGS
Needs a lot of work. It has a problem repainting when you rotate from landscape to portrait. The bottom half of the portrait screen is blank as it is still using the same height from landscape. Also links wouldn't work. Paid for it but uninstalling now.,CRASHES
On retina display the drawing is too thin Yuo can not see the chart on modern displays. An option to change line thickness would be pretty good.,FEATURE & UI BUGS
LOST ALL MY FUC**** PHOTOS!,CRASHES
Active display not working. The active display is not working otherwise it's a great app.,CRASHES
For that mobile which not shows battery,CRASHES
Nice but needs improvement Pretty much functional in all aspects of audio trimming though I ought to think additional sound editing should be added to make this app even greater  like fading out the sound towards the end. A little improvement in user interface and icon design are important too  better if the app will follow Material design standards to make it more appealing.,FEATURE & UI BUGS
"Almost perfect Timeline integration would be nice. Also  it would be great if it had a missed call screen like the """"""""call in progress"""""""" and """"""""incoming call"""""""" screens with the contact photo as background.",FEATURE & UI BUGS
Not very accurate The wave to wake feature does not work sometimes,CRASHES
New update can't add pictures With new update broke the app  can't add pictures anymore.,CRASHES
Can Add this features?!!!Response please. Please Add Audio and video calling option which option is in WhatsApp So that every Indian use this messenger.. And when I send anything in a group how to know how many members have seen my picture?,FEATURE & UI BUGS
"No ! This is unacceptable ! What are you doing ? There's porn uploaded on youtube and u aren't doing anything ! I might help you find the playlists ! The main ones are """"""""""""""""Uncensored strip naked"""""""""""""""" and """"""""""""""""strip2""""""""""""""""(has over 700 videos) please stop pornigraphy on youtube ! It's enough on the internet we don't need it on youtube ! Please block the ones that post the videos for 5 stars from me ! And I'm only 14 ! And i hate porn so please   if you can't keep up with the uploads please add a button that will block everything that contains nudity !",FEATURE & UI BUGS
Shows up in Widget list  but can't add it to a home screen. Using a Nexus 5 on Marshmallow (Android 6.0).,CRASHES
Please add multi window feature! Please add multi window features for galaxy note's user! It will be amazing update..please add multi window features I don't want to use chrome again,FEATURE & UI BUGS
Indic Keyboard Please  Add Some More Themes Like Chrooma Keyboard Useable For All Android Version. I Assure  It'll Be The Number 1 Keyboard In Playstore :-),FEATURE & UI BUGS
"Bug with cards with photos New version has some bug. Whenever a card contain a photo  there is no audio or text includes. When I click """"""""""""""""""""""""""""""""show answer"""""""""""""""""""""""""""""""" there is also nothing appearing. Please fix it.",CRASHES
Modern It looks modern and has a lot of nice features. Please add more customization options. It would be nice to have a dark theme and the ability to change the color of the chat bubble.,FEATURE & UI BUGS
Neat and simple. Please add smart folders option. Otherwise I live the simple ui,FEATURE & UI BUGS
Great Works as described. One thing though. There could be some nice animation when lighting up the display. Not just sudden screen. Maybe something similar to iOS.,FEATURE & UI BUGS
Awesome  except the icon Can you please change the icon with a new  more material design related one? This one isn't as great as the rest of the app.,FEATURE & UI BUGS
% missing It is a very imp calc function. Please add urgently . love the clean UI,FEATURE & UI BUGS
Horrible App Please do not download this app. I have downloaded it and my phone refuses to work. I cant slide and cannot cannot uninstall either. Request someone to tell me how to uninstall this app as it refuses to allow me to go to the settings to uninstall. PLZ HELP.,CRASHES
Good but... A light app with widgets and nice UI. I would like to see an option to strike the task as complete from the widget itself. Besides this there are no reoccurring task allowed AFAIK.,FEATURE & UI BUGS
"Very good A very good application that works well ... it needs only to have the option of arranging the book list with """"""""book title"""""""" as well as the other options and preference ... if such an update is done it would be the best application ever to get a 5 stars",FEATURE & UI BUGS
Nice display Good app. But please add an pattern or pin lock !,FEATURE & UI BUGS
Was great fun Still my favourite game - by far  but the degrading mechanic killed it alot I think. I'm not taking a star away cuz pixel Dungeon is still pixel Dungeon but I would REALLY like to see degradation go away.,FEATURE & UI BUGS
Visual Edit Please add the ability to edit as Visual and not only through HTML - it mostly no usefull even if i know html,FEATURE & UI BUGS
Very Promising Hours upon hours of gameplay available. Wish it was easier to hit creatures though. Even with 133% hit chance I feel like I miss a third of the time. Also  put more details in our quest lot so we aren't having to take our own notes to keep up with the 10ish quest we have going on at the same time. Fix those two things and this game will probably be a 5 start. Also  please add the option to choose who you want to hit when you are in battle with multiple creatures. May discontinue play due to these problems.,FEATURE & UI BUGS
Excellent app! Use it for work and it has saved my life more than once when trying to remember if I had returned a phone call or sent a text message. My only issue is that since Marshmallow it seems that sometimes it will stop backing up automatically. When I check my calendar and don't see recent call logs  I have to open the app and backup manually to get it going again.,CRASHES
Nice Plz add more icons,FEATURE & UI BUGS
What once was perfect.. ..is currently experiencing too many to justify keeping installed. Don't get me wrong  this app was marvelous  it really tussled by muffet  but now it crashes when you search  doesn't save file properly and fails at setting ringtone. Alas  now I must search elsewhere for an app to do what I could easily do in 10 seconds on a pc.,CRASHES
problem with cm13 i have installed cm 13 on zuk z1 and the toast notification appeared for seconds and then doesnt appear,CRASHES
Doesn't work at all Only got configuration screen. Never displayed any data on LG 4g phone.,CRASHES
Doesn't Work I'm on a rooted one plus one and the app will not run the test. I click OK but nothing happens.,CRASHES
Loved it ! A single issue. Do not read my messages application Notify My Android.,CRASHES
Loved the app but keeps crashing phone Any time I use this app on my galaxy s7 edge  it lags. Then after I lock my phone while the app is open  it crashes and the phone doesn't turn on for 15 minutes. This only happens when I use this app. Can you please fix this?,CRASHES
Best around Great for life tracking  looking up cards  and looking up prices for trading. Only concerns are that there is no way to see errata on a card if you set it to automatically show an image of the card  and you can't keep multiple wishlists for different decks.,FEATURE & UI BUGS
Good but.. Show 0 processes if root privileges is ticked. Please fix!,CRASHES
Awesome..! Please add duration of 5 minutes and 10 minutes..,FEATURE & UI BUGS
"Two gripes - font size & scheduled posts I like this app and I really do want to stick with it (it's a toss between this and slim social) but not having the option to change font size as I can in slimsocial may be the deal breaker. It is smoother than slimsocial on my phone but the default font size is simply too small on an average smart phone... Unless I'm missing an option somewhere  in which case I'd appreciate advice!?! Also  scheduled posting in managed community pages doesn't work - """"""""post"""""""" button is non-responsive!",FEATURE & UI BUGS
Disabling home screen rounding does nothing. It still rounds my moto g home screen. Doesn't look good. Please fix. I'm running 4.4.4 stock.,CRASHES
Neither of the two issues highlighted ago has been fixed _ï¿½É Tapping the star on the right hand side in list view will cause the list to scroll. Also  progress bar when downloading an attachment would be welcome. Half the time I get the impression nothing is happening  and often nothing actually is...nevermind guys  switched to AquaMail  it's like moving from 2006 to 2015. It was nice while it lasted.,CRASHES
4 stars because : It works great when there is no wifi. It simply turns my wifi off. When I am near a wifi it turns the wifi back on  which is great. But the problem is most of the time those wifi sources are not on my list  it turns my wifi on anyway. Fix that please :) I am using Galaxy s5. Thanks.,CRASHES
Crap Doesn't show the channel you connect to.,CRASHES
Works alright  but has a number of bugs that just don't seem to get fixed. Notifications don't appear  adding contacts doesn't work  super slow  at times.,CRASHES
Nice Keep the good work going! What I'd like to see in the app as well : - visualization of my steps during the day  to see when I was active and when not - push up notification when I have not enough steps in the evening or when I'm not moving for a few hours - better statistics in general,FEATURE & UI BUGS
It works It would be better if it did not star out what I type. If someone's looking over my shoulder  I will deal with that.,FEATURE & UI BUGS
My kind of game Ive been looking for a game like this for years! Finally! This game is sooo awesome. Please add more maps to this  and would be great if this had like a warship and gunship versions! A very good game overall  would suggest this to my friends,FEATURE & UI BUGS
Ok but has bug Like it for no unnecessary permissions. But screen rotation causes light to flash.,CRASHES
some time not working,CRASHES
No categories or feeds management's  no option to view the article in full text automatically. News reader or just another rss app?,FEATURE & UI BUGS
Solid Doesn't have all the features of other podcast managers but does what it does very well. Love  that you can sort the queue list. Moving to this as Pocket Casts is increasingly full of features I don't use.,FEATURE & UI BUGS
Lock issue For some reason when I lock my phone  it reverts back to the original Android lock screen for a couple seconds to a minute before changing to the AC lock screen. Which kinda defeats the purpose of even having this one if it's just going to use the old one first. Would rate 5 stars if this was solved.,CRASHES
Excellent  free. Install it now Thank you for the dark theme! Wishlist: 1) Colornote-like gmail sync 2) shortest/resolution adaptable habit names column width in the list (lower-res devices get a lot of white space  a longer _ï¿½ï¿½check_Ñ history would be more useful/beautiful),FEATURE & UI BUGS
Great App When It Works This is a great little button to have and saves on unnecessary swipes  when it actually works. For every ten times I use it  it only works about six of those times. Would really like to see this fixed  because it is great otherwise.,CRASHES
Good bur a few bugs & Please add security options,FEATURE & UI BUGS
Works great. Easy to set up and well organized menus. My only request would be more font options like colors and font size.,FEATURE & UI BUGS
Great and useful app This is a really useful app for people like me who has not been playing MH for awhile. A few extra features could make it better tho.. e.g home button and include weapon slots in armour set builder. Nonetheless great app.,FEATURE & UI BUGS
VIDEO PROBLEMS I really love Snapchat to share my stories but I cant upload videos because it always crashes and the video will be blanked  blurred  green I mean you can't see anything  my phone is Oppo Joy 3  Team Snapchat please help me fix this I hope this issues will be solved thanks _ more power to Snapchat,CRASHES
Light and quick Very nice  basic  but the folder icons are huge. But does what it says without all the bs,CRASHES
"Please fix the scaling problem? The latest update has a problem with scaling the images. Now  no matter what I have the """"""""""""""""""""""""""""""""fit to"""""""""""""""""""""""""""""""" option set to  I still have to manually scroll up  down  right and left to see the whole image. It doesn't seem like it  but believe me it's very annoying.",CRASHES
Can't read To small,CRASHES
Its actually good just need to be a little fast . please add a search option for the search of posts as well . please please its a request add all the post modification options in the app,FEATURE & UI BUGS
New update can't add pictures With new update broke the app  can't add pictures anymore.,CRASHES
Request Please add support for all keyboards. I am using Google Indic Keyboard and the shortcuts are not working,FEATURE & UI BUGS
Hi Roman  could you please  please  pretty please add option to only apply blur on the image while the lockscreen is on  and none when the device is unlocked? Thanks either way :),FEATURE & UI BUGS
Extremely useful  but... The app is just amazing generally  it just has a couple of quirks that happen sometimes that don't exactly ruin its functionality  but they are slightly annoying. For example  when the screen goes to sleep and I turn it on again  or if I exit the app and open it again  it will have reset to the first playlist instead of the one I'm on. It generally does that  like when browsing the library  entering a folder and then going back it starts at the top again. Otherwise perfect.,CRASHES
Good .... Simple and understanding but if u could links of some videos it would be better...,FEATURE & UI BUGS
Add widgets Great update hiding applications! If you could add widgets  then it would be perfect!,FEATURE & UI BUGS
Nice but Works great but when I tap on the screen while a movie is broadcasted it closes?,CRASHES
VERY NICE APP... BUT i hope u add a confirmation dialog when i tap 1 of those choices bcoz sometimes i accidentally tap the reboot button but i supposed to tap the shutdown button and i cant do anything but wait for it to finish rebooting.,FEATURE & UI BUGS
There doesn't seem to be a perfect web app maker This is one of the best I have found. I like how it always creates an icon and there are a lot of settings... However I wish it would let me use http addresses to make web apps as well. Its a pretty big inconvenience. Maybe I am misunderstanding the purpose of this app  I am not sure.,FEATURE & UI BUGS
Need one improvement Please add an option to set the brightness level. As it effects our eyes at night.,FEATURE & UI BUGS
What once was perfect.. ..is currently experiencing too many to justify keeping installed. Don't get me wrong  this app was marvelous  it really tussled by muffet  but now it crashes when you search  doesn't save file properly and fails at setting ringtone. Alas  now I must search elsewhere for an app to do what I could easily do in 10 seconds on a pc.,CRASHES
White only? I used to be able to customize the colour of everything but the date. Now I can only change the colour of the background. Looking for another widget _ï¿½ï¿½_,FEATURE & UI BUGS
Uninstalled  after a year i still can't simulate route or modify POI... ...even though i learned all the submenus  it is just not usable  not intuitive at all. make menus easyer to use! All buttons in one place! Btw:The search for intersecting streets do not work  refuses to find the intersecting street  i know the menu but it does't show list of 2nd street,CRASHES
Frustrated!!! When are the bugs going to be fixed??? Every time I sign in it tells me to log in with my facebook account I do  and when I do it tells me 'we are experiencing some difficulties at this time and to try back later'. Well that's been over two months ago. I'm over this!!!,CRASHES
Problem with contacts Some of my saved contacts show up us numbers. Otherwise its good,CRASHES
Good but... I can't see linked images,CRASHES
Best podcast app on Android Does everything like it should. (Only problem I have: when the side menu is open  pressing the back button currently closes the app instead of the side menu),CRASHES
Excellent  but... Excellent app  with one small issue that stops the app being perfect. If I start up the app  or reboot the phone  logging doesn't automatically begin. You have to go into the app and press play/start for the logging. How about making it possible to auto start the logging  not just the app? Also  if the power save is on  GPS gets turned off. It would be nice if the app could reactivate when it turns back on again?,FEATURE & UI BUGS
Really good. The only thing I would say could make it better is if we could change the size of the screens and size of the buttons.,FEATURE & UI BUGS
Good effort But still used 17 mb without much changes allowed. try to make app hide option.,FEATURE & UI BUGS
Weaponry Customize character looks. Have an array of weapons to start with e.e rappier  bow (for the huntress) and a blowpipe which shoots seeds in the game and a hold a shield and a sword or a sword and a sword. Also i now only get the amulet and deafeat the end boss and go to level 1  but then it finished:-( could you add in a castle or something above the dungeon and give the amulet to the king or something. And cutscene on the star e.e. the king telling you to go on this quest? just a thought. But a GREAT game.,FEATURE & UI BUGS
Strongly recommend if u hv charging issue Tried diff combination of charger and cable...ultimately cable was at blame...,CRASHES
Weird Issue LTE Z850 Having an issue where notifications will dismiss themselves from my lockscreen  or sometimes not show up at all. Also does not always play notification sound or vibrate  causing me to miss texts sometimes. Does not happen with stock SMS app or Textra. Aside from these issues  the app is beautiful  and makes texting lovely.,CRASHES
This app rocks!!! So I have a galaxy exhibit n it had stopped letting me save pics or download apps. So I went n bought an sd card n was so upset when it didn't fix the problem. I tried a few crappy apps that didn't work but this one is great. You move everything to a folder on your external sd and it frees up vt,CRASHES
Awful Roms won't show up except for one which is Pokemon black in Japanese please fix this and I will rate better,CRASHES
"Something bad happened. Couldn't open file"""""""" File opened to read. Edited the file I was sent and upon saving the edited version the message above repeatedly showed up. Hesitant about sending the error report due to the sensitivity of the document content. Will give 5 stars when I can successfully save an edited document.",CRASHES
Hola launcher support Please add this launcher,FEATURE & UI BUGS
Reminders - Missing So far the most appealing and customizable calender widget I found. Please add Reminders for 5 stars.,FEATURE & UI BUGS
Customization I would like to be able to input a time to record  and adjust the max time too. That's just what I want. The reason it's 4 instead of 5 is that it wasn't recording while it was waiting for an answer to the APlease Rate This App prompt. I was shredding on the guitar and wanted to catch it :( nothing to show for it but a blister.,FEATURE & UI BUGS
Pretty clean I like the app  it works well. I find that if I lock my phone then turn it back on right away it defaults to the standard lock screen for a second then clicked into AcDisplay. Besides that it works really well. Good job,CRASHES
Using gone Galaxy S4 tablet. The App won't let me login to my account and when I click to any subject it shows nothing in the folders. I use the website but wish I could use the app.,CRASHES
Good app Good app overall  few glitches here like conversion color shift happens before i enter conversion but thats minor. Looking forward to future updates.,CRASHES
Does not work. When I turn on the app now it freezes my phone in a black screen.,CRASHES
love this! two more features and I'd be incredibly happy: layers and custom canvas size. Incredibly simple and easy to use once you get the hang of it.,FEATURE & UI BUGS
Version 6.0.0 problem Though I like the new interface  now I am unable to copy any password after unlocking my password database. I can only see the password but not copy it. I am running Android version 4.4.4. EDIT: Thank you for your reply. I did not know about the alternate keyboard thing but I will use that from now on. Thanks again!,CRASHES
Bullshit Icons don't even show up its a waste of time!,CRASHES
4.5 Please add a 3x3 lock or a pin lock! Also can you make the distance you have to swipe shorter... So we don't have to swipe as far for it to unlock!,FEATURE & UI BUGS
Raise to wake feature Hello  love this app but could you please add raise to wake feature... Ac display should pop-up when I raise the device.... I know it works when u take it out of the pocket but would be great if it works simply when u raise it like moto display does... Thanks,FEATURE & UI BUGS
Bugs It crashes each time I go to settings and scroll down great app but needs to fix the bug I am using a Samsung galaxy core prime,CRASHES
Crap Doesn't show the channel you connect to.,CRASHES
Fantastic Please add customized wallpaper for lockscreen. As currently it either uses homescreen wallpaper or solid background. There is no separate option to set wall for lockscreen only,FEATURE & UI BUGS
Great app! This is a great lockscreen but please add password lock.,FEATURE & UI BUGS
no go on HTC one Doesn't work on HTC One or One mini; shows random values  even when I plug in the same charger  value shown is different every time.,CRASHES
Nothing is showing? Only the app icon with settings  widget doesn't work (androind 5.1.1),CRASHES
Need to improve editor Please add commands like 'read more'   'color' etc to the app also. Currently it available only on web version.,FEATURE & UI BUGS
great app does what's needed  keyboard needs Improvement  tab completion would be nice,FEATURE & UI BUGS
Not working after upgrade to Nougat The ampere reading is not showed up  say 'no data' it's working fine with android marshmallow and disappear after I upgrade to nougat.,CRASHES
Constant crashes Version 2.0 update constantly crashes on OnePlus when using your own photos. Clearing app data doesn't help.,CRASHES
Please add Google reminder showing.,FEATURE & UI BUGS
Can't Disable Lock-Screen Skip Button Overall  it's kind of a cumbersome app  but does well enough. A huge problem for me the inability  despite changing the settings  to disable the 'skip' button. I've lost my place in countless podcasts when my phone gets triggered in my pocket and the button--that I CANNOT remove--gets bumped.,FEATURE & UI BUGS
Recent version does not scroll I've been using this app for a very long time. The recent version no longer scrolls to the bottom of the window  for example  when listing a long directory.,CRASHES
Great APP - Improvement Request - News Republic Works great! News Republic's notifications offers the full story but the APP will only read the title. If possible could you try to fix this in any future release! Thanks,CRASHES
sometimes wont refresh and displays wrong The refresh button doesnt always work on my samsung s5. sometimes the widget will combine multiple days' events making it seem like they all happen on the same day,CRASHES
Only a small part of email text visible The email text is sometime not completely visible instead it is contained in 1 mm high scroll window which makes impossible to read the text. Please fix the issue and get 5 stars.,CRASHES
Change the icon Jesus,FEATURE & UI BUGS
Doesn't work on Nexus 5. I downloaded the map  but it doesn't work in Nexus 5. The map screen is just white. I think there's a dot. The interface is a bit clunky  but I wouldn't mind if it would render the map. I'm going to keep the app for a bit in hopes that it gets fixed.,CRASHES
Doesn't work on lolipop It keeps crashing  I cant set my wallpaper. Unfortunate  because I really liked it. I hope it'll get fixed soon.,CRASHES
How to revoke and generate key revocation certs? Add feature for key revocation.,FEATURE & UI BUGS
Undo Feature Please add Undo feature  so when do wrong typing and deleting we dont need to re-type whole content.,FEATURE & UI BUGS
Night mode Please add night mode and dark theme options.,FEATURE & UI BUGS
Has bugs On receiving USSD screen flickers and constantly drains battery. Lost 20% battery in an hour,CRASHES
Nothing is showing? Only the app icon with settings  widget doesn't work (androind 5.1.1),CRASHES
Doesn't work I'm writing to tell you the new version doesn't work eather. Click open nothing but a white blank screen. The widget all it says is widget loading. Has really done anything.,CRASHES
Indispensable When Out of Cell Coverage And that is when you really need a map  right? The user interface can be obscure (like after a long tap on a location  how to make that go away?)  but mostly quite nice. For a map while driving  showing where I am  not as pretty as Google Maps  but more functional. Swipe down: Didn't think of that. I tapped elsewhere  could you make that do it  too?,FEATURE & UI BUGS
"Useful but fugly now The """"""""improved"""""""" interface now 60% more fugly. Tiny time slice charts  gray in-between sections  smaller font. One word: eeeew. But it's still functional.",FEATURE & UI BUGS
Good app that could become great with minor changes This app does exactly what it advertises and I have been very happy with the results. It took a few tries changing the settings to get the best results and good battery life. A new feature I would suggest is having the ability to save settings profiles. For example so I could save settings that would log slower for when I hike verse logging faster for when I am cycling or in a car. This app works great with photo goetagging applications  recording bike trails  or recording directions. Thank you for producing a quality product.,FEATURE & UI BUGS
Very good keyboard with very small size but the themes are not good as other keyboards have many good themes. Please add some good themes like go keyboard and flash keyboards have..,FEATURE & UI BUGS
"Best of the bunch Great app that I use and reference through out the day. One bug that I found is when I input my stride length in """"""""feet"""""""" it will only display my distance walked in """"""""miles"""""""" for the rest of the day. The next morning it will revert back to my stride length in cm and display kilometers walked.",CRASHES
So close to perfect Love this widget. Looks great  nice and configurable. ONLY THING that's missing is the ability to see which events you have replied yes to attend. Please add that!,FEATURE & UI BUGS
Many bugs When i touch the controls it doesn't work  and their are graphical issues like screen flickering. Sounds great  pls fix the controls and graphics,CRASHES
After going back from file view  file tree is not showing anymore,CRASHES
Nice Uninteresting for me. Thank you anyway  would be better for younger people. :-),FEATURE & UI BUGS
Used to like But double tap to focus does not work on my Samsung Galaxy S6 Active. Uninstall.,CRASHES
Not working in background Application does not backup messages untill I open it and do sync manually.,CRASHES
Very good Would be better if after checking the box  the task would be crossed out to sort it out visually,FEATURE & UI BUGS
Only 3 stars... Only 3 stars since you still haven't fixed the bug that makes the message list scroll when I click on the star for a message.,CRASHES
the widget is too wide  please add an option to resized it. and an option to change font type and background. and an option to hide the widget when there's no network or connections.,FEATURE & UI BUGS
The only camera with good screen flash However  it would be better if the flash color can be warmer like iPhone did. It is really doable since you know it is screen with million color,FEATURE & UI BUGS
"The words """"""""Successfully decrypted"""""""" appear but the message still shows as encrypted. Tried in typemail and k9 mail",CRASHES
This app is so lame it only shows one page of data and nothing else I deleted it immediately what a waste of space,CRASHES
Best Battery Indicator This is the best battery Indicator  simple  light  most important less battery drain  it can customize alarm for battery temperature that is very usefull for me. Hope next update  the notification bar can show battery temperature as an option  for now it onli battery status.,FEATURE & UI BUGS
Please add a option to take pictures as we record,FEATURE & UI BUGS
0.4.1 broke the game - rating accordingly The previous update already had the balance doing a clumsy routine on a tightrope  while this one completely broke the game. Armor is now basically useless  with the first boss consistently doing 12+ damage in one hit through a leather+1 armor. Rats and flies can tear you to pieces since it's not uncommon to roll 0 in armor - the odds are very much against the player. The game is pretty much unplayable unless you luck into +3 armor from the sad ghost or something early game. Wish I could roll back to 0.4,CRASHES
Good....but.... Visible pic showing in this app is actually IR pic....and IR pic are colour composite pic...and timing of sat pic must be visible.,FEATURE & UI BUGS
Unable to set sampling rate on infinix X2 with MT6753 Unable to set sampling rate on the hackrf one on phone with MT6753 processor.,CRASHES
Needs a lot of work. It has a problem repainting when you rotate from landscape to portrait. The bottom half of the portrait screen is blank as it is still using the same height from landscape. Also links wouldn't work. Paid for it but uninstalling now.,CRASHES
this app is on the right track would have given it a a 5 star rating if this app is able to toggle mobile network like chomp. further  please add ability to send contact details thru SMS. I think potential buyers of the pro version will be enticed to shell out cash if the developer will only give a description of what they're getting aside from the colors.,FEATURE & UI BUGS
Great app. One or two bugs Hated the permissions of the official fb app but this app works wonders. Never runs in the background and doesn't get access to my entire phone like the official app does. Only real issue is that you don't get a notification sound for incoming notifications. This can be solved with the notifications for Facebook widget. Overall great app and great concept,FEATURE & UI BUGS
double tap to focus doesn't work On my Galaxy s6,CRASHES
Good Please add use background wallpaper status bar,FEATURE & UI BUGS
Current reading zero On Samsung xcover 2 current reading is zero. Other values are ok. However some much worse apps do show it.,CRASHES
It's great but . . . Just a bit laggy with the animations. Also  add more features for a power user  like SD card and cloud storage. And make navigation a bit easier  like when I'm trying to go back to the main screen by cycling through the folders I had to go straight back to the menu instead of tracking back in the folders.,FEATURE & UI BUGS
Way to buggy and it's lacking features. When I click on an ap on the map  most of the times it won't go back to full map view or it will jump back at my location. Annoying as hell. Also  there isn't an option to configure my 2405a anywhere... Since you disable this feature from the web site  you must do something about it.,FEATURE & UI BUGS
Great icon set. But please add icon masking. The non themed icons look terribly out of place.,FEATURE & UI BUGS
UNINSTALLING BREAKS PHONE AND ADDRESS BOOK After syncing then uninstalling my contacts and phone app no longer works. They crash immediately after opening. The only way to get them to work again is to reinstall the app. Stop whatever you're working on and fix this bug now.,CRASHES
Keep up the great work This is one of the best games on android  period. I can't wait for the update! I wanna traverse the full map and finish all the quests.,FEATURE & UI BUGS
" The app is really good  but it lacks of G-Rank missions on \\""""""""""Quests"""""""""""""""". Please add them""",FEATURE & UI BUGS
Awesome But it desperately needs an option to automatically delete old messages i.e. Limit a thread to 500 messages. The app seems to lag pretty hard in conversations with thousands of messages  and it's not really feasible to manually delete that many messages. I have to keep switching to other sms apps and use them to automatically delete old messages  before switching back,FEATURE & UI BUGS
" Saves battery over Facebook and messenger Great battery saving Facebook app. I like that you can read and write messages so I don't have to use the Facebook messenger app. An option to force the default news feed to \\""""""""""most recent"""""""""""""""" is all it really needs. Would be nice to see push notifications especially for messages  but that's not a huge deal.""",FEATURE & UI BUGS
Completely crap Completely ruined my contact list  deleted existing photos  created sync errors in google  don't do it!!!!,CRASHES
Memories gone black Brilliant app but always the glitches are there in different forms. Camera not responding and then the snapchat not responding etc. but now some of the snaps saved to memories appear as a dark picture and nothing appears on them. It happened to me so many times. Please fix it or show a solution.,CRASHES
4.4.2 with Supersu I can't see process. It says process needs root but it doesn't ask for permission. Need an update ASAP,CRASHES
Good reader for ttrss The only feature missing are virtual feeds for folders. Like we can get from the web ttrss. Edit: long press on categories and Show all articles. Cool.,FEATURE & UI BUGS
Good Can you please add iOS and Windows Phone status bar and for a 4.5 inch screen those icons are to big please make them smaller. I hope to see this bugs were fixed in next update.,FEATURE & UI BUGS
Very buggy  didn't like it. The whole thing is slow and takes at least 3 swipes to unlock. Starts very slowly too  so it isn't always on. The transitions are weird too  sometimes it jumps back from lockscreen to the overlay and then back.,CRASHES
Missing one minor detail... Please add a setting for sales tax that can be applied to totals displayed in list. Love the app!,FEATURE & UI BUGS
Great alternative to Facebook/messenger Noticed that on Nexus 6P that the app crashes when you click on the message tab.,CRASHES
" Could Use a better widget  which doesn't open a new window on interaction. Cannot find non English strings because the app cannot normalize capitalized letters in their names  e.g. ?????? can only be found using \\""""""""""????"""""""""""""""" but not """"""""""""""""?"""""""""""""""". Fix it!""",CRASHES
Uninstalled  after a year i still can't simulate route or modify POI... ...even though i learned all the submenus  it is just not usable  not intuitive at all. make menus easyer to use! All buttons in one place! Btw:The search for intersecting streets do not work  refuses to find the intersecting street  i know the menu but it does't show list of 2nd street,CRASHES
Problems with office365 Emails in office365 read or mark as read are listed as new at the next check.. This has been going on for a long time now. Is the app still maintained?,CRASHES
Not able to play god of war ghosts of sparta on it. When I click on the game it just shows a black screen Unable to play on it  got the iso file but when I click on the game the screen turns black please help works on other games but not god of war,CRASHES
Very Bad Can't work. Yes I had downloaded zim file file but there is many articles of Ray charlie. I am curiosity about which you show here in play store. Is this joke.,FEATURE & UI BUGS
HTC One M9 I switched to Kubuntu just for this after hearing about it on Linux Unplugged 114. It has a ton of potential as they talked about. However they were also right about how buggy KDE 5 is currently. Being Tech savvy  the bugs aren't that bad for me to deal with  however what really screws it up for me is that images I send from my phone get screwed up. It says it fails loading meta Information.,CRASHES
Just one thing! Please add finger print direct unlock without swipe!,FEATURE & UI BUGS
"It connected my personal info from other places WithOut My Permission!! It Added My Legal Name to my Secret email address TODAY. I got a reply email saying """"""""Who is this- I dont know that name!"""""""" It kept saying(every letter I tapped  but it was working  just a hassle) gmail wont work without Body Sensory&gt;wtf Permission.",CRASHES
Elegant  Extensible  Well-Supported Great source of beautiful  fresh wallpaper for my home screen. Caveats: I wish it would do a better job of centering and scaling local images to fit the number of home screens I have and the resolution of my device. It would also be nice if I could permanently download images to my device  so that over time I could fill up a folder of favorites to draw from with the My Photos source. This would work great with the MultiMuze extension that lets us use multiple sources at once.,CRASHES
Great  but... please add the option to receive notifications 1 minute or as soon as I receive them and the subreddits take a while to load. Thank you :),FEATURE & UI BUGS
" Great simple calendar widget Please add ability to change \\""""""""""shading"""""""""""""""" of day headers. They are set to default gray  and lack contrast no matter what color background""",FEATURE & UI BUGS
MMS problem MMS is really buggy and mostly doesn't work. Can't download pictures. Also there is no animation when sending or receiving texts. Was going to switch from Google Messenger but not anymore unless MMS is fixed. Otherwise it's one of the best sms apps on the Play Store. Developer needs to focus on the main problems first instead of adding new features. Will give 5 stars if this problem is fixed.,CRASHES
Too Many Bugs to Be Usable Introduces many glitches and control issues (like inability to scroll text boxes independent of the containing page). Another Overrated but ultimately useless 'app' for the growing digital junk pile.,CRASHES
Oneplus 3 hardware capacitive buttons stays active all time! Hardware capacitive buttons stays on and vibrate even if i have locked the phone which consumes more battery! I have installed the plug also still it down stop its working. I suggest you to work on it such that only the fingerprint sensor stays on! I liked your app but please work on this issue.,FEATURE & UI BUGS
Good but not Best This emulator crashes. Games like wwe 2k14 wwe smackdown vs raw2011 tna impact cross the line etc doesn't work. these all games went only black screen on selecting game to play.Please please solve my problem.I m a huge fan of games.So please make an update fixing my problem.And please please replay me.,CRASHES
"Could you please add the option for Color font_ Please add the direct option to color font (ex. &lt; font color="""""""""""""""""""""""""""""""""""""""""""""""""""""""""""""""" size="""""""""""""""""""""""""""""""""""""""""""""""""""""""""""""""" &gt;Word &lt; /font &gt;) it'll help us directly to change font color. Thanks!",FEATURE & UI BUGS
AWESOME But Please add some good design,FEATURE & UI BUGS
Flyme Not working on flyme android with nova launcher. Doesnt appear,CRASHES
In more about you doesn't let me scroll down I'm trying to fix my last name on my profile and when I go into the More About Me it doesn't let me scroll down please fix this issue I will give 5 stares if you do. Thanks,CRASHES
Doesn't work It won't accept my user name and password for last.fm. The website accepts it. Not this app. Too bad. 10.27.16 edit: now also scrobbles seldomly  and chooses what at random. I'd like a response from the developer to help me. I play music using Pulsar plus... I reinstalled and now when I try logging in to last.fm and hit authenticate nothing happens.,CRASHES
New York Times doesn't download I've been using Shortyz for a long time and love it  but for the last few days  the New York Times crossword won't download. I checked my NYT account  and it's current. This is a great app  but some puzzles that are listed  like the Onion  never download. Until now  the New York Times was fine  but now it's gone too.,CRASHES
An excellent todo list application Very good application that has a great notification features. The fact that it integrates into my calendars is a big bonus. The one thing that I would like to see is for it to get time and date information about the task from the title like todoist does.,FEATURE & UI BUGS
Add more options! Please add an option to set your own wallpaper from your gallery  and a pass code option please! Then I'll give 5 but there's this bug in which when I press the home key my desktop shows up!,FEATURE & UI BUGS
Vision altering Starting to realize what I like looking at. Can you add a favorite option  so I can go back and see my favorite wallpapers and paintings?,FEATURE & UI BUGS
Unusable in large rooms No way to filter out joins or parts.,CRASHES
Nothing beats this one I love this app except one thing and I am sure that developers will resolve it. The inbuilt dictionary always work with same white background even when I change reading mode to night,FEATURE & UI BUGS
It Works! For Xiaomi phone user  make sure to allow display popup permission for this app to work. Suggestion to Dev: please add option to configure clock display location  I need to set it on the top part of my screen to fit my phone cover. Thanks!,FEATURE & UI BUGS
Great app Would be 5 star if the skip 30 second button was on the lock screen. Overall does exactly what I need,FEATURE & UI BUGS
Great game  still in progress though... A really good RPG. I can't wait to see how it progresses. There's a lot of side quests  and the gameplay is really nice. You have to grind quite a bit  but it feels rewarding when you level up. The game is quite challenging. The main storyline isn't completed  there is no soundtrack (though that doesn't bother me)  and the assets need improvement (I saw the thief sprite and many others from Fire Emblem!). Maybe some more maps and locations  quests  and game lore. I'll try to help by making quests!,FEATURE & UI BUGS
Neef a help I have a moto g Aftet syncing it did show that some contacys wer synced But i still cant see dem on my contact s list,CRASHES
After going back from file view  file tree is not showing anymore,CRASHES
Fantastic app It is a really helpful tool to have for any monster hunter  but it could have a couple of fixes. For some reason the habitat function doesn't work and some items don't have their crafting ingredients listed and occasionally pages are completely blank  but is otherwise flawless.,CRASHES
The best midi sheet It works perfectly beyond my imagination. If perhaps this needs improvement  I will want the save option to save as pdf,FEATURE & UI BUGS
Fantastic! This app is pretty much perfect as it is  generating the full spectrum of DTMF codes and some extras too! One thing I'd love to see is a DTMF decoder that turns tones into numbers  but it certainly doesn't feel like its missing it.,FEATURE & UI BUGS
Blocking my notification It works ok...but it's blocking my notification..my indication lights don't work not blinking at all when I receive texts and it's not showing up on the always on screen either.. please fix,CRASHES
"'Dislike' button doesn't work This goes for BOTH the app and web clients: What's the point of a 'Dislike' button on comments when the tally never shows up? ---- Also: Whenever I click """"""""""""""""Read More"""""""""""""""" on comments  it keeps bringing up the reply box because the RM text is too obscure or close to the reply/comment box. Once this is fixed I'll be sure to give this app 4 stars (for the first time in a year or more) because the new Suggestions/Recommendations algorithm is that good.",CRASHES
Great app  but... It's a pretty fantastic app  but the general lack of Promo and Prerelease cards makes some trades hard to do (even if they're listed on TCGplayer.) and prevents the app from being perfect for all trades and card lookups.,FEATURE & UI BUGS
Brilliant This is brilliant app. Hope you guys will add poll and video option in next update. GROUP DMs not working. ADD POLL AND VIDEO OPTION and Groul DMs are not showing.,CRASHES
Works great! Just one request. The app works great. No issues there. I want to just suggest an improvement. Could you enable an option make the screen light up from time to time with intervals until the notification is addressed or dismissed. Kind of like an LED notification light  but with the screen. Do reply. Thanks!,FEATURE & UI BUGS
Armor builder needs upgrade Try make mix sets with armor of different ranks but cannot Please add another option for mix sets with all armor selection. Thank you ?,FEATURE & UI BUGS
Modern It looks modern and has a lot of nice features. Please add more customization options. It would be nice to have a dark theme and the ability to change the color of the chat bubble.,FEATURE & UI BUGS
Modern It looks modern and has a lot of nice features. Please add more customization options. It would be nice to have a dark theme and the ability to change the color of the chat bubble.,FEATURE & UI BUGS
"Always force stop My device is Lenovo a850. But when I tap """"""""install and setting"""""""" button  it force close. Please fix this.",CRASHES
Unable to share files When I tried sharing an audio file to a whatsapp contract  the screen changed to the share screen  I selected a contact and clicked on share  but it just closed. When I check  nothing was shared. This happens every time I tried it.,CRASHES
Instant upload pictures not working on galaxy S7  and thats what i mainly use it for,CRASHES
Problem with Note 4 Like another reviewer having the same issue of cursor not responding when I tap a box. Uninstalled and reinstalled did not fix. Used to love this app hate to dump it for a different one.,CRASHES
Mutes kodi This app causes the red mute icon bug in top right corner,CRASHES
Easy to use. But there a lot of room for improvement. The big room below can be use for width  color selection. No need to put everything on the menu button.,CRASHES
Unable to upload image from the app I'll give 5 stars only if i can upload multiple images from the app. Even on mobile view i had to upload 1 image at time which is time consuming... fix please...,FEATURE & UI BUGS
Best but add features I loved how I can use it as a lockscreen but you should add a password  wallpaper picker. TY :),FEATURE & UI BUGS
Identity permission No one gets/cares about a file explorer so their g+ icon shows  seriously  next you'll ask location permission so you can default which language to use or some bullshit.,FEATURE & UI BUGS
Needs a couple more features to be perfect. Please add the ability to skip forward and backwards by n seconds. Also  after a pause or exit  play back n seconds from the last pause. Other than that  great app!,FEATURE & UI BUGS
VIDEO PROBLEMS I really love Snapchat to share my stories but I cant upload videos because it always crashes and the video will be blanked  blurred  green I mean you can't see anything  my phone is Oppo Joy 3  Team Snapchat please help me fix this I hope this issues will be solved thanks _ more power to Snapchat,CRASHES
"Almost good. """"""""Calibrate"""""""" button must be hidden  because it can be touched by mistake  and the calibration process takes about 15 minutes. Also it would be very useful to export settings (calibration values).",FEATURE & UI BUGS
HTC one problem Unfortunately on the HTC one I am unable to drag the dashclock to make it my primary lock screen widget  otherwise it would be 5 stars for a great widget.,CRASHES
it's ok. not comparable with dropbox/onedrive it's good I have 2.5TB personal cloud. but I have purchased it wanting to sync my camera roll photos  it only works when you are using WIFI. in fact  photos that were taken when you are not connected to the WIFI will not sync.,CRASHES
Good application I like YouTube so much because there is menu options available Nike subscription is the important one I have a request to you when you update this application please add an option for voice reply option if anybody is willing to use it the option is helpful,FEATURE & UI BUGS
Problem with replies Replies fail. Sometimes reply buttons are missing. Reports sent  no fix for ages. Its important functionality. You guys need to fix it already.,CRASHES
Missing feature.. Great tool  but using OS 4.1.2 on a K2_CL there is no option in the notification bar to share  pause  and/or play. Specifically to share/save the logcat. Please add the ability to save the logcat for lesser API. The inability to review the logcat makes it pointless. Otherwise  very nice.,FEATURE & UI BUGS
Useful app.. But after giving the root permission to execute previledge command. . Not able to see any extra logs or features .,FEATURE & UI BUGS
Best podcast app on Android Does everything like it should. (Only problem I have: when the side menu is open  pressing the back button currently closes the app instead of the side menu),CRASHES
Good but.. Show 0 processes if root privileges is ticked. Please fix!,CRASHES
Great. Here are some requests. Please make the comment indicator lines slightly thicker (see Boost for Reddit for example). Please make it easier to comment on a post (instead of having to scroll to the bottom of the body of a textpost. Please add the ability to have shortcuts to subreddits without having to subscribe. Great work  thanks.,FEATURE & UI BUGS
"Does its job  but needs some work. 1) a """"""""save"""""""" button in addition to """"""""apply """""""" for editing profiles that you don't want to activate yet. 2) A roaming exclusion list  because data roaming charges in the EU are on the way out. Have a look at Xposed module """"""""Roaming Control"""""""" to see how to code such an exclusion feature.",FEATURE & UI BUGS
Great icon set. But please add icon masking. The non themed icons look terribly out of place.,FEATURE & UI BUGS
Wish it didn't reset to the begging page after every screen blank,FEATURE & UI BUGS
Altitude Filter Not Showing Up I have a Samsung Galaxy Note 5 and when I take a picture and swipe for filters the altitude filter never shows up. I have tried updating  Uninstalling then re-installing the app  turning my phone off  you name it. But nothing has seemed to work.,CRASHES
Bug on s6 It always been freeze when i scrolled it up on timeline and everypage i saw as well. Pls fix those bugs !!,CRASHES
nice app.. a few suggestions: (1) consolidate status bar icons into 1 single icon for multiple notes (2) tapping on a notification note calls the app note list screen (3) a confirmation dialogue for deleting notes in case of mis-taps (or better  a delete button/switch for each note..),FEATURE & UI BUGS
Nice icons! but incomplete set. Please add We Heart It,FEATURE & UI BUGS
Very good tool. Easy to use. Information displayed cleary. Needs export option for AP view.,FEATURE & UI BUGS
Channels bug /part  /close or close button does not work...,CRASHES
Missing 3d view while navigation,FEATURE & UI BUGS
Improvements The app need improvements.,FEATURE & UI BUGS
Overall good app  but have some issues For example  milestones doesn't work - feeds to project list,CRASHES
Missing loads of apppss the built in torch app and the radio and also my piano please add them,FEATURE & UI BUGS
The only non WiFi message app for me Wonderful app  it's my always go to sms app  wouldn't consider any other. Would love to see destroy sms after certain time. Other than that perfect and good job all_ï¿½ï¿½ï¿½_ï¿½ï¿½ï¿½_ï¿½ï¿½ï¿½,FEATURE & UI BUGS
Doesn't work on Galaxy S4 Permanently shows 460,CRASHES
Contact search is poor It cannot find contacts by company name  notes or other than correct name.,CRASHES
Superb ??????????. But it should overlap nav bar background.,FEATURE & UI BUGS
Amazing app This app is perfect for someone who struggles with aphasia but is still able to read. I love the customization options  and the ability for each word pressed to take you to a page with the most likely next word is extremely helpful. Also  my thanks to the dev for implementing a consistent back/home button when adding new tabs! I do have one request  it's the only reason I keep a 2nd AAC app installed in addition to this one: I use a bluetooth keyboard to navigate my tablet - I'm sure I'm not the only one. This app is great for expressing frequently-said words and phrases  but as it's impossible to predict everything I want to say (and time consuming to touch each word of a sentence individually)  sometimes I prefer typing with my keyboard. I know this app allows for that if you press the menu button and enter a special screen  but that separates it from the other features and being able to simply press a button immediately for a quick reply or pre-buttoned word/phrase. The other app I sometimes use remedies this by having an entry line at the top of the main screen itself. If this app could do something similar  that would be great. Still  terrific app!,FEATURE & UI BUGS
Good  notification now visible in 6.0 Since I got android 6.0 installed  marshmallow  the selected color didn't show on the notification and since the frame is dark  and the dark colored graduating bars are dark too instead of light blue  and all is showing on a transparent notification bar where the image under it is dark  I couldn't see it at all. 5/7/2016 Nothing about this issue was addressed  so one star now. 9/3/2016 finally this issue was fixed.,FEATURE & UI BUGS
What a shame I can't use it,CRASHES
Blur on Lockscreen ONLY 5/5! Would be better if there's an option for blur effect on Lockscreen only!,FEATURE & UI BUGS
Looks great  but the app crashes every time I try to access the widgets! Would be 5 stars if fixed,CRASHES
Quick Reply Please add an option to directly reply from notification.,FEATURE & UI BUGS
Simple and great Opensource music player Please add more feature  maybe add EQ for a better experience.,FEATURE & UI BUGS
Great App It'd be cool if we could tell whether the post is a link/gif/image/video by putting a colored chipped corner on the corners of the posts' thumbnails. (Like in Relay and Boost _ï¿½É),FEATURE & UI BUGS
Problem with Note 4 Like another reviewer having the same issue of cursor not responding when I tap a box. Uninstalled and reinstalled did not fix. Used to love this app hate to dump it for a different one.,CRASHES
Not work screen off.. Not work when screen off ..the servers was enabled .Android 6,CRASHES
HTC One M9 I switched to Kubuntu just for this after hearing about it on Linux Unplugged 114. It has a ton of potential as they talked about. However they were also right about how buggy KDE 5 is currently. Being Tech savvy  the bugs aren't that bad for me to deal with  however what really screws it up for me is that images I send from my phone get screwed up. It says it fails loading meta Information.,CRASHES
Pin code Add security! Looks very weird with the native pin code,FEATURE & UI BUGS
Not bad! Lacking back/previous button.,FEATURE & UI BUGS
Movement Very hard to control how I move please add a second control setting,FEATURE & UI BUGS
Useful but no tasks? You can taylor this widget much more than the stock calendar one but I'm missing one important function with it... doesn't show tasks  please add this!,FEATURE & UI BUGS
Neef a help I have a moto g Aftet syncing it did show that some contacys wer synced But i still cant see dem on my contact s list,CRASHES
It's ok Wish the corner were much darker,FEATURE & UI BUGS
Makes duplicate events This app ROCKED as a tranparent widget where I could see everything a month out. Now when I click on an event to edit it  it not only changes the details of the original one  it then duplicates it on my calendar as well. I really liked the app enough to try and figure a way around this  but there wasnt. I hate having to let this app go because it was a 5 star app but now it's only 2. Non-rooted Note 3,CRASHES
This app rocks!!! So I have a galaxy exhibit n it had stopped letting me save pics or download apps. So I went n bought an sd card n was so upset when it didn't fix the problem. I tried a few crappy apps that didn't work but this one is great. You move everything to a folder on your external sd and it frees up vt,CRASHES
Very beautiful display The display is nice and good. But please make the other clocks free to get.,FEATURE & UI BUGS
Not working  shows 0ma all the time,CRASHES
Choppy I connected to my tv with no issues  but trying to view youtube  movies  videos  ect.. is so choppy. 3 stars and deleting.,CRASHES
Extra basic  extra good This is pretty much everything you want in an audio book player. It's a smidge more basic than I might like (only one sleep time  loading of folders one by one) but these are small ux quibbles. The only major missing feature is chapter support on .MPa files  but I imagine this would be highly complex and thus be against the simplicity design philosophy.,FEATURE & UI BUGS
Great App When It Works This is a great little button to have and saves on unnecessary swipes  when it actually works. For every ten times I use it  it only works about six of those times. Would really like to see this fixed  because it is great otherwise.,CRASHES
Awesome  but Need some fixes. This app is now bit twisted but It's still have all the things to go with. You are deva and I know you can do better like you can add cloud sync as I change my device I have to re-save the pages again. Thank you.,FEATURE & UI BUGS
Would be better if I could use it while running my WiFi hotspot.,FEATURE & UI BUGS
Bug not fixed Calendar shows most events a day later than when scheduled. If you click on them you see the correct info. Problem is that you won't see reminders or items scheduled on home screen till the day after. Very frustrating.,CRASHES
Nice app Please add support for reminders. It's the only thing that's keeping me from switching to this from the standard Google widget,FEATURE & UI BUGS
Love it Anyway I would love it even more if it would let me move photos between folders,FEATURE & UI BUGS
Needs improvements No latest Satellite view  No live Map  No Find my phone or a number. No find a friend or family. but i like the App that's why i purchased it no choice. But better improve this! We Like Osmand+,FEATURE & UI BUGS
"Cannot sign/confirm key when master key is stripped I've my master key stripped with an additional subkey for signing. When I confirmed a key  the dropdown box which says """"""""Select a key"""""""" did show my key  but was greyed out. This used to work with some previous version  but the current version does not work anymore with this situation. Please fix this.",CRASHES
Getting some strange glitches. The settings sliders sometimes unset themselves  conversation not in list after sending message but can see after search  slider not accessible.,CRASHES
Great app but I am having some problems when i post something it fails. it is not even showing me my current posts which I have posted from computer. no peer certificate error and by 3g it was uploaded.,CRASHES
Weather stopped displaying Great widget but the weather extension stopped showing up,CRASHES
Doesn't work on Nexus 5. I downloaded the map  but it doesn't work in Nexus 5. The map screen is just white. I think there's a dot. The interface is a bit clunky  but I wouldn't mind if it would render the map. I'm going to keep the app for a bit in hopes that it gets fixed.,CRASHES
Doesn't work on T-Mobile HTC One with KitKat Just displays the settings.,CRASHES
Lock options Like the interface just wish there was a pin   pattern  password option.,FEATURE & UI BUGS
No matter what theme I try  I always default to this one. Just one suggestion  please make the lockscreen background the same as the home screen wallpaper. Also in the calculator  please make the extended slide out part (right) greyscale. EDIT 19 Feb 16 : THANK YOU !!!!! Any plans on adding a bootscreen ?,FEATURE & UI BUGS
"Something bad happened. Couldn't open file"""""""" File opened to read. Edited the file I was sent and upon saving the edited version the message above repeatedly showed up. Hesitant about sending the error report due to the sensitivity of the document content. Will give 5 stars when I can successfully save an edited document.",CRASHES
Nice app Useful app! Add just the possibility to call and you will win 5 star. Also in thr supergroup we look forword to see the possibliti to know the messager alread see or read!,FEATURE & UI BUGS
It would be better if the calender go to current date each time using the apps regardless the date last viewed when exited,FEATURE & UI BUGS
Menu button Glitch The menu button just pauses my games and nothing happens. An update to fix this glitch would be nice! Thank you,CRASHES
Ads are annoying  The content is great. It's why this is still on my phone. However  pop-up ads at the bottom of articles are too annoying  and I'm unable to close them on my Galaxy Note 4. It needs a better UI. I don't need an oversized share button at the top of each aeticle  and I'd prefer better formatting for article titles/ links to discern content and article importance.,FEATURE & UI BUGS
Love this app But for some reason it doesn't want to scroll with the page on my Huawei Ascend P7 like it did on my P6? Please fix! It's been going in for a few months...,CRASHES
Free  no ads and a clean interface. One star taken away because everytine you pause the player disappears from the lock screen and notification bar.,CRASHES
Great but When i swipe down the notification  the animation not smooth enough  please fix it for 5,CRASHES
Doesn't show up aa a file reader The app doesn't even show up as an option when I try to open a downloaded ebook. So I'm just going to uninstall it without really testing it out.,CRASHES
Doesn't work Only would say 1mA,CRASHES
issues with samsung Gives the very same value 1780 mA even with a 1000mA charger,CRASHES
Wrong directions Its not showing exact Directions it's showing wrong on Moto G 3rd Gen (Marshmallow),CRASHES
Overall the app meets up to the expectations! A very simple yet effective UI along with agenda per day view is what makes this app unique. . please add the total time between the agendas on the widget day view. . . . An option of coloring the agendas would also been an added advantage for developers to reach the 5 stars.,FEATURE & UI BUGS
Works Please add contact backup also. Got my all sms from last cel,FEATURE & UI BUGS
0.4.1 broke the game - rating accordingly The previous update already had the balance doing a clumsy routine on a tightrope  while this one completely broke the game. Armor is now basically useless  with the first boss consistently doing 12+ damage in one hit through a leather+1 armor. Rats and flies can tear you to pieces since it's not uncommon to roll 0 in armor - the odds are very much against the player. The game is pretty much unplayable unless you luck into +3 armor from the sad ghost or something early game. Wish I could roll back to 0.4,CRASHES
Very poor Its the worst app I never seen when I install this just my tablet hangs... What the crap is this!! I don't wanna install this app next time,CRASHES
File browser is broken I am unable to navigate the file browser to find a CA cert. The only two locations I am given are recent and downloads. I tried moving my cert to sdcard\\downloads but it still does not show up. The option for browsing internal storage only shows up when I am looking at client certificate on 'android certificate' type  something I am not using. #EDIT: thanks for the help  dev. But it looks like the cert provided from my VPN doesn't work. Probably an outdated file.,CRASHES
Nice app. Pls show full maps incl northen states in composit  heat and wind,FEATURE & UI BUGS
Please add more features. I will give five stars if you add more features in this app,FEATURE & UI BUGS
Detachment Hi please add capability detachment of groups and channel example my group1: group a - group b - ...,FEATURE & UI BUGS
It was great before the newest update. I Loved this app until today's New update. The pictures are huge and you can't see half of it. Seems like it is not working at all. It has gone crazy and rogue on me.,CRASHES
Audio and Video calling please!! Please add the audio and video calling features to the app.,FEATURE & UI BUGS
I love it. Please don't change the icon ever   I love it!!! Please add the option to add songs to especiphic playlist and search by genres. Also add feature to number the songs while in play.,FEATURE & UI BUGS
Superb! This app works incredibly well. My only wish is that it had a dark theme instead of white to conserve battery.. but that's not really a big deal.,FEATURE & UI BUGS
Good app  but.. I like the app and I like the games  but I wish the games wouldn't show errors while still playing them. It makes it too easy  because you know you are doing something wrong when you are still trying to solve the puzzles. If that is fixed I will give it 5 stars,FEATURE & UI BUGS
Looks nice but... ... scrolling through the messages list seems a bit laggy on my OPO. I managed to fix my MMS issues  though. Still there's a few things that need to be polished for it to be usable on a day-to-day basis.,CRASHES
Not happy!! I payed for this and after paying and having it for about two weeks it now will not let me knew when I have a text when my phone is asleep!! What good is this app if you have to go check every little bit to see if anyone texted you. Have emailed them two times no one gets back to you. Don't not get or at lest do not pay for it!!!!!!,CRASHES
I love it. It would be better if it had a backup/restore feature which is useful in case of phone failure. I'm willing to pay to have a version with that feature.,FEATURE & UI BUGS
Doesn't bring much to table Not much value of this over web ui. Would be great if it could steam thumbs and photos fast or at least look as nice as webui photos app.,FEATURE & UI BUGS
Works with Xperia Z2 tablet but needs to apply normalise math  but doesn't work on Galaxy Notes 3  just stays at Zero mAh,CRASHES
It would be great if there's a Save Option so that your Progress would be safe . Please Add it,FEATURE & UI BUGS
Notifications Show even when disabled,CRASHES
Good good app  if it had notifications it would be better..,FEATURE & UI BUGS
Glitchy The screen freaks out  even when it's laying completely still on a table. I can't find anything  much less the things I'm looking for.,CRASHES
Two issues with this app 1. No batch mode for creating tasks or subtasks 2. When creating a task in the My Tasks (aka all tasks) tab  I don't get the option to select a list that I already have created  to add the task too. Instead I have to create the list inside the new task and next thing I know I have two of the same lists. Or I have to make sure I'm not in the My Tasks tab and be in the tab that I want to add the task to. This is frustrating when I'm at work and in a hurry..,FEATURE & UI BUGS
Awesome sauce Edit: not great on lollipop; doesn't line up well. Amazing port. Well  more than a port  this is full of new features and integrated into common system tools. Sending as picture works a lot better than text (LG nexus 5/ android 4.4.4)   as the text ASCII art ends up aligned badly. But I guess it'd be aligned differently on the recipient device anyway so there's no way to make that perfect. Anyway awesome app. Loved the original on Linux  love this. Thanks!,CRASHES
A Simple and Clean 2048 Implementation When my kids were falling to the frenzy of 2048  I searched for the simplest app closest in implementation to the original website. This seems to be it! My only gripe is the Game Over text covers the tiles so I can't get good screenshots of my highest ones...,FEATURE & UI BUGS
It clicks off when loading game Doesn't work,CRASHES
Problem with Note 4 Like another reviewer having the same issue of cursor not responding when I tap a box. Uninstalled and reinstalled did not fix. Used to love this app hate to dump it for a different one.,CRASHES
Great app Please add screen rotation on/off. I frequently disable rotation at night and forget to turn it on in the morning. Thanks!,FEATURE & UI BUGS
AWESOME! This worked great with HTC M-8 Harmon Kardon and Samsung Smart TV. After seeing how Samsung S4 had mirroring option  I wanted it for my phone. I went to Google Play and tried many other ones  but this topped them all. Down side  can't connect to ROKU.,FEATURE & UI BUGS
After unlocking My phone is running android 5.1.1  after i turn the screen on fron always on display and unlock my phone it always takes me to the accessibility menu in settings. Is it a problem with the app or my phone?,CRASHES
Needs improvement Crashes very frequently. Further  there has to be an option to keep meeting name and schedule appearing in single line rather than schedule (only time) below the name.,FEATURE & UI BUGS
Doesnt works on moto g4 plus... After installing and enabling it.. no night mode tile appears in add tiles menu... :(,CRASHES
"Works really really well and deserves 5 stars except for the poor volume control slider. It's just too small and I only manage to click it with about 20% accuracy; even on my 10.1"""""""" tablet! Otherwise  great app with all the functionality I'd ever require.",CRASHES
Please add control customizations,FEATURE & UI BUGS
Great Please add an option for notifications and icons,FEATURE & UI BUGS
Please add profile features. In some cases we want quick block unblock some apps. And searching those apps taking time,FEATURE & UI BUGS
Great - needs progressive answer reveal Helps in memorizing facts. please add progressive revelation of answer. For example  the first anatomy picture above had 3 facts on 3 separate lines. instead of just one 'Show Answer' button  have two buttons - 'Show next line' and 'Show all answer' or words to similar effect. This could be an option in settings for just having one button or the progressive two buttons. This would help in memorizing long answers - eg long verses  a longer lists than the above etc. I used lots of line breaks to make only the first line of the answer show. Scrolling line per line as I recite allows me to check for perfect recall per line before continuing. However with Anki updates  Anki now forces the display of most or all of the answer on hitting 'Show Answer'. All the cards have to be changed again to control the flow of answer being revealed. Too much at once and its difficult to check if I recited perfectly or not. It's just like an anatomy picture with 20 items. Answer 1  check  anwer 2 check -etc The hint would take lots of time to make each card. Show one line at a time would make cards easier to produce = more study time.,FEATURE & UI BUGS
Great Chess Program A really great program. It's not really designed for you to play it but it's good for analysing games and positions. One feature I would like however would be drag and drop piece movement as sometimes the tapping can be a bit inaccurate.,FEATURE & UI BUGS
It absolutely super. Please add more words,FEATURE & UI BUGS
Can't scan images in photo gallery. And the UI sucks.,FEATURE & UI BUGS
Almost perfect  but if there where a way for you to round home touch buttons like on phone models such as the G2 or G3 I'd give this 10stars if I could!,FEATURE & UI BUGS
Can't find my books I've had the app for a while and loved it (would have given 4 stars!)  but now after the update my books are gone? I tried adding it but don't know where. I also tried doing the Google drive thing but they don't show up. I added the epub and mobi versions but still nothing?,CRASHES
Doesn't work shows Facebook Error API Exeption,CRASHES
Doesn't work Using s galaxy note 4.phone on charge and widget is not picking up the charger,CRASHES
Please fix KitKat bugs I'm on stock 4.4.2  APK files Dont show the embedded icons. Please fix.,CRASHES
Good but missing media streaming This app is the second best remote after Tatse. Just missing streaming options to view and listen to content on other devices.,FEATURE & UI BUGS
Amazing! This icon theme is the best! But could you please add icons for messaging  phone  and the default camera app? If you do this I will re rate this icon theme to 5 stars! Keep up the good work!!,FEATURE & UI BUGS
Nice app Please add pattern or pin protection as well. That's all I'm missing. Nice UI although. _??_??_??_ but add security please.,FEATURE & UI BUGS
Great Please add clock hide option and also auto hide status bar when play video or games. Thanks,FEATURE & UI BUGS
Best Maps and Navigation Excellent map details and options. Kindly implement 3D map view and direct search option. I recommend this app to be installed by default in all android devices.,FEATURE & UI BUGS
Default SMS App Please add options for larger fonts though,FEATURE & UI BUGS
Could be the best. Man. This is by far the best looking eye candy popping texting app out there. But there are bugs that hold it back. Notifications not showing till 10 minutes later and mms bugs. If you fixed these issues the will be far the best app out there for texting I can promise you that.,CRASHES
"Good but could be more convenient 1) Please allow editing of plaintext once decrypted (it's very inconvenient to have to copy and paste it in a new page then edit text each time you want to change/add or remove something)  2) Please allow encryption of multiple files at once (inconvenient to have to zip them before encryption)  3) Please add support for more algorithms and hashes such as Twofish and Whirlpool (for people who don't trust the""""""""""""""""""""""""""""""""standard"""""""""""""""""""""""""""""""" algorithms) Thanks",FEATURE & UI BUGS
Option to hide chats. I know you could delete them  but I don't want to remove the chat log for good measures. This is a big deal for people like me who wants privacy on their phone. Could you please add or at least explained why we can't have this feature? Thanks!,FEATURE & UI BUGS
Very Good Does virtually everything I need! Paging performance is slow with 200 rows taking about 4 seconds per page. Could do with a 'jump to row' option when viewing large tables (120K rows),FEATURE & UI BUGS
Juz awesome I luvd it but it would be better if we have some options,FEATURE & UI BUGS
Sync with Goodreads. .. Amazing! I have been using this app for a while now  and have just aquired a new phone. So discovered the GREAT feature of linking it to Goodreads and sync feature. This has helped me ALOT in transfering information over to my new phone. One request on edition type can you please add audiobook. Good work.,FEATURE & UI BUGS
Fix spotify please it's not loading Update this app again it's gone slow and it keeps telling me that I have no Internet connection. Also songs that I have in my play list are saying not available when I click on them even though they are in my play list fix this problem please,CRASHES
HTC one m8 Doesn't work.shows no data message,CRASHES
Better than my BlackBerry built in app!!! Now has the ability to copy the headers so I can send spamcop!!! I'm happy as a kid in a candy store!!! So far just tested and I hope it has the ability to teach mark and delete spam so I can stop using this BlackBerry cheap Hub!!! _ï¿½_ Update: Cannot handle more than one email account other than that I'd give it 5 stars._ï¿½ï¿½ï¿½,FEATURE & UI BUGS
Great App but Dude I love the app  I've been using it for the past 6 months as my daily lock screen but recently I got a phone with a fingerprint scanner. Please add a feature for the fingerprint scanner I don't like using the regular lock screen and would like to use ac display instead.,FEATURE & UI BUGS
Account doesn't work Garbage! Logged in with my fb account and says I'm trying to log in from a different country. Signed up for a premium account  gave credit card details and everything and still getting the same error. Have tried clearing the cache for fb and Spotify and retrying but nothing works. My account on the web page says the correct country... What's the deal???,CRASHES
Best home screen replacement All other home screen replacements seem to make the home screen laggy or slow in general and don't usually look good  but because this uses any home screen and just replaces the widget it is way better. Highly recommended,CRASHES
Status Bar I Love It...Please Add An Option That It Can Appear Out When Notification Panel Is Turned In.,FEATURE & UI BUGS
Very useful  thanks! Only one problem: it's missing the Sendezentrum and Workshop tracks.,CRASHES
Very good  but... I will give five star if add feature such add wallpaper from gallery instead using wallpaper from launcher,FEATURE & UI BUGS
"Accessibility issues - fonts Devs: Only a set range of font sizes are available  which is a blemish on an otherwise awesome app. Font sizes all top out  sometimes at relatively low values. Example: composition view hits maximum at a font called """"""""larger"""""""" which is about 2.5 mm on my device. Unlimited font scaling is available in some apps - would be good in K9 also. Fonts could be configurable at a percent value (ex: 250%)  with no top-out or limit. Please look into it! Eye strain is becoming an epidemic.",CRASHES
" A must-have for rooted phones The one thing that it really needs is some sort of fast and simple way to get more information about what a given wakelock actually is. A lot of the wakelock names are not very explicit and clear about what they are and requires Googling it to learn more about it. If the app would make this aspect far more streamlined--like giving the option for a wakelock entry to do a Google search for \\""""""""""Android wakelock [wakelock name]""""""""""""""""  then I'd definitely give this app 5 stars.""",FEATURE & UI BUGS
Needs Updating Fun and challenging RPG. Hasn't been updated since February 2014. Would be better if it were complete  but otherwise it's a time killer with the incessant grinding just to gain skills and stats required to finish certain quests and kill certain enemies.,FEATURE & UI BUGS
All the love Love it. Keep up the great work... But  would like too see an option to adjust the size of the dungeon  both # of floors and size of floors :),FEATURE & UI BUGS
Causing some battery drain and heating. Much better than any other similar option Google Pixel. Very good  clean app. Just that the missed call notification doesn't show up and it dismisses any other notifications on a screen after u get a missed call  assume that's cause lights up,CRASHES
I love it! However  it is kinda time consuming when you click the back button and the homescreen would somehow display. I thought the app crashed. And also  in the conversation  the messages take up the whole screen  is that really necessary? Well  anyways. The app is absolutely almost perfect for text messaging. Good job!,FEATURE & UI BUGS
Fixed my issue! I could see everything on my sdcard but hook it up to a computer and my nandroid backup files were missing. Eventually theyd show up but they take up a lot of space & I want to transfer them asap. Ran the app once & boom... I see the files. Thanks!,CRASHES
Great ....keyboard Please add show upper case letters next update.i recommended to all friends. It have lot of customization.,FEATURE & UI BUGS
This is a good emulator for Dreamcast although I hope you add support for Sega NAOMI and Atomiswave arcade games.,FEATURE & UI BUGS
Awesome app Sometimes the episode doesn't start playing but that's only when you switch wifi off between using the app.,CRASHES
[UPDATE]None of the extension that I use (Inbox  Weather) seem to be updating the home screen info. So other than date/time  I now get little out of the widget. Too bad.[/UPDATE] After trying a number of clock widgets  this one seems like a keeper. Only used it for a couple of hours  so don't know if there are other issues  but the biggest improvement for me would be supporting double-tap  when the widget is expanded to the full home screen. Double tap turns the screen on/off on LG G3  and it's one of my favorite Android features. To make it work  I need to leave some free area on the screen  but this means  I cannot display everything I want in the wizard. Would be lot more user-friendly  if the widget just passed the double-tap signal to the OS.,CRASHES
Love it I love this application  makes it easy to backup and restore SMS  I would love an interface overhaul  however  you never really look at it  just once for backup set up and then when restoring,FEATURE & UI BUGS
Can u please make the user interface more intresting??????,FEATURE & UI BUGS
Please add calling feature to your app.,FEATURE & UI BUGS
So helpful! The only thing that could make this app better would be pictures of all the armors and weapons in MH4U.,FEATURE & UI BUGS
Add support for fingerprint As tody all phones have fingerprint reader so add support to read fingerprint.,FEATURE & UI BUGS
Incorrect data This app showed a current of 566 mAmp when charging an HTC One M7 and 533 mAmp when not charging. This is obviously incorrect. Good interface  though.,CRASHES
Enjoyable But could you please add the rage comics area it only has 4 area to put a picture and is very limited to make a funny rage comics and could you please add fonts and fix the lags and bugs of the manipulation mode Thanks for making this app really appreciated it for being awesome,FEATURE & UI BUGS
Great but... Please add new devices and options like custom background color  device frame color  output resolution and quality. Thanks for such good app.,FEATURE & UI BUGS
"latest update broke export I cannot share a file to seafile anymore. When i try to share a file  i keep getting presented with the """"""""please setup an account first"""""""" splash screen. Meanwhile i have my account set up and it is working perfectly except for the sharing.",CRASHES
"Quite good. Does just what is needed. Doesn't need any special permissions--that is especially great! Maybe application versions would be good to add. And in HTML list output in """"""""List made using"""""""" link href attribute value is not quoted (no problem  just a slight omission).",CRASHES
Fix setting button I cant setting my widget when i disable clock on widget,CRASHES
Hooray for ads! Three full screen adverts to change one picture. Go away. Uninstalled.,FEATURE & UI BUGS
Missing links Noticed that feral child is not listed in the class archetypes however when searched specifically is immediately there to be found. makes me wonder what else is missing its link. Otherwise this app is perfect.,CRASHES
Shows up in Widget list  but can't add it to a home screen. Using a Nexus 5 on Marshmallow (Android 6.0).,CRASHES
samsun galaxy s4 mini smiley don't view when touch icon,CRASHES
Works great! Just the customization I needed for display brightness. Keeps my display at my preferred brightness at night  in the office  and in sunlight. No more messing with brightness! Android's built in auto brightness really needs advanced user options like this.,FEATURE & UI BUGS
"Need update This was the best chess apps but now it needs update to keep the position. """"""""Analyze this"""""""" is more enjoyable to play although lacking some features droid fish has. It now become a must that droid fish need feature of engine match and kibitz. Hope Peter realized this.",FEATURE & UI BUGS
Please add more art App is great  but I think it started to show old pictures sometimes  wish I could see new every day,FEATURE & UI BUGS
Really simple to use. I like that it has a right click button. Just add a stop button to the media controls,FEATURE & UI BUGS
Liked alot Please add something for improve memory/concentration,FEATURE & UI BUGS
Fix Not showing on home screen neither settings. I use Lenovo Phab,CRASHES
Laggy Packed with great features  but scrolling is a bit laggy. Takes 1-2 seconds to load maps everytime I scroll. It seems like I'm using an online map that it has to take too much time to load... Will update rating once this problem is addressed.,CRASHES
Good The widget needs an option to display the calendar by monthly view rather than just the agenda.,FEATURE & UI BUGS
Very useful  thanks! Only one problem: it's missing the Sendezentrum and Workshop tracks.,CRASHES
cant stop this app very bad... experince i have uninstall app but still can't stop the message which are reding,CRASHES
Good But if it can support icons and widget on home screen,FEATURE & UI BUGS
Playlist bug Hi  the radiotunes addon adds all radios to playlist but in kore  the name of them will not show up  only the picture.,CRASHES
Doesn't work No dice on a Nexus 4. No errors; just won't add the widget. No apparent tech support site.,CRASHES
Problem with contacts Some of my saved contacts show up us numbers. Otherwise its good,CRASHES
Need a lill bit upgrade I thin if you guys bring out of the system or a lock system as pattern or password or pin it would be better to maintain the security system I didn't found any lock or any security system on it so please guys do this update,FEATURE & UI BUGS
Really good Everything works great. Only section where contact list in ui is not resized well on Android nexus 6. I see part of the previous conversation window on the right. I think it should be hidden with ability to slide right.,FEATURE & UI BUGS
" \\You need to provide the BIOS"""""""""""""""" I've really wanted to play Sonic Adventure for a long time now. My problem? The bios is in the correct place  as is DC_flash.bin  and then it says """"""""""""""""you need to provide the BIOS"""""""""""""""". Really? This is crap. Someone really needs to get to work on an N64 port of Sonic Adventure.""",FEATURE & UI BUGS
It's alright. Please add something like total time of the entire book  not just chapter  mainly. It's very helpful  I use that feature a lot on Smart Audiobook Player. Edit: unfortunately I don't see any new options or functionality so I can't really say I like it any better.,FEATURE & UI BUGS
Works but doesn't. Some apps will make the screen turn on and some won't. Some notifications don't even work at all now unless I have the app open itself that I'm getting notifications for. It's actually quite annoying.,CRASHES
It was great until it would not let me study the cards when I want regardless of what I did in the settings. It also stopped  etc from looking at any flashcards that I made. I could not use them when I needed to.,CRASHES
"Nice  clean and really good! Only wish for smaller text (or being able to configure some UI options) because in the list of favourites/saved bus stops l see only """"""""Ste-Catherine / P"""""""" and """"""""Ste-Catherine / B""""""""",FEATURE & UI BUGS
"Pretty good Only world clock that includes weather. Dark theme looks good. Wish updates included more than """"""""bug fixes."""""""" Add features maybe. Wish there was a way to remove ads. Would gladly pay to remove them. Would also like to see a my location feature.",FEATURE & UI BUGS
Doesn't handle SSL certificate changes well. Just get stuck in a loop. Clearing data/cache didn't help... Or is it just broken on Android N?,CRASHES
multitasking not working hope too see the Freeform window support on android 6.0.1,CRASHES
"Best interface with unacceptable bug 80% of the time  deleting email's results in crash notification: """"""""""""""""""""""""""""""""Unfortunately K-9 Mail has stopped."""""""""""""""""""""""""""""""" just too irritating to accept. Submitting crash reports have resulted in no feedback from K-9 let alone a problem fix. It's really a shame because it has my favorite look & features. Manage 2 important POP3 email accounts & need better reliability /stability.",CRASHES
I can never hear the end of a show/story  it always skips to the next audio file just before concluding the show I'm listening to.,CRASHES
WORLD CLOCK good for me but cant display the whole thing!!!!,CRASHES
Dumb I cant even click on it,CRASHES
Fantastic Game Have played this game since the original and love the changes you guys have made  especially here recently. My only frustration with the game is getting a weapon with an enchantment only to see the enchantment disappear after a few upgrades. Those enchantments take the fun level of the game to another level simply because you don't use them every run. Maybe make enchanted weapons rarer to find but make the enchaments permanent to the weapon? Just a suggestion...keep up the good work!,CRASHES
Awesome app! Would be awesome to see a Material Design update.,FEATURE & UI BUGS
The back/erase button in the Hebrew keyboard stopped working! This is a nightmare!,CRASHES
"Simplicity and Style Simple and functional interface - it is my favorite and a joy to use. What I would still love to see is the possibility to pre-define more than one multiple timer (maybe a second row  even though I can see the difficulty to display the length of each period for distinguishing between more of them) Additionally  an option to prevent the device from rotating  e.g. forcing the app into portrait mode  would be great. I would also like to have a possibility to choose where the remaining time is shown because - depending on the background image - the middle of the screen can sometimes be inconvenient. A request that's a little over the top :): I love the sound of the """"""""Three Bells""""""""  it would be great if this same sound was available as one single bell. Thanks for a wonderful app :)",FEATURE & UI BUGS
The best keyboard I know. ASK is the coolest keyboard I've ever used. And it gets better. But one thing I don't like is keyboard sound. So  please change it. Water sound isn't a good one. And I kind of like Material Dark theme like that one that Google Pinyin Input has. So  if it's possible please add material dark/light themes. One last thing is it needs to add more emoji smileys. For instance  it has no flags and you'll need to add. Thank you.,FEATURE & UI BUGS
Needs work. The screen does not notify of incoming calls. Am and pm turn into dots on the clock.,CRASHES
Great app! But... This is a really good app but I feel like you should be able to know who views your blog. Like not personal info just there username. I know not everyone has WordPress but just for the people who have it. But everything else is fine! It's also REALLY slow!,FEATURE & UI BUGS
Freezing  crashes  doesn't respond... A lot of issues and to many to list. I will keep reporting a problem everytime something goes wrong.,CRASHES
Needs finished Ok  I killed the river troll. Crossed the bridge. And the world stops there. Tell me when you have an update to expand the map.,FEATURE & UI BUGS
Developers are obsessed w fixing tiny bugs and adjusting tiny factors of gameplay instead of finishing a game that already plays nearly flawlessly  why won't you finish the final areas and story? Would love to see this game updated/finished this game and cyber knights RPG have a lot to learn from eachother 2 of the best android games I've played  if only the 2 styles were meshed together somehow they would both be perfect games.. this game really needs spells/archery or some form of ranged battle..,FEATURE & UI BUGS
_ï¿½ï¿½_ï¿½ï¿½_ï¿½ï¿½_ï¿½ï¿½ But seems small issue and bad request msg popup alot,CRASHES
great app but minor issues sometimes it show double messages if I don't dismiss them. also my only issue is that I can't dismiss the notification by swiping. please fix it.,CRASHES
Please fix KitKat bugs I'm on stock 4.4.2  APK files Dont show the embedded icons. Please fix.,CRASHES
Good e-mail client. Would love to see an option to disable showing of the full e-mail address in the account list and only show the display name. Firstly to save some space in the list  and secondly to not let anyone looking over your screen to know your addresses. Also  email notifications seem to break the back button. I.e. if I click on an email notification  after viewing the email  pressing back does not return me to the previous  but the home screen. Thanks!,FEATURE & UI BUGS
The idea is great  but isn't delivered.. I've used this app for quite a while now. I use it for both my phone and tablet. I've used the beta version and the stable version. I also purchased the donate to backup and restore profiles. However  I still see ads and certain versions haven't allowed me to restore profiles.. I've noticed this app causes major bugs with my tablet. Hopefully something changes in the future.,CRASHES
Simple and easy to use I love this widget. Please add a feature to display tasks as well.,FEATURE & UI BUGS
Good progress  but... 1- Does not find servers available via the tun0 interface(e.g. VPN). 2- There is an off-by-one bug. If you tap on an item in the playlist  the next one will play! 3- It would be useful if the current directory is shown somewhere.,CRASHES
Background audio Did we really need the background audio?,FEATURE & UI BUGS
Just perfect Just what I was looking for!!! Cant even think of any features it really needs. It has EVERYTHING. Superb app any family game player needs,FEATURE & UI BUGS
Great Nic work.. Please add copy option when touching the word.,FEATURE & UI BUGS
Add support for lg G2 on Lollipop Not working on ls980 g2 lollipop ls980zvg by sprint,FEATURE & UI BUGS
Fantastic Best mh4u database ever. But armor builder function is still bugged when I adding new set it doesn't show up,CRASHES
Great app Arrow key bar needs to stay on screen 3x longer. Esc key is broken  will add a character when pressing it when cursor is on a word. Also  would like to be able to hold the arrow key down to move cursor quickly.,CRASHES
Add all the options Please add all the options like menu personalization etc. in the app.how are we supposed to manage menus??,FEATURE & UI BUGS
Great port This is a great port of FB  but it could have Local WiFi or Bluetooth multiplayer support. Can't play this game without competition.,FEATURE & UI BUGS
Crashes to home screen everytime i click on messages. Please fix,CRASHES
Needs cropping options Doesn't position images based on how many screens I have  if I want to see something that's on the right side of the image I have to create 2 or 3 more screens. Really needs a manual option.,FEATURE & UI BUGS
Worst app. It doesn't work at all,CRASHES
Does not work I can not get out of settings,CRASHES
Very good but ... This is great but please add change page for sim 2  this show only sim 1 options  Thanks.,FEATURE & UI BUGS
Nice! Please  add support to filter list by destination directory,FEATURE & UI BUGS
Best of logcat Not Working on MM. Please fix this. Thanks..,CRASHES
Best Game On Android! Please add more levels! If you find this game excessively challenging  that's because it is! If you ever get the Amulet Of Yendor  as I have after a year of playing  you will feel like a boss! The Huntress-Sniper is the best class  your upgradable boomerang your only ally. Search every blank tile  use weightstones to keep you boomerang from breaking  save three magic mapping scrolls for levels 22-24  save a potion of paralysis for the burning fist & rotting hand  and have a battle-wand for the Eye at the end. Play till you win!,FEATURE & UI BUGS
Very nice app  please add an option for burst mode to be a long press on the take picture button. :),FEATURE & UI BUGS
Used To Love It Used to love this app. Now  I do have a complaint. Rotating the screen or answering texts sends my selection back to the beginning. Bad idea. :'(,CRASHES
awsome small  fast n easy. just add option to hide apps and i will give you 6 stars!!,FEATURE & UI BUGS
Reliability and more backup features needed The whole cloud thing is really great. But this client still lacks reliability: the pics backup feature is really a killer one but when something goes wrong during sync  pics won't be backup at all. There must be a way afterwards to see which pics have not been uploaded & propose to do so again. This should also be available to any file (backup files you generate on your phone for instance). And yes i only use this app to backup my phone on my Owncloud. Keep on doing ?!,FEATURE & UI BUGS
Perfect  Except for Sync Ad-free  beautiful  simple  intuitive... I have adult ADHD and need some help building and keeping up good habits. Unfortunately  this app doesn't sync between my tablet and my phone  which would make habit tracking much more convenient! Please consider adding this. If worried about extra permissions  maybe it can be an add-on app: Sync for Loop.,FEATURE & UI BUGS
Didn't work on a LG G3. Just displayed approximately 5mA all the time. 2 star rating only reflects that it didn't work on a LG G3  it may well work on other phones.,CRASHES
Love it! But... Notification from running timer doesn't display so have to unlock every time I want to check timer. Also  no ICE display. This is an important feature for me.,CRASHES
Good start but need a lot of additional func to be good. Some obvious and simple needs should have been easy to anticipate. A select all option when navigating for files to upload for instance. Don't make you users select several hundred individual files to backup their photos. While you're at it  add the option to designate a folder to back up every new file... until you have the time to implement a full sync which would be only slightly more work. Seriously could be lot more useful with just a few simple tweaks.,FEATURE & UI BUGS
Awesome On samsung j5 sm-j500fn  the option with proximity doesn't work well. It turns on the screen instead of lock it.,CRASHES
Nice design and functions well. Proximity sensor to call is a bit broken. When I place my phone on a desk while in a conversation it will start a call. Fix that and customizable swipe functions like mark as read or delete a conversation and this app would get 5 stars. - Running on OnePlus 3 PureCM Rom,CRASHES
Amazing! Works perfectly  NO special permissions needed  NO annoying ads and has all the features I was looking for. You need this in your life! I've tried a few like habitbull  7 weeks and goal tracker. This one is my fave. Would love a widget that let's me see all my having and tick them off from my home screen. :),FEATURE & UI BUGS
Confusing UI The placing of some important places like history and profile is a bit confusing. I still prefer accessing them through a hamburger menu on the left pane.,FEATURE & UI BUGS
Ads ads and plugins Needs plugins that will show ads for very simple tasks like reading a pdf,FEATURE & UI BUGS
Amazing  just one thing though The app is amazing and I love the simple design  the only thing I would like to see implemented in a future release is the ability to auto save. Like Evernote does. I just click off the note and it saves. But apart from that great job. (Would pay for auto save feature),FEATURE & UI BUGS
Absolutely fantastic Nice  simple  interface to tick off whether you're adhering to your goals. No unnecessary permissions is an additional bonus. The only grouch is  and I feel I am not being very gracious here  that there is no option to transpose the goals into rows and the days into columns. The tick-off buttons get a wee bit narrow if one is tracking more than  say  six goals. Five stars  nevertheless.,FEATURE & UI BUGS
Great but has a playback bug that really annoys me I love the features on this player  but there is one bug that annoys the heck out of me. Many times  when I skip to the next track on the playlist  there is no music playing even though the progress bar and time is moving along. The only way to get it playing is to press the pause button and then press play again. This happens in offline mode as well as online mode. It didn't always do this before  so I don't know what happened. I've used this player for well over a year  but this problem just started like a month or two ago. *update*: I did try reinstalling Dsub  but after reinstalling  i found that it remembered all of my settings. I found that the playback problem seems to be related to my bluetooth speaker (UE Boom). When i use dsub w/o the bluetooth speaker  everything seems to behaves normally. Very strange problem. Possibly the player stops sending signals to the speaker in between song skips and it has trouble reinitiating when the next song starts? I can hear slight clicky sounds on the bluetooth speaker when skipping tracks.,FEATURE & UI BUGS
Really needs a widget! Five stars for a widget and notifications!,FEATURE & UI BUGS
Let us customize the wallpaper and add password. Please add these options as i am using this as my default lockscreen.,FEATURE & UI BUGS
Great app please add more clockstyle,FEATURE & UI BUGS
"Great but... So when you use a scroll of blinding light up against a wraith it says """"""""""""""""the wraith flees"""""""""""""""" but he doesn't... only problem I've had so far.",CRASHES
Feature request could you please put ability to specify data to appear in packet as microtik routers allow checking of content  also it would nice if there was an option that allowed the program to send knock every N minutes in the background,FEATURE & UI BUGS
It's great but i do want more features and different voice changers then just 4. As soon as you add more features I Will give it a 5Star,FEATURE & UI BUGS
Decent App has decent manual controls however the interface is poor very poor... for this 3stars,FEATURE & UI BUGS
Good app Nice app.. but need some improvement; please fix the notification buttons lights  it looks odd with notification button light being lit every time u touch the screen. And also the screenserver(alwayson) takes time to appear after screen is lock. Pls fix this.. and the notification icon too it doesnt go away..,CRASHES
Passing on it again Looks like it stopped doing its primary purpose - syncing photos. Small ads at the bottom  fine... Obnoxious ad on exit - pass. And the ad disable is gone.,CRASHES
A Troubleshooting Must Have My only complaint is the lack of an easy to find legend. Now for my praise: CatLog alone is extremely useful for pinpointing problems  but when used with other diagnostic apps  you can't miss. CatLog is at the hub of my troubleshooting arsenal. It is also essential for tweaking performance and monitoring health. This is the only log viewing app I've found so far that I think should be included with the Android OS.,FEATURE & UI BUGS
Two things When my alarm launch app not launch again and when i had viber call i must unlock to see who is calling,CRASHES
More color More color for background and message bubbles would be nice.,FEATURE & UI BUGS
Bring back dimming soft buttons,FEATURE & UI BUGS
nice app work don't use battery change double tap action to dismiss AC display not lock screen  add options to show AC display after lock screen and timeout after 15 or 30 seconds add this feature but don't add bug!because app work 100% correctly.thanks.,FEATURE & UI BUGS
Only icon theme is missing Please add icon/theme in your next update. Please,FEATURE & UI BUGS
Could be the best. Man. This is by far the best looking eye candy popping texting app out there. But there are bugs that hold it back. Notifications not showing till 10 minutes later and mms bugs. If you fixed these issues the will be far the best app out there for texting I can promise you that.,CRASHES
Great app  with a ton of features! I would gladly rate this 5 stars but it's not Updating the pictures at the time interval I set  even on WiFi connection. Tried every different setting  still doesn't update. But other than that  this app is awesome! UPDATE: Downloaded the Muzie 4.1 app and it works perfectly. I didn't know there were two versions of the app.,CRASHES
After going back from file view  file tree is not showing anymore,CRASHES
Hide apps? Ability to hide certain apps for privacy and you would have 5 stars from me,FEATURE & UI BUGS
USELESS!! Add at the bottom of the screen hides all the functions DUH!!!!,FEATURE & UI BUGS
What happened??? I recently updated and now i get an Error: Feed Request message. I can't search or get newsfeed. BTW whats up with the wanting access to my pics & external storage??? I thought this app was NSA free?,CRASHES
Please add x86 support Doesn't run on my Hudl 2 Intel atom  doesn't boot BIOS with dynarec and is slow and crashes with disabled. Really wanna play UT99 lol.,FEATURE & UI BUGS
"Perfect Love this app! I tried a large variety of different """"""""habit"""""""" applications before discovering this one. I love the simplicity of it and the ability to be able to see everything 'at a glance' on the opening screen. It makes it exactly what I was looking for. It's almost like a super simple """"""""to do"""""""" list but I really love that it doesn't force reminders on me. I like that the frequency of the tasks is really easy to customise. My only suggestion for improvement would be to have more colour options available  but that's a very minor thing. Otherwise it's brilliant  I use it every day.",FEATURE & UI BUGS
Archiving Please add new feature  archiving feature  so i can delete the chat without losing the chat history. This will be useful. Thanks.,FEATURE & UI BUGS
Nice and fast Great viewer. Just discovered that tapping on bottom or right side scrolls down and if two columns  will move to next column  then will move to next page. Cool! Would like to see a recent file list and also the ability to delete files.,FEATURE & UI BUGS
I love it but Please add support for dual sim handsets like moto g XT1068 !,FEATURE & UI BUGS
Great app  but... Great and useful app. The only problem that I encounter is that the screen wake time doesn't follow what I've set although device admin was selected.,CRASHES
Audio and Video calling please!! Please add the audio and video calling features to the app.,FEATURE & UI BUGS
"Great App This is an amazing app  and even more amazing that it is open source. I had reported one issue on github  and it would be nice if someone acknowledged it. When you chose to enable display completed tasks  in """"""""always smart sort""""""""  it smartly sorts the active tasks  but does not sort the completed tasks. It would be nice if you also smart sort the completed tasks list if the user has chosen to display it. Thanks",FEATURE & UI BUGS
Constantly crashes Doesn't work at all on my plus one android phone :( loads the browse page once every 15 tries  plays music even less. Please fix it!! Paying for and can't use!,CRASHES
Good fun Wish the corners of potential play would be darker. Can't see them half the time.,FEATURE & UI BUGS
"I send 0.0000546 BTC to 1271aKQNsbmHckc2aKpzFCzuB3VL8gnJBW  the transaction is successful recorded in blockchain  but it show """"""""existence of this is not proven yet"""""""" is it only detect proven from 1satoshi transaction? ps:I am using bitcoin wallet 4.34  it is not allow too small amount transaction",CRASHES
Add swipe pls Then this Kb would be great. Even has dedicated question mark key which I love. Uninstall for now. Can't live without swipe.,FEATURE & UI BUGS
Cool app Excellent if you want to see how much space things are taking up on your device/storage.. not good at showing the weather,FEATURE & UI BUGS
very good app but please add font colour option Add font size and color option,FEATURE & UI BUGS
Does not work on Note 3. It just shows 0 mA on Note 3. Why is there no compatibility check for the app? The competing Galaxy Charging Current App actually works.,CRASHES
Saving pages No options for saving pages on external sd card,FEATURE & UI BUGS
K.I.S.S rule in a music app format! Love the simplicity of the app. Can you put an option to change tracks by swiping the screen left of right. Thanks! (K.I.S.S rule- keep it simple stupid),FEATURE & UI BUGS
Great app but... This is an amazing app! What I love about this app is that you can integrate your tasks into your personalized calendars  prioritize tasks  and customize recurring tasks. What could be improved on is the widget. I would like to see the widget display multiple lists like pressing an arrow and switching to view the next list. And a widget to quick add a task. Flaws: Upcoming tasks should be seen in future days  not just for only the next scheduled time. I want to see every task I have scheduled in the future,FEATURE & UI BUGS
Many problems. Filter voices hardly work  doesn't record any videos  my filters are gone on videos  and a few disappeared for when I take pictures too.,CRASHES
Drains battery  no longer retrieves full article I used to love this basic no-bloat news reader. But for the past 4-5 months it no longer retrieves full text and it drains my battery after I back out of it. It just drained me 40% in less than two hours and my phone is hot to touch as a result. I have tried updating. But no luck. I am using Oneplus One with KitKat.,CRASHES
Nice little app. I'm thirsty now. Search field stays displayed on top  could be closed when the search is done or cancelled :),FEATURE & UI BUGS
Needs improvement Pls remove app bar from notification bar. Instead add impt quick shortcuts,FEATURE & UI BUGS
"Works Great I got the seemingly-common """"""""Error"""""""" message when trying to make an app a system app  tried running the app from the icon on the home screen  and that app said it needed to force close. I assumed that the phone needed a reboot to recognize that the app has now been moved and has changed status  and the app is now a system and works normally.",CRASHES
Make theme Please add like on coments and show number of people like comments. And make themes for telegram. Thanks.,FEATURE & UI BUGS
not work doesnt show electric current on mu phone,CRASHES
Notifications problem Previous version worked excellent. Now it doesn't show notifications.,CRASHES
" Obscure and useless without root now The built in software is much better. But I didn't pay 3$ for it! Edit: i understand it isn't your fault sorry! But the app would be better with something like a \\""""""""""whats that?"""""""""""""""" Button.""",FEATURE & UI BUGS
" Perfect d'cast emu... It runs flawlesly on my xperia Z2... Please add \\""""""""""save state"""""""""""""""" feature....""",FEATURE & UI BUGS
This is a very good app. But after the recent update (some days back) I can't see the STATS widget. That was really helpful. But now I have to go to the app and check my stats there. I am giving 4 stars just because you guys removed the widget  else this is a 5 star app.,CRASHES
"Great with a small problem Works great with almost everything you play on it. But on my Galaxy note pro 12"""""""""""""""""""""""""""""""" I have the problem with quest for glory (vga remake) that it doesn't react well to walking to the edge of the screen to go to the next  I have to tap all over the place like 30 times before my hero goes to the next room/location",CRASHES
i have been using this app for many years. it is simple and works. what i would like to see is a widget added so  i can see the post code of my location on my home screen  without needing to open the app?,FEATURE & UI BUGS
Doesn't work on Samsung galaxy s3 I heard great things about this and how it could help me calibrate my battery.. It doesn't work at all.. No widget  no nothing..,CRASHES
It couldn't even show me the correct location of the moon.,CRASHES
Views Irritating that it's only available on landscape,FEATURE & UI BUGS
Simple yet awesome However  please add custom lock screen wallpaper support so the lock screen background could be different instead of the same with the home screen background. The lock screen also can be easily bypassed by home and multitasking button.,FEATURE & UI BUGS
Drains battery  no longer retrieves full article I used to love this basic no-bloat news reader. But for the past 4-5 months it no longer retrieves full text and it drains my battery after I back out of it. It just drained me 40% in less than two hours and my phone is hot to touch as a result. I have tried updating. But no luck. I am using Oneplus One with KitKat.,CRASHES
Good for photos.. need improvement in video Indoor video performance is not that good.. can have some optimisation over that.. and for photo everything is nearly perfect.. but can have some more improvement especially grainy indoor photos,FEATURE & UI BUGS
Good Can you please add 4x4 for the widget or 4x5. Then get 5 stars,FEATURE & UI BUGS
Bravo! Simple  Easy  Small size  I love this. Try to change the UI.,FEATURE & UI BUGS
The ABXY buttons are wonky I try to play Daytona USA  but the AXBY buttons are so awkard. I start spamming B to shift but nothing happens until pure luck suddenly happens and it shifts. I have to press somewhere between the buttons for them to work. Please fix this,CRASHES
Loved it except for one The clock is not showing a digit after it start moving . i tried using s7 digital still the same prob. Especially 2,CRASHES
Great app! Would be great if you can add support for apache password protected files,FEATURE & UI BUGS
Doesnt work When i try to use it with outlook app  it doesnt attach the photos after i select it.,CRASHES
The app is very a accurate but Unfortunately the majority of the phones have buttons on the edges or curved lines. So is very hard the get the corect and straight 0 degrees plain.,FEATURE & UI BUGS
Almost perfect So far this is the best squeezebox controller I have seen. Since I end up using multiple squeezebox radios as well as squeezeplayer on old cell phones  the ability to easily control them all from one screen is nice. The only problem I have is when my phone or tablet goes to sleep after a minute of non use  the connection to the server is lost  even though it doesn't indicate it from the screen. I have to disconnect and reconnect in order to get it working again. I would like to see a widget controller.,FEATURE & UI BUGS
Completely crap Completely ruined my contact list  deleted existing photos  created sync errors in google  don't do it!!!!,CRASHES
Always on mode Great app. Please add ALWAYS ON MODE,FEATURE & UI BUGS
WT F(udge)_ï¿½ï¿½_ Why can't I give NEGATIVE stars! This app is crap! It zapped my internal memory & didn't put files on SD- AT ALL! Vet these people before you allow them to ruin people's devices & waste precious time & content . I'm hoping uninstall won't cause the loss of my pics & vids. They have the nerve to ask for donations. Crap for the bucket!,CRASHES
Looks nice but... ... scrolling through the messages list seems a bit laggy on my OPO. I managed to fix my MMS issues  though. Still there's a few things that need to be polished for it to be usable on a day-to-day basis.,CRASHES
Simple and works great Excellent app. Developer  please add Google Drive as a sync option.,FEATURE & UI BUGS
Impressive! Very impressive application to weather forcust it will be more impressive if wind direction show over the cloud present.,FEATURE & UI BUGS
Love this lockscreen apps Please add pin after we swipe to unlock the screen  and make the unlock animation more smoothly,FEATURE & UI BUGS
Lock issue For some reason when I lock my phone  it reverts back to the original Android lock screen for a couple seconds to a minute before changing to the AC lock screen. Which kinda defeats the purpose of even having this one if it's just going to use the old one first. Would rate 5 stars if this was solved.,CRASHES
Widget is always flashing Half the times when I turn on my screen  my home screen is blank/empty for a few seconds because the widget is reloading.. And my home screen is almost 100% full with this widget so it really shows  and is really annoying..,CRASHES
" Doesn't work at all Tried on moto x and moto Xprt and Samsung note 8. Nothing shows up by default. Manually brings up the notification but it reads \\""""""""""no data - no data - no data - no data"""""""""""""""".""",CRASHES
Need a 4x1 or 5x1 widget Screen real estate is precious. Would love to see a thinner widget!,FEATURE & UI BUGS
"Almost perfect. The big sight-blocking button to """"""""mark all items read"""""""" should be hidable  or be moved into a submenu. It is very annoying to easily but unexpectedly hit the button while you have many important unread entries to process.",FEATURE & UI BUGS
It gets the job done But I wish it could look and work better,FEATURE & UI BUGS
Nice but lags I really love that app BUT it doesnt work that fine since i got android 7.1. The keyboard is bugging and when i try to chat the hole app begins to lag. I'm using a nexus 5X with android 7.1,CRASHES
Core<->IRC disconnects can crash app. Overall much better than Windows app! I've also installed the beta APK from F-Droid and can confirm the auto-reconnect works great. Side bonus: material design!,CRASHES
The best of the genre in Play Store However  it would be nice if the app could: 1) Calculate the hash of files/folders sent from other apps (maybe as command line parameter); 2) Remember selected options. // v3.3: when changing from one page to other  the first one does not vanish and overlaps the next.,FEATURE & UI BUGS
0.4.1 broke the game - rating accordingly The previous update already had the balance doing a clumsy routine on a tightrope  while this one completely broke the game. Armor is now basically useless  with the first boss consistently doing 12+ damage in one hit through a leather+1 armor. Rats and flies can tear you to pieces since it's not uncommon to roll 0 in armor - the odds are very much against the player. The game is pretty much unplayable unless you luck into +3 armor from the sad ghost or something early game. Wish I could roll back to 0.4,CRASHES
Tardis wallpaper missing??? I will give this five freaking stars if you please add the tardis wallpaper that is shown in the preview for the app. The wallpaper with a large tardis  and the doors opened  seeing inside. Please! I've paid for a few of your apps  I'm a customer. :(,FEATURE & UI BUGS
Causing some battery drain and heating. Much better than any other similar option Google Pixel. Very good  clean app. Just that the missed call notification doesn't show up and it dismisses any other notifications on a screen after u get a missed call  assume that's cause lights up,CRASHES
Unfortunately there is a bug I love it  however  when my note 3's screen goes off while a story is playing  my phone becomes stuck in a loop that doesn't allow me to do anything until the story is over. It simply cycles between the app and the lock screen. It also removes my home screen wallpaper. Won't use again until update.,CRASHES
Love it. But please add a feature of locking device by pattern or pin. Because once we get notification   we have to unlock acdisplay and then phone pattern. This is quite annoying. So it'd be better if you guys provide pattern or pin lock. Awesome work at last.,FEATURE & UI BUGS
Switched to OpenKeychain for more updates/fixes  better design and more features,FEATURE & UI BUGS
Why I updated this app to the latest version and I can't add pics from gallery anymore. Why??,CRASHES
Please add icon pack support Great app! I'm missing a feature to support icon packs  would this be possible?,FEATURE & UI BUGS
Not working Clicking on the clock doesn't take me to the system clock ! Please fix ASAP! I have a gs5,CRASHES
Fantastic Love how simple to use it is. The only thing missing though is a simpel counter at the bottom of all the habits  showing on a day to day basis how many habits you succesfully have done. Which in itself would be fun to track.,FEATURE & UI BUGS
Somethings changed Since the last update  It doesn't seem as accurate. I have enjoyed this app for a long time but now I point my phone at the moon and its not there. Ive got to point it to the left to see it....,CRASHES
Coolcool 1 remark: a widget which can show you the code when you click on it would be really handy. Like steam has :D,FEATURE & UI BUGS
like it but doesn_ï¿½ï¿½t load once end of list Also not as compact as I like. Still pretty good.,FEATURE & UI BUGS
Audio and Video calling please!! Please add the audio and video calling features to the app.,FEATURE & UI BUGS
Great su app Need improvements... temp unroot etc. Thanks a lot,FEATURE & UI BUGS
Center the image Please allow us to choose whether we want the wallpaper to be swipeable or just leave it there and crop it or select where to be the center of the pan. Please! Been waiting for 3 years to see if you figured that out,FEATURE & UI BUGS
Andriod 4.1 Works on my 4.1 phone: had to enlarge corner radius.,CRASHES
Vector It's one of the few with vector map of metro stations. However it's missing firstly done details  like in London with changes required which it doesn't show/know. Also the vector isn't always as geographically good representation as the official maps. But there is potential.,CRASHES
Emojis? Maybe I didnt look hard enough butni didn't see any emojis on this app so i deleted it....pretty stupid reason not to use an app but they are important to me...,FEATURE & UI BUGS
Seafile is great. The android app less so. For the last few versions  the UI is increadibly nonresponsive and the photo upload doesn't reliably happen. Update: the nonresponsiveness issue is fixed.,CRASHES
Ehhh I thought it would be better quality and run smoother  5 stars if fixed  everything else is fine.,FEATURE & UI BUGS
Fantastic app! I highly recommend it! 'Voice Notify' is an essential app for anyone  but especially useful for someone such as myself who has dexterity difficulties  also has a SCI & is a fulltime wheelchair user. I do not have to look at my phone to know what is happening. VN is very customisable  eg  you can stop some FB group messages by putting the group name or a word in the 'ignored text' option in VN settings. Wish 'Email' said who was sending the emails like 'Gmail' does. Unfortunately on my new Note4  VN keeps being 'disabled'!?! Such a pain for an essential app! ?,CRASHES
Good app but horrible on my phone This app worked great on my iphone with the small bug of crashing sometimes. This app on my galaxy s7 sucks. The camera quality is destroyed  no focusing when you tap  lots of glitches like saying i didnt open a snap after i did. Please fix these things most important the camera quality,CRASHES
What a shame I can't use it,CRASHES
Almost perfect Latest update and ampache is all fixed. Album art is showing and songs that have never actually started playing now work. Brought the specials as a thanks. Easy play all album would be nice. Mono sound option would be handy to others like me who are deaf in one ear.,FEATURE & UI BUGS
Didn't work on a LG G3. Just displayed approximately 5mA all the time. 2 star rating only reflects that it didn't work on a LG G3  it may well work on other phones.,CRASHES
Delightful Delightful  I don't need to login or signup_ï¿½ï¿½which is great_ï¿½ï¿½  all I need is just writing the list  and done. I am designer  and would love to see the icon get little bit bigger  it's disturbing to see the icon doesn't balance with other icons. Thank you for such a good product!,CRASHES
Tap to search Please add tap to search option like google translation apps.,FEATURE & UI BUGS
There's no options for sending fron either the first or second sim. Please add this.,FEATURE & UI BUGS
Still not great It would be so much better if it didn't cancel lots of other features. S-voice no longer has voice output when this is turned on. There are lots of Galaxy features that this disables so I can't use this anymore. * Still s-voice doesn't work worth this. How can I use this and still use S-Voice at the same time?,CRASHES
Please add wallpaper scrolling or something like parallax effects to make the lwp look more creative  realistic and attractive.,FEATURE & UI BUGS
crashing?!?! After I send about 3 or 4 snaps or I watch a snapchat story... the app freezes and crashes... sometimes causing my entire phone to crash... this has only started happening after the last few updates but i really would like this bug to get fixed,CRASHES
Can we please have the old theme back I don't want a dodgy background color for 'past' events or a completely different colour picker for choosing it from the rest of the app. I'd like just the one background color  thanks.,FEATURE & UI BUGS
Best map app The best of the map apps I've tried. A 3d view for car nav would be nice.,FEATURE & UI BUGS
I don't get this at all Well  I thought this app will let me sync SMS messages among multiple phones  and also let me see them on my ownCloud interface. Sure it did some uploading. I can't disable the sync notification  which would only be of interest in case of a problem. However  the OC interface brought my server to a crawl. It was really slow to show some message threads  some of them with names  some with only numbers. And it took literally minutes to switch among them when I clicked on them. Also  it only shows the last (?) message of each thread  and the number of messages. Even that with wrong date. And it didn't accomplish why I purchased and installed it in the first place: didn't sync messages among devices. Which  while the description only states to sync to the server  would be quite logical  considering the whole point of ownCloud is to keep stuff in sync among multiple devices/computers. So in the end  I'd ask for a refund if I could. At least until it's fixed to an usable level.,CRASHES
Won't open Every time I clean click on icon  it won't even open. Twice I have sent the crash report,CRASHES
Galaxy note edge Terrible interface lag. App force closes and  other users get echos of themselves when using headphones.,CRASHES
Not good for small screens Tried to use this on 480x800 older Samsung S3 and when movie playing the media controls are under the arrows making it hard to do much.,CRASHES
Best option for Moto Display functionality This is the best option for those looking for Moto Display for non-moto devices. I'd gladly give 5 stars as I'm sure a lot of hard work goes into this app  but functionality seems diminished by my finger print security requirements. If I want to use Nexus Imprint then I am required to use a lock screen that employs added security PIN or pattern. Sometimes I'll unlock via the finger print scanner and it will open  but sometimes it'll only open to other lock screen and require my pattern to open. Thanks!,CRASHES
Love the widget I would give it 5 stars if it would update automatically once plugged in. 11/5/2015........ for some reason has completely stopped working.,CRASHES
Simple. A bit crammed. I use this for programs (Car Talk) and stations (my local KQED). I wish that the in-app settings had an option to turn off the breaking-news notifications. Also  this app tends to require many taps just to get to what you want (eg. 4 taps to listen live your local station; 5 taps to listen to a Car Talk episode). So I just started to use. NPR One for podcasts (simpler than this app) but I still need this app for listen live. Not crazy about needing 2 separate apps just for NPR.,FEATURE & UI BUGS
AMAZINGLY SWAG Can you fix this bug that makes it crash wjen I press the option button built into my phone. But still Best app ever.,CRASHES
Missing feature.. Great tool  but using OS 4.1.2 on a K2_CL there is no option in the notification bar to share  pause  and/or play. Specifically to share/save the logcat. Please add the ability to save the logcat for lesser API. The inability to review the logcat makes it pointless. Otherwise  very nice.,FEATURE & UI BUGS
Good Thank you for making this app but it would be better if it shows verbs' english meaning,FEATURE & UI BUGS
Notifications problem Previous version worked excellent. Now it doesn't show notifications.,CRASHES
" Nice Could you please add an option to list time & event on a single line as in \\""10pm My Event""""""""""",FEATURE & UI BUGS
Whhhhyyy I actually really like this but could u please add back all the other filters and make more new ones like tho old ones with the crowns and the unicorn vomit and those lights as a head band and those stars on the side of ur head all of them looked amazing please add them back________,FEATURE & UI BUGS
Would be nice to specify main color for the light or dark theme. Otherwise it's like the name implies  simple. I love it! And the developer respond pretty fast!,FEATURE & UI BUGS
Never closes when you click exit. Just pops up again. Buggiest piece of software I have installed.,CRASHES
Only 2 accounts? SRTP missing... interface from last century,FEATURE & UI BUGS
Awesome!!! Simple and easy to use I would recomend putting a private box and a button for adding multiple contacts( + ) in the recipients box. But nevertheless it's quite an awesome app! ???,FEATURE & UI BUGS
Please add controller support. It was a bit rough to get it to run  but I got it! Please add controller support so I can use my moga controller like all other emulators do.,FEATURE & UI BUGS
Great for one game at a time An excellent interpreter  but I'm having the same issue as Cheshire Noir- on a TF201  the menu button does nothing  making it impossible to quit and load another game. In-game  everything works perfectly  and as a mobile Scapeghost emulator it's wonderful. But it would be nice if you could fix the problem  then it'll be a five star app easily.,CRASHES
Please add different themes. Specially black theme ...,FEATURE & UI BUGS
Works as expected Works as expected  easier than using text editor. It might be good idea to add feature to mount system partition as rw  since most rooted phones have it mounted as read only.,FEATURE & UI BUGS
Podcasts won't start - Uninstall No podcast would start playing whether I tried streaming or downloading. I could tap play and pause and scroll the timeline  but the podcasts would not play. Also podcast thumbnails didn't load. Pretty frustrating.,CRASHES
Please make the scroll holder appear more random at the store. Now it almost always appears on lvl 4 or lvl 5 which is pretty late in the game and also annoying  as I find myself leaving scrolls behind in order not to burn them accidentally.,FEATURE & UI BUGS
Not bad so far Does what it is supposed to do. The only issues I noticed were weird behavior when long-pressing entries and not being able to move items from one list to another.,CRASHES
Materially Nice This is a fantastic basic file manager. But  most of us looking for a file manager need more. It's in beta  so it will get better. If the Dev can build in more attached features (NAS mapping) I'll definitely be back. Until then  ES it is.,FEATURE & UI BUGS
Too good game...!!! It surely tests your patience!!! Unable to defe?t computer...really needs your presence of mind!!! play it..thank you for this game.,FEATURE & UI BUGS
Great App I'm a big fan of astronomy and this little app is perfect. A little touchy on the movement when viewing. But otherwise it's great!,CRASHES
This calculator is best calculator I've been looking for a good calculator for a while  some of the others have a history or unit conversion or preview but none I've found have all of them and worse  most scroll ads at the top or bottom. This one incorporates all of those features and does it without ads. One suggestion I'd have is to add gesture support  the output display area feels a bit small and the buttons for conversion are rather dense with visual information  it could be hidden under the numbers and shown with a swipe up etc.,FEATURE & UI BUGS
one little change please add an option where users can vhange the color of the message bubbles w/o it being linked to their overall theme color.,FEATURE & UI BUGS
Good but need improvements Transitions are still not quite smooth  and the app stops sometimes  only to return later all of the sudden! Very weird. I also had two running at the same time  with terrible audio conseqiences. Sound keeps jumping up and down ... Too many bugs,FEATURE & UI BUGS
Most lightweight and efficient much better than chrome  dolphin. As a bonus feature  Please add an option to show the url and tabs in the bottom of the browser  as it will be easy to use for large phones.,FEATURE & UI BUGS
Please add an option to backup only over wifi,FEATURE & UI BUGS
Nice but Please add the option to have more spacing/padding in the conversation. Texts show up too close to each other and it makes it look cluttered. (see Google messaging app as a reference),FEATURE & UI BUGS
"Buggy! Photos and videos look sooo bad on Android! Voice changer Lenses aren't changing the voice for me anymore  & the swipe for camera filters aren't showing up anymore. Videos are super blurry now. Camera has a hard time focusing when I open the app. It sometimes makes the screen really dark when trying to take a photo  & even makes the photo look brown. Deletes or opens my messages. I'll get a notification that I have a new message & when I swipe to my inbox it says """"""""""""""""opened"""""""""""""""" even though I never did. Please give us """"""""""""""""Night Mode""""""""""""""""! Verizon LG G5",CRASHES
some time not working,CRASHES
"The widget doesn't work anymore Until before  I've been using this widget and love it much. But when I accidentally deleted the widget and want to place the widget  the widget won't show up and every time I select the widget and drag to the background  the command box """"""""Ministocks widget added"""""""" appeared  but nothing else shows up.",CRASHES
"Really really bad last 6 months Ridiculous lately. Freezes  """"""""""""""""unfortunately Facebook isn't responding"""""""""""""""" messages  bring keyboard up to type and text doesn't appear as you type instead appearing slowly and it's so very laggy! Even using a new phone and suffering same problems as on last phone!",CRASHES
Add features Please add capability to save media file to external storage,FEATURE & UI BUGS
Lollipop battery incorrect on lock screen FIXED* FIXED IN UPDATE  thanks dev! On the lockscreen  notification as a card  but the battery is incorrect. Battery levels will get stuck at random periods  like 91%  80%  etc. However  after you swipe your lock code and get to your home screen  the battery number at the top left corner is correct.,CRASHES
Works ok.. But just noticed that I'm unable to upload photos for some reason  doesn't even show up in my shared list when I try to upload a picture...,CRASHES
File browser is broken I am unable to navigate the file browser to find a CA cert. The only two locations I am given are recent and downloads. I tried moving my cert to sdcard\\downloads but it still does not show up. The option for browsing internal storage only shows up when I am looking at client certificate on 'android certificate' type  something I am not using. #EDIT: thanks for the help  dev. But it looks like the cert provided from my VPN doesn't work. Probably an outdated file.,CRASHES
Subreddits can't be sorted I can't rearrange my subreddits to put what ever I like as the home page.,FEATURE & UI BUGS
Passing on it again Looks like it stopped doing its primary purpose - syncing photos. Small ads at the bottom  fine... Obnoxious ad on exit - pass. And the ad disable is gone.,CRASHES
Floats over transparent nav bar On lollipop the bottom corners floats over transparent nav bar and it would be better to add color to blend material status bar,FEATURE & UI BUGS
Emulator menu doesn't work. I've been trying to get the emulator menu to pull up and when I click on it or drag it it won't come up  also when you click on back arrow from your phone it gives me a black screen which you then have to close the game and open it back up. Fix these bugs please. Other than that the app works on everything else.,CRASHES
Needs improvement Cant import countdown from calendar event,FEATURE & UI BUGS
Nice App Simplest anagram solver without unnecessary complexities. Exactly what I need! A suggestion: please incorporate a feature that allows user to add new words to the list.,FEATURE & UI BUGS
A pleasure As it does everything the normal Facebook app does  not being able to upload pictures and video is heartbreaking.,FEATURE & UI BUGS
Please add MORE ICONS!!! Please add more icons...like quick toggle icons... like...wifi bluetooth etc...n icons for games too...,FEATURE & UI BUGS
Full score ...and still room for improvement. I would love to see more key data avilable in the key list  like key creation date etc. This makes it easier to find old keys on your ring if you have a lot of them. Ideally you should be able to configure your view to your own liking. I have had the app crashing on me several times when trying to revoke keys. Not sure what causes this yet though. Great work!,FEATURE & UI BUGS
Does exactly what its supposed to I would give it 5 stars if it had tasker integration  that would make viewing videos at night so much better! Night mode is great for reading in portrait but it makes watching videos too dark. Please please please add tasker integration! Or per app profiles? Nvm figured out that I could just greenify the app in tasker and wake up app when out of landscape mode  it's kinda roundabout but it works,FEATURE & UI BUGS
"Problem with folder icons...! Folder icons not visible apps  music  video icons not visible and cannot move files its showing """"""""""""""""""""""""""""""""Some and all items cannot be moved"""""""""""""""""""""""""""""""" a very big bug cannot even able to paste the options are ovrlapping",CRASHES
Great emulator Very impressive. Almost as usable as the best PS1 emulators. Please add an ability to map the L and R triggers to gamepad buttons. A lot of games are technically playable but not worth playing without L and R.,FEATURE & UI BUGS
Can't disable Quick popup and no iOS emoji support Is there IOS emoji support? And I've disabled quick reply but even when I press reply in the drop down notification it brings up quick reply. I want it to go into the full app. Also should be able to browse pictures and stuff through the app not using a 3rd party app. Apart from that its pretty nice,CRASHES
Best Camera App! This is the best camera app on the Play Store but just a suggestion can you add Live Photos?,FEATURE & UI BUGS
Picture issues Please solve issues in setting pictures,CRASHES
Nice app but major flaw Nice looking app and intuitive GUI. One major flaw is that when I sign in with my account my subs just will not show up. How can I make it sync all my subscriptions instead of the default ones?,CRASHES
Remove green bar on top and atleast a clock on home screen,FEATURE & UI BUGS
Ok but has bug Like it for no unnecessary permissions. But screen rotation causes light to flash.,CRASHES
Reply to Xavier Please add comment box to each date . Love this but Reminders not working . Resolve soon. I am not using any task killers   power saving mode . Reminders doesn't work when I tick the works completed.,FEATURE & UI BUGS
Cant use it It keeps coming back to this page when i try to open it. I dont understand it,CRASHES
Easy but more options would be better Simple and easy  options to navigate and view various lists would be welcome.,FEATURE & UI BUGS
Doesnt work with thunbswipe or locks...,CRASHES
Percent in the status bar is to small. Please increase the percentage size! Make it the same size at the clock or give us the option to increase the size from 1 to 100  that way we can make it just right to our liking. Other wise its a great app.,FEATURE & UI BUGS
Useful App Would be better if it cleared the notification after the event time has passed  but works well enough otherwise.,FEATURE & UI BUGS
Pls add support for intel x86......crashes so much,FEATURE & UI BUGS
Really needs an update I'd like to be able to use this on my Nexus 5,FEATURE & UI BUGS
Does not show signal strength or status,CRASHES
Excellent customer support but app could definitely use some work. I recently had an issue but they helped me fix the it. I do have one request for the developers. It would be nice if I could edit my posts in more of a WYSIWYG way like on the website. Right now I have to edit the HTML to make changes which can be useful  but many times more of a hassle. It's also not user friendly for anyone who doesn't know HTML5. If you could add a visual mode to the app it would be useful. The in-app support chat is excellent though.,FEATURE & UI BUGS
"Downloaded videos don't play Downloaded a bunch of videos before leaving the house  only a few videos can be played offline. Tapping the """"""""downloads"""""""" option in the menu crashes the app every time. Since I can't view the videos offline  I have no use for this app. Otherwise nicely designed interface. Overall  I prefer the actual site.",CRASHES
Love this app But for some reason it doesn't want to scroll with the page on my Huawei Ascend P7 like it did on my P6? Please fix! It's been going in for a few months...,CRASHES
Doesn't want to work Everytime I use the face / selfie camera and use a lense  it recognizes my face then when I choose a lense it glitches out and the app crashes. Also even if I use the front camera and try to add it to my story again  the app crashes. This app isn't working for me at all other than viewing my friends stories.,CRASHES
F.c App fc when hit back button!,CRASHES
Great  daily driver.... Please add ability to cache bookmark fav icons. It reloads the bookmark icons every time I open the bookmark drawer.,FEATURE & UI BUGS
Pretty good This application is very well made and addictive having said that please add a couple of changes for example being able to resume the game from its last position  the widescreen mode has a few bugs like from both sides of a 16:9 ratio display it pixelates a bit which can be annoying but overall enjoy using this app:),FEATURE & UI BUGS
STUPID DONT EVEN DOWNLOAD ITS GLITCHS ALOT AND IT ONLY COMES N Celsius,FEATURE & UI BUGS
MMS Issue I want to like the app  for a while I had primarily used this as my SMS application  however I have too many issues with MMS(picture and group messaging). Pictures will randomly not show up that have already been sent or received  scrolling up and down may make them show up again. The biggest issue is with group messaging. The app does not always show which person sent the message and you have to check details of individual message to see the number. Had these issues on 2 different phones.,CRASHES
"Always force stop My device is Lenovo a850. But when I tap """"""""install and setting"""""""" button  it force close. Please fix this.",CRASHES
Very Nice... but This app is great  but there are a couple of features I would like to see. First  I would like to have a popup dialog rather than just a notification. Second  and more importantly  I would like to be able to use an alarm sound instead of a notification sound so that just like an alarm  the sound would keep going until I snooze or dismiss. Last  I would like to have different notification settings per calendar so one calendar can use one ringtone and another calendar can use another ringtone.,FEATURE & UI BUGS
GREAT  but needs pics Could you please add pictures of the weapons and armor?,FEATURE & UI BUGS
Couldnt get it to work for some reason I really like the design and user friendliness of it. But I couldnt get it to load the anime I wanted to watch to make my list.,CRASHES
Links don't work Once again fb never fails to disappoint.... I'll click a link and it will take me somewhere COMPLETELY different. I swear it's always something wrong with this app.,CRASHES
I can never hear the end of a show/story  it always skips to the next audio file just before concluding the show I'm listening to.,CRASHES
Almost perfect... Bottom corners don't work on phones without hardware buttons  like LG G2 and G3. I know this may not be easy to do though. Would be nice if it can be colored to match a colored navbar.,CRASHES
Doesn't work When I place the widget the apps setting screen opens. When I leave the settings screen the widget disappears,CRASHES
Adding features Please add call and video call feature just like others..,FEATURE & UI BUGS
"Beautiful app but I've noticed a small bug on my nexsus 7 (2012) running Android Lollipop 5.0.2 and using the Google Now Launcher. In portrait mode the blur effect works perfectly but when I tilt my device in landscape mode it """"""""deactivates"""""""". I hope you developers can fix the issue soon. Apart from this great job guys  I love the new update!",CRASHES
Good app but Good app but for some reason when I click mark all read it marks them all read until I refresh then they all become unread again. Hope this gets fixed soon.,CRASHES
Brilliant But new mask is weird and looks ugly,FEATURE & UI BUGS
I'm not the most tech savvy person and I'd say it's overall easy to use. I just wish there were options to use Strong's dictionary for looking up Hebrew and Greek words (maybe there is and I just haven't found it yet? )Overall great product and I would definitely recommend it.,FEATURE & UI BUGS
Needs a lot of work. It has a problem repainting when you rotate from landscape to portrait. The bottom half of the portrait screen is blank as it is still using the same height from landscape. Also links wouldn't work. Paid for it but uninstalling now.,CRASHES
Would be five stars... Can you round the corners of the navigation bar? Lower left & right corners look ugly rounded when using a colored wallpaper. Otherwise  good app.,FEATURE & UI BUGS
"I liked the app but.. Please add post editing features which are available on WordPress website but not in app (like """"""""""""""""""""""""""""""""read more"""""""""""""""""""""""""""""""" break). Also add other things like pick and drop checkbox  inputbox etc. on both website and app..",FEATURE & UI BUGS
Please add security! other than that  great lockscreen launcher!,FEATURE & UI BUGS
This version (0.9.8) is terribly outdated. I did not notice until it stopped working after the Android 7 update. The version on F-Droid (0.11.7) works  has an updated interface and also features automatic reconnection.,CRASHES
Good but.. Show 0 processes if root privileges is ticked. Please fix!,CRASHES
So so app that's as good as their mobile site. Its impossible to use the app to find older episodes of shows like fresh air. The mobile website won't even let you download shows. The biggest weakness of this app is that it won't take you to the website for the article where you might be able to access the links that don't show up in the app. This app is only useful for reading stuff that they push to it.,FEATURE & UI BUGS
Very buggy  didn't like it. The whole thing is slow and takes at least 3 swipes to unlock. Starts very slowly too  so it isn't always on. The transitions are weird too  sometimes it jumps back from lockscreen to the overlay and then back.,CRASHES
Doesn't work Only would say 1mA,CRASHES
Great app Arrow key bar needs to stay on screen 3x longer. Esc key is broken  will add a character when pressing it when cursor is on a word. Also  would like to be able to hold the arrow key down to move cursor quickly.,CRASHES
This is the exact thing i was looking for. I purchased some apps but none are better than this. It is far better than the paid alternatives. Thank you so much dev_ªÉó. Please (add an option to) show hidden files in the directory as well.,FEATURE & UI BUGS
Nice  but some things don't work I love how much longer my battery lasts as soon as i deleted the fb and messenger apps  but this doesnt allow me to either post or save photos. I also cant share things to a friends page.,FEATURE & UI BUGS
great app but minor issues sometimes it show double messages if I don't dismiss them. also my only issue is that I can't dismiss the notification by swiping. please fix it.,CRASHES
Les Miserables orrible  orrible scroll bug.,CRASHES
Please add disable bluetooth at end of sleep timer Almost my first choice. Wish the app could disable bluetooth at end of sleep timer. Save my bluetooth headphone battery. I'm sad that Dev has rejected this feature request raised by another user. Love the simple design of this app and don't think one extra tick box in the setting page would over complicate the UI. App is A++  just gutted by the missing feature. Using another app to do this. Why is it so hard to have this feature integrated in any audiobook player.,FEATURE & UI BUGS
Best best ever I love this Terminal user interface  I've never felt so comfortable with a launcher since I'm using android. But I'll appreciate your help more  if i can load credit from the terminal  hide the android notification bar and also display my ROM. Thank you. And also a security pass lock before operating the terminal will be very welcome,FEATURE & UI BUGS
Didn't work on Galaxy s5 Only showed that it was charging or not with no detail about how much current.,CRASHES
Like it  but I miss SWIPE Please add swipe to archive/delete (left/right swipe). That simple feature would be awesome. The UI is ugly but functional. Otherwise an awesome app!,FEATURE & UI BUGS
Great Awesome for looking up and saving Cards I just find myself wishing there was a share button to send to other people,FEATURE & UI BUGS
Bug in notification bar You may see a double Bluetooth and volumn icon in your notification bar. I believe this is why they disabled it for now,CRASHES
Fun app  broken interface The puzzle view works great  but the clue view is janky. The app sometimes crashes when changing letters  the clue boxes are way too large and cumbersome to resize. The old interface was much easier to use. Edit: letters occasionally display as being correct until tapping on them again.,CRASHES
Useless I installed and it showed nothing only a blank screen,CRASHES
need more customization Option to change the color of lock screen  option to unlock phone with fingerprint even when acDisplay is flashing on lock screen.,FEATURE & UI BUGS
Somethings changed Since the last update  It doesn't seem as accurate. I have enjoyed this app for a long time but now I point my phone at the moon and its not there. Ive got to point it to the left to see it....,CRASHES
Most lightweight and efficient much better than chrome  dolphin. As a bonus feature  Please add an option to show the url and tabs in the bottom of the browser  as it will be easy to use for large phones.,FEATURE & UI BUGS
great app but minor issues sometimes it show double messages if I don't dismiss them. also my only issue is that I can't dismiss the notification by swiping. please fix it.,CRASHES
Stopped using Constant message count overlay on icon even when I read all the messages. I did reinstall to get rid of this. Additionally constant notification about unread message with button supposed to mark it read  but when pressed  notification goes away just to m?k? another appear with the same message unread. Not even funny. Bad bug. Awful. Dev seems not to care at all.,CRASHES
Just one thing missing Overall I really like this app. It's functional and quite fast. I love the customizable stickers thing and the possibility to search and send gif in-app  BUT! I really feel that some essential emoji are missing. Please add an alpaca  Doge  swan  llama and the geeky colourful stuff. They are really needed. Sending much love guys. Please send back needed emoji,FEATURE & UI BUGS
What a wonderfully designed app Content well organized and easy to use. I'v already scanned 350 books. I can think of nothing to improve this app. The only issue I've encountered is sometimes the app just closes down while I'm using it. When I reopen nothing is lost  so no big deal. I'm searching to see if this developer has an app for movies! Thank you for such a great app.,CRASHES
It's awesome! but please add security.,FEATURE & UI BUGS
Awesome! Keep up the good work  please add more widgets for exchange email and Facebook perhaps,FEATURE & UI BUGS
Fix the update Continuously Lagging   crashed  not responding. Pls fix this bug,CRASHES
Pretty good Doesn't seem to work seamlessly with lockscreen. I have to swipe once on acdisplay and then once on system lockscreen. 5 star if you fix this!,CRASHES
Worst app. It doesn't work at all,CRASHES
Doesn't work on GS5 Small font. No scrolling.,CRASHES
Amazing application It gives the freedom to create your own study cards. The handling of the cards is really simple while addition of image and sound is great. I just wish the reverse content button returns in the edition screen.,FEATURE & UI BUGS
One suggestion Please  add support for birthdays  because they are not events in the calendar application.,FEATURE & UI BUGS
Good but needs an option to change colors. I cant see the tiny red line on the black background. Lines need to be thicker and more defined so they can be seen. And wherr is the HRM sensor from the Samsung Phones?,FEATURE & UI BUGS
Need weight loss frequency Great app. Please add weight loss asap. I know there is a frequency for killing fat cells.,FEATURE & UI BUGS
It's ok There is only one problem  it doesn't show the wallpaper on my lock screen,CRASHES
Unusable I have same problem as Emma Dannan - cant see nothing but white and gray squares instead of text - doesnt matter if through app or live wallpapers. Cant set anything  cant use! Only stupid ad looks OK. Im angry and uninstalling immediately!,CRASHES
Instant upload pictures not working on galaxy S7  and thats what i mainly use it for,CRASHES
Please add controller support and TV support For nvidia shield tablet portable and TV need controller support,FEATURE & UI BUGS
Does not show signal strength or status,CRASHES
Needs Work I can't save once without the game glitching or the app crashing. Other times  the option button would just randomly open and close when I click it once. More work and it shall be great. And you should consider adding a fast forward button. It could be very helpful sometimes.,CRASHES
OnePlus 2 Please add option to turn on/off capacitive backlight. I don't like to see the capacitive backlight on when there are any notifications.. It also saves a battery. Plz add this option.,FEATURE & UI BUGS
Great app Please add screen rotation on/off. I frequently disable rotation at night and forget to turn it on in the morning. Thanks!,FEATURE & UI BUGS
Very useful Please add option for No Notification on dated tasks. Also allow Not Dated tasks  kind of general To Do List. Great work,FEATURE & UI BUGS
Only a handful works The only games that seem to run well are power stone 1 and 2  trick style  jet set radio   anything else you download will be buggy or unplayable. The developers gave up on this a long time ago. I'd download just for the games above. I wanted to play Shemue :( I have a s7 edge but the game is too buggy. Good luck with getting the bios to run lol. There is a trick to getting it to recognize the bios. I spent days looking it up via Google and YouTube tutorial and I finally got it. Good luck lol,CRASHES
Would be great if you updated the app icon to match the icon on the Play Store (which is much better looking and more guideline compliant),FEATURE & UI BUGS
Please Add Note 7 Clock Style. And More Clock Style.,FEATURE & UI BUGS
Subtitle customization Please add a feature that allows you to change the appearance of subtitles. I watch animes in Japanese  and sometimes it's impossible to read the subtitles because it's just white text without any sort of background behind them. You should be able to adjust the color and opacity of the subtitles  as well as have the option to add a background behind them to prevent them from blending in with the show.,FEATURE & UI BUGS
I don't get this at all Well  I thought this app will let me sync SMS messages among multiple phones  and also let me see them on my ownCloud interface. Sure it did some uploading. I can't disable the sync notification  which would only be of interest in case of a problem. However  the OC interface brought my server to a crawl. It was really slow to show some message threads  some of them with names  some with only numbers. And it took literally minutes to switch among them when I clicked on them. Also  it only shows the last (?) message of each thread  and the number of messages. Even that with wrong date. And it didn't accomplish why I purchased and installed it in the first place: didn't sync messages among devices. Which  while the description only states to sync to the server  would be quite logical  considering the whole point of ownCloud is to keep stuff in sync among multiple devices/computers. So in the end  I'd ask for a refund if I could. At least until it's fixed to an usable level.,CRASHES
Nexus 4 - does not work Installed on nexus 4  no widgets  notification shows 'no data'. Pfffft...,CRASHES
So bad It barely recognizes a small fraction of the text  even clearly typed and upright and in English,CRASHES
HGH Hi  please add new beat for HGH boost :),FEATURE & UI BUGS
Good to do app Please add option to change default settings (time  color  repeat  etc). I typically add tasks for the day in the morning but it won't appear on widget cuz it defaults to next day. Thx,FEATURE & UI BUGS
Promising  needs enhancements. Such as displaying multiple sensors data at once  graphs should have X time base options  left menu sidebar would be useful  esp. with record/stop buttons. For now Androsensor has far better ui and functionality.Although here graphs and GPS NMEA are unique features. Also not all possible sensors are used.,FEATURE & UI BUGS
Was Great but recently less so Use to work perfectly however now I will search something and after clicking on a website will bring me back to the original search screen but with the URL of the website in the search bar. I still use it and highly recommend it. I believe they deserve all support.,CRASHES
One of the best alternatives to the official facebook app Just don't like it much because i'm a galaxy grand prime user and my device font is now cool juzz and if Tinfoil could support my device font it would be better,FEATURE & UI BUGS
Great! Agenda widget is unattended  and this is a great replacement. Wish there was a bar at the top for the full current date in a 2x2 format. Right now it cuts it off and has the toolbar buttons.,FEATURE & UI BUGS
Can you add a few of these features/improvements? 1. Video Calling: Pease make it a priority. 2. Editing Media messages: Please allow users to edit media messages as well or recall message. 3. Chat Background: Please allow editing image (clipping  scaling especially). 4. Blocking: Don't let the blocked user receive messages that weren't delivered. 5. Encryption: Please encrypt messages by default  even WhatsApp is doing so. 6. Compression: Allow selection of media quality. 7. Deleting Media: Please add an option to delete shared media permanently.,FEATURE & UI BUGS
Great app Arrow key bar needs to stay on screen 3x longer. Esc key is broken  will add a character when pressing it when cursor is on a word. Also  would like to be able to hold the arrow key down to move cursor quickly.,CRASHES
"It's cool Still needs improvement tho. A bit of lag when locking the phone  it takes a couple of seconds to responde even with the """"""""no delay"""""""" option. Plus I like the sound when the phone locks and with this app that won't happen. NEEDS PASSWORD. I don't like keeping the secure pattern of Android because it's like having two lock screens and that's just not the point. Other than that it is a great app! Lol.",FEATURE & UI BUGS
STILL no weather available!!!!!!!!!! I love this app  have used the widget for years now on many different android devices  and have NEVER had any problems with it at all  until recently... -The weather extension has stopped showing any info  just says unavailable instead... When I click on the link it still takes me to the correct place  but that's it.,CRASHES
Hands down my most used apl After my home screen  this is the most used app I have. After having it I shudder to think how I could launch apps anyway else! 10 stars! Just wish there were more updates and more features  a la Linux Zeitgeist,FEATURE & UI BUGS
Very much appreciate the lack of ads  and low permissions. Still need to hand-clear some common app caches: for example  only a small portion of the YouTube and Yahoo Mail caches are cleared.,FEATURE & UI BUGS
app is hang my screen is mulfunction,CRASHES
Glitchy You have to download all of the maps first  and when moving between screens would constantly move me to random locations  so I would find myself at a blank screen and I couldn't pan back to where I wanted to be. I also could not get the flight plans to work. Overall has a very poor user interface.,CRASHES
Great app. But since last update search button isn't working anymore on my HTC desire 500. Update: didn't see your reply until now but anyway it started working again. Not sure if i restarted the phone though. Thanks anyway  i'll try next time.,CRASHES
Normal It's great but one thing.The notification design is very anoying it would be better if it was flat design.,FEATURE & UI BUGS
Doesn't work on GS5 Small font. No scrolling.,CRASHES
Can't connect at all Inserted in ip/host/username and password. What am I putting in path? Any other app I've used doesn't require a path? Will not connect. Connection failed. Not good! . . . . Update: Thanks to reply sorted my issue and got to say it's the best SickRage app I've used. Great work.,CRASHES
Micromax a116 Doesn't show how much current used while charging,CRASHES
Awesome This app is exactly what I wanted and needed. It's simple to use  functions flawlessly  and best of all it doesn't request any hinky permissions! ----------- Update: I installed v1.8 and don't love it anymore. It's been complicated with all sorts of features that I don't want and just get in the way.,FEATURE & UI BUGS
Needs voice call Please add this essential feature.,FEATURE & UI BUGS
Not bad so far Does what it is supposed to do. The only issues I noticed were weird behavior when long-pressing entries and not being able to move items from one list to another.,CRASHES
Meh. Doesn't have certain information I was looking for such as butterfly beetle location  which is found when sending out an hunter for hire.,FEATURE & UI BUGS
Cannot sync folders at background? Hope the feature will be available soon.,FEATURE & UI BUGS
"""Save link as"""""""""""""""""""""""""""""""" Please add this option in long press menu. Please!",FEATURE & UI BUGS
Add Voice Call Please add voice call feature,FEATURE & UI BUGS
Kept time.. When the alarm went off  the screen changed and I could turn off. I had power cycle my phone shut it up. Since I use timers in a call center this absolutely does not work for me. Uninstalled.,CRASHES
Great promise Works well. Needs save states. Soul calibur works great except for levels with 2d backgrounds behind a 3d background. It has an odd screen tearing look only in the 2d backdrop. Sonic Adventure works great with minor graphical issues in character select screen and with Sonic's eyes,FEATURE & UI BUGS
Best messenger ever Surespot definately is the best messenger I have ever used. As I am privacy paranoid  I feel really safe knowing that no one can read my messages (as the NSA and such can with WhatsApp etc). Notifications did not work for me at all until about a month ago. Everything works fine now and I even got my mother to use it now! Thumbs up and keep going this way Surespot  you have my respect. One thing that you could change in the future: the interface looks like it's designed for android 2.3 or something  I don't really like that but that's all.,FEATURE & UI BUGS
Excellent app! Use it for work and it has saved my life more than once when trying to remember if I had returned a phone call or sent a text message. My only issue is that since Marshmallow it seems that sometimes it will stop backing up automatically. When I check my calendar and don't see recent call logs  I have to open the app and backup manually to get it going again.,CRASHES
Missing 1 feature Thank you for porting the best simple launcher! I just wish if you could add a swipe to right to launch Google Now just like Google Now launcher.,FEATURE & UI BUGS
Good but can be better It would be better if there was an option to choose my own wallpaper. This app is great but that one drawback is keeping me from using it! Please do consuder adding an option to use a custom wallpaper!,FEATURE & UI BUGS
Changed interface Why did you reduce the timer icons to such a miniscule degree? The + sign to add another item obscures the count down icon of one item so need to move the screen. Is this change for change sake?,CRASHES
Awesome app Sometimes the episode doesn't start playing but that's only when you switch wifi off between using the app.,CRASHES
"Could you please add the option for Color font_ Please add the direct option to color font (ex. &lt; font color="""""""""""""""""""""""""""""""" size="""""""""""""""""""""""""""""""" &gt;Word &lt; /font &gt;) it'll help us directly to change font color. Otherwise app was good however it's RAM usage is little bit large but it's worth it. I LOVE WP Thanks!",FEATURE & UI BUGS
Continually crashes  even after Force Stopping Crashing issue fixed  but now there is extreme lag when scrolling. Freshly reset Moto Z Force Droid on Verizon with Android 7.0.0 Security Patch from December 1st,CRASHES
Great app This is a very good basic flashcard app. It's not flashy or very customizable but overall dependable. The only issue right now is that the app crashes when I try to start a custom study session. Please fix,CRASHES
"Everybody   use Dropbox Please add """"""""sort"""""""" feature   it would be much easier to browse through files & folders. The only reason make me use this app is because my work is forcing employees to share company's files through this horrible app. Everybody  use dropbox.",FEATURE & UI BUGS
Great messenger But please add a dark theme option!,FEATURE & UI BUGS
It's awesome but... The double tap doesn't work on my s6 please fix it,CRASHES
Please fix this app it's not putting the widget on my home screen.,CRASHES
Okay Seems fun  but i cant get into it. The battle message text is so small as to be negligent. Maybe a gui for battle would be better. The character text box is cool. Movement was rather annoying. Rather than one step at a time  would be nice if you could click and char would auto move  or at least with the dpad be able to hold a direction. Good luck devs,FEATURE & UI BUGS
Major crash problem In the start runs smoothly but after 15-20 minutes the game freezes and goes to the main menu.Would give this 5 star if this bug is fixed.,CRASHES
Seafile is great. The android app less so. For the last few versions  the UI is increadibly nonresponsive and the photo upload doesn't reliably happen. Update: the nonresponsiveness issue is fixed.,CRASHES
" Not working on Nexus 6 after Naugat update It used to  but now ampere reading says \\""""""""""no data"""""""""""""""". Volts and temperature works fine.""",CRASHES
Does Not Work GT -19300 downloaded app. play hit open got black screen with eventually a pop up box stating unfortunately network app has stopped working so reported and uninstalled.,CRASHES
Nice app _ï¿½ï¿½ï¿½ It would be better if there is an option to set the position of trigger at the bottom middle of the screen..along with recent apps in the two sides.,FEATURE & UI BUGS
Great presentation on a tablet. But needs a next and previous on the Live list page  and needs to keep current service item highlighted and on screen. Till these happen will hace to use the old app as we have lots of service items (all the videos  liturgy readings sermon soon add up) Bur a great work in progress.,FEATURE & UI BUGS
Basic but best Please add icon support if you can .,FEATURE & UI BUGS
Doesn't work Shows only voltage no amps,CRASHES
Stuck in landscape Is probably rate this app higher if I could get it out of landscape mode!!!!! Surely the developers didn't think overriding a users orientation was a good Ux decision.,CRASHES
Just what I was looking for Had a nice collection of mod files that I was looking for a way to play. This certainly does the trick. However it would be nice to have a faster way to add many files to a playlist at once.,FEATURE & UI BUGS
Almost perfect Please add ability to select default calendar app when taping on day in the widget,FEATURE & UI BUGS
Great app Its great app for listening to audio books. Please add speed listening feature.,FEATURE & UI BUGS
Best home screen replacement All other home screen replacements seem to make the home screen laggy or slow in general and don't usually look good  but because this uses any home screen and just replaces the widget it is way better. Highly recommended,CRASHES
Doesn't work shows Facebook Error API Exeption,CRASHES
Lollipop 5.1.1 Battery-draining memory hog. Consumes far too much memory while running in the background. 200 themes? Where are they? All I found were colors. UNINSTALLED!,FEATURE & UI BUGS
Inbox not working Touching inbox causes the app to crash since last update.,CRASHES
"Good it a nice app .but one of the important things it doesn't have is """"""""""""""""""""""""""""""""HISTORY"""""""""""""""""""""""""""""""" DEAR DEV PLEASE ADD THIS OPTION IN NEXT VERSION. THANKS",FEATURE & UI BUGS
Needs one thing Please add pull to refresh!,FEATURE & UI BUGS
Responsiveness is very poor when switching between bottom menus..,CRASHES
It only sounds good  settings not always work It looked nice - adding the icon to the drawer for sleep mode. Well  it did not. And while trying different settings combinations it finally got to the stage when auto turn on is disabled  the night shade itself is disabled  but the screen is tinted and dimmed. When finally managed to wrangle everything back to normal state  uninstalled at once - don't want risk sticking again...,CRASHES
"Good app After the yesterday's update  visible image is working properly. The message that shows """"""""updated ... Ago"""""""" should disappear after few seconds. Otherwise the readings below can not be possible to read. Please rectify it. Otherwise I loved the app.",CRASHES
Picture issues Please solve issues in setting pictures,CRASHES
Worst UI ever. Can't find anything to watch Unsubscribed. Appears like they have a total of 30 movies and TV shows. Nothing original comes up and lots are repeated through different genres or even classified incorrectly. 100% needs a new UI and way of browsing.,CRASHES
Ok but... I set the swipe up gesture to turn the flashlight on and off. It works only once  and then it just doesn't. Please fix this,CRASHES
The Barcode scanner won't work As soon as i click on the Barcode scanner  the app crashes and opens a random app on my phone. I want to use the code but it's so inconvenient typing that long code. When that little crash issue gets fixed I will give the 5 stars it had.,CRASHES
Please add speed adjustment feature in it,FEATURE & UI BUGS
Has some problems Nexus 5 stock: Call in progress notification does not go away  will appear even if call is not answered. All setting including password stored in plain text on SD card Have not rechecked: Doesn't pause media at the start of a call. double tap a direct dial  one call is made by sipdroid  one by my phone. Exclusion ([0-9]{1  6}) fails.,CRASHES
I love this app but.. sometimes sms notification doesn't appear and when i reply through the pop up  my message doesn't send .. please fix it .. i really love this app .. i am using samsung galaxy j1 ?,CRASHES
Looks nice but... .. Buuut like all the others it only shows Google events  not reminders. Google reminders are much easier to set with Google Now and provide the same function. Google's calendar/agenda widget shows reminders but is ugly... I wish you guys could implement this feature.,FEATURE & UI BUGS
Backup Or Move To a New Phone Feature. I have recently move to a new device  But there is no way to move my FreeOTP :( please add the feature,FEATURE & UI BUGS
Great  it would be better if... Hello  please add the ability to choose to quick reply from a locked screen. I have a S4 and the wake screen does not work. I have a pebble watch and I do not receive notifications through my pebble when received on the app on my phone. Would like the option to change the font and bubble styles. Maybe later add the ability to make more changes to the background to place my own images. The contact information takes a while to update to the person's contact name when opening the app. So far no major issues.,FEATURE & UI BUGS
Great  but.. Great client for gerrit. My issue is that sign in crashes the app. Specifically for CyanogenMod gerrit. Hope to see this fixed soon.,CRASHES
Crashes to home screen everytime i click on messages. Please fix,CRASHES
Bad design Amaze is open-source and looks much better.,FEATURE & UI BUGS
Please add the ability to change what part of the picture is showing! I cannot change it  and really need to. Thanks.,FEATURE & UI BUGS
Loved the app but keeps crashing phone Any time I use this app on my galaxy s7 edge  it lags. Then after I lock my phone while the app is open  it crashes and the phone doesn't turn on for 15 minutes. This only happens when I use this app. Can you please fix this?,CRASHES
Poor Just said 0mah,CRASHES
Very good app i like this app very much.it is better than whatsapp.but there is no audiocall or videocall feature. please add videocall or audiocall feature in next update. i hope you will reply,FEATURE & UI BUGS
Absolutely LOVE it! Has issues like lag when you scroll  but it is essential in my opinion!,CRASHES
"Just what I needed This app seems to do everything I need being able to import my Quicken without any trouble at all. I have not tested the export yet but probably it will work just fine . One minor glitch  and that is in the category list. The list is in case sensitive alphabetical order. This means that every category that begins with a capital letter will come before any category that begins with a small case letter. Thus """"""""Garbage"""""""" will be in the list where you would expect but """"""""goodies"""""""" follows """"""""Zebra.""""""""",CRASHES
"OK  so bad news for me - no support of external SD cards (yes  I keep my DB on external SD  my key on """"""""internal"""""""" SD). Didn't triggered permission request. Well  thankfully I could use Android Picker to select the file through some of the file managers I use. Stock Lollipop. BTW  Look&feel needs some significant changes -it's no Gingerbread era anymore  and displays happen to be larger than 320x240  3"""""""" beauties. Uninstalled.",FEATURE & UI BUGS
Please add an option to send contacts as well.,FEATURE & UI BUGS
Core<->IRC disconnects can crash app. Overall much better than Windows app! I've also installed the beta APK from F-Droid and can confirm the auto-reconnect works great. Side bonus: material design!,CRASHES
Best option for Moto Display functionality This is the best option for those looking for Moto Display for non-moto devices. I'd gladly give 5 stars as I'm sure a lot of hard work goes into this app  but functionality seems diminished by my finger print security requirements. If I want to use Nexus Imprint then I am required to use a lock screen that employs added security PIN or pattern. Sometimes I'll unlock via the finger print scanner and it will open  but sometimes it'll only open to other lock screen and require my pattern to open. Thanks!,CRASHES
Pretty clean I like the app  it works well. I find that if I lock my phone then turn it back on right away it defaults to the standard lock screen for a second then clicked into AcDisplay. Besides that it works really well. Good job,CRASHES
Please change the UI  icon  menu color change the white color to black add more features,FEATURE & UI BUGS
Used to love it... but it really needs to catch up with the times. Still doesn't show reminders for Google Calendar  even though the reminders are listed on my calendar. Once again on a quest for a new calendar widget.,FEATURE & UI BUGS
Works but... Only if I select all interfaces. If I only select my mobile interface  it fails. Happy it works on a stock ROM  since stock is the only one available yet on this phone.,CRASHES
Good concept but too unstable A crashing editor is something unacceptable. Unfortunately  Vim Touch crashes quite often  with data loss as consequence. Nevertheless  the app looks very promising... 5 stars it was stable!,CRASHES
Its cool I hate cause she can't pronounce a lot of words wee fi is one WiFi please update no problems on my HTC and she spells alot of words funny,CRASHES
Great. Some Suggestions Great because it is simple.At first I just would suggest to keep notification collapsed by default or to make its behaviour a preference. Also it would be great to dismiss the floating notification with one tap  two taps or long press. Please  add cloud sync for syncing with desktop,FEATURE & UI BUGS
Latest version broken Switching between accounts causes previous account droplets to be displayed  new account info doesn't entirely load.,CRASHES
Doesn't work on GS5 Always shows 1mA on a GS5 (4.4.2).,CRASHES
Nice but lags I really love that app BUT it doesnt work that fine since i got android 7.1. The keyboard is bugging and when i try to chat the hole app begins to lag. I'm using a nexus 5X with android 7.1,CRASHES
Yotophone back screen Cannot activate PDF files on back screen of yotaphone.,CRASHES
Has potential Seems like a decent app but one downside is I don't like that it won't unlock screen. If I dont happen to see the led alert.. I don't know that I have a text. Fix that and I will def use it.,FEATURE & UI BUGS
don't shows the parfect direction,CRASHES
Fantastic Best mh4u database ever. But armor builder function is still bugged when I adding new set it doesn't show up,CRASHES
Fix Not showing on home screen neither settings. I use Lenovo Phab,CRASHES
"ok such a nice app but i cant add photos from gallery.it says """"""""There was an error adding the image"""""""" HELP",CRASHES
Great app but I am having some problems when i post something it fails. it is not even showing me my current posts which I have posted from computer. no peer certificate error and by 3g it was uploaded.,CRASHES
Keep it simple AND stupid? I wouldn't say this is stupid. It's a good idea. Needs a true black theme  and also icon pack support. Oh  and it really needs option to show time/date somewhere. EDIT: icon pack support but no icon masking unfortunately....,FEATURE & UI BUGS
This is a great start and I'm really looking forward to future improvements. The ability to take screenshots of the view will be nice. Even just being able to freeze the view would be helpful. I'd like to see some preferences build in so the font color/size can be changed. On a cloudy day the white font is hard to read in camera mode. What I'd really love to see is the ability to capture a scene  recall it later and be able to interact with it. If I could zoom into a picture and see the names appear on more distant peaks as I zoom towards them in the picture  that would be pretty cool.,FEATURE & UI BUGS
Cant find any widget There is a screen icon  but no widget. The icon lets you customise the widget  which cantbe found. Low rankings are. exactly what users should post if it doesnt work.... I'll 5 star when I see mA.,CRASHES
Does not work Plz fix,CRASHES
Doesn't work I installed in my Xperia L and it doesn't work at all,CRASHES
Excellent effort  Sahul!! Keep up the good work!!! As pointed by others  a large portion of North India is NOT covered in the IR and colour composite maps. Please rectify.,FEATURE & UI BUGS
Need improvements Add double tap to wake feature....make app more stable...add some new features,FEATURE & UI BUGS
I can even open the app plz fix,CRASHES
Please add battery percentage...,FEATURE & UI BUGS
Amazing!!! Please add screen lock feature and home blocking option.,FEATURE & UI BUGS
Best Chat App Please add Proxy Feature and Image Edit like rotate. Thanks,FEATURE & UI BUGS
Perfect for tracking Does all you need for tracking. The ui could use an overhaul though :-),FEATURE & UI BUGS
"Not good I cant creat account or cant sine in just show a pic """"""""iam not a robot """"""""How is that app there we cant enter... took so load to open .. is there not any good app there we can download anime easilly...",CRASHES
Almost perfect! I love this app  it does what it says it will and it looks amazing. The only problem I have noticed so far is the app bugs and doesn't appear when you clear your notifications on the lock screen  but not in the notification panel. Other than that it is awesome.,CRASHES
MMS issue and slow to launch It looks good  But can't not send pictures taken from camera on the app. Need to use my camera to take the pic then go to the app and select the pic from the gallery to send. Takes up to 2.5/3 secs to open. Not good.,CRASHES
Good one Can you add feature like moto display I.e screen lights up when we pick up the device or pick our device out of pocket,FEATURE & UI BUGS
It was much better before The update has really hurt this app. Now  the card image and price icons do not appear when I search a card. Also  the white background uses up more of my battery life due to brightness and simply doesn't look as nice. I used to use this app constantly  but now I might go back to using gatherer. 4 stars for what it was before.,CRASHES
Oriya letters are not showing When I selected Oriya language every letter appeared as blank spaces. My model is Asus zenfone 5 and Android version 4.3,CRASHES
Notification Notification worked perfectly with messengers of facebook  viber  etc... However  if there is a missed call  not only the missed call but all the notification did not show up  please improve it to deserve 5 stars,CRASHES
Efficient and straight to the point Perfect for people who love clean design and hate cluttered notifications. Would be better if there was a password  option to use a photo as background  and option to open more apps (instead of just dialer and camera) when swiping from the corners. And I wish the clock didn't go away when a widget is used. Looking forward to more features and updates!,FEATURE & UI BUGS
very good app but please add font colour option Add font size and color option,FEATURE & UI BUGS
"Can't cut alarm off!!!!! Runs for a whole minute! Ignores how many times you hit the """"""""Dismiss"""""""" button  or how long you hold the """"""""Dismiss"""""""" button down! Hate this app! Useless if you cannot cut it off!!!",CRASHES
"It could do with an additional search bar to search all classes at once (like hearthstone does it)  as well as a way to group however many of whatever cards you want (useful when you don't have every -- for instance -- """"""""battlecry"""""""" minion memorized and want a place where they're all laid out). This app doesn't do much outside of what can basically already be done inside of hearthstone  but it works well and looks nice.",FEATURE & UI BUGS
Buggy on HTC M8  v4.4.4 Sometimes doesn't show recent conversation in window. Otherwise  awesome app.,CRASHES
Great app easy to use _ï¿½ï¿½ï¿½ But when i close the app the transaction is not smooth its looks buggy please show this,CRASHES
Frustrated!!! When are the bugs going to be fixed??? Every time I sign in it tells me to log in with my facebook account I do  and when I do it tells me 'we are experiencing some difficulties at this time and to try back later'. Well that's been over two months ago. I'm over this!!!,CRASHES
"Minimalistic & Functional While I do love the app  I wish there was a way to remove the annoying """"""""New message"""""""" pop-up. I would prefer to only see the app icon in my notification bar.",FEATURE & UI BUGS
Very handy but a few bugs The file selector control used to select a file for encryption/decryption doesn't seem to work. After selecting the file  the filename field remains blank. Have to type it in manually or paste from clipboard. Please fix.,CRASHES
"Not working anymore When I back up  it successfully Login and calculating but then failed. A msg showing """"""""error during backup/restore  command select """"""""sms""""""""  response #6#  [NO  [NONEXISTENT]  unknown mailbox:sms(failure)",CRASHES
Not accurate I was hanging pictures with this app and they didn't come out straight at all...,CRASHES
"The playlist is a killer feature; I've known for a long time that Google's implementation is bugged (songs like to """"""""stick together"""""""" when moving them  but the display doesn't render this)  so seeing a developer put time into making an implementation that works proper is refreshing and praiseworthy. The UI isn't great (it shows filenames  not metadata; added songs are invisibly queued until you press add  and cancel is arguably too close; removing and reordering tends to seek back to the top of the list view; etc.) but the fact that it allows one to construct an ordered playlist  can source music from any readable location in the filesystem  allows one to quickly append tracks from a single directory in a specific order  and has an easy to use text-file playlist format more than makes up for those deficiencies. After having a falling out with Shuttle for just these reasons  this is now my preferred general audio player--let alone MIDI support.",CRASHES
Bug or short sight design This app does beautiful WP and the plug-in with other photo apps is good. However it has an enormous bug  the WP cycles unpredictably. Once I got the WP I like  there is no way to keep it. That crappy app replaces with a new one a few hours later.,CRASHES
Problem Can't get the double tap to wake feature to work I click it then try it it doesn't work,CRASHES
A fast and lightweight browser  favorite one so far. Only suggestion would be some sort of an undo option if we accidentally close tabs and such.,FEATURE & UI BUGS
Nice app Theres a problem showing all the contacts. Most of my contacts dont show up. Its nice though.,CRASHES
Disabling home screen rounding does nothing. It still rounds my moto g home screen. Doesn't look good. Please fix. I'm running 4.4.4 stock.,CRASHES
"Problem with folder icons...! Folder icons not visible apps  music  video icons not visible and cannot move files its showing """"""""""""""""""""""""""""""""Some and all items cannot be moved"""""""""""""""""""""""""""""""" a very big bug cannot even able to paste the options are ovrlapping",CRASHES
"Too Easy To Read With the bright white screen it's easy for anyone to read your """"""""secret"""""""" code  even from across the room. With the timeout on the right side and the code on the left  it takes a lot of eye movement to find the account  check the time left  then view the current token. The app is badly laid out. You cannot reorder accounts  so add them into the app in priority order. Luckily there are other apps like Authy which perform the same function.",FEATURE & UI BUGS
Very Good Icon Pack It is a very smooth icon pack. But the link to the tardis wp doesn't work please fix it,CRASHES
Only icon theme is missing Please add icon/theme in your next update. Please,FEATURE & UI BUGS
Poor Not working anymore. Tried uninstalling n installing but still not working. Worked well for two months but now it's just occupying space n nothing else. So bye bye VN. Deleted.,CRASHES
Great app. Props to the developer. However the latest version does have a nasty bug. When I look for trains from Brussels north to leuven  the schedule it shows me is completely wrong.,CRASHES
Great but... Please add option to hide app from launcher and pretifier the design of your app like adding material theme and especially make some texts that were cutted down (ex: new generation - testing) to be readable. Im not good at english but im trying to give my best explanations,FEATURE & UI BUGS
Mrs unreliable Got pics an hour later. Goodbye..,CRASHES
Broken Cannot post pictures or receive notifications.,CRASHES
Where is an interface? Why it crushing at second launch?,CRASHES
RC 7 is overdue. Please update this  if only to add support for Android TV.,FEATURE & UI BUGS
Concept is great  but execution is not. When turning on wifi  it automatically generates a message before even checking to see if wifi is available. This can become a hassle. Very obnoxious where wifi is patchy. Remedy these issues  and it would be a 5 star app.,CRASHES
Definitely 5star app. Best. everything needed  has nothing alarm clock doesnt need.. Unlimited alarm clocks u can add.... Except that the app icon not pretty enough ...,FEATURE & UI BUGS
Unable to view/edit rich format text I tried the latest version 0.7.5 on both my S3 phone and Note 8 tablet but neither can allow me to edit or view the note text with formatting as shown in the screenshots above. Please help me make it work. Thanks.,CRASHES
Swipe function Really like this app but would be 5* awesome if in the next release you could add a swipe to delete function and a number by the desktop icon saying how many new emails have arrived. Thanks and keep up the good work!,FEATURE & UI BUGS
"File encryption error? Tried to encrypt a file. Choose type """"""""file"""""""" then browse to either local mem device and it wouln't chhose file and tried external drive also. But the filename isnt shown in field after chosing it so the app sees nothing to encrypt. Is this a kitkat 4.4.4 ver issue or did i miss a config option?",CRASHES
" Works. Please add \\""""""""""are you sure"""""""""""""""" for backup and restore settings!""",FEATURE & UI BUGS
Notification Notification worked perfectly with messengers of facebook  viber  etc... However  if there is a missed call  not only the missed call but all the notification did not show up  please improve it to deserve 5 stars,CRASHES
IMAGE FULL SCREEN  PLEASE,FEATURE & UI BUGS
Two small improvements This needs the ability to group together entries (e.g.  work  email  games)  and the ability to search/filter.,FEATURE & UI BUGS
Not working anymore. Only shows the time nothing else.,CRASHES
Please add calling feature and more advance view,FEATURE & UI BUGS
Amazing Please add feature add contacts via username,FEATURE & UI BUGS
Needs one improvement Please add an option to set the brightness level as it effects our eyes at night.,FEATURE & UI BUGS
"Few issues in the new version  but still great Personally I like the new colour scheme  but there is a missing permission in the install routine - the app doesn't ask for permission to access storage. Easy to fix  but frustrating if you can't find app permissions screen. If the """"""""read only"""""""" button is greyed out  you'll see errors when clicking on a file and choosing """"""""Open with"""""""" like: java.io.FileNotFoundException: /storage/emulated/0/mydirectory/myfile.psafe3: open failed: EACCES (Permission denied) but you can still own files by opening the app first",CRASHES
Nice app  could add more features Great app for making wallpapers and great selection of live wallpapers. I would like to see some more features added to this app like recentering of the images by the user and having the image move as I scroll around my home screen. Otherwise  a very beautiful app.,FEATURE & UI BUGS
Stories!!! So I love this app so much but whenever I go to watch someone's story and I try to click through it or just rewinds and shows me the snaps they posted that I've seen already  this is really irritating and it starting affect my Discover stories too  Please fix!!!,CRASHES
Was once great. Now terrible Tries to navigate via non-specified locations. Does not include specified waypoints. Not obvious how to remove unwanted waypoints. Would be useful to save a planned source  destination & waypoints for future use.,FEATURE & UI BUGS
It works well and I'm learning but doesn't seem to display the third tone in pinyin correctly. Also you should be able to scroll at the left and use the whiteboard on the right. This will make it easier to practice writing while checking notes.,CRASHES
Poor Not working anymore. Tried uninstalling n installing but still not working. Worked well for two months but now it's just occupying space n nothing else. So bye bye VN. Deleted.,CRASHES
changed to 3 needs update keeps showing 60+ mins until next train love this app please update to fix bug,CRASHES
Really well done  but needs additional options Really needs ability to configure day  date formats. And option to show date for each event  and adjust text size in points  rather than Small  Medium  Large  etc. Almost there.,FEATURE & UI BUGS
WT F(udge)_ï¿½ï¿½_ Why can't I give NEGATIVE stars! This app is crap! It zapped my internal memory & didn't put files on SD- AT ALL! Vet these people before you allow them to ruin people's devices & waste precious time & content . I'm hoping uninstall won't cause the loss of my pics & vids. They have the nerve to ask for donations. Crap for the bucket!,CRASHES
Every thing is fine if u add calling feature. Please add it.,FEATURE & UI BUGS
I am experiencing a playback bug on a Nexus 5 running Android Lollipop 5.1.1. The playback works as expected as long as a file is not renamed. When I rename a file and play it  the control jumps from Start to End and the playback does not work anymore. Renaming the file to its default name has no effect. Thank you to look into it. I will change my rating when this bug as been fixed. UPDATE 14/11/2015: The bug is still present on Marshmallow (Android 6.0). No feedback from the developer.,CRASHES
Nice! Please add a way to view the alarm clock time,FEATURE & UI BUGS
Doesn't work After last update keep getting error 0013. Tried everything you asked but still nothing.,CRASHES
Great app! Just needs one more thing... I will give this app 5 stars once the ability to see promo and special print card prices is added. Other than that this app has everything you could want!,FEATURE & UI BUGS
Great APP - Improvement Request - News Republic Works great! News Republic's notifications offers the full story but the APP will only read the title. If possible could you try to fix this in any future release! Thanks,CRASHES
0.4.1 broke the game - rating accordingly The previous update already had the balance doing a clumsy routine on a tightrope  while this one completely broke the game. Armor is now basically useless  with the first boss consistently doing 12+ damage in one hit through a leather+1 armor. Rats and flies can tear you to pieces since it's not uncommon to roll 0 in armor - the odds are very much against the player. The game is pretty much unplayable unless you luck into +3 armor from the sad ghost or something early game. Wish I could roll back to 0.4,CRASHES
LGG4 Love this app! It's the only one I ever use for my lockscreen! Please please add a lock feature!,FEATURE & UI BUGS
Not working on 5.0.2 HTC One M8. And old pics from 2.2???? Bad  very bad.,CRASHES
Does what it says. OR NO? It won't do what it's supposed to do without installing some other lame app. I moved an app  restarted and the app was totally gone from my app draw. Not displaying it on installed apps neither. It may be lost somewhere in my files or permanently deleted. I WISH I HAD A LOWER RATE LIKE -5 !!,CRASHES
I hate this website. Please remove Web from my App  because I don't make use of it.,FEATURE & UI BUGS
Nice app Theres a problem showing all the contacts. Most of my contacts dont show up. Its nice though.,CRASHES
"Best reddit app on the playstore I'm really sorry that I'm giving 3 stars  but a major feature has a bug: when saving a gif as a gif not a video  it downloads but stops at the last millimeter... so I dismiss it  and inside google photos there's no sign of it in """"""""reddit saves"""""""" folder. But when I open it by a file explorer it shows up normally in the folder. Please fix it and I'll change my rating. I use nexus 6p with Android 7.0",CRASHES
Doesnt works on moto g4 plus... After installing and enabling it.. no night mode tile appears in add tiles menu... :(,CRASHES
Incredible This app is incredible.however design is outdated(No Material).Some features are not working correctly. Notification handling and non existing responding is not good.,FEATURE & UI BUGS
nice app app is nice & works fine but if it got auto screen brightness then it will got 5 star.,FEATURE & UI BUGS
Waste of time Keep.on going back to the playstore screen,CRASHES
I love it! It's awesome! But can you add colors to the draw  and maybe a thickness scale?,FEATURE & UI BUGS
Almost perfect Could it be an option to remove the notification  and also please add an option to launch a custom app from one of the corners,FEATURE & UI BUGS
Awesome app... Now if only they'd get the FLAC file modification support sorted out,FEATURE & UI BUGS
Great Best functions out of about 3 mal apps I've tried. Ty for making this. Hope you also add at least top anime page.,FEATURE & UI BUGS
Love it Pretty impressive! But you can add this options to original power menu.,FEATURE & UI BUGS
"Best Facebook APP ever! This app is awesome! However  I have a suggestion  if you don't mind... I've noticed that when you tap the """"""""Refresh"""""""" option  it loads the News feed page. IMHO  it should refresh the page you're on. For instance  if you're on Most recent page  it should stay there and refresh that page. If you're on Notifications page  it should stay there and refresh that page. And so on. I hope you consider this suggestion. Anyway  great app. Congratulations! :)",FEATURE & UI BUGS
Can't click connect Was looking forward to this but after filling in the details and accepting the ssl warning I just can't click the connect button  nothing happens when I try,CRASHES
Support for Huawei Home I had this on my Asus phone before and it worked. Now  on this one  a Huawei  it doesn't. Please add support for Huawei devices. Btw  this is the Honor 4C. Thanks! :),FEATURE & UI BUGS
Not able to block! Please add blocking feature!,FEATURE & UI BUGS
Nice app Theres a problem showing all the contacts. Most of my contacts dont show up. Its nice though.,CRASHES
Doesn't work I'm writing to tell you the new version doesn't work eather. Click open nothing but a white blank screen. The widget all it says is widget loading. Has really done anything.,CRASHES
Its good But i need hike icon and also give option to remove count in unexpanded widget,FEATURE & UI BUGS
I can't upload pics Ever since this new update I cannot upload any pics to my new posts. I try via WiFi and with my use of 4G but still nothing. I'm using a samsung galaxy s7. I choose a pic but never finishes to upload. Can I get some help please.,CRASHES
Great app Please add instrument selection and sound font feature. This app is really cool.,FEATURE & UI BUGS
"The playlist is a killer feature; I've known for a long time that Google's implementation is bugged (songs like to """"""""stick together"""""""" when moving them  but the display doesn't render this)  so seeing a developer put time into making an implementation that works proper is refreshing and praiseworthy. The UI isn't great (it shows filenames  not metadata; added songs are invisibly queued until you press add  and cancel is arguably too close; removing and reordering tends to seek back to the top of the list view; etc.) but the fact that it allows one to construct an ordered playlist  can source music from any readable location in the filesystem  allows one to quickly append tracks from a single directory in a specific order  and has an easy to use text-file playlist format more than makes up for those deficiencies. After having a falling out with Shuttle for just these reasons  this is now my preferred general audio player--let alone MIDI support.",CRASHES
Attaching photos Add this to the Android version and it might be worth five stars,FEATURE & UI BUGS
Shut down App works fine until I hit the shut down button. When hitting wake up it does nothing. I have to switch of kodi at power source then turn back on for the remote to work again.,CRASHES
There are no words I downloaded And Bible when I opened it up the Bibles and the dictionaries that I downloaded did not show up on my tablet  it was a blank screen. Please fix it. Thank you- it's working,CRASHES
Amazing rogue variant. The crazy interface is just brilliant. I would just change the music for a more minimalistic approach,FEATURE & UI BUGS
Crashes Too many crashes turning into a black screen where I need to always restart my phone. Also  whenever I watch videos it doesn't load please fix. Thanks,CRASHES
Useful for browser changing. But new icon...meh I no longer have a browser that supports flash but I still use this app to swap to alternative browsers rather than copy/pasting links. The app icon needed changing but I am not sure the new one is better!,FEATURE & UI BUGS
Nice but lags I really love that app BUT it doesnt work that fine since i got android 7.1. The keyboard is bugging and when i try to chat the hole app begins to lag. I'm using a nexus 5X with android 7.1,CRASHES
Works amazingly well Love it  best subsonic app around. Only issue I'm seeing is new artists are not showing up on the app but do in subsonic server. No other issues found so far. Edit: refresh worked :),CRASHES
Stuck in landscape Is probably rate this app higher if I could get it out of landscape mode!!!!! Surely the developers didn't think overriding a users orientation was a good Ux decision.,CRASHES
Too many errors I found the interface interesting but I got it for my tablet which I use on the subway. This thing went nuts crashing and restarting and interrupting games and other apps so I had to remove it. Did not do well with intermittent connectivity,CRASHES
ok but volume too close to the stop button. Makes tv go to full volume if missed. Needs to be moved with option to disable or hide.,FEATURE & UI BUGS
Still lacking options. Tinfoil still not as good as browsers.Add option to copy address or copy link location that are available in mobile browsers by touch&hold.Can't add space when typing comment or status typing messages have no problems.please add shortcut to see online friends.,FEATURE & UI BUGS
Boot animation Please add the Cyanogen boot animation that's in the OnePlus One right now,FEATURE & UI BUGS
Picture issues Please solve issues in setting pictures,CRASHES
Looks horrible You can't read anything in this app  the text colors are so bad.,FEATURE & UI BUGS
Screen sleep time problem The only problem I have ran into is when I try and use the Screen off memo on my galaxy note 5 the screen goes to sleep while I'm writing the memo. It is really annoying.,CRASHES
Great App But Have One Suggestion This is a great app. It annoys me that whenever my phone pairs with my car  it automatically starts playing my music. Sometimes the songs that play are ones that I downloaded for my daughter and even she is embarrassed about them as well. This app lets you determine which apps should playback instead. My suggestion is as follows  and I know this can be accomplished with Tasker but I feel this is way easier to use for Joe Schmo. Please allow the user to designate which app should launch. For example  I use Serius XM to listen to Howard Stern during my drive. It would be awesome if I could get Sirius XM app to launch via Media Button Router. Unfortunately  the Sirius XM app is not recognized as a media playback app so I cannot designate it in the Media Button Router UI. If you allow the user to designate which app they wish to launch  that would be a great advantage for people using apps that are also not recognized as media playback apps. Again  great app. It is a must for anyone wanting full control on their phone.,FEATURE & UI BUGS
Like this app  but. . . I like this app. It's nice to have your upcoming events displayed at once. Suggestion  though: how about highlighting the current day in a different color to make stand out.,FEATURE & UI BUGS
Persists It does inform of last caller; useful. But once that notification has been cleared elsewhere  it persists in dash clock; useless. It seems only way to clear last caller notification in dash clock is to click on it within dash clock. So it's not communicating adequately with the OS. Hence more of an annoyance than a convenience at this point,FEATURE & UI BUGS
Didn't show up as a widget(at first)  can not show current Lenovo Ideatab A-3000: I needed to uninstall and re-install to get the widget into a list of addable items. Shows volts  battery status but no amps. Did not help to sort out which of my cables have too much resistance when charging then. Sony XPeria Go: On my Sony ST27i works okay(It seems I can not write separate reviews for 2 devices  that would be atleast 3 stars for Sony).,CRASHES
Best ever app I got to store my e-mail IDs and passwords! Introduce some more features.,FEATURE & UI BUGS
Good Please add OTG support :),FEATURE & UI BUGS
Please add an option to disable notification area bars (i.e. make systray icons and bars as two separately configured things) - it's already overcrowded here. I'll give you 5 then.,FEATURE & UI BUGS
Really good  but with one bug. This database has helped a lot with my hunting  and I'd give it five stars if not for one bug: In the Weapons section  it crashes and restarts when any Hunting Horn details are viewed  making that effectively impossible. Please fix this bug  thanks.,CRASHES
Couldn't get it to work. Keeps saying that the binaries are out of date and won't load the new ones after it sends me to recovery screen to flash them. Spent a couple hours online trying to figure this out and couldn't do it so I just gave up.,CRASHES
Fantastic app! This app is very easy to use; better than many conference apps I've tried. The notifications for upcoming sessions I've starred can be turned off or changed in the settings  and I appreciated the links to a map of the session location for each session so I can find my way there quickly. The only improvement I can think of is to make it easier to find the next sessions as the conference goes on; right now when I go to the list of sessions I starred  or a list of all the sessions in a specific track  it lists them chronologically and as the conference goes on  I have to check the current time and scroll to the appropriate place in the list. I would love it if it jumped past or greyed out the sessions that are over so that I can more easily identify current & future sessions. Thank you Christophe!,FEATURE & UI BUGS
Too many errors I found the interface interesting but I got it for my tablet which I use on the subway. This thing went nuts crashing and restarting and interrupting games and other apps so I had to remove it. Did not do well with intermittent connectivity,CRASHES
Recommended Easy to use app. Been looking for an app like this for a long time. Very useful for people making Theme Home Screens. Would be nice to add the ability to copy the Hex Code. Works great! Recently has been force closing.,FEATURE & UI BUGS
Very good Very handy little app. A search bar on all the categories (armour  weapons etc) would be nice.,FEATURE & UI BUGS
Works well This app works really well. My only wish is that it would flag the podcasts I've listened to so I can hide them from view.,FEATURE & UI BUGS
Looks nice but... ... scrolling through the messages list seems a bit laggy on my OPO. I managed to fix my MMS issues  though. Still there's a few things that need to be polished for it to be usable on a day-to-day basis.,CRASHES
Best game for Android Best game for Android  very difficult  very rewarding. After beating it 4(5) times I can say that random traps need to be removed  as a rng chance you take heavy damage by walking is just retarded. Maybe hide the traps in the trap rooms. Also more variety and difference between the different rooms and enemy's would be great. Thanks devs,FEATURE & UI BUGS
Add support for multiple sources under advanced,FEATURE & UI BUGS
A God send! Awful interference problem with my 868MHz central heating system. 20min with this app and an rtlsdr dongle tracked the problem to an old controller with a near flat battery transmitting a continuous unmodulated carrier.,CRASHES
Galaxy s4 Please add stock launcher in to black list 5 stars after its ok. Thank,FEATURE & UI BUGS
Ok but more icons would be appreciated Can you please add an icon for Google messenger? Also popular apps like Netflix and more could use an icon.,FEATURE & UI BUGS
Mrs unreliable Got pics an hour later. Goodbye..,CRASHES
Looks great  but the app crashes every time I try to access the widgets! Would be 5 stars if fixed,CRASHES
Excellent app! Use it for work and it has saved my life more than once when trying to remember if I had returned a phone call or sent a text message. My only issue is that since Marshmallow it seems that sometimes it will stop backing up automatically. When I check my calendar and don't see recent call logs  I have to open the app and backup manually to get it going again.,CRASHES
Holl india not show,CRASHES
Gifs  I need Gifs! Wow  this app is absolutely BEAUTIFUL  the UI is 10000 times better than Textra's... But where are my Gifs? I need the ability to send Gifs and vCards... Those are really important to me! Please add the option to send Gifs as MMS (not as links  and grab them directly from the app just like in Textra) and I will 100% switch from Textra to you... I love your UI so much more than Textra's  but I'll stick with them for now cause they have way more options! Please add Gifs!,FEATURE & UI BUGS
Pinned CHAT Please add ability to pin Chat  in the next update. Thanks.,FEATURE & UI BUGS
Text rarely displays correctly. Most of the time  the text in the article is scrambled when I select a news story. I'm using a T-mobile prism.,CRASHES
Great! Nice  exactly what I needed. Seems to be a bug in changing font-size  though. Doesn't take effect after going Back. Workaround is to restart via Recent screens.,CRASHES
Choppy I connected to my tv with no issues  but trying to view youtube  movies  videos  ect.. is so choppy. 3 stars and deleting.,CRASHES
If only it could create audio automatically as in Quizlet or flashcard deluxe I would switched back to anki,FEATURE & UI BUGS
Love it I love this calender. Though it would be magical if the tasks that we added could be shown and checked off in the widget itself,FEATURE & UI BUGS
Shake To Silence not working Shake feature not working..,CRASHES
Best magic app This app is great for searching for cards and prices. Maybe remove the little circle around the app icon?,FEATURE & UI BUGS
please fix can't browse FM  thus can't choose path to custom man pages .gz file for offline use.,CRASHES
Not sure why we can't post photos. It's great regardless but it's a serious dampener.,FEATURE & UI BUGS
Used this app for years and couldn't fault it. Recently  as has already been mentioned in previous review  the fishtext connector is broken. Will not communticate with fishtext at all. So without a working connector to my service this app is now useless. Reports of issue at website are just closed without comment,CRASHES
Has some fairly big problems. Can't post photos or tag people. Might be more of a problem with Facebook website rather than tinfoil?,CRASHES
About Notification Notification not shows at glance when it comes. Consume more energy. Not run autometic after switch on my cell phone. And this app must be a calendars features to shows upcoming events which synchronise with google calendar. Overall it's a nice app.,CRASHES
Fantastic Best mh4u database ever. But armor builder function is still bugged when I adding new set it doesn't show up,CRASHES
Good. One minor issue I've found. This app makes for a good lock screen alternative. It claims to be simple and minimalistic  and it is. I only wish this came with an Always On option. Please add this!,FEATURE & UI BUGS
Wonderful app + note. This is the best app I've ever used for mtg. However  there's an issue where the app will show up in the notification tray but with no message- just the icon and a blank space. I am using the latest version of Android on a CM Oneplus 1.,CRASHES
Laggy Packed with great features  but scrolling is a bit laggy. Takes 1-2 seconds to load maps everytime I scroll. It seems like I'm using an online map that it has to take too much time to load... Will update rating once this problem is addressed.,CRASHES
Cool app Does what it is suppose to. But no longer can use the screen gestures on my oneplus x like drawing v for flash light  o for camera  two figures swipe to play /pause music  etc,CRASHES
Excellent app Admin We don't need video.......only GPS pic..... Supperbbb admin... Thanks a lot,FEATURE & UI BUGS
" Always on Love this app! I've been using it for ages. Please add functionality for \\""""""""""always on"""""""""""""""" clock for amoled displays!""",FEATURE & UI BUGS
Excellent  just what is required and without any fuss. With the update  it just got better. Autoupdates the pictures  so just open app and the latest satellite capture the clouds overhead is ready. The temperature update feature added is also very nice. Your app has improved performance substantially. Please add a basic forecast guideline to understand maps in the help section,FEATURE & UI BUGS
Holl india not show,CRASHES
Much room for improvement. Thanks for the app  but do you really need to share my installed apps list with others? Really!?! Also  try to reduce having such high battery usage in the foreground.,FEATURE & UI BUGS
Didn't want to download it I sign in online  but every time I want to make a comment and sign in my Google account  it asks if I want to download it. There is no do not ask again button. Sometimes I click the wrong button and it downloads itself. I don't want it!,CRASHES
more unlocking animations i am a fan of your ac display  but i feel that the present unlocking animation isnt good enough  you should add a marshmallow or lollipop unlocking animation,FEATURE & UI BUGS
Great Should add more gestures to view the background unblurred since double tap locks the screen on some phones,FEATURE & UI BUGS
Active display not working. The active display is not working otherwise it's a great app.,CRASHES
Please add this feature Please add calls  i want to make call either with video or voice  and could you add that the chat can be archive,FEATURE & UI BUGS
Awesome Your is really good  but try to add more features next time,FEATURE & UI BUGS
"Hi  I have a very simple request  please allow """"""""Mark for Deletion"""""""" and """"""""Unmark"""""""" ... also  show the message with a strikethrough if it is marked for deletion -- regardless of where that marked for deletion was made. Thank you. AndrewM Edit: I would like to upgrade my rating  but you need to address this issue first.",FEATURE & UI BUGS
Nicely layed out Excellent. Well thought out. Very intuitive. Shows you your space hogging files. There are other apps like this  but not as concise without the BS. It does lack some features that could be useful  but the small memory footprint let's the app do what its suppose to. File managers don't even have graphical display  so this is what I needed. Great work developer.,FEATURE & UI BUGS
Simple and effective Love your app  saves us a lot of time! If possible I'd like to see the location icon up there too.,FEATURE & UI BUGS
Great Please add Chromecast for 5 stars!,FEATURE & UI BUGS
Great App Would have given 5 if it supported (somehow) sharing of pictures to group.,FEATURE & UI BUGS
Though it is the best... It's high time to get the app updated. Could this be tuned per KitKat/ Lollipop architecture? Probably a new interface... a light theme or Material Design would be more appealing.,FEATURE & UI BUGS
"latest update broke export I cannot share a file to seafile anymore. When i try to share a file  i keep getting presented with the """"""""please setup an account first"""""""" splash screen. Meanwhile i have my account set up and it is working perfectly except for the sharing.",CRASHES
Les Miserables orrible  orrible scroll bug.,CRASHES
Freezes I was on the boss on the tenth floor playing as a mage. I was using my staff of prismatic light fight him  as when he is blinded he cannot throw his weapons at me. But mid-blast from my staff  and it freezes. What's up? Can I fix it? Because this is the furthest I've gotten on a mage. I have a screen shot if it would help.,CRASHES
Great but... Please add option to hide app from launcher and pretifier the design of your app like adding material theme and especially make some texts that were cutted down (ex: new generation - testing) to be readable. Im not good at english but im trying to give my best explanations,FEATURE & UI BUGS
Great app An amazing app. Ive used quite a few and this one is the best by far. Though i would enjoy seeing a kinsect chart for the insect glaive. Its not super important but i haven't seen one of those yet and it seems like it would be an awesome addition for those of us who are IG hunters.,FEATURE & UI BUGS
"Way to small fonts on a tablet After 2years waiting I repeat it: Some is adjustable  but most is unreadable small  unusable. Had to find first to scroll down in 9prefs  nothing said in help  so major design probs. Samsung galaxy tab2 7"""""""" Add: still big pain to select several files.",CRASHES
This app rocks!!! So I have a galaxy exhibit n it had stopped letting me save pics or download apps. So I went n bought an sd card n was so upset when it didn't fix the problem. I tried a few crappy apps that didn't work but this one is great. You move everything to a folder on your external sd and it frees up vt,CRASHES
Good enough  but TTS crashes occur frequently and followed by losing my media sound. This happened each time it is trying to read continuous notifications from social networking app such as whatsapp especially numbers of senders. Sometimes  lengthy notifications from Facebook as well. Please fix.,CRASHES
Nice and neat... But. It looks great and simple. But give us the option to change the text color. I'm always forced to use dark wallpapers and the background tint looks ugly. Also doesn't work with a secured lock screen. A workaround though is adding the widget before setting up a pin or pattern.,FEATURE & UI BUGS
Great app easy to use _ï¿½ï¿½ï¿½ But when i close the app the transaction is not smooth its looks buggy please show this,CRASHES
Nice app Nice app i like it but please add the option to make the extensions appear on center and more click appearances.thnx,FEATURE & UI BUGS
Nothing is more frustrating... When you install a new app  and it installs mysteriously under a different name. If you have hundreds & hundreds of apps and install an app named Loop  you would be mistaken to look for that. Magically it installs under the name of Habits...,CRASHES
Wonderful Please make a material design app icon,FEATURE & UI BUGS
"Slow and buggy I love the layout and interface  and the slide action is well designed and intuitive. Unfortunately I have frequent issues with posts and content either loading slowly or not at all. I often get frustrated waiting (30+ seconds) and open photos or gifs in Firefox only to have them load instantly. I get frequent """"""""subreddit not found"""""""" warnings when trying to get to a known subreddit. Restarting the app usually resolved this  but that's a pain too. Fixing these problems would result in a 5-star app.",CRASHES
"Really really bad last 6 months Ridiculous lately. Freezes  """"""""""""""""unfortunately Facebook isn't responding"""""""""""""""" messages  bring keyboard up to type and text doesn't appear as you type instead appearing slowly and it's so very laggy! Even using a new phone and suffering same problems as on last phone!",CRASHES
Please add an option to disable notification area bars (i.e. make systray icons and bars as two separately configured things) - it's already overcrowded here. I'll give you 5 then.,FEATURE & UI BUGS
Best stock SMS replacement The only reason I replaced my stock SMS app is because of it's ability to apply scheme colors. Pls. make transitions smoother since I do experience choppy ones. Also  add more background options and the option to put sound effects when sending SMS.,FEATURE & UI BUGS
Great  but needs a little work This app is great  but It needs a little work. I can't access home screen widgets n just see a blank space,CRASHES
Selecting Thanks for your awesome app  sometimes I choose my photos as the source and it would be better if I could use some selection in my gallery instead of adding every picture separately,FEATURE & UI BUGS
ICON PACKS Please add support on icon packs. Just like in Nova.,FEATURE & UI BUGS
Nice but Please add the option to have more spacing/padding in the conversation. Texts show up too close to each other and it makes it look cluttered. (see Google messaging app as a reference),FEATURE & UI BUGS
Amazing Coming from iOS  the only thing I miss is Apple's obsessive attention to detail. So QKSMS is a treasure to me! Fantastic functionality (popup replies  text delay  customisability  proximity sensor  etc) AND design. Things like having the choice to hide contacts' phone numbers on the messaging screen are a really nice touch. Devs: would like to see a grey icon option and some slick animations in Conversations page  but that's honestly all I can think of. Will donate on payday!,FEATURE & UI BUGS
"Didn't work I have rooted phone but it still didn't work. Tried copying iptables from droidwall  still no luck. It says it is connected to network in app but fails the test on site. Log always shows some error like """"""""""""""""""""""""""""""""error 404 when fetching tor/keys/to"""""""""""""""""""""""""""""""" something like that which I was unable to fix. Waste of time for nothing.",CRASHES
Just waiting for this feature Please add the auto delete feature for when conversations reach a certain numbet of messages. I would like to manage the number of messages stored in my phone. Thanks.,FEATURE & UI BUGS
Froze phone until it would die. 5 stars to be seen. Every time I would scam a coffee it would freeze my screen and all buttons accept for power button  but in able to restart my phone  I would have to hit the power button and then touch the screen to select  power off. So I would literally have to wait until my phone died to use it again. Maybe it was just my phone but this is what happened to me.,CRASHES
Awesome App! The only improvement I would like to see is support for the fingerprint API for signing stuff !,FEATURE & UI BUGS
Changed interface Why did you reduce the timer icons to such a miniscule degree? The + sign to add another item obscures the count down icon of one item so need to move the screen. Is this change for change sake?,CRASHES
S6 doesn't display Hello I'm on the galaxy s6 and whenever it charges above 1000 ma I can't view it for the exact number it just changes to 0 ma. If you could please fix this. My old s4 showed it perfect and I love using this app,CRASHES
"Glitch If you are using your tablet and the alarm rings  it shows itself as a small area. If you touch """"""""""""""""""""""""""""""""snooze""""""""""""""""""""""""""""""""  it does snooze  but if you touch """""""""""""""""""""""""""""""" dismiss""""""""""""""""""""""""""""""""  it does nothing and you can't shut it off",CRASHES
" Improvements Please add a way to lock the screen with a fingerprint or password(PIN) and also remove the notification thats says \\""""""""""Ac display service active"""""""""""""""". Otherwise great app !""",FEATURE & UI BUGS
Almost perfect  with a great Developer This is by far my favorite reddit client. I was previously a sync user  but I saw this on reddit back in July and gave it a go. Even now  it still is lacking a few things (like editing comments)  but it has almost every other feature that sync and other clients have  in addition to its own features like the navigation system. But what really compels me to give this 5 stars is how committed the developer is. He has responded to all of my comments/questions/suggestions on reddit personally.,FEATURE & UI BUGS
Didn't work on Galaxy s5 Only showed that it was charging or not with no detail about how much current.,CRASHES
Lock screen security please!!! This app is awesome..I just need lock screen secutiy..than it is awesome..please add it. A lot people are requesting so please add it,FEATURE & UI BUGS
Awesome Great app and very stable. A rrequest... Please add custom wallpaper.,FEATURE & UI BUGS
Great. Easy to use. Very simple and clean app works great. Best part is  it doesn't overlay the notification bar (unless you want it to) so in the morning it's easy to turn back off. Only problem is the app crashes if you move the selector too far to the left (bellow 25%),CRASHES
Blank screen I sooooo want to give 5 stars but the fact that I can't run this on my S3 (black screen on boot) gives it a 1 star. Please fix so I can play full throttle  steel sky etc.,CRASHES
Changed interface Why did you reduce the timer icons to such a miniscule degree? The + sign to add another item obscures the count down icon of one item so need to move the screen. Is this change for change sake?,CRASHES
Great Great. It works  partially. The menu button brings the menu up at the bottom for half a second or less  so that doesn't work,CRASHES
Very good. 5 stars for what it offers. Could be much better thought. Need croop pics  camera adjustments anableing  recognitions of receipt  where it is from  amount  date  form of payment.,FEATURE & UI BUGS
Great game but it would be nice to have more color for the visually impaired. If you get that even as an option  you would get a 5.,FEATURE & UI BUGS
Doesn't work on Nexus 4 The widget doesn't appear on my widget tray for my rooted Nexus 4 running on 4.4.3,CRASHES
Fast forward and cheats Add gameshark codes like option . Give a fast forward button to play fast,FEATURE & UI BUGS
Please add an option to ask for the password each time the activity is brought to foreground.,FEATURE & UI BUGS
Nice No grid view pls fix,FEATURE & UI BUGS
For Future Update Please add an information about breakable parts of every monster in simple description,FEATURE & UI BUGS
Wonderful app + note. This is the best app I've ever used for mtg. However  there's an issue where the app will show up in the notification tray but with no message- just the icon and a blank space. I am using the latest version of Android on a CM Oneplus 1.,CRASHES
Nice game A little bit more improvement and its 6 star game. Can you kindly please add a reload option,FEATURE & UI BUGS
Would get a 5 star review but for one thing. Can't post photos  fix that and you'll get your fifth star :).,FEATURE & UI BUGS
Please add security options like pin or pattern.. Why the hell is it not having a security option!? Else good.. Why does u need a lock screen without any security lock option????,FEATURE & UI BUGS
Blank screen during game launch. Samsung Tab S. Unable to start any of the games listed. Black blank screen after start.,CRASHES
Defuq with that white icon cropped background??,FEATURE & UI BUGS
" Does not work. Does not work on android 7.0  I get a \\""""""""""failed to load certificate"""""""""""""""" error.""",CRASHES
Text is illegible (bug?) Help! When I click on a story  the text is doubled up and impossible to read. I have a Samsung Galaxy Tab 1,CRASHES
What happened to this app? Used to work great  loved it... but now everytime I hit the search the app closes... and when I have to scroll to find a song ( because I can't use the search or it closes ) the song doesn't download fully. Maybe I'll just uninstall it and reinstall it and see if that fixes the problem. If not I guess I'm just going to get rid of it. Ok...looks like that fixed the problem...the app is back to being awesome again,CRASHES
Needs improvement Throwing a background behind an unthemed icon isn't masking. Good start but make the unthemed icon fill the background like Cyrcle  Flatee  and many others do and then it would be perfect.,FEATURE & UI BUGS
Would be better if you could save image. And some sort of ad/sponsored blocking (if possible),FEATURE & UI BUGS
app is hang my screen is mulfunction,CRASHES
Use it alot I like it and it's easy to use and find pics  but it's a problem not being able to save a pic.,CRASHES
nice and fast launcher.can you add material design style and get rid of white border between the name of the apps?thanks.,FEATURE & UI BUGS
Great App Crashes every time it opens since the last update. Doesn't recognize my developer account. Please fix soon!,CRASHES
Doesn't (quite) work with my S4 Torn between 3 and 4 stars. It scanned  found a list of codes  and when I tapped one it said it was sending it  but nothing happened. But... they don't work from the dialer either  so it may be something with my phone. So I guess it probably does what it says  I'm just disappointed it didn't work for me.,CRASHES
Great app buy  I wish when I went to multitask view the wallpaper would stay and not turn black. Using this on a Nexus 5 by the way.,CRASHES
Mage was nerfed too much The knuckle duster removal means that the mage gets cornered and is murdered by a rat. Seriously. That speed boost helped  and the lack of strength added to the staff hurt the mage class. Bad. Love the game  but bring some advantages to the mage please.,FEATURE & UI BUGS
Doesn't work on KitKat Doesn't work with Galaxy S5 KitKat 4.4.2. It will only state 1mA if charging and 0mA if not charging.,CRASHES
Good enough  but TTS crashes occur frequently and followed by losing my media sound. This happened each time it is trying to read continuous notifications from social networking app such as whatsapp especially numbers of senders. Sometimes  lengthy notifications from Facebook as well. Please fix.,CRASHES
Never showed up Installed and followed instructions but never showed up in widgets list. Using android tablet  needs to be an app instead of only a widget!,CRASHES
Notification This app is so pretty..i really like it but the problem is that is not shown any notification if i have received in any apps ex: whatapp  facebook messenger emails...means any apps notification not showing when its on almond screen... thank you.,CRASHES
"Works Great I got the seemingly-common """"""""Error"""""""" message when trying to make an app a system app  tried running the app from the icon on the home screen  and that app said it needed to force close. I assumed that the phone needed a reboot to recognize that the app has now been moved and has changed status  and the app is now a system and works normally.",CRASHES
Wtf. Theft right here. This game is clearly a rip off of gloomey dungeon 2. You even stole the dinosaurs from that snes game primal rage. Free or not get your own material. Not cool.,FEATURE & UI BUGS
I don't get this at all Well  I thought this app will let me sync SMS messages among multiple phones  and also let me see them on my ownCloud interface. Sure it did some uploading. I can't disable the sync notification  which would only be of interest in case of a problem. However  the OC interface brought my server to a crawl. It was really slow to show some message threads  some of them with names  some with only numbers. And it took literally minutes to switch among them when I clicked on them. Also  it only shows the last (?) message of each thread  and the number of messages. Even that with wrong date. And it didn't accomplish why I purchased and installed it in the first place: didn't sync messages among devices. Which  while the description only states to sync to the server  would be quite logical  considering the whole point of ownCloud is to keep stuff in sync among multiple devices/computers. So in the end  I'd ask for a refund if I could. At least until it's fixed to an usable level.,CRASHES
problem with cm13 i have installed cm 13 on zuk z1 and the toast notification appeared for seconds and then doesnt appear,CRASHES
Nice camera but cannot use properly Keep on showing failed to open because other app is using camera but it isn't actually,CRASHES
"Current Version Gangs I can't close this app or get to my fault feed. Nothing happens when I click on the """"""""""""""""x"""""""""""""""" to close. If I hit back  it just leaves the app but it doesn't close. Have to uninstall and reinstall.",CRASHES
At times  I want to use Chrome to open an .html file that I put on my tablet. For some reason  Chrome was not included in the default list of available programs. Open in Browser does exactly what I want: it gives me a choice of browsers that includes Chrome. I'm delighted to have found this program!,FEATURE & UI BUGS
Text rarely displays correctly. Most of the time  the text in the article is scrambled when I select a news story. I'm using a T-mobile prism.,CRASHES
Can't rate Can't get it to work on nexus 5,CRASHES
Great app but the icon is ugly as hell,FEATURE & UI BUGS
Awesome. I love this game it is really fun to play. U can never get off your phone from this. But I just wish that there was a D-pad or something instead of touch. Please Add D-PAD setting. Will give it five star when There is a D-pad setting,FEATURE & UI BUGS
Better layout but lacks some I like the inscript layout  but it doesn't seem to have a question mark for devanagari keyboard. Also backspace key location changes  that's bad. We don't need two shift keys.,FEATURE & UI BUGS
Lost 22 march event in Melbourne Right now the stops in Melbourne CBD are closed but your app shows trams are coming!!!!,CRASHES
Lost 22 march event in Melbourne Right now the stops in Melbourne CBD are closed but your app shows trams are coming!!!!,CRASHES
Wonderfull app! Started using it yesterday at work and it works great for my type of projects! One thing i would love is to have an option to always show the notification (even if no timer is active). That would be awesome together with Lama!,FEATURE & UI BUGS
settings bug favourite music streaming app for four years now  but a bug has occured where the app crashes when I try to scroll through the settings section,CRASHES
Still love it but I taught a ladies Bible study last year. I wanted to put the verses in the order I was going to present them. Going from one cross reference to another but not necessarily in Biblical order or Date order. Sorry  not sure I can explain it better.,FEATURE & UI BUGS
I jus lost every single one of my pictures thanks to this app. I was sure i copied nd moved everything from my phone to my sd card. I removed my sd card and reset my phone. Next thing you know everything was GONE,CRASHES
Unreal... Not in a good way Let's see...adjusted the. colors i wanted on the calendar...how i want my events to be listed..etc..so only thing I need now is the CALENDAR!!!! OMG REALLY???,FEATURE & UI BUGS
Where is the Reminder notifications? Please add the ability to add reminders like a week before or a day b4 or even 2 hours before  why is this not in here already? Thanks,FEATURE & UI BUGS
Ok PLEASE add Touchwiz status bar,FEATURE & UI BUGS
"Very good but... Very good camera app with lots of customization settings. The only bug i noticed is that when i select """"""""iso HJR""""""""  photos are nothing but total black. Fix this pls. LG G2 D800",CRASHES
limit contacts for send multimedia Please add an option to limit some contacts for receive multimedia files from them. »À»À_ ÖËÀ_Ô»¾»_ÑÔÀ_Ô À_ÔÀÎÀ_ÀË Ö©»¾ÔÀË ÀÀ_ ÀÀ±ÀåÔ »ÀåÀ_ÀÀÔ»¾ À±»_ »À_ÀË»_ÀË Ö©»¾Ô» ÀÀ_ »¾À»_»¾»¾ ÀÀ±À_Ô »À_ À_Ö©À_ »_ »Ô»» À»À±À_À»¾. À_ÖËÀ± Ö©À_Ô ÀÀ_ »»¾ »»_À_»»» »¾ÀôÀ±»»_ »À_ÔÖ© Ö©»¾» »À»À_.,FEATURE & UI BUGS
Great app  very useful! I've been using this app for a while now. Administrating my server  playing with my raspi - this app is perfect if combined with Hacker's Keyboard (it features alt  tab  arrow buttons and F1-F12). Just one thing: If I am using it in portrait mode (95% of the time) the keyboard does not offer those buttons. Could you or let me freely configure my hardware buttons for this app (volume down = F2  Volume up = F3 for example)  or offer extra-on-screen-buttons yourself? You would help me a lot!,FEATURE & UI BUGS
It would be better to display related words in the bottom when we start to type in the search box. Those who are not sure about the spelling will help to pick the correct word.,FEATURE & UI BUGS
Doesn't work - widget disappears immediately If I add this widget to my homescreen on the nexus 4 it just disappears after I close the settings. 0/10 wouldn't download again.,CRASHES
Best of the Best Best messaging app  simple  lots of useful features  no ads  no premium  no nothing. But please add dark theme.,FEATURE & UI BUGS
MMS issue and slow to launch It looks good  But can't not send pictures taken from camera on the app. Need to use my camera to take the pic then go to the app and select the pic from the gallery to send. Takes up to 2.5/3 secs to open. Not good.,CRASHES
Very good but... This is a very pleasing change on the look of my phone but on Android KitKat  when you open the notification bar  The rounded edges doesn't wear off  PLEASE add the feature to hide the top-left and right corners when opening the notification bar,FEATURE & UI BUGS
"Slow and buggy I love the layout and interface  and the slide action is well designed and intuitive. Unfortunately I have frequent issues with posts and content either loading slowly or not at all. I often get frustrated waiting (30+ seconds) and open photos or gifs in Firefox only to have them load instantly. I get frequent """"""""subreddit not found"""""""" warnings when trying to get to a known subreddit. Restarting the app usually resolved this  but that's a pain too. Fixing these problems would result in a 5-star app.",CRASHES
Horrible I have galaxy s5 active and it didn't show my music that I downloaded! Total waste of space ! You do not want this app it is horrible. The only reason I downloaded this app was to make my music into my ringtone and it didn't even have my music,CRASHES
Really works ... Please add something related to weight loss,FEATURE & UI BUGS
Very awesome app Just one little issue please add the automatically delete as received blocked message option or don't even show the message because of this I have to use textra n I dt like it,FEATURE & UI BUGS
Clock goes off screen Goes to the top and you can only see half of it. I'm on a s6 edge+ and using the s7 digital clock edit: no more problems :),CRASHES
After going back from file view  file tree is not showing anymore,CRASHES
Archieve Feature Please add archieve feature,FEATURE & UI BUGS
"File encryption error? Tried to encrypt a file. Choose type """"""""file"""""""" then browse to either local mem device and it wouln't chhose file and tried external drive also. But the filename isnt shown in field after chosing it so the app sees nothing to encrypt. Is this a kitkat 4.4.4 ver issue or did i miss a config option?",CRASHES
Blocking my notification It works ok...but it's blocking my notification..my indication lights don't work not blinking at all when I receive texts and it's not showing up on the always on screen either.. please fix,CRASHES
Doesn't work on Nexus 4 The widget doesn't appear on my widget tray for my rooted Nexus 4 running on 4.4.3,CRASHES
Doesn't work at all for androids The app crashes constantly  can't ever send or receive snaps properly  and can't load a lot of snap stories  only sometimes can add to my story  it's so frustrating,CRASHES
Custom background wallpaper feature required! Please add a custom background wallpaper feature too because there are some cases where one want to take a glimpse of a particular photo everytime he opens his phone rather than making it a homescreen wallpaper which is (many of times)  hidden by huge widgets! So  it would be very supporting of you to add a custom background wallpaper feature! Thanking in advance! So far love this app ^_^ :),FEATURE & UI BUGS
Very simple UI The controls are very intuitive and I have never had a single bug or glitch. Plus it doesn't munch on my battery or RAM. The puzzles are awesome. Only problem with them is that for some games you cannot set custom difficulty too high because of screen limits  but that's not a problem.,CRASHES
Please add reduced eye feature Please add reduce blue light feature,FEATURE & UI BUGS
Version 6.0.0 problem Though I like the new interface  now I am unable to copy any password after unlocking my password database. I can only see the password but not copy it. I am running Android version 4.4.4. EDIT: Thank you for your reply. I did not know about the alternate keyboard thing but I will use that from now on. Thanks again!,CRASHES
Doesn't work My snaps won't show up and also other ppl snaps. Also  my sc emojis won't show up in the snap and it the snap wont send even when I have strong Wifi signal smh hasn't started acting up till the last update so please fix this!,CRASHES
Add more icons This is really one of the smallest icon packs I've ever seen. Linux version covers all apps from Ubuntu Software Center  but this one really needs more icons.,FEATURE & UI BUGS
Was Great but recently less so Use to work perfectly however now I will search something and after clicking on a website will bring me back to the original search screen but with the URL of the website in the search bar. I still use it and highly recommend it. I believe they deserve all support.,CRASHES
Meh Many missing icons like phone S Note  Pixlr  Titanium....these are like very popular apps,FEATURE & UI BUGS
great app but minor issues sometimes it show double messages if I don't dismiss them. also my only issue is that I can't dismiss the notification by swiping. please fix it.,CRASHES
Doesn't work at all Only got configuration screen. Never displayed any data on LG 4g phone.,CRASHES
Poor Interface It works well  but it's just not a good looking or well laid out app. Love NPR  but this should be rethought.,FEATURE & UI BUGS
Notification bar Love this! Any chance you can add the app to the notifications bar so we can easily add a task by pulling down the notification screen and just clicking on a plus sign? Thanks,FEATURE & UI BUGS
Doesnt work on Note 4 It show me the Mah anywhere,CRASHES
Nice layout and features  especially quick reply. Although it is kinda buggy and still needs some work,FEATURE & UI BUGS
Awesome! The best app of its kind that I've found so far. One request tho..can we have an option toggle to exclude from the system message view.. msgs relating to this process; it is as if the program is in debug mode!,FEATURE & UI BUGS
doesnt work well on lg g4 call completes  screen goes black and never comes back till battery is removed.,CRASHES
Can't save It runs well. Moving the mouse around one the screen is dumb. Can't save my game though so this is pretty much worthless.,CRASHES
Notifications Blocking My View Everytime I visit my blog through this app the notification panel just occupies the three-fourths of the screen and there is no way to remove it because everytime I tap it what is clicked is the blog underneath.,FEATURE & UI BUGS
one little change please add an option where users can vhange the color of the message bubbles w/o it being linked to their overall theme color.,FEATURE & UI BUGS
Serious bug Frequently  and randomly  fails to free it's lock on the camera when switching apps or locking the screen. So when the app (or any other) starts again  it can't get access to the camera. You also can't free this camera lock unless you reboot your device. I've not had this issue with the stock camera app or the other popular alternatives.,CRASHES
Tap to update sometimes doesnt work Been plugged in for 5 minus charging and still shows 0mA.,CRASHES
Doesnt work? I'd love to use this but it isn't appearing on my lock screen. I have a Nexus 7 (2013). Have changed this app to be my lock screen from the display settings  but it just doesn't work.,CRASHES
Love it  great app with minor issues App works great  much like sickrage itself. Very intuitive. However 2 issues I found thus far. I'm coming episodes it would be great if you could see the name of the show instead of only the episodes name. Also in coming episodes it would be good that when you click an episode the plot of that episode is loaded. At the moment nothing happens when clicking an episode in coming episodes.,FEATURE & UI BUGS
Almost perfect app But I have a suggestion I hope I can move around without to be need to click on the hand button,FEATURE & UI BUGS
"Way to small fonts on a tablet After 2years waiting I repeat it: Some is adjustable  but most is unreadable small  unusable. Had to find first to scroll down in 9prefs  nothing said in help  so major design probs. Samsung galaxy tab2 7"""""""" Add: still big pain to select several files.",CRASHES
This is the best beacon app that I have ever used for scanning and app for 3rd party. Why don't you update scanning while a device is locked or in screen off? Also have interval option like Beacon Radar?,FEATURE & UI BUGS
Problem Can't get the double tap to wake feature to work I click it then try it it doesn't work,CRASHES
"Clear  simple  mostly intuitive I really like the simplicity. Popular apps like Podcast Addict and Podcast Republic display often useless information  like """"""""last time podcast was checked for updates"""""""". All podcast apps always check for updates when you run them  so that's just clutter. It feel like I have to go 5 menus deep to do basic tasks with the others  and 3 menus is a """"""""bad"""""""" as it gets with antenna pod. The one place I would offer criticism however: searching for podcast should be default  with an option to use the other methods.",FEATURE & UI BUGS
Good app - political bias showing The app is great  but it's a shame the creators couldn't make questions that weren't politically biased. I'd like to think this should be completely educational and not pushing an agenda.,FEATURE & UI BUGS
Please fix this app it's not putting the widget on my home screen.,CRASHES
Great app Love this app really helps with my biology revision. But when searching for cards you can't search each category you have to search all at once  or just look through and hope what your looking for is there. But otherwise love it,FEATURE & UI BUGS
Doesn't work No dice on a Nexus 4. No errors; just won't add the widget. No apparent tech support site.,CRASHES
Need to see Tasks too I really like the interface and compatible with S Planner calendar nicely but it would be better if I can see tasks that are saved in S Planner too.,FEATURE & UI BUGS
It only sounds good  settings not always work It looked nice - adding the icon to the drawer for sleep mode. Well  it did not. And while trying different settings combinations it finally got to the stage when auto turn on is disabled  the night shade itself is disabled  but the screen is tinted and dimmed. When finally managed to wrangle everything back to normal state  uninstalled at once - don't want risk sticking again...,CRASHES
Channels bug /part  /close or close button does not work...,CRASHES
"Small flaws but perfect quick-ref guide! I access the weapons pages the most  so it is extremely informative on mobile and helps me find weapon trees fast and on the go. I see a """"""""Final version only"""""""" option  which is very useful for finding the best piece for certain sets  but please hopefully add a """"""""Sort by..."""""""" option in the future where we can sort by Raw  No. of Slots and Sharpness level!",FEATURE & UI BUGS
Owesome Great app. Out of body experience shuman rythem lucid dreaming. All good. Its really work and give me good experience. Please add om sound with binural beats i am looking for this frome long. But could not found good on. Kindly add om sound with 7.8 hrtz. Thanks.,FEATURE & UI BUGS
Good game Keep up the good work.Please add music because really there is no sound,FEATURE & UI BUGS
Excellent app  excellent design. My only complaint is a minor one; when you press the back button  rather than take you to the previous comic you are taken to the comic list and I find this quite frustrating. A quick update and this app would be virtually perfect! REPLY: Absolutely  as long as it is in the app it would be awesome!,CRASHES
"Doesn't work at all It doesn't display any saved articles at all nor does it give any indication why it's not connecting or syncing. And what's up with the naming? Is this """"""""In the poche"""""""" or Wallabag?",CRASHES
Sectional won't zoom The only way the sectional will show is if I'm zoomed out to see the whole state which doesn't help me at all. For me it was less than useless.,CRASHES
Great APP - Improvement Request - News Republic Works great! News Republic's notifications offers the full story but the APP will only read the title. If possible could you try to fix this in any future release! Thanks,CRASHES
Great app but I am having some problems when i post something it fails. it is not even showing me my current posts which I have posted from computer. no peer certificate error and by 3g it was uploaded.,CRASHES
Needs improvement Needs easier way to edit and delete tracks wsypoints etc.,FEATURE & UI BUGS
Overall good app  but have some issues For example  milestones doesn't work - feeds to project list,CRASHES
Contact search is poor It cannot find contacts by company name  notes or other than correct name.,CRASHES
MUTE NOTIFICATIONS PLEASE ADD THE ABILITY FOR USERS TO MUTE INDIVIDUAL'S NOTIFICATIONS AS WELL AS THE GROUP ONES,FEATURE & UI BUGS
Fix the bugs Crashes all the time. Have to uninstall and reinstall too often. Frustrating! !,CRASHES
Used to be great Now stuck at 99% and phones own indicator shows true value. Pain as rely on it and ended up with no battery yesterday...,CRASHES
Its the worst wallpaper ever! When i tried to set the paper  my background home screen just went white then black. Dont install this app! Please fix this then i'll give it a five star rate!,CRASHES
No Data? There's 'No Data' on capacity.. So i cant see my MAh,CRASHES
Stays at a blue screen Please help the game just sits at a blue screen,CRASHES
Good  for the first Android build of Freeminer. I usually play Minetest (What Freeminer originally got forked from.) This build is made well. All GUIs fit in the screen. Shame it can only connect to a limited amount of servers..... I tried connecting to one  and when it got halfway through Media  it restarted..... Seems I have insufficient RAM. Anyways  that's an improvement compared to MT Android builds. It just crashes all other apps  trying to get memory. I like the slippery ice  yet the movement keys are a little too small for my liking.,CRASHES
"There's something missing... the emulator plays well even its slightly slow you need a """"""""portrait"""""""" and """"""""landscape"""""""" option  switching from main screen to the second screen prompt by pressing a button  your START'SELECT and TOUCH button are too small for my big fingers and lastly improve the fps of the emulator because I really want to play Pokemon Diamond and Castlevania:Dawn of Sorrows. I hope you improve your project of the nds4droid? really look forward for the future....... Cheers.",FEATURE & UI BUGS
Would be nice to show empty days It's a very nice looking widget  obe of the best I've seen. But it would be perfect if there was an option for it to display days that don't contain any events. Thank you :),FEATURE & UI BUGS
Something broke with the update today. Nothing but a setup screen that I can't access.,CRASHES
Awesome I love this app except for the fact that it doesn't cause the wallpaper to scroll when I scroll through my screens,CRASHES
"Good game but 1 problem Please remove the exit game button.Every time i die i always click that button by habit because it says """"""""exit game"""""""" but instead of going to the main menu it closes the application.Which is a big inconvenience cause i have to load the game back up. I know that there is a separate main menu button but if i want to exit the game I'll just hit the home button. Please remove the button!",FEATURE & UI BUGS
Not working  was great Can't add any new tasks! Please fix! This app was great but now is rendered useless.,CRASHES
Happy the widget is back! I've been a huge fan of this app for awhile. When the toggle widget disappeared in JB  I was disappointed....but not in the developer. Now he's brought it back. Granted  there are now crashing issues  but I have faith in this guy that he'll get if fixed. Can't wait  so I can give 5 stars.,CRASHES
Would be even better if... Great app  but would be better if you could add a wildcard as well.,FEATURE & UI BUGS
Do not like this... All movies not listed  can't skip through now playing movie  remote looks blah...,FEATURE & UI BUGS
Good app but Good app but for some reason when I click mark all read it marks them all read until I refresh then they all become unread again. Hope this gets fixed soon.,CRASHES
Work great on all my Nexus. But can't show Current (mA) on my new OnePlus One. Can you kindly add support this phone? Thanks.,CRASHES
Interesting premise  however Touch screen very slow to respond. Never had this issue except in this app.,CRASHES
Only a handful works The only games that seem to run well are power stone 1 and 2  trick style  jet set radio   anything else you download will be buggy or unplayable. The developers gave up on this a long time ago. I'd download just for the games above. I wanted to play Shemue :( I have a s7 edge but the game is too buggy. Good luck with getting the bios to run lol. There is a trick to getting it to recognize the bios. I spent days looking it up via Google and YouTube tutorial and I finally got it. Good luck lol,CRASHES
4 stars because : It works great when there is no wifi. It simply turns my wifi off. When I am near a wifi it turns the wifi back on  which is great. But the problem is most of the time those wifi sources are not on my list  it turns my wifi on anyway. Fix that please :) I am using Galaxy s5. Thanks.,CRASHES
Please add password option for lock screen.,FEATURE & UI BUGS
Needs Android integration When clicking on a link to download  there should be an intent to use the app instead of having to copy/paste or having to open it in another browser [-2 stars until fixed  important app operation]. Please add dark theme  blue/white is just hideous.,FEATURE & UI BUGS
Has some problems Nexus 5 stock: Call in progress notification does not go away  will appear even if call is not answered. All setting including password stored in plain text on SD card Have not rechecked: Doesn't pause media at the start of a call. double tap a direct dial  one call is made by sipdroid  one by my phone. Exclusion ([0-9]{1  6}) fails.,CRASHES
BUGZZZ I posted a comment on a video but my YouTube app froze so I killed it and reopened it but all my accounts were signed out and when I tapped on *Sign in* It didn't show my accounts at all. Pl fix. I am on Android 5.1.1,CRASHES
Glad to see the crashing on use of plot solved. Unfortunately the crashes still happen randomly.,CRASHES
nice project. This is a cool app but not really for me  It played all my music files though! I like that i can dig in my music folder. I don't like the Interface and layout though  it makes me think everything is unorganized. I wish it had a genre feature as well.,FEATURE & UI BUGS
Requested feature Please add some sort of pin lock to the lockscreen,FEATURE & UI BUGS
Nearly perfect. I give 5 starts because it is the best  but please  add option to hide offline contacts also  implement a way to see who is online and who is not just by lookin at contact list. Thanks!!!!,FEATURE & UI BUGS
Samsung Galaxy S4 Not working. Just like someone pointed out. I only see 460mA. I must be missing something.,CRASHES
Missing links Noticed that feral child is not listed in the class archetypes however when searched specifically is immediately there to be found. makes me wonder what else is missing its link. Otherwise this app is perfect.,CRASHES
Mad props Best mtg app out there for free. Would love to see ya add a deck section ( builder with cost prices  breakdown   etc) or combo section. A+++ in my book. Must have for any real mtg player.,FEATURE & UI BUGS
Very good but... This is a very pleasing change on the look of my phone but on Android KitKat  when you open the notification bar  The rounded edges doesn't wear off  PLEASE add the feature to hide the top-left and right corners when opening the notification bar,FEATURE & UI BUGS
Hi there. I use MAL. Today  I opened the app to update my list but then the Manga List wouldn't show anything. I uninstalled and reinstalled the app. Still nothing. I synced it a couple of times too. Still blank. The only thing affected is my Manga List. The Anime List is working just fine. I have a very stable internet connection too. Could you please help me find the problem? Thanks so much. :),CRASHES
Program doesn't work Nothing but errors. Could use a tutorial.,CRASHES
Superb simplicity Loving the widget. Clean  simple and very functional layout. Has erased the hassle of logging in to platforms to view current status of portfolio throughout the day. As emailed  adding more than one purchase to a ticker in a portfolio would be very welcomed thanks,FEATURE & UI BUGS
I like but one thing missing It's Possible for each widget display different calendar? I use this with popup widget.,FEATURE & UI BUGS
Great search engine and browser! What happened with the stories? I click on them and they don't load.,CRASHES
Blank screen during game launch. Samsung Tab S. Unable to start any of the games listed. Black blank screen after start.,CRASHES
Needs sorting +style change Needs some form of sorting (letter  category  etc). Also  some icons don't really fit the theme. The phone icon is 3d looking and the Snapchat icon looks too bright or pops too much when compared to other icons.,FEATURE & UI BUGS
PVR channels management Please add PVR channels searching  filtering and saving custom channel lists.,FEATURE & UI BUGS
Love it Please add security!,FEATURE & UI BUGS
Tab Hi Telegram! Please add Tab Option for groups   channel   bot   people & unread message,FEATURE & UI BUGS
No showing the full aong When I downloaded and select songs it was buffering for 100% then later after few song it stopped buffering and only shows 5sec of any songs....,CRASHES
Useful but need improvements I've tried. Need more advance features maybe.,FEATURE & UI BUGS
Worthless I wanted to remove unneeded icons not everything. I would like to see the f-ing time.,FEATURE & UI BUGS
Loved it except for one The clock is not showing a digit after it start moving . i tried using s7 digital still the same prob. Especially 2,CRASHES
Fantastic app for anyone interested in the night sky. Would be beyond amazing if devs could please add a VR cardboard option!,FEATURE & UI BUGS
ONE TAP PROBLEM it doesnt save our account.. it skips.. wth FIX IT PLEASE.. it will show one tap then after i save it and log out to log in other accounts the saved account was removed.. i am so pissed,CRASHES
Crashes to home screen Followed directions and have correct files where they need to be (bios...flash..etc) but crashes to home screen when booting game. When this is fixed I be able to properly rate.,CRASHES
Best software for opening books learning  analysis and play. It would be great if it can display bestmoves as marked in ctg book rather than showing most played moves in the book as the best move.,FEATURE & UI BUGS
Nexus 6p support Please add finger print support.,FEATURE & UI BUGS
"Doesn't work at all It doesn't display any saved articles at all nor does it give any indication why it's not connecting or syncing. And what's up with the naming? Is this """"""""In the poche"""""""" or Wallabag?",CRASHES
Not working after update Worked flawless until update now I cannot get voice working at all. How do I fix this?,CRASHES
Extremely annoying I am continually getting error messages or it only shows a loading sign. This happens about 95% of the time. I log out on my cell and signed back in  I than cleared my data for this app when that doesn't work I uninstalled and then reinstalled it. Nothing works. It's not our internet or the 4G through our cell service. Hulu never acts up like this. Are you wanting me to cancel our 5 plus years of Netflix loyalty Netflix?,CRASHES
browser often redircts to blank page. search egine is brutal. Love the stories on home page but the infomercials on apple are a bit much.,FEATURE & UI BUGS
Practical Overall good design  only one annoying defect where words at end of tracks get cut short.,CRASHES
Can't get it to work Can't get widget to load.,CRASHES
Concept is great  but execution is not. When turning on wifi  it automatically generates a message before even checking to see if wifi is available. This can become a hassle. Very obnoxious where wifi is patchy. Remedy these issues  and it would be a 5 star app.,CRASHES
I did love it until the latest update.... Now the pictures are way too big please fix as I don't want to use another app!!,CRASHES
Like it BUT I liked it but the photo comments are not working  please fix it,CRASHES
Glitch!! This app doesn't really clean my status bar... it only covers my old status bar with a new one  and when I slide it down  the notification bar looks so glitchy... Please fix this!,CRASHES
Beautiful app 5 stars if you add an option for just clicking to start recording (with a countdown) rather than holding the button down? And then have another option for setting a time limit so it stops recording automatically. Those features would allow me to use it as a guitar loop pedal kind of thing? Great app anyways though.,FEATURE & UI BUGS
Sync issues and missing info When the app works  it works well; however  the app seems to have many issues that make using the website often a better choice. I lost access to my wish list on the app  you cannot view multiple photos of a game  the UI for rating and reviewing games is almost hidden  and the search feature is useless unless you know exactly what you want to find. I use the app to log plays  but for now that's about it.,CRASHES
it's ok. not comparable with dropbox/onedrive it's good I have 2.5TB personal cloud. but I have purchased it wanting to sync my camera roll photos  it only works when you are using WIFI. in fact  photos that were taken when you are not connected to the WIFI will not sync.,CRASHES
Cool In this App Please add the one Option for delete song while playing. And some Time this unfortunately stopped when I changed the title or file name Please sir fix this bug. And very very thank you for creating this simple music player,FEATURE & UI BUGS
Please Add smooth brightness adjustments,FEATURE & UI BUGS
Didn't work for me! Syncing erratic and layout a bit cluttered - liked the Doctor Who reference though!,FEATURE & UI BUGS
"Great app Occasionally have syncing issues and this could still use an """"""""add to collection"""""""" button when viewing games though. If that were in  it would be 5*",FEATURE & UI BUGS
Best app. But please add more features!,FEATURE & UI BUGS
Love it. But please add new weapons U should add new weapons ANDROID PLEASE LISTEN TO ME BUT CAN u try to put quality setting so that u can make the graphics on the phone or iPad look like the one on pc,FEATURE & UI BUGS
Transfer stations not shown Love the countdown and fare shown  but hard to plan a trip if you don't know where to transfer. Have to switch back and forth between schedule page and map.,FEATURE & UI BUGS
Does what it says. OR NO? It won't do what it's supposed to do without installing some other lame app. I moved an app  restarted and the app was totally gone from my app draw. Not displaying it on installed apps neither. It may be lost somewhere in my files or permanently deleted. I WISH I HAD A LOWER RATE LIKE -5 !!,CRASHES
Very close to being /sexy/  but just attractive for now... This app definitely looks great. But there are a few details that bother definitely bother me. The 'back' and clear buttons are completely out of place with the rest of the style. I would like to see these without the background color. The spacing on these seems really tight too compared to how the numbers are layed out. I also think the icon in the app looks quite cramped.,FEATURE & UI BUGS
Some issues on my Transformer Prime It works fine on my Galaxy S4 but on my Transformer Prime TF201 the menu button doesn't work. I can't change game without uninstalling and reinstalling  which is an issue :-) Top notch when it works tho!,CRASHES
Needs 1 change Lovely app  can you please add 1 thing. Have it not turn on the screen if it did so already in the last 10 seconds for a notification for the same app. (I frequently get whatsapp messages in intervals  and I don't want the screen to turn on multiple times for the same conversation because people take a few seconds to type their message),FEATURE & UI BUGS
Loved it ! A single issue. Do not read my messages application Notify My Android.,CRASHES
Stupes Utter rubbish.. Not 1 search has yet to produce what I'm looking for.,CRASHES
Just one thing  swipe doesn't work? Other than that it is awesome,CRASHES
I did love it until the latest update.... Now the pictures are way too big please fix as I don't want to use another app!!,CRASHES
App auto quit App quit by itself when attempting to connect to SMB server. All details and credential were correct. Hope dev fix this as soon as possible as I want to switch out from ES File Explorer as soon as possible.,CRASHES
Very close to perfect Please add support for Google Reminders!,FEATURE & UI BUGS
Issues I really liked this app but I can't use flash for my rear facing camera (the one that isn't front facing) the button doesn't show up anymore. I didnt like it but i could deal with it  but now I can't send a chat to anyone. It keeps saying failed to send. If snapchat could fix these bugs that would make the app 3 times better.,CRASHES
Awesome! I used this before and has always worked wonders... Wished it could be even more magical and import any photos back to MMS messages.,FEATURE & UI BUGS
"Always force stop My device is Lenovo a850. But when I tap """"""""install and setting"""""""" button  it force close. Please fix this.",CRASHES
Tap to update sometimes doesnt work Been plugged in for 5 minus charging and still shows 0mA.,CRASHES
Vector It's one of the few with vector map of metro stations. However it's missing firstly done details  like in London with changes required which it doesn't show/know. Also the vector isn't always as geographically good representation as the official maps. But there is potential.,CRASHES
I Like It but can you have a picture of the monster and whitch body parts a weakest,FEATURE & UI BUGS
Missing one minor detail... Please add a setting for sales tax that can be applied to totals displayed in list. Love the app!,FEATURE & UI BUGS
Night mode Please add night mode and dark theme options.,FEATURE & UI BUGS
Change font color? Sometimes it's hard seeing the text when I use colorful wallpapers.,FEATURE & UI BUGS
Only a handful works The only games that seem to run well are power stone 1 and 2  trick style  jet set radio   anything else you download will be buggy or unplayable. The developers gave up on this a long time ago. I'd download just for the games above. I wanted to play Shemue :( I have a s7 edge but the game is too buggy. Good luck with getting the bios to run lol. There is a trick to getting it to recognize the bios. I spent days looking it up via Google and YouTube tutorial and I finally got it. Good luck lol,CRASHES
Issues Can't seem to be able to use the start or select buttons  and it lags hugely. Fix please.,CRASHES
"Satisfactory Plays music  supports replaygain  clean and simple interface. Doesn't appear to support cue sheets  which is a bit disappointing. Enqueueing a folder from files view produces seemingly arbitrary """"""""now playing"""""""" order.",FEATURE & UI BUGS
Very Good but Can you add Allowed logs  so i can see not only whats being blocked  but to test for leaks.,FEATURE & UI BUGS
Simple and lite To-Do widget Great app  I use it heaps. It would be the best to do list ever if you added the option to drag to reorder and a transparent background for the widget's window.,FEATURE & UI BUGS
sleep to deadth this was good but not anymore after ICS. I use this for the purpose for sleep hours. I don't want to hear email notifications but I will to hear ringtones.. This doens't work since ICS  then JB  KK... I am looking for alternative now... I remember people said other app can do this...,FEATURE & UI BUGS
Can you please add auto fill words while typing as we are really missing the same.,FEATURE & UI BUGS
Perfect widget for next events  just lacks reminders This is the best widget for a vertical list of next events. I was looking for something exactly like this. Please add reminders  I'd pay for that! Oh  and I'd suggest changing the icon  it's quite ugly  haha  it doesn't match the actual design.,FEATURE & UI BUGS
Doesn't work The widget is just stuck on 1ma. I am using a galaxy S5 on 4.4.2 Android.,CRASHES
Needs a lot of work. It has a problem repainting when you rotate from landscape to portrait. The bottom half of the portrait screen is blank as it is still using the same height from landscape. Also links wouldn't work. Paid for it but uninstalling now.,CRASHES
Seems OK overall Not bad. Need multiple route options (show me possible route options and let me pick). Seems to be the only app that fails to navigate when called from other apps such as Yelp (pulls up lat/long 0 0). Not quite sure how to copy and past an address from another app (does not seem straightforward paste in a fully formatted address and navigate to it).,CRASHES
Great with desktop Dropox client Can't open the database anymore after all those updates. GUI needs revamp  as it's ugly looking. Needs some revamp to stay in line with time.,FEATURE & UI BUGS
Does the job well. Would like to see some hosting options between the free and the 10 euro one.,FEATURE & UI BUGS
Works well for me  but... Please add a SEARCH feature in the BLOG POSTS section. It's so hard to find old posts to edit...,FEATURE & UI BUGS
No Data? There's 'No Data' on capacity.. So i cant see my MAh,CRASHES
all okay but only one feature is missing :- please add security (PIN  PATTERN) than it would be the best lock screen .,FEATURE & UI BUGS
Needs Now Playing screen _ï¿½ï¿½ï¿½,FEATURE & UI BUGS
Sometimes cuts the pic It cuts the pic sometimes so it doesnt fit the screen a part of the screen remains blank...please fix this,CRASHES
Fantastic idea  but needs a little polishing I'm on a 5.7in note 4 and the tweet box you type in is bugged. It cuts off the top half of the letters  and the second line only comes into full view when you get half way across it. I would suggest bringing the whole box down maybe 5% so the top bar doesnt intrude. Also theres an issue with force closing when you tap the app when its been open in the background. To beat it ive to open running apps and go in that way otherwise i just start it again once it closed. Plus i would make the tweet button larger.,CRASHES
Works Works very well  only concern is for the button mapping _ï¿½ï¿½ï¿½.,CRASHES
Not showing mA No use  as the main function is not working. 0 mA all the time.,CRASHES
Doesn't always work. It scans but nothing shows up  which is annoying.,CRASHES
Background service bloatware The background service is completely unnecessary for the functioning of the app  yet it always ties up resources and battery power.,FEATURE & UI BUGS
Gr8 app Get rid of pressing power button everytime while new message arrived....thanksss...,FEATURE & UI BUGS
One bug... Pls fix it When I double tap on SOME of my wallpapers from Backdrops app.... They tend to get that black strip on the bottom which appears in the preview of the wallpapers on the Muzei app.... Pls fix this asap,CRASHES
Great app. We use it every time  only... I was looking through Hunter and noticed that a lot of the spells are duplicated several times. This makes the spell list look overly long  and could turn some players off  or even raise hopes of spell choice. This looks to be caused because Hunter is listed multiple times in the spell headers for those cases. Please fix this soon.,CRASHES
E-Mail view terrible. Like a Link inside E-Mail font size for ants.,FEATURE & UI BUGS
Doesn't work Shows only voltage no amps,CRASHES
Touch Stick is way to responsive Playing Sonic Adventure 2 is hard when the stick is hard to slightly move left or right.,CRASHES
It would be better if the time changes with network,FEATURE & UI BUGS
"Way to small fonts on a tablet After 2years waiting I repeat it: Some is adjustable  but most is unreadable small  unusable. Had to find first to scroll down in 9prefs  nothing said in help  so major design probs. Samsung galaxy tab2 7"""""""" Add: still big pain to select several files.",CRASHES
Needs improvement Add a pin code and disable some pop ups like facebook messenger while in lock screen.,FEATURE & UI BUGS
Please add that ehen we pick up the phone the display opens. Very good.,FEATURE & UI BUGS
Can't connect at all Inserted in ip/host/username and password. What am I putting in path? Any other app I've used doesn't require a path? Will not connect. Connection failed. Not good! . . . . Update: Thanks to reply sorted my issue and got to say it's the best SickRage app I've used. Great work.,CRASHES
Best But Has Bugs (Switching Profiles) I like this app very much. The only bug I found is the issue with profiles. When we switch profiles the settings gets mixed up. This is a bit embracing as we have to change settings every time to switch between profiles. Please fix this with an update.,CRASHES
Just one thing I really like this app  especially for rules look up. Just needs one more thing for the card search to include by symbol so that you can find cards that require Colorless mana (diamond).,FEATURE & UI BUGS
Very nice Using this with tTorrent. Works like a champ. Would be nice to see which directory the torrent is going to.,FEATURE & UI BUGS
Awesome! Fast  light  clean & simple  Dropbox sync! The best! Only one thing to improve: please add categories to organize a long list of credentials.,FEATURE & UI BUGS
No option to mute camera click sound..,FEATURE & UI BUGS
it's ok. not comparable with dropbox/onedrive it's good I have 2.5TB personal cloud. but I have purchased it wanting to sync my camera roll photos  it only works when you are using WIFI. in fact  photos that were taken when you are not connected to the WIFI will not sync.,CRASHES
Please add Fingerprint support It's amazing but had to Uninstall it as it didn't have Fingerprint support,FEATURE & UI BUGS
You need this for bookmarking Great new redesign of a superbly functioning app all these years (whose interface was always a bit lagging behind). One little annoyance is the huge list of tags  but that's more or less my own fault. Would love to see a good tag management solution built in though if at all possible.,FEATURE & UI BUGS
Almost perfect... Please add the ability to search based on soecic color casting cost  for devotion,FEATURE & UI BUGS
LOVE IT I like using this app ... but there's a little problem when the screen is off it doesn't work hope u guys fix it it would be better _ï¿½ï¿½ï¿½,CRASHES
Great but less stable than status quo UI  usability is slick. Love it. However lots if instances where it crashes. There was one non crash bug where ur current conversation/other ones went blank. Hopefully it logs bugs extensively  and maybe it can add a report bug feature? It got a lot less buggy than it was a few months ago but its still the only gripe you can have with this great app. Great work guys!,CRASHES
Loved it ! A single issue. Do not read my messages application Notify My Android.,CRASHES
"Great simple calendar widget Please add ability to change """"""""shading"""""""" of day headers. They are set to default gray  and lack contrast no matter what color background",FEATURE & UI BUGS
like and amazing app  but .. please add notification support  when used this app i cant see notification,FEATURE & UI BUGS
Stupes Utter rubbish.. Not 1 search has yet to produce what I'm looking for.,CRASHES
Amazing app  in fact the best one._ But can you please add theme colors other than orange? For example pink.*Thank you so much  Developer. I love the new version of this app. Regards.,FEATURE & UI BUGS
"CRASHES WITH CHROME CRASHING WHEN USED WITH CHROME  should be able to relaunch when crashed and please add """"""""""""""""blue-grey"""""""""""""""" and AMOLED black material theme.",FEATURE & UI BUGS
Insufficient features and still immature implementation and design. Snappy loading and paging.,FEATURE & UI BUGS
Delete option I love this player but please add a delete option for when I finish an audio file I could delete it.,FEATURE & UI BUGS
Not showing up in android 6.0.1 Sometimes the widget disappears from the widget menu  just the settings widget comes up in the widget menu. Wasnt a problem ever before the marshmallow update.,CRASHES
Great but..... Please respond!!! I love this app but when i take it out of my pocket nothing shows up i suggest that it should wake with a double tap gesture,CRASHES
Nice app Please add support for multi window in this app for note 4,FEATURE & UI BUGS
" Worthless Doesn't work on nexus 9 Android 5.1.1 App says only \\"""""""""""""""""""""""""" no data"""""""""""""""".""",CRASHES
Fix the update Continuously Lagging   crashed  not responding. Pls fix this bug,CRASHES
Almost there please add more COLOR themes. This app is a lot like textra...but it needs a BLACKLIST option. It would be perfect.,FEATURE & UI BUGS
great maps but confusing on European roads. Without showing the motorway road signs it can be very tricky to follow directions at exits or roundabouts. I love the maps but im forced to use an app with much clearer 3d navigation and exit road signs. So when that feature is added this will get 5 stars.,FEATURE & UI BUGS
Some bugs When I place the text widget on my desktop it disappears almost immediately. The graphical one works though.,CRASHES
Nice lockscreen! I used the lockscreen feature  and it looks well with the animation and the simple interface. Please add security option (pattern or pin) for the lockscreen  for the future update. Well done!,FEATURE & UI BUGS
Location location location It's cool but I could see the constalation and it was nowhere near it,CRASHES
Awesome but would like to see... This app has almost everything you need but I would really love to see relic weapons and armor lists with all their possible skins as well as a guide for all the guild card awards and how to get them! Thanks for your hard work!,FEATURE & UI BUGS
Best gpodder-integrated app I've tried Everything works wonderfully. Only thing I'd really like to see in future updates is full player controls on the widget and lock screen components. I often skip back a few seconds to re-listen to things I might've missed  but I have to unlock my phone and open the full app to do that right now. Relatively minor  but it'd be a useful feature.,FEATURE & UI BUGS
CAN'T MOVE FILES AND PICTURES AND MUSIC! Pictures  musics cannot be moved from internal storage to sd card. Please fix.,CRASHES
Glitchy You have to download all of the maps first  and when moving between screens would constantly move me to random locations  so I would find myself at a blank screen and I couldn't pan back to where I wanted to be. I also could not get the flight plans to work. Overall has a very poor user interface.,CRASHES
Works with Xperia Z2 tablet but needs to apply normalise math  but doesn't work on Galaxy Notes 3  just stays at Zero mAh,CRASHES
One glaring flaw... Whenever I get a new text the notification has the most recent conversation... But when I open the app  the newest text is missing. I have to exit and renter the app to have it show the newest text. This happens ALL THE TIME.,CRASHES
please fix can't browse FM  thus can't choose path to custom man pages .gz file for offline use.,CRASHES
Audio has issues loading  and continuing the queue when the screen is locked in Android 6.,CRASHES
Love it. 1 suggestion! This is my go-to wallpaper app. I am wondering if the dev could add a setting to decide if the wallpaper chosen can be shown in full rather than the zoom currently. Its not easy to explain  but the photos coming in from Reddit are high resolution and muzei shows pixels at 1:1 with phone resolution. Would like option to zoom out or show the whole image? Hopefully you know what I mean.,FEATURE & UI BUGS
Doesn't Work I'm on a rooted one plus one and the app will not run the test. I click OK but nothing happens.,CRASHES
Doesn't work at all Only got configuration screen. Never displayed any data on LG 4g phone.,CRASHES
not working on kitkat 4.4.2 on my s4 i have to swipe it down to see the details of my notifications when i hit lock button and unlock it   i again have to swipe it down to see the details of my notifications it only gets expanded manually by me   not working good :/,CRASHES
Did Not Work on my S3 Only loaded the general screen could not activate,CRASHES
Numeric number not showing on notification for MIUI. mA not accurate when tested on Redmi 2 and Samasung Galaxy S5,CRASHES
its nice but.. need more features   i liked it.. its simple.,FEATURE & UI BUGS
Crashes when trying to message Crashes everytime when I click on message. Otherwise 5 star. So please fix.,CRASHES
Bottom Bar This app would get a 5 star without the new bottom navigation bar. Please remove.,FEATURE & UI BUGS
About ready to give up on Newsblur Every day I get mixed up links to stories I want to read. I'd love for Newsblur for Android to show an unread count on it's icon. Note 2.,FEATURE & UI BUGS
"Please add """"""""""""""""Mark unread"""""""""""""""" It's painful losing that feature. Otherwise the app is incredible.",FEATURE & UI BUGS
Great! Functional. Beautiful Does what it's supposed to. But would like to be able to view tasks as well. Is there a plan to add this to the options? Would be perfect then!,FEATURE & UI BUGS
Use it alot I like it and it's easy to use and find pics  but it's a problem not being able to save a pic.,CRASHES
Would be nice to have numerical representation of bands and a little bit lower low range. Also - this is just a fantasy - would be awesome to be able to zoom into bands.,FEATURE & UI BUGS
Nice app  could add more features Great app for making wallpapers and great selection of live wallpapers. I would like to see some more features added to this app like recentering of the images by the user and having the image move as I scroll around my home screen. Otherwise  a very beautiful app.,FEATURE & UI BUGS
App must be improved Please add a feature in which we can know who un followed us. And the people whom we have blocked shouldn't find us through mutual friends. When I unblocked someone I didn't receive the messages the respective person had sent so please make sure you make an update in which the messages refresh as soon as we unblock someone. Looking forward for an update,FEATURE & UI BUGS
Decent timer It does what it says... I just wish there was a tracker of some sort.,FEATURE & UI BUGS
Needs swipe up and down In Poweramp swiping up and down on the now playing screen takes you to the next folder or album... this player needs this functionality to be better than a ok app.... themes would be nice to for it to match my car dash. I used this app in mirror link for my car.,FEATURE & UI BUGS
Excellent companion This is extremely handy  my only ask is that you fix the rapid fire lists for LBGs. Right now it just hangs out at the bottom of each weapon with nothing next to it. Thanks!,CRASHES
Great This is a great messenger app but now it is not showing the new messages when I select it. Also  when I send a message  it is not showing up  even though I think it is going through. Could you fix it please,CRASHES
Locked up phone It locked up my Moto e 2nd Gen phone running lollipop. It took me a day and constantly tapping the screen until I got back to the off switch. Nevermore.,CRASHES
No longer work on moto g lolipop It works marvelously well while it was powered by kit Kat for my moto g. But after upgrade to lollipop  it just states that *no data*...,CRASHES
Can't read anything Font size is seriously miniscule on Galaxy Note 4. An 80x25 screen is smaller than the tip of my finger. There is no font size adjustment  so the app is useless.,FEATURE & UI BUGS
WAT I only get a black screen and nothing happens i have uninstalled and tried again but no result,CRASHES
"Buggy! Photos and videos look sooo bad on Android! Voice changer Lenses aren't changing the voice for me anymore  & the swipe for camera filters aren't showing up anymore. Videos are super blurry now. Camera has a hard time focusing when I open the app. It sometimes makes the screen really dark when trying to take a photo  & even makes the photo look brown. Deletes or opens my messages. I'll get a notification that I have a new message & when I swipe to my inbox it says """"""""""""""""opened"""""""""""""""" even though I never did. Please give us """"""""""""""""Night Mode""""""""""""""""! Verizon LG G5",CRASHES
Has some fairly big problems. Can't post photos or tag people. Might be more of a problem with Facebook website rather than tinfoil?,CRASHES
Superb Really fast  and doesn't eat battery like Chrome. This has become my default browser. Only small request would be that 'color mode' uses the meta theme-color value if available  and the current system if it's not.,FEATURE & UI BUGS
Brilliant. Just what I was looking for. Altough I am missing the option to set an audible notification,FEATURE & UI BUGS
Please add a pass code!! As awesome as this lock screen is  it is almost useless to me if I have no security options. Please add them and it will be my daily driver,FEATURE & UI BUGS
" Does not work as expected on Samsung i9305 and Moto G XT1033 NOTIFICATION PANEL: Totally failed to read any data on the Moto G. No data shown On the Samsung i9305  everything was blank. not even the \\""""""""""no data"""""""""""""""" text on the Moto G WIDGET: very diffcult to configure. placed widget onto homescreen  config page pops up. Am I suppose to press the home button or back button to set the widget? no widget set on homescreen""",CRASHES
Make the Plain Number a little bit bigger because it's small on my notification screen!!! Make the Plain Number a little bit bigger because it's small on my notification screen!!!,FEATURE & UI BUGS
Crashes Too many crashes turning into a black screen where I need to always restart my phone. Also  whenever I watch videos it doesn't load please fix. Thanks,CRASHES
Please add a revert function. Almost all of my contacts look the same. Too much green and yellow : (,FEATURE & UI BUGS
Need chat heads Good app please add chat head option to give 5 star and buy you coffee ?,FEATURE & UI BUGS
Horizontal bubble seem not work after calibrated The bubble stay on left hand side.phone is samsung note 2,CRASHES
Doesn't work I lost every photo I had of my kids when they were babies not happy at all!!!!!!!!!!!!!!!!!,CRASHES
Almost great Except that I can't upload photos  and sometimes when I expand comments then hit back it returns to the home screen. Thanks for a great app  hope to see these issues resolved.,FEATURE & UI BUGS
Problem with replies Replies fail. Sometimes reply buttons are missing. Reports sent  no fix for ages. Its important functionality. You guys need to fix it already.,CRASHES
File not saved Pics couldn't be saved even on lot of space,CRASHES
Please add security... Only thing missing in this app..else it Rock,FEATURE & UI BUGS
Add an option for vertical Please add an option for vertical scanning.,FEATURE & UI BUGS
One more thing Pls add a navigation thing icon and this'll be the best search engine,FEATURE & UI BUGS
"By far best MAL app Great app  very useful. Only issue I have is the personal info page  it seems like sometimes it ignores the info I put in  even on the latest version. Maybe consider having a discrete """"""""update info"""""""" button at the bottom of the page? It would be useful  cause I'm not really sure when/if my change is getting saved to server.",CRASHES
It's just okay I absolutely love the look  feel  and simplicity of this lockscreen  HOWEVER  can you please fix the issue with my phone opening when I press the home/back/app kill buttons. This defeats the entire purpose of having a lockscreen if I do not need to swipe to open my phone. I ended up having to use my phones pin swipe lock screen to ensure my phone doesn't open randomly. PLEASE FIX THIS!!!!!,CRASHES
Just shows options screen and nothing else Does not work on galaxy 2 7.0,CRASHES
Good app but Good app but for some reason when I click mark all read it marks them all read until I refresh then they all become unread again. Hope this gets fixed soon.,CRASHES
Problem with replies Replies fail. Sometimes reply buttons are missing. Reports sent  no fix for ages. Its important functionality. You guys need to fix it already.,CRASHES
when I click in recovery installation  it makes my phone restart  but it doesn't past the welcome screen. it stocks there....HELP!!!!,CRASHES
Not able to play god of war ghosts of sparta on it. When I click on the game it just shows a black screen Unable to play on it  got the iso file but when I click on the game the screen turns black please help works on other games but not god of war,CRASHES
Great calendar  needs tasks It's a great display for the calendar  but ignores the need to manage tasks,FEATURE & UI BUGS
Fixit Did not cover any stoves at all .auto covered vary little,FEATURE & UI BUGS
A God send! Awful interference problem with my 868MHz central heating system. 20min with this app and an rtlsdr dongle tracked the problem to an old controller with a near flat battery transmitting a continuous unmodulated carrier.,CRASHES
Latest version broken Switching between accounts causes previous account droplets to be displayed  new account info doesn't entirely load.,CRASHES
Works like a charm but... I am really  really annoyed by the fact that you can't play while app is in the background or if you turn off the screen. I had my moment of gratitude when the app lagged somehow and I was able to turn the screen off without it pausing the playback. Just please... add the friggin background and screen off playback! Until then  no 5* for you.,FEATURE & UI BUGS
GREAT Just what I needed!! It's a good thing to connect with google and gmail. Please add a feature where you can auto back up a single thread and not back up all threads.,FEATURE & UI BUGS
Does not work Widget just brings up settings menu when added to page,CRASHES
In more about you doesn't let me scroll down I'm trying to fix my last name on my profile and when I go into the More About Me it doesn't let me scroll down please fix this issue I will give 5 stares if you do. Thanks,CRASHES
Feature suggestion - black list certain BSSIDs Some networks have more than one access point with the same SSID. Some of those APs may not work properly and it would be good to be able to black list their BSSIDs.,FEATURE & UI BUGS
The new game button is pure evil Could you move the new game button to the bottom of the app? It is very easily to press it incidentally.,FEATURE & UI BUGS
" Great overall Please add \\""""""""""next wallpaper"""""""""""""""" widget""",FEATURE & UI BUGS
Please add calender and weather integration,FEATURE & UI BUGS
Need Lockscreen Timeout Feature. Would be better if there's a lockscreen timeout  so user can change the timeout.,FEATURE & UI BUGS
doesn't work I am not able to find any widget of this name like its disappeared.... please fix this,CRASHES
Needs a live track,FEATURE & UI BUGS
Oriya letters are not showing When I selected Oriya language every letter appeared as blank spaces. My model is Asus zenfone 5 and Android version 4.3,CRASHES
Great app. But since last update search button isn't working anymore on my HTC desire 500. Update: didn't see your reply until now but anyway it started working again. Not sure if i restarted the phone though. Thanks anyway  i'll try next time.,CRASHES
LOST ALL MY FUC**** PHOTOS!,CRASHES
Great app Great UX  wish it had card layout option and ability to flip through posts side to side,FEATURE & UI BUGS
Works great on a quad core Android box with music playing in the background . Would be better if you could optionally display some EXIF text like captions (from Picasa) on the floating images & when clicked rather than just filename.... also  some pictures render a bit blobby but mostly great.,FEATURE & UI BUGS
Best app but automatically stopped download when quit please add pause and resume option in notification bar like uc browser add a pin option in notification bar,FEATURE & UI BUGS
Not happy!! I payed for this and after paying and having it for about two weeks it now will not let me knew when I have a text when my phone is asleep!! What good is this app if you have to go check every little bit to see if anyone texted you. Have emailed them two times no one gets back to you. Don't not get or at lest do not pay for it!!!!!!,CRASHES
Used to be great Now stuck at 99% and phones own indicator shows true value. Pain as rely on it and ended up with no battery yesterday...,CRASHES
Love it Great look and features  and it's fast and responsive. A bit buggy though - as someone mentioned below  the app breaks the home button... it sends me to add/remove pages rather than to my desktop. Android 7.0,CRASHES
"Loved it Problem is  the app shows """"""""Stopped working"""""""" after sending messages",CRASHES
What happend!!!!! I've been using this app for a while and ever since the update it's gone downhill....I have old and new music downloaded on my S6 edge plus and just about all of them download halfway and playback in slow motion. I've uninstalled the twice and it still does it. This really needs to be fixed asap until then I'm getting rid of it _??_??,FEATURE & UI BUGS
Good app This works well! It could be better if it can view stared repos.,FEATURE & UI BUGS
Fix Fix subtitle font  it doesn't have a contrast line. Also  sometimes downloaded movies or shows do not appear when offline,CRASHES
Shame about the size limit It's a shame the photo size is limited  I only have a 4 inch screen and they look pixelated  so I'd hate to think what it's like for tablet users. 'Conserving bandwidth' is a pretty poor excuse - I don't think my data use is going to be significantly impacted by downloading one photo a day.,CRASHES
Please add some sort of security feature because it doesn't look good with other lock screens for me,FEATURE & UI BUGS
The Best Superuser app for Android! I like this over SuperSU coz this is Open Source. It's got many more features than old Superuser and SuperSU. It's pre installed in CyanogenMod and many other ROMS  integrates with Settings looks good on tablets and many more.,FEATURE & UI BUGS
Doesn't work on Samsung galaxy s3 I heard great things about this and how it could help me calibrate my battery.. It doesn't work at all.. No widget  no nothing..,CRASHES
Newest update screwed it up I admit  this is a brilliant icon pack  and I will return the rating to 5 stars IF the right icons are shown. Whenever I go to share something  or am multitasking and switch from one app to another  the wrong icons are shown with the wrong app. ie. 9gag app has the Netflix icon  WhatsApp has the Viber icon  etc. Need to fix it asap,CRASHES
Great! A very simple to use app. But is there a way to implement glulx into it? (In reply to your comment  it would be better than not having any glulx supported apps in the store),FEATURE & UI BUGS
Nice design  easy to use. But... No nested folders support. I would rather drill down the folder set-up I have rather than have all the sub-folders in a flat view.,FEATURE & UI BUGS
Good  but lots of room for improvement Needs more features such as being able to activate torch from lockscreen. I do like the widget feature though  however being able to add more than one would be nice!,FEATURE & UI BUGS
Good app Its a good wiki content reader app. But it should contain pics like kiwix.,FEATURE & UI BUGS
Great looking app. May you please add the ability to round the nav bar corners? That's all is missing from this great app.,FEATURE & UI BUGS
Used To Love It Used to love this app. Now  I do have a complaint. Rotating the screen or answering texts sends my selection back to the beginning. Bad idea. :'(,CRASHES
"Settings menu toggles are """"""""linked"""""""" changing one changes others. Very annoying.",FEATURE & UI BUGS
Add feature Would b nice if u could have it on the lock screen,FEATURE & UI BUGS
Works very well On Nexus 7 & Moto X both on Android 4.4.4 (ART) works great. One problem is when I come across apps that stupidly put menu items on the app shelf at bottom of screen  the immersive nature of the capacitive buttons in lucid browser makes it difficult to select these items.,FEATURE & UI BUGS
Issues I really liked this app but I can't use flash for my rear facing camera (the one that isn't front facing) the button doesn't show up anymore. I didnt like it but i could deal with it  but now I can't send a chat to anyone. It keeps saying failed to send. If snapchat could fix these bugs that would make the app 3 times better.,CRASHES
"Does not deliver Confused as to why people think so highly of this app. Just because the app says the cache is clear? To verify I simply looked at one application's cache  ran the cleaner  looked again and it was unaffected (yes  I refreshed the screen). Did this on different apps and found one was cut buy 1/2 but by no means """"""""clear."""""""" Perplexing and uninstalled.",CRASHES
Softkeys hide feature Please add lock for status bar and hotkeys.. When i swipe to open camera or dialer from bottom corners  i can press home and get tu main screen.. Btw. please add pin lock.. Thank You,FEATURE & UI BUGS
cool! Its really a cool app  would have give 5 star if there is a secure lock! Please add this feature too.,FEATURE & UI BUGS
Notifications Show even when disabled,CRASHES
4 stars because : It works great when there is no wifi. It simply turns my wifi off. When I am near a wifi it turns the wifi back on  which is great. But the problem is most of the time those wifi sources are not on my list  it turns my wifi on anyway. Fix that please :) I am using Galaxy s5. Thanks.,CRASHES
Great game Story is good  some parts sound a little spotchy but the game flows well together. I like the action and investigation aspect.I think a few things might be run-ons  but please finish the game. Keep up the good work.,FEATURE & UI BUGS
Not quite there yet To many crashes  constant problems playing videos and slow at times. Uninstalled now  will give it another go in a few months perhaps . I am concerned about privacy but the user experience isn't good enough to switch to DDG as it stands . Bummer.,CRASHES
"Works Great I got the seemingly-common """"""""Error"""""""" message when trying to make an app a system app  tried running the app from the icon on the home screen  and that app said it needed to force close. I assumed that the phone needed a reboot to recognize that the app has now been moved and has changed status  and the app is now a system and works normally.",CRASHES
Not happy!! I payed for this and after paying and having it for about two weeks it now will not let me knew when I have a text when my phone is asleep!! What good is this app if you have to go check every little bit to see if anyone texted you. Have emailed them two times no one gets back to you. Don't not get or at lest do not pay for it!!!!!!,CRASHES
"Adjustable """"""""Google calendar"""""""" widget!! Excellent jobs guys! This widget is great. It scrolls  unlikeTONS of other agenda widgets I've already tried and uninstalled within 5 minutes. This widget is wonderfully SIMPLISTIC. The only drawback is the fact that I can't adjust the event color  which does require a darker background.",FEATURE & UI BUGS
Doesn't work This app doesn't work on Yu Yureka. It didn't show the current in mAh.....,CRASHES
Great App I'm a big fan of astronomy and this little app is perfect. A little touchy on the movement when viewing. But otherwise it's great!,CRASHES
It's just okay I absolutely love the look  feel  and simplicity of this lockscreen  HOWEVER  can you please fix the issue with my phone opening when I press the home/back/app kill buttons. This defeats the entire purpose of having a lockscreen if I do not need to swipe to open my phone. I ended up having to use my phones pin swipe lock screen to ensure my phone doesn't open randomly. PLEASE FIX THIS!!!!!,CRASHES
Weekly based Be aware that you can only view/edit the current week!,FEATURE & UI BUGS
Ok but... I set the swipe up gesture to turn the flashlight on and off. It works only once  and then it just doesn't. Please fix this,CRASHES
New York Times doesn't download I've been using Shortyz for a long time and love it  but for the last few days  the New York Times crossword won't download. I checked my NYT account  and it's current. This is a great app  but some puzzles that are listed  like the Onion  never download. Until now  the New York Times was fine  but now it's gone too.,CRASHES
crashing actually when i open the app it keeps crashing i couldn't able to click pics or see others so plz fix this problem my phone running on marshmallow so it is cool if uh fix this problem or glitch,CRASHES
Crap Doesn't show the channel you connect to.,CRASHES
A Much Needed App  Poor Execution A noble idea  and a necessary one in the present age of constant surveillance  I looked forward to being able to browse fb without worrying about every shred of personal info being given to ad companies. Doesn't work. Pages that I browsed on the Internet showed up as ads on my newsfeed  including location based ads  as well as things I talked about with other people. Kudos for the effort.,CRASHES
Perfect I would like if you add more features.,FEATURE & UI BUGS
No use for me Sorry Telugu language option was not seen in this application.. mine Huawei honor 4x,FEATURE & UI BUGS
One more thing Please add security code so I didn't need to unlock my lock screen two times at the same time. Thanks,FEATURE & UI BUGS
Night mode Please add night mode and dark theme options.,FEATURE & UI BUGS
Notifications Show even when disabled,CRASHES
Bug in notification bar You may see a double Bluetooth and volumn icon in your notification bar. I believe this is why they disabled it for now,CRASHES
Change needed Separate page for draft and published posts  and search function within a site for a sepcific post  still waiting for these changes,FEATURE & UI BUGS
Subject line I require an IP on my certificate subject and this app didn't want to accept it. ---- in response: my IP address is in the alternate subject name. That's the only way I could get it to work with caldav/carddav and place the certificate on my Android through the certificate menu. This app simply didn't accept it.,CRASHES
Nice app. Some in completions What I want to see before I can give a higher review is the ability to display all online contacts and sort contacts by status. Im using jabber as instant messaging. Not as an SMS replacement,FEATURE & UI BUGS
Good app Nice app.. but need some improvement; please fix the notification buttons lights  it looks odd with notification button light being lit every time u touch the screen. And also the screenserver(alwayson) takes time to appear after screen is lock. Pls fix this.. and the notification icon too it doesnt go away..,CRASHES
Doesn't show up at all,CRASHES
Useless I installed and it showed nothing only a blank screen,CRASHES
New issues Sometimes won't let me swipe to next unread when many articles in feed. Some read articles still show as unread temporarily. Article font too small now.,CRASHES
Great work Nice app. But can not block sub connections of particular app.we should able to block only Add connections of the app. If you can do this small change then I'll give 5 stars :-),FEATURE & UI BUGS
Good It's good  I like the interface but one cannot play the squeezebox apps like digitally imported etc as far I can tell. Other apps allow this. Also  it will spin attempting to reconnect to server forever if there is a network issue,FEATURE & UI BUGS
Not working on 5.0.2 HTC One M8. And old pics from 2.2???? Bad  very bad.,CRASHES
Doesn't work Shows only voltage no amps,CRASHES
Sort of useful  but not really useful I like it because it's open source. But it doesn't have cursor keys which makes this tool only marginally useful and cumbersome to use  especially if you use text editors. It could evolve  but I don't think the developers actually use this tool.,FEATURE & UI BUGS
Nice I love it but the menu icons could have text so I know what they do and it would be better if it could optimize to be faster on slower phones. Otherwise I loved it  fully recommend it 100%,FEATURE & UI BUGS
Touch Stick is way to responsive Playing Sonic Adventure 2 is hard when the stick is hard to slightly move left or right.,CRASHES
Mouse needs fixed One thing that's different is the mouse. I cannot drag it as previously. Can you fix the mouse cursor so I can drag it an select stuff. The cursor is right under my finger an makes it hard to select stuff. Like conversation topics for example. Please fix it. An I'll give you five stars. Please fix the mouse cursor. I am playing fate of atlantis an when I'm trying to fix the generator I cannot pour gas into the pipe. I need to open the metal cap an cannot select open an try to find it please fix mouse issue,CRASHES
I'M Lovi'n It Best app for scan barcode My Suggestion Please Add Take Screen Shot Option You know Take from Built in Mobile SS Is in Pain in the A'SS otherwise best app,FEATURE & UI BUGS
Very good camera but interface needs refinement,FEATURE & UI BUGS
Top Android Aviation App Aviation charts and maps  perfect. Flight planning and storing info could use a little more tweeking. However  it has been improved and continues to get better and better. The next rad radar overlay doesn't seem to work on any device that I use Avare with but it could be user error on my part. Nice app!,FEATURE & UI BUGS
Could be better It's still buggy. The connection with Kodi isn't always stable and sometimes a force stop of the app is necessary. Yatse is so much better from every perspective.,CRASHES
Good job Please add option to save mirror images (flipped photos),FEATURE & UI BUGS
Doesn't work Only would say 1mA,CRASHES
Great app Only had this app for a little while but what I've experienced is pretty great. There's only one problem that I had which was no scroll bar. I have a lot of texts and I don't want to manually scroll to find something g k sent a month or so ago,FEATURE & UI BUGS
Doesn't allow you to view planet surfaces,FEATURE & UI BUGS
Since the new update it crashes when I try to search for a song  it takes forever to load songs and half of them don't load properly  sounds like someone has slowed them down dramatically on a record player and it doesn't even sound like the song at all. Fix this!,CRASHES
Doesn't show up at all,CRASHES
"Dropped the ball on this one... """"""""""""""""""""""""""""""""Needs MMS before 5stars but  this app works great!!!"""""""""""""""""""""""""""""""" That was 2013  now.... What happened? Is it not compatible with the Galaxy 6 Edge? I'm very frustrated  please fix these blank messages. Had you at 4 stars but  dropped to 1 only because it's still in my Gmail. Ugh  very frustrating.. All I want is a smooth transition between phones and it doesn't help that these phones are nearly $1000.",CRASHES
Nice  but please add more costumization and on a tablet looked so small abou the view.,FEATURE & UI BUGS
Doesn't work on GS5 Always shows 1mA on a GS5 (4.4.2).,CRASHES
Messengee Tapping messenger on fb app won't direct me to messenger app.. Pls fix it!,CRASHES
Great alternative to Facebook/messenger Noticed that on Nexus 6P that the app crashes when you click on the message tab.,CRASHES
Almost there please add more COLOR themes. This app is a lot like textra...but it needs a BLACKLIST option. It would be perfect.,FEATURE & UI BUGS
Pretty good Doesn't seem to work seamlessly with lockscreen. I have to swipe once on acdisplay and then once on system lockscreen. 5 star if you fix this!,CRASHES
Missing functions. A wierd thing; if I pause audio and resume it  texts scroll up. I lost where i was reading. No backward  foward in audio while reading texts.,CRASHES
FAST FW Please add fast fw option mobile app,FEATURE & UI BUGS
Was fine  but issues with themes. Lately  the default theme is broken. When adding items to a list  both the font and background are white = cannot see item entry. As a separate item: Please add ability to apply a theme to all lists  not just one at a time. Also  we could use more themes in general. Thanks! ... [GS5 | Android 5.0],FEATURE & UI BUGS
No longer work on moto g lolipop It works marvelously well while it was powered by kit Kat for my moto g. But after upgrade to lollipop  it just states that *no data*...,CRASHES
don't shows the parfect direction,CRASHES
"Shahul3D Excellent work Its really satellite images  thanks again and skymate are use that images from satellite. My favourite app and images update hourly wow. thank. """"""""""""""""""""""""""""""""please add Altra Violate feature""""""""""""""""""""""""""""""""",FEATURE & UI BUGS
Good but frustrating Works pretty well  could use some beautification/interface improvements however.,FEATURE & UI BUGS
Clipboard option isnt in Share menu for images in google,CRASHES
Doesn't work on Galaxy S4 Permanently shows 460,CRASHES
Armor set builder bug But the armor set builder is bugged when i select an armor it doesn't appear in the screen that i selected it. Pls fix! but nice app!,CRASHES
Vector It's one of the few with vector map of metro stations. However it's missing firstly done details  like in London with changes required which it doesn't show/know. Also the vector isn't always as geographically good representation as the official maps. But there is potential.,CRASHES
Ehh It would be better if I could do it without headphones. It's not practical if I'm the only person who can hear it,FEATURE & UI BUGS
It works but the interface needs some polish,FEATURE & UI BUGS
Change Size? I just got this widget and I already like it  but is there another size I can download? I only see a 4x2 one and I need 4x4 as is shown in the first screenshot here. Thanks!,CRASHES
S6 doesn't display Hello I'm on the galaxy s6 and whenever it charges above 1000 ma I can't view it for the exact number it just changes to 0 ma. If you could please fix this. My old s4 showed it perfect and I love using this app,CRASHES
Great It's a great program I like the fact you can use live wallpaper but would prefer to be able to use a live wallpaper or even animated gif images as the lock screen background separate from the wallpaper. Other than that great app. One thing I haven't found is to enable a security function to securely lock your phone.,FEATURE & UI BUGS
Freaking Amazing Note 5 Only thing it needs is support for back buttons! Using the moga pro and the right analog is substituted for lt and rt!,FEATURE & UI BUGS
This app is stupid Please add feature to make videos play when minimize app,FEATURE & UI BUGS
I enjoy this game very much and been playing this a lot. It was hard but well balanced with real good learning curve. This new update looks aestethically pleasing. Maybe the dev can add font change setting to please the classic font lovers out there. Keep the good work and I'm really looking forward to the next update.,FEATURE & UI BUGS
Awsome Possom! One of the must-have plugin apps for Dashclock. Whatsapp  Kakao  SMS  Keep  Facebook  Twitter... DashNotifier has it all. Highly  customizable too! One thing i cudnt find is the Battery extension. Dear Dev  if you could please add that extension  you would help me get rid of an otherwise pointless plugin app ;),FEATURE & UI BUGS
App in the works Still obviously being developed  but lacking features. Please add an option to add someone to my contacts from message thread.,FEATURE & UI BUGS
Installed... First impression.. Installed this app  after reading good things  will uninstall as the first topics on the news feed are all left wing  progressive rubbish.. I want some balance and different views... not to be fed this crap... One sided reporting is the same thing as censorship and anti free speech....not looking further after the first pages  cannot support...delete,FEATURE & UI BUGS
"It works perfect and fast! I'll give it a five star if it had the option to """"""""smart track""""""""  depending on distance for example.",FEATURE & UI BUGS
" Does not work. Does not work on android 7.0  I get a \\""""""""""failed to load certificate"""""""""""""""" error.""",CRASHES
It was great before the newest update. I Loved this app until today's New update. The pictures are huge and you can't see half of it. Seems like it is not working at all. It has gone crazy and rogue on me.,CRASHES
Doesn't work This app doesn't change the location of the data your trying to store only creates a zip folder that compresses the data never actually moved it on to the sd card. I almost lost over 250 pics of my newborn when my phone broke this apps is a waste of space Do Not Download.,CRASHES
Excellent application  but will be better if you add feature to translate word and make profile for headset or phone with different setting.,FEATURE & UI BUGS
Doesn't work on Samsung galaxy s3 I heard great things about this and how it could help me calibrate my battery.. It doesn't work at all.. No widget  no nothing..,CRASHES
HTC one m8 Doesn't work.shows no data message,CRASHES
Doesn't work on GS5 Always shows 1mA on a GS5 (4.4.2).,CRASHES
Silence a busy mind I don't necessarily feel as though it puts me to sleep as much as it just helps me to stop over thinking at the end of the day. I used to play music for some white noise but this does a much better job at soothing me. The lower end of things is relaxing  I wish there was more of it which is the only reason I rate it 4stars.,FEATURE & UI BUGS
Overall the app meets up to the expectations! A very simple yet effective UI along with agenda per day view is what makes this app unique. . please add the total time between the agendas on the widget day view. . . . An option of coloring the agendas would also been an added advantage for developers to reach the 5 stars.,FEATURE & UI BUGS
Serious bug Frequently  and randomly  fails to free it's lock on the camera when switching apps or locking the screen. So when the app (or any other) starts again  it can't get access to the camera. You also can't free this camera lock unless you reboot your device. I've not had this issue with the stock camera app or the other popular alternatives.,CRASHES
Good but The HTML doesnt show title because the tag starts with the closing part,CRASHES
Pictures never moved to SD card and the app deleted pictures from my gallery,CRASHES
Please add option default player(mx player),FEATURE & UI BUGS
Good start I like what I see  but I would recommend another feature. Please add a notification setting that allows automatic postponement of notifications until a predetermined time (such as 7:00 am). This is especially useful on all day events with a default notification.,FEATURE & UI BUGS
"Current Version Gangs I can't close this app or get to my fault feed. Nothing happens when I click on the """"""""""""""""x"""""""""""""""" to close. If I hit back  it just leaves the app but it doesn't close. Have to uninstall and reinstall.",CRASHES
Not user-friendly Can't see information it's meant to show,CRASHES
Didn't show up as a widget(at first)  can not show current Lenovo Ideatab A-3000: I needed to uninstall and re-install to get the widget into a list of addable items. Shows volts  battery status but no amps. Did not help to sort out which of my cables have too much resistance when charging then. Sony XPeria Go: On my Sony ST27i works okay(It seems I can not write separate reviews for 2 devices  that would be atleast 3 stars for Sony).,CRASHES
Just great all around. The app is clean  functional  and has a quick reply feature that works better than other apps. Just about no complaints  it was money well spent. The only issue is that the shortcut on my home screen (GEL) deletes itself on restart.,CRASHES
BEST white noise app! And it's CUSTOMIZABLE! Paul  please consider making this a paid app or at least adding a donate button. I'd certainly pay for it. This is the best free white noise app I've tried. I love how I can customize the frequency and create whatever sound I want. Please also consider adding an explanation of sound frequencies (definitions of white noise  pink noise brown noise  etc) as well as a numerical scale on the color graph. It would be neat to see what the sounds of each of the colors are when quantified with a number and a unit.,FEATURE & UI BUGS
Great besides I wish there was more classes to play as,FEATURE & UI BUGS
Needs more icons,FEATURE & UI BUGS
Problem with Note 4 Like another reviewer having the same issue of cursor not responding when I tap a box. Uninstalled and reinstalled did not fix. Used to love this app hate to dump it for a different one.,CRASHES
Please add favorites If there was a way to save a set of channels that would complete this project. Great work.,FEATURE & UI BUGS
New update no functionality I used to love this app because it allowed me to save a playlist of stories even if they got removed. Ever since the update the Playlist feature just doesn't work at all once the app is closed and in every single podcast about 5 minutes in it rewinds about 5 seconds like some kind of glitch. I really hope they fix these problems because it makes the app pretty much unusable!,CRASHES
"ok such a nice app but i cant add photos from gallery.it says """"""""There was an error adding the image"""""""" HELP",CRASHES
not working on Galaxy S5:-( I used this app on Sony Ericsson X10  used it on Galaxy S2. Now I got S5 and it does not show current :-( Handy app  please check the problem,CRASHES
"Best of the bunch Great app that I use and reference through out the day. One bug that I found is when I input my stride length in """"""""feet"""""""" it will only display my distance walked in """"""""miles"""""""" for the rest of the day. The next morning it will revert back to my stride length in cm and display kilometers walked.",CRASHES
Very poor Its the worst app I never seen when I install this just my tablet hangs... What the crap is this!! I don't wanna install this app next time,CRASHES
"This is a great app. I wish it would retain the authentication token after reboot  but I can see that is also a security risk. ________________________________________________________________________ I occasionally have trouble authenticating with my moto G 2nd gen running Marshmallow. The app seems to record the check mark key as part of your password when logging in. I have to hit the back key  hiding the keyboard then tap the done button. The app also retains your password for about an hour. edit: It is 90 percent user error  not the app. I reboot my phone each evening and have to log back in. When I hit the check mark  the pinboard client makes the keyboard disappear and then I hit """"""""submit"""""""". Everything else was me being an idiot.",CRASHES
It helps me keep track of my expenses and provides ease of reference for similar transactions on future dates. I would have loved to be able to link it to my other devices incase I misplace or change my phone. It would be good to also see graphs/trends. I hope that's work-in-progress! Thumbs up!!!,FEATURE & UI BUGS
Love it Great always on display but I would like to see more customisation and better battery optimisation,FEATURE & UI BUGS
Can't get GPS position on approach charts or runway diagrams. But still nice. New version has this.... Awesome!,CRASHES
Regret even viewing this!!! I can't use APN it says it's set up with my carrier but pictures never get sent. It always force closes on me and sing be my daily driver. I have tried this app 4 times since the original beta version and our only seems to get worse and worse. Not even worth the one star!!,CRASHES
Distracting. As some as I saw it  I was like  no way  that stinks. It struck me as glaring  and overly distracting.,FEATURE & UI BUGS
Useless I installed and it showed nothing only a blank screen,CRASHES
Does not work on Note 3. It just shows 0 mA on Note 3. Why is there no compatibility check for the app? The competing Galaxy Charging Current App actually works.,CRASHES
It works good. I'm testing this app. It works very good . Saves the map after install and then uses the map without internet and creates the track and analyzes it. but i can't load the track for next use and it has not waypoint for marking the place.,FEATURE & UI BUGS
Great but  I want to plan my push-ups for 3 times a day and I dont see an option :/,FEATURE & UI BUGS
Best app for FB sync... But I face an issue.. Whenever a contacts pic has been changed it does not get replaced in my phone book as expected... I manually edit my contact n remove the old pic for the new pic to be used... I do it manually for all my contacts.. :-( :-( using nexus 4..,CRASHES
Works great Can you please add secure lock functionality?,FEATURE & UI BUGS
Disabling home screen rounding does nothing. It still rounds my moto g home screen. Doesn't look good. Please fix. I'm running 4.4.4 stock.,CRASHES
crash all the time it would be better if you could pass a n artwork you don't like,FEATURE & UI BUGS
Note 7 notification grouping problem Not pissible to display two notifications at same time  please add all 8 cores plus frequency in one icon!,FEATURE & UI BUGS
years old design They still have the menu button!!,FEATURE & UI BUGS
Stopped using Constant message count overlay on icon even when I read all the messages. I did reinstall to get rid of this. Additionally constant notification about unread message with button supposed to mark it read  but when pressed  notification goes away just to m?k? another appear with the same message unread. Not even funny. Bad bug. Awful. Dev seems not to care at all.,CRASHES
Edit: Feature implemented.No transfers between accounts with different currencies. Other than that looks decent but it's probably not for you if you use multiple accounts with different currencies often.,FEATURE & UI BUGS
Better than i thought This is actually nice wish it had more features works great on my LG K7 but what I realize is that when installed and allowed to connect your device there is no uninstalling it,FEATURE & UI BUGS
So easy to use! I often find that I get lost in the number of features supplied by Bible apps these days. This is often due to nested menus  where simple operations tape multiple touches. While its presentation to the user is very simple  it still has nearly all of the features I need (missing highlight capability): notes  search  bookmarking  text copy  backup  etc.,FEATURE & UI BUGS
An abandoned project? Finding that most of the games don't work properly. But those that do work flawlessly. No updates for a couple years now. Such a shame. This really looked promising.,CRASHES
Very handy but a few bugs The file selector control used to select a file for encryption/decryption doesn't seem to work. After selecting the file  the filename field remains blank. Have to type it in manually or paste from clipboard. Please fix.,CRASHES
Best lockscreen app Would be better if it has a password feature. But overall  great app!!,FEATURE & UI BUGS
Does not sync well Really needs a fix to be functionL,FEATURE & UI BUGS
"I will not go back When I first heard about """"""""""""""""""""""""""""""""Google Tap""""""""""""""""""""""""""""""""  I was rather dissapointed since they used an idea as brilliant as that as an April Fool's joke. When I finally bit the bullet and got this app  all I have to say now  is WOW!!! It is just as good as I thought it would be. While it isn't as fast as a more contemporary keyboard  it certainly is a lot less frustrating  especially on my 7-inch screen. My only complaint is that the reference screen doesn't stay open while I type but hopefully the dev will fix that in time.",CRASHES
Horrible button design The new design is just terrible to use since all the buttons look identical without carefully studying the screen.,FEATURE & UI BUGS
"Dropped the ball on this one... """"""""""""""""""""""""""""""""Needs MMS before 5stars but  this app works great!!!"""""""""""""""""""""""""""""""" That was 2013  now.... What happened? Is it not compatible with the Galaxy 6 Edge? I'm very frustrated  please fix these blank messages. Had you at 4 stars but  dropped to 1 only because it's still in my Gmail. Ugh  very frustrating.. All I want is a smooth transition between phones and it doesn't help that these phones are nearly $1000.",CRASHES
The material design is really nice but please add the lockscreen security and also when in lockscreen if i press the home button the lockscreen unlocks automatically...please fix this... apart from that this app is nice...,FEATURE & UI BUGS
its good but still need some improvement please add selective app option for notifications,FEATURE & UI BUGS
Dileep P Good app. Online version transliteration not working with my Micromax jellybean phone. Offline version only English to Malayalam is available. Please add Malayalam to English also. And plz also add list of words  both English and malayalam. In offline version.,FEATURE & UI BUGS
Awesome On samsung j5 sm-j500fn  the option with proximity doesn't work well. It turns on the screen instead of lock it.,CRASHES
LinConnect Alpha works on Mint 16 Works OK in Mint 16 and my Android 4.1.1 mobile but the notifications from my facebook some of them are in Greek and show ASCII characters and symbols .I wish i had more features like combine with airdroid answer my sms or have notification that my battery is low.Good work thought.,FEATURE & UI BUGS
Episodes Screen Not Alphabetical Episodes Screen  when you swipe over while watching something  is in totally random order. Great app otherwise,FEATURE & UI BUGS
Note 5  small bugs On my note 5  when I open the app  it only gives me options to select sources  and the pictures of the sources don't show up. I also can't look at previous pictures of the day,CRASHES
Super Handy Easier to carry than 100s of pounds of books. However your latest update has an error. Many of the spells known charts for Occult classes are wrong. They are listed with 4 1st and 2 2nd level spells at first level. You forgot 0 level spells and it throws off the whole chart.,CRASHES
App is well designed  and seems to work seamlessly  unlike other mobile apps of this sort (such as TV side view  which lags on occasion). The option to get rid of the bottom menu on the actual remote screen would be nice  as I tend to hit them when I'm using the remote to browse add ons in Kodi  sending me to a different category,FEATURE & UI BUGS
Seafile is great. The android app less so. For the last few versions  the UI is increadibly nonresponsive and the photo upload doesn't reliably happen. Update: the nonresponsiveness issue is fixed.,CRASHES
Good start. I hope more features like loader droid download manager in future updates.,FEATURE & UI BUGS
Awesome widget  but the deal breaker is that it doesn't open the system clock / alarms when tapped. Rats. Edit: Holy crap! You are are awesome for updating that. Why the extra option for clock settings though? One tap to just open stock clock / alarms would be best  to stay consistent with how the stock clock widget works.,CRASHES
Please add security! Then you get not only five stars  but a million stars!,FEATURE & UI BUGS
Pretty bad Honestly I'm only giving this 2 stars because it's the only dreamcast emulator. Graphical glitches are constant. On screen touch controls are the worst I have seen on an emulator yet and especially the dpad buttons. I don't see an option for save states. Not enough configuration options and can't hold connection to my gamepad for more than a couple minutes. Maybe I'm being harsh as I believe this is new but as it is now  I can't recommend this to anyone.,CRASHES
I can never hear the end of a show/story  it always skips to the next audio file just before concluding the show I'm listening to.,CRASHES
It looks great but It doesn't always update for me. The app icons shown don't always reflect the apps that I have most recently been using. Galaxy Note 3 running android 4.3.,CRASHES
Never showed up Installed and followed instructions but never showed up in widgets list. Using android tablet  needs to be an app instead of only a widget!,CRASHES
Fantastic app! I highly recommend it! 'Voice Notify' is an essential app for anyone  but especially useful for someone such as myself who has dexterity difficulties  also has a SCI & is a fulltime wheelchair user. I do not have to look at my phone to know what is happening. VN is very customisable  eg  you can stop some FB group messages by putting the group name or a word in the 'ignored text' option in VN settings. Wish 'Email' said who was sending the emails like 'Gmail' does. Unfortunately on my new Note4  VN keeps being 'disabled'!?! Such a pain for an essential app! ?,CRASHES
Won't open Every time I clean click on icon  it won't even open. Twice I have sent the crash report,CRASHES
Pretty Good Apps But I found a bug. After i exit the camera app that i've launched via shortcut key (*in my device is by double click on the home button) when my device is in the screen off conditions with Always On AMOLED working  suddenly this app is not working anymore and to make it work again i need to unlock and lock my device again. Please fix this bug soon. Thank's,CRASHES
Wonderful! Love it! This is one of the best sms apps avalible. Please add a media search feature  so we can search the Web for pictures without leaving the app.,FEATURE & UI BUGS
Excellent and elegant It works great. Simple and elegant professional design. I am using it along with a zooper widget. I would suggest to add feature for hiding content of specific apps even when not on secure. Great work.,FEATURE & UI BUGS
Nice! Love it more if I could display the date too!,FEATURE & UI BUGS
Needs a widget button to activate w/o launching full app. Other than that is good; free and open-source software which does the job without spying on users.,FEATURE & UI BUGS
Small and fast  can be quickpic replacement Small apk size  fast open and can be quickpic replacement. Thanks dev for implementing our request. Dev please add abilities to change title bar color.,FEATURE & UI BUGS
Perfect! Been using it for about a year now and I live having a fresh background everyday. Could still use more plugins but that's not the Muzei developer's fault.,FEATURE & UI BUGS
Waste of time It couldn't find one friend but it was quick to show you multiple ads on closing this POS!,CRASHES
Stopped working The new version insists I have no new stories. Other Newsblur clients do show me the stories. Bring back the old version!,CRASHES
Notification Notification worked perfectly with messengers of facebook  viber  etc... However  if there is a missed call  not only the missed call but all the notification did not show up  please improve it to deserve 5 stars,CRASHES
@gelakinetic- Please add a deck building feature!! Otherwise superb  love it. Not sure why the best app on the market is free. But yay!,FEATURE & UI BUGS
Works but doesn't. Some apps will make the screen turn on and some won't. Some notifications don't even work at all now unless I have the app open itself that I'm getting notifications for. It's actually quite annoying.,CRASHES
Please add the option to change the order in which the MFA tokens are displayed - perhaps even allow the user to set a coloured background to each token for visual clues. Currently the display order is fixed in the order in which you add them. I use some MFA codes more frequently that others and would like them at the top of the list.,FEATURE & UI BUGS
Memories gone black Brilliant app but always the glitches are there in different forms. Camera not responding and then the snapchat not responding etc. but now some of the snaps saved to memories appear as a dark picture and nothing appears on them. It happened to me so many times. Please fix it or show a solution.,CRASHES
Doesn't work When I place the widget the apps setting screen opens. When I leave the settings screen the widget disappears,CRASHES
Doesn't handle SSL certificate changes well. Just get stuck in a loop. Clearing data/cache didn't help... Or is it just broken on Android N?,CRASHES
More Functionality Please Cool app for pulling up info on games quickly and (apparently) logging plays. I admit I have yet to use the play logging function on the main website let alone on the app. Unless I am being completely daft  it is missing the ability to edit my game collection and post or create forum threads. If these ever get implemented I would absolutely adore this app.,FEATURE & UI BUGS
Please add bacon. Awesome  but two things need added. The ability to post comics to places (Facebook  Reddit ect.)  and bacon object.,FEATURE & UI BUGS
lacking many thing well it fast but should add a feature such as recent view and default storage.,FEATURE & UI BUGS
Very Good Note taking/editing app This is a very Good Note taking/editing app . Markdown support  yeah.. I'm enjoying it. Thanks Devs  keep up the good work. Only a small *bug*  sometimes cursor jumps randomly. And could you please add sort button on Folders/Files window.. Sort by date/title  etc.. Thanks.,FEATURE & UI BUGS
Note 5  small bugs On my note 5  when I open the app  it only gives me options to select sources  and the pictures of the sources don't show up. I also can't look at previous pictures of the day,CRASHES
Its good but... I like the idea of this app but i wish they made a button to unblur the pictures. Like a default unblur setting,FEATURE & UI BUGS
No preferences option I opened the app and did not see any preferences option in the menu. Just settings. Thinking I was missing something I also went through the readme at the project's Github page  but couldn't fund anything. I am on HTC one. Maybe this app doesn't work on HTC phones.,CRASHES
Not working after update Worked flawless until update now I cannot get voice working at all. How do I fix this?,CRASHES
But cant read whatsapp message Seems whatsapp close the function so no app can read them  I've try few apps nothing can read the messages,CRASHES
the widget is too wide  please add an option to resized it. and an option to change font type and background. and an option to hide the widget when there's no network or connections.,FEATURE & UI BUGS
Simple and Perfect. Please add lock mechanism to access the phone Update: Actually it works with default lock. so it has it,FEATURE & UI BUGS
There are three things that I would love to see but it's okay if developer don't have time. 1. Please make the back button on the folder based tab exit the app if we have set the folder as default music folder instead of going back to directory. 2. I hope in folder based the music directory lists all folders as if they are playlist instead of going inside a folder where another folder exists. 3. Lastly it would be perfect if selecting a song enqueues all within the same folder. Thank you very much for this perfect app.,FEATURE & UI BUGS
Waste of time Keep.on going back to the playstore screen,CRASHES
4 stars because : It works great when there is no wifi. It simply turns my wifi off. When I am near a wifi it turns the wifi back on  which is great. But the problem is most of the time those wifi sources are not on my list  it turns my wifi on anyway. Fix that please :) I am using Galaxy s5. Thanks.,CRASHES
Good and it's getting better! Love everything about it but it's missing one key element for me. Please add an option where you can select multiple conversations for deletion. Thanks.,FEATURE & UI BUGS
Doesn't work with gravity screen When I pick up the phone I doesn't wake!,CRASHES
Great app A very solid app. Crashes every once in a while but the interface is great and it's super easy to find my favorite shows (onpoint with Tom). Love the hourly news updates.,CRASHES
Looks stunning but some annoying bugs The main bugs for me are  when the screen orientation changes when half way through writing a message  it clears what I have written and I have to start again  it doesn't seem to save drafts at all so if I start typing and have to refer to another app like Gmail for example  when I return back to qksms to finish the message it has cleared it again. Also the sender name seems intermittent in the inbox  most times its fine but sometimes it just displays the number and I can't get it to show the name.,CRASHES
Almost Looks a bit ugly and doesn't have actions like back  home  recent apps... Swipeup Utility is better.,FEATURE & UI BUGS
Used to be great Now it crashes every time I got the search button.,CRASHES
What happened to this app? Used to work great  loved it... but now everytime I hit the search the app closes... and when I have to scroll to find a song ( because I can't use the search or it closes ) the song doesn't download fully. Maybe I'll just uninstall it and reinstall it and see if that fixes the problem. If not I guess I'm just going to get rid of it. Ok...looks like that fixed the problem...the app is back to being awesome again,CRASHES
Great  but.. Great client for gerrit. My issue is that sign in crashes the app. Specifically for CyanogenMod gerrit. Hope to see this fixed soon.,CRASHES
Good  but not great. Couldnt really ask for more features but its really laggy on my galaxy s4,FEATURE & UI BUGS
Love it But had to deduct a single star since the archive isn't working (all it shows is black boxes on the OnePlus). And I would like a slightly expanded description about the work and the museum  or a link to that type of info.,CRASHES
Excellent Overall it's cool game  compare to Similar Game This game will win. Stunning Graphic  Friendly Controls and Many robot that can being customized Colour and weapon. But I think   need weapon to be more cheaper 10% or more. And yes  Can Developer add feature so we can Convert our Money to Gold? Please?. Many player waste their money that they earn from the war. So to make it more useful please add Feature to convert our money into Gold.,FEATURE & UI BUGS
like and amazing app  but .. please add notification support  when used this app i cant see notification,FEATURE & UI BUGS
I've been using this app for a while just because I love to look at the stars and track my favorite constellation  Cassiopeia. I've tried other apps before  and this is still the easiest to use. But when I re-install the app  I found Cassiopeia shown in a different formation than the famous W formation. With that one mistake  I now doubt the accuracy of other info in the app too. Please fix it =( *Update: Thanks for the reply  explanation  and update! This is definitely a great app for a beginner star enthusiast :D,CRASHES
At last! I can see this being my all time favourite app! Would be nice to have an undo last action button though. Keep up the good work ! I hope you'll be making more space research apps in the future!,FEATURE & UI BUGS
Reinstalling fixed the problem. The app usually fails to show up in status bar after updates. This has been a problem for previous versions.,CRASHES
Droid ultra 4.4 Actually really accurate for me... Only problem is when not charging it shows 200mA not 0 but when charging it matches the chargers specs  tested with multiple amperage chargers. Would be extra nice if it only updated while charging. Seems silly to make it update when not connected to power,CRASHES
MMS Issue I want to like the app  for a while I had primarily used this as my SMS application  however I have too many issues with MMS(picture and group messaging). Pictures will randomly not show up that have already been sent or received  scrolling up and down may make them show up again. The biggest issue is with group messaging. The app does not always show which person sent the message and you have to check details of individual message to see the number. Had these issues on 2 different phones.,CRASHES
Nice but The UI is nice. And you can switch between internal and external storages so fast an easily and app works so fast with no lag . and so many other good specs. But I couldn't open rar files with this app and I couldn't send installed apps apk files. if you add these . it would be so great.,FEATURE & UI BUGS
Very good. This app is actually very good. Shows a lot of potential and being able to use it as a remote control is brilliant  what I've been looking for for a long time. Would like to add a few features just hope the dev keeps on improving it. Would happily pay for this to support it.,FEATURE & UI BUGS
Troubleshooting- can't deactivate once activated I have trouble with removing this app please fix. I need to deactivate it first  but when I want to deactivate it from settings&gt;lock screen and security&gt;device administrators&gt;Ac display  it always crashes. I already tried restarting my phone (Samsung S7),CRASHES
Cant find any widget There is a screen icon  but no widget. The icon lets you customise the widget  which cantbe found. Low rankings are. exactly what users should post if it doesnt work.... I'll 5 star when I see mA.,CRASHES
Glitches At my first time to play  it was fine. Until it was glitching. When I open the app  the floating icons at the beginning is surrounded with black. I can't even see anything when I will play. So please help me fix this glitch and I will rate it 5 stars.,CRASHES
"Dropped the ball on this one... """"""""""""""""""""""""""""""""Needs MMS before 5stars but  this app works great!!!"""""""""""""""""""""""""""""""" That was 2013  now.... What happened? Is it not compatible with the Galaxy 6 Edge? I'm very frustrated  please fix these blank messages. Had you at 4 stars but  dropped to 1 only because it's still in my Gmail. Ugh  very frustrating.. All I want is a smooth transition between phones and it doesn't help that these phones are nearly $1000.",CRASHES
"ok such a nice app but i cant add photos from gallery.it says """"""""There was an error adding the image"""""""" HELP",CRASHES
Request Please add full Visual Editor features in app then I will give 5 Star.,FEATURE & UI BUGS
For that mobile which not shows battery,CRASHES
Crashes Too many crashes turning into a black screen where I need to always restart my phone. Also  whenever I watch videos it doesn't load please fix. Thanks,CRASHES
Doesnt works on moto g4 plus... After installing and enabling it.. no night mode tile appears in add tiles menu... :(,CRASHES
Works but doesn't. Some apps will make the screen turn on and some won't. Some notifications don't even work at all now unless I have the app open itself that I'm getting notifications for. It's actually quite annoying.,CRASHES
Plz fix I am using this file manager since 3 yrs now. Bt after this update  thumbnails of PDF  apk etc files are not loading. Only thumbnails of pics are loading. Plz fix this...,CRASHES
Earth I want earth to be search able so i can see the planet earth,FEATURE & UI BUGS
App in the works Still obviously being developed  but lacking features. Please add an option to add someone to my contacts from message thread.,FEATURE & UI BUGS
Great Please add clock hide option and also auto hide status bar when play video or games. Thanks,FEATURE & UI BUGS
Functional but UI is stuck in Gingerbread era and it still requires use of menu button to access option.,FEATURE & UI BUGS
It copies pics and videos but not apps please fix it,FEATURE & UI BUGS
"OMG This is such a great concept! Please  keep updating and improving the app and this will be huge! It would be great to have the ability to change the """"""""app drawer"""""""" icon or make it change to a black one when selecting """"""""dark theme"""""""". As well as a """"""""swipe down"""""""" gesture to see notifications and folders for the app list/drawer... Keep up the great work and thanks for making the app free!",FEATURE & UI BUGS
Please Add !!! 1. Place a lock screen before entering the app as settings can be changed by anyone 2. Automatic file encryption 3. Please add moving of vault into sdcard !!! Good work !!! Please add more features as soon as possible.,FEATURE & UI BUGS
No Local Language Please add some languange  and i give you 5 star,FEATURE & UI BUGS
Exactly what I was looking for It's a great app  and is exactly what I'm looking for. Minor problem I have is that it doesn't read labels already set on the client. Also  when setting labels it'd be nice to choose from a drop down box of previously added labels. Just like how the web ui works.,FEATURE & UI BUGS
Map needs improvement When I attempt to use the map feature it always puts me on the other side of the world. I am not sure why it doesn't GPS my location and give me the closest correlating address.,FEATURE & UI BUGS
Not saving snaps Doesn't save snap videos or stories. When I want to look at my memories it doesn't load. Please fix this bug.,CRASHES
Needs work. The screen does not notify of incoming calls. Am and pm turn into dots on the clock.,CRASHES
It's good I love it but there is one thing I think needs improvement that would be the event quest items finding the quest that drops these things is time consuming,FEATURE & UI BUGS
Like it  not 5 star material Just please add a lock functionality and make it an actual replacement lockscreen like other lock screen apps please _??_??,FEATURE & UI BUGS
Excellent Would be nice to have different colors per contact,FEATURE & UI BUGS
Not working on other roms Please add support on half life then I will give you a 5 star,FEATURE & UI BUGS
I really like this app. I like the simple/minimalist design. Only problem is when I set timers regardless of the timer/clock app  AcDisplay stops them from making any sound. They show up in the notification but no sound. No problem with alarms  just timers.,CRASHES
Suprrb Please add all activities in it like on /off Bluetooth and all other things,FEATURE & UI BUGS
I like it. I like this remote. Just wish there was a button to change the zoom functions. Or if there is I haven't found it yet,FEATURE & UI BUGS
Stupes Utter rubbish.. Not 1 search has yet to produce what I'm looking for.,CRASHES
Dreamcaster Runs really good just booted up power stone and yeah back to my Dreamcast days. Still some bugs with it ie:full screen mode choppy and touch controls are off a little bit. But still all good looks gooood in HD mode. Thanks and please keep it updated.,CRASHES
Bugs Love Spotify but the glitches still haven't been fixed. Random crashing  lagging  etc. Please do something about it before I'm forced to defect to Deezer.,CRASHES
I had the app before and really loved it but now i can't add pictures. Id give it 5 stars if it was fixed!,CRASHES
Well designed Great content easily accessed through a well designed app. I just wish it kept track of episodes I've already listen to. Or was good about pausing and picking up where I left off.,FEATURE & UI BUGS
I love it This app is pretty useful ! I use it everyday. It will be good to have possibility to sort completed animes by start or finish date. (Reply : but it's possible on our MAL list). Even when update dates automatically is disabled  the app often replace the dates with the current day  so we lose our data  please fix it ! It seems the app sometimes forget to send dates.,FEATURE & UI BUGS
Emulator menu doesn't work. I've been trying to get the emulator menu to pull up and when I click on it or drag it it won't come up  also when you click on back arrow from your phone it gives me a black screen which you then have to close the game and open it back up. Fix these bugs please. Other than that the app works on everything else.,CRASHES
Such a good app... It's great for almost everything in pathfinder. All i'm missing is a feat list in tree form and full pages for unchained classes rather than just the tables! Still giving it a 5/5 because of how useful it is.,FEATURE & UI BUGS
Fix Not showing on home screen neither settings. I use Lenovo Phab,CRASHES
multitasking not working hope too see the Freeform window support on android 6.0.1,CRASHES
I did love it until the latest update.... Now the pictures are way too big please fix as I don't want to use another app!!,CRASHES
Worst Before installing it my WiFi was white but after it  WiFi keeps dropping,CRASHES
Good app! Easy to use and follow. There's this sorta bug(?) when I make a scheduled post and try to revert it back to an immediate post though. ;_; EDIT: When I tried posting it as an immediate post  it wasn't showing up in the home page and it says the post isn't found when I tried copy pasting the URL directly to a browser. I had to delete the post and make a new one  and copy paste the content to post it. Hope this helps!,CRASHES
Fantastic Best mh4u database ever. But armor builder function is still bugged when I adding new set it doesn't show up,CRASHES
Doesn't work on Samsung galaxy s3 I heard great things about this and how it could help me calibrate my battery.. It doesn't work at all.. No widget  no nothing..,CRASHES
Shows nothing. Just blank surface.,CRASHES
Bug or short sight design This app does beautiful WP and the plug-in with other photo apps is good. However it has an enormous bug  the WP cycles unpredictably. Once I got the WP I like  there is no way to keep it. That crappy app replaces with a new one a few hours later.,CRASHES
Please Please add admobile ads in app.i am waiting 4 next upload..,FEATURE & UI BUGS
Hard to use For some reason  my phone shows opposite of what I'm trying to look at. I have to turn around  to look at the night sky on the screen.,CRASHES
Can't control musixmatch player I can not control musixmatch player in lock screen. _ï¿½É_ï¿½É that's bad. Pls fix. Please...,CRASHES
Great app Please add instrument selection and sound font feature. This app is really cool.,FEATURE & UI BUGS
Doesn't work It does not even show up in my list of widgets. No way to see the battery stats without it. My phone is Xiaomi Redmi Note 4g,CRASHES
LOST ALL MY FUC**** PHOTOS!,CRASHES
Love it! But.. I know it may seem dumb but can you please add a pass lock from the app itself (I love the app but I also worry for my privacy_??_??Its the only reason i dont use this as much as I should..),FEATURE & UI BUGS
Thank you omg! Thought my new tablet wasnt charging right. Turns out to be a faulty cable. Please add lollipop support,FEATURE & UI BUGS
Please add a white list For example I want the wifi to still be enabled when an application is active,FEATURE & UI BUGS
Reverse Order of Tasks in Tasks List It would be better if the app shows the tasks in order it is there in tasks in web. I couldn't see any option for it.I only see some other sort orders which aren't helpful.,FEATURE & UI BUGS
Good Great widget  only problem I've noticed or haven't figured out is only the 4x2 widget shows volumes  not even the 4x1,CRASHES
Not working  shows 0ma all the time,CRASHES
Ac display is a best lock screen But please add a security its my request,FEATURE & UI BUGS
Good can be better. Please add a secure lock screen pin or pattern lock so that it could be used as a perfect lock screen.,FEATURE & UI BUGS
Very poor Its the worst app I never seen when I install this just my tablet hangs... What the crap is this!! I don't wanna install this app next time,CRASHES
Broken Cannot post pictures or receive notifications.,CRASHES
Useless Can't save pictures to external sd card.,FEATURE & UI BUGS
please add new features dev plzzz add imd hydromet division maps to the app it will surely be a great help.. thank u?,FEATURE & UI BUGS
Please add user name font bold or allow to change,FEATURE & UI BUGS
Simple and clean This is a simple and clean interface for an efficient roller. There are some decent customizations. Only complaint is that there aren't many options for ability scores  and the methods can't be customized (4d6  reroll ones  drop lowest  for example). Overall  it's a great app.,FEATURE & UI BUGS
Great App - Would love some tasks support I was looking for a replacement for Agenda Widget and this looks to be the one. Would love to see some support to show Tasks in the agenda specifically Gtasks. Would also love the ability to highlight the text of current events as well as change the color of a calendar but this is very good. Also noticed it takes up to an hour for completed events to be removed. A push refresh interval would be good,FEATURE & UI BUGS
Push notifications and I can't post pictures as comments. I can't post pictures as comments. I click the camera and nothing happens. Push notifications or at least the number showing up in the corner of the app.,CRASHES
Needs improvement Love using the app. Pretty since. Any way to fix the x-axies of plots so the letters don't get cut off?,FEATURE & UI BUGS
Simple and fast It's simple  fast and works really well. One thing I would like to see in the future versions is sticky note capability.,FEATURE & UI BUGS
Amazing game! Worth the donation! I have played the original for hours on end and still haven't been able to complete the game. Whether it be from bad luck or bad planning  I still can't finish in this remake either. Which makes this amazing!! Reworked  freshened and rebalanced and still just as hard!! I love that I can play this without worrying about data and other dumb stuff. I would love to see a description for the artifacts though. Some aren't obvious to figure out.,FEATURE & UI BUGS
Very good app Now arabic countries currency available in arabic only. Please add english aswell. Example QAR(English).,FEATURE & UI BUGS
Really good  but with one bug. This database has helped a lot with my hunting  and I'd give it five stars if not for one bug: In the Weapons section  it crashes and restarts when any Hunting Horn details are viewed  making that effectively impossible. Please fix this bug  thanks.,CRASHES
"Amazing After upgrading from the gs3 to the gs5  the only feature I missed was long pressing the home button for recent apps. I used this  paired with apex luanchers shortcuts to """"""""enable"""""""" this feature",FEATURE & UI BUGS
Doesn't work on lolipop It keeps crashing  I cant set my wallpaper. Unfortunate  because I really liked it. I hope it'll get fixed soon.,CRASHES
App auto quit App quit by itself when attempting to connect to SMB server. All details and credential were correct. Hope dev fix this as soon as possible as I want to switch out from ES File Explorer as soon as possible.,CRASHES
Good but ugly Does what you need  but would be better if it counted streaks and had more colours. Needs to scroll horizontally at some point instead of tracks becoming unusably narrow. I found a bug: if you try to record a multiple-entries-per-day track on a day in the past that is the same day of the month as the current day  it will instead be recorded for today. Took me a while to work out what was happening.,FEATURE & UI BUGS
Please add! It's awesome indeed. But please add a feature to turn screen on when I pick it off the table  like the ambient display feature!,FEATURE & UI BUGS
Alternate input system and-or memory viewing and debugging? This app has a great protential to be a superior bf interpreter and even a good ide. I just want these extra features so that we can debug things well.,FEATURE & UI BUGS
Nice It would be better if the link also tells us the story behind/around the artwork rather than just techical specifications.,FEATURE & UI BUGS
Doesn't work Says its connected but never loads a page over 20%,CRASHES
Please add random contact circle coloring same as Gmail app has. Thanks.,FEATURE & UI BUGS
More Formatting Features Needed for Real Note Taking There is some basic on/off formatting which makes it better than plain notepad apps  but you can't indent  and although the official screen shots mentioned something about nested notes  I couldn't find that on the formatting bar (on the phone where I would be taking these notes).,CRASHES
Please do something about it I use this for my tablet and it lags a lot and it deleted all of my pictures. I had like 64 pictures and it deleted it all and there is no way I can get it back. I like taking pictures on it and I would continue to take pictures on it if my photos didn't get deleted. Please fix it!,CRASHES
Needs more options Can u please add option to clear all app data and cache on single click,FEATURE & UI BUGS
Does the job well Clean UI  but it lacks some of the latest devices. I think it can be better organized. Maybe have headers of each OEM that are clickable and show the supported devices of those devices in thumbnails. Really needs the S4 and or Note 3. Screen shots don't look good on certain devices because that's not that device or skin.,FEATURE & UI BUGS
Doesn't work The widget is just stuck on 1ma. I am using a galaxy S5 on 4.4.2 Android.,CRASHES
Great password app 2 problems: 1. password font ambiguous eg  small L  capital I. 2. On lollipop last password viewed appears visible in recent apps. A cloud backup feature would be useful.,FEATURE & UI BUGS
Best Reddit client  please add option to remove all thumbnails in group view (I can't find it anymore _ª_Ó),FEATURE & UI BUGS
Great Please add someting to game for creating our own story and share it,FEATURE & UI BUGS
Great but..... Please respond!!! I love this app but when i take it out of my pocket nothing shows up i suggest that it should wake with a double tap gesture,CRASHES
"Buggy! Photos and videos look sooo bad on Android! Voice changer Lenses aren't changing the voice for me anymore  & the swipe for camera filters aren't showing up anymore. Videos are super blurry now. Camera has a hard time focusing when I open the app. It sometimes makes the screen really dark when trying to take a photo  & even makes the photo look brown. Deletes or opens my messages. I'll get a notification that I have a new message & when I swipe to my inbox it says """"""""""""""""opened"""""""""""""""" even though I never did. Please give us """"""""""""""""Night Mode""""""""""""""""! Verizon LG G5",CRASHES
Nice app but The app speaks only if device states both screen on and screen off is marked.. When I mark speak during screen off .. It doesn't work.. I have Moto E.. Plz fix,CRASHES
Great app buy  I wish when I went to multitask view the wallpaper would stay and not turn black. Using this on a Nexus 5 by the way.,CRASHES
Menu button doesn't work The menu button doesn't work  unfortunately.,CRASHES
ok it randomly crashes in the background and I'm not quite sure what that's all about,CRASHES
Sync issues and missing info When the app works  it works well; however  the app seems to have many issues that make using the website often a better choice. I lost access to my wish list on the app  you cannot view multiple photos of a game  the UI for rating and reviewing games is almost hidden  and the search feature is useless unless you know exactly what you want to find. I use the app to log plays  but for now that's about it.,CRASHES
Great This is a great messenger app but now it is not showing the new messages when I select it. Also  when I send a message  it is not showing up  even though I think it is going through. Could you fix it please,CRASHES
need more features Too many modes! Analysis mode? waste of time. would be better to have a button on the main display to quickly start/stop engine in game review mode and game study mode. This will allow user to quickly start/stop engine  save battery power and analyse game without the long procedure to keep going in and out of analysis mode. Also option in setting to show arrow on display for engine move when analysing would be nice.,FEATURE & UI BUGS
Really nice! Only one thing missing: ability to add more connections if you need to control multiple MPD servers. Could you please add that?,FEATURE & UI BUGS
Pretty good This application is very well made and addictive having said that please add a couple of changes for example being able to resume the game from its last position  the widescreen mode has a few bugs like from both sides of a 16:9 ratio display it pixelates a bit which can be annoying but overall enjoy using this app:),FEATURE & UI BUGS
Crashes every time wit FB personal message I prefer this app to FB but it is a nuisance that it crashes every time I attempt to access personal messages that are apparently waiting for me. This bug is consistent across my two devices. I see other users have reported the same frustrating problem but the developer shows no interest in fixing it. I hope they do fix it  as it is otherwise useful.,CRASHES
Please Add !!! 1. Place a lock screen before entering the app as settings can be changed by anyone 2. Automatic file encryption 3. Please add moving of vault into sdcard !!! Good work !!! Please add more features as soon as possible.,FEATURE & UI BUGS
Tmobile note 4 not working Its shows only setting lage,CRASHES
Awesome! Fast  light  clean & simple  Dropbox sync! The best! Only one thing to improve: please add categories to organize a long list of credentials.,FEATURE & UI BUGS
Thank you Dev Adam Szalkowski. Very useful app. I was dreaming of this app for a long time. I never knew that the great dev wrote this app. Suggestion: Please add dark theme.,FEATURE & UI BUGS
Control and Escape I have these keys on an external keyboard. Can I please use them  rather than having to press the screen?,FEATURE & UI BUGS
Great This is a great messenger app but now it is not showing the new messages when I select it. Also  when I send a message  it is not showing up  even though I think it is going through. Could you fix it please,CRASHES
Compared to Yatze  this app is my preferred remote for Modi. Much better interface  but it lacks an on-screen keyboard. Also  it's open source and it has no features you have to unlock with a paid version.,FEATURE & UI BUGS
S6 doesn't display Hello I'm on the galaxy s6 and whenever it charges above 1000 ma I can't view it for the exact number it just changes to 0 ma. If you could please fix this. My old s4 showed it perfect and I love using this app,CRASHES
"Current Version Gangs I can't close this app or get to my fault feed. Nothing happens when I click on the """"""""""""""""x"""""""""""""""" to close. If I hit back  it just leaves the app but it doesn't close. Have to uninstall and reinstall.",CRASHES
samsun galaxy s4 mini smiley don't view when touch icon,CRASHES
Notifications problem Previous version worked excellent. Now it doesn't show notifications.,CRASHES
Its the worst wallpaper ever! When i tried to set the paper  my background home screen just went white then black. Dont install this app! Please fix this then i'll give it a five star rate!,CRASHES
Why not a fingerprint Support? I'm currently using S6 edge plus and I liked this app a lot but it doesn't support fingerprint  because of that I to press my home button to unlock my device. PLEASE add a fingerprint Support.,FEATURE & UI BUGS
Clipboard option isnt in Share menu for images in google,CRASHES
Messages crashes app every time If I try to look at any Messages  the app crashes.,CRASHES
Add more features Please add more features. As well. Developers  please keep your CSV file backup in a proper folder unless cluttering it in the root sdcard folder ...,FEATURE & UI BUGS
Please add wild cherry color scheme (there's a putty config on github  and I'll be sending them a pull for mintty soon),FEATURE & UI BUGS
Best app Best and lightweight app   please add option to delete the files and folders,FEATURE & UI BUGS
Please add a Lock to the lock screen,FEATURE & UI BUGS
Only a handful works The only games that seem to run well are power stone 1 and 2  trick style  jet set radio   anything else you download will be buggy or unplayable. The developers gave up on this a long time ago. I'd download just for the games above. I wanted to play Shemue :( I have a s7 edge but the game is too buggy. Good luck with getting the bios to run lol. There is a trick to getting it to recognize the bios. I spent days looking it up via Google and YouTube tutorial and I finally got it. Good luck lol,CRASHES
Wonderful Thank you please add percent key if possible,FEATURE & UI BUGS
Podcasts won't start - Uninstall No podcast would start playing whether I tried streaming or downloading. I could tap play and pause and scroll the timeline  but the podcasts would not play. Also podcast thumbnails didn't load. Pretty frustrating.,CRASHES
Great app Please ADD chromecast / dlna streaming support.,FEATURE & UI BUGS
Good Definitely better looking than Yatse  but needs Wear support,FEATURE & UI BUGS
Good  but need interface improvements Good app and refreshing alternative for Whatsapp and others. Still to do: 1-text balloons as in Whatsapp; background image is ghosted and looks bad  2- Skype emoticons : smaller  yellow,FEATURE & UI BUGS
You should add a parallax feature I think the background would look better if you had a parallax option like on iOS devices.,FEATURE & UI BUGS
Doesn't show up aa a file reader The app doesn't even show up as an option when I try to open a downloaded ebook. So I'm just going to uninstall it without really testing it out.,CRASHES
Great material design interface  but very limited Doesn't recognize vitamins  supplements  etc. Doesn't support reminders for getting refills. I'll stick with MediSafe.,FEATURE & UI BUGS
Weather issues Battery and email widgets work fine  I'm going to try other widgets for weather though. There's no manual refresh  it seems to take hours to auto refresh location and temperature. Always Completely inaccurate when tapped to open up website weather,CRASHES
MMS issue and slow to launch It looks good  But can't not send pictures taken from camera on the app. Need to use my camera to take the pic then go to the app and select the pic from the gallery to send. Takes up to 2.5/3 secs to open. Not good.,CRASHES
Lollipop update I love this app  but since I updated to lollipop  I can't see the words I'm typing. It's white font on white background. Please fix  then it will be 5 stars again!,CRASHES
Does not work on Samsung Galaxy Tab S 8.4 Always shows 1 mah in the widget,CRASHES
Perfect widget for next events  just lacks reminders This is the best widget for a vertical list of next events. I was looking for something exactly like this. Please add reminders  I'd pay for that! Oh  and I'd suggest changing the icon  it's quite ugly  haha  it doesn't match the actual design.,FEATURE & UI BUGS
It's great.. but It would be better if there would be an option to start the app on boot cuz once I reboot into my OS... it takes about a minute or 2 for ac display to start up again. otherwise... no issues _??_??__,FEATURE & UI BUGS
MMS Issue I want to like the app  for a while I had primarily used this as my SMS application  however I have too many issues with MMS(picture and group messaging). Pictures will randomly not show up that have already been sent or received  scrolling up and down may make them show up again. The biggest issue is with group messaging. The app does not always show which person sent the message and you have to check details of individual message to see the number. Had these issues on 2 different phones.,CRASHES
Galaxy s4 Please add stock launcher in to black list 5 stars after its ok. Thank,FEATURE & UI BUGS
? When I touch CLEAR button in the notification bar it is disappearing itself....also please add date reminder not just time,FEATURE & UI BUGS
Please add option to move vault to sd card Google does not allow sd card permissions from android 4.4.x and up  but still devs add it somehow. Its much needed.,FEATURE & UI BUGS
"The playlist is a killer feature; I've known for a long time that Google's implementation is bugged (songs like to """"""""stick together"""""""" when moving them  but the display doesn't render this)  so seeing a developer put time into making an implementation that works proper is refreshing and praiseworthy. The UI isn't great (it shows filenames  not metadata; added songs are invisibly queued until you press add  and cancel is arguably too close; removing and reordering tends to seek back to the top of the list view; etc.) but the fact that it allows one to construct an ordered playlist  can source music from any readable location in the filesystem  allows one to quickly append tracks from a single directory in a specific order  and has an easy to use text-file playlist format more than makes up for those deficiencies. After having a falling out with Shuttle for just these reasons  this is now my preferred general audio player--let alone MIDI support.",CRASHES
Bullshit Icons don't even show up its a waste of time!,CRASHES
One feature required... This is one of the best lockscreen for me so far...But can you please add security like pattern or pin...then it will be perfect.,FEATURE & UI BUGS
Doesn't work Widget is blank and won't let me add any stocks. Apparently tapping the left of the widget is for settings however nothing.,CRASHES
OK but should allow reordering tasks It's OK  but it badly needs the ability to manually reorder the tasks  rather than being stuck in alphabetical order.,FEATURE & UI BUGS
Not working anymore. Only shows the time nothing else.,CRASHES
Great  fixed the image problem This is a great app. The website still has a lot of functions the app doesn't have  which is strange because I'm using the website on my android device. Very nice design though.,CRASHES
Limited customization Needs more features like color control and font choice.,FEATURE & UI BUGS
Need to add some security Please add option for pin code or pattern code to unlock..,FEATURE & UI BUGS
Fix the bugs Crashes all the time. Have to uninstall and reinstall too often. Frustrating! !,CRASHES
It would be better if you had pictures,FEATURE & UI BUGS
Glad to see the crashing on use of plot solved. Unfortunately the crashes still happen randomly.,CRASHES
Needs more icons It's good for like 70 to 80% of apps. It hasn't been updated for a while and it's kind of starting to show,FEATURE & UI BUGS
Samsung galaxy j7 2016 edition Before paying for the of the other clock style can we get preview of it that would be better so we dnt have to waste money,FEATURE & UI BUGS
Great Wow amazing! basically the best drawing app ... could only be improved with a couple more features: custom images dimensions  pixel-perfect/non-antialias brushes  layer support  lasso/marquee selection tool. Add that stuff i'd def. pay for a pro version!,FEATURE & UI BUGS
One feature short! Please add a security feature  currently i would have to go through 2 lockscreens.,FEATURE & UI BUGS
Great App but it has its quirks I would like a option of hiding NSFW thumbnails without losing post formatting and so that it also applies to nsfw subreddits. Also I would love to see a automated night mode like Sync has. Until then I'll probably stick with sync.,FEATURE & UI BUGS
Stays at a blue screen Please help the game just sits at a blue screen,CRASHES
Love the widget I would give it 5 stars if it would update automatically once plugged in. 11/5/2015........ for some reason has completely stopped working.,CRASHES
Has some problems Nexus 5 stock: Call in progress notification does not go away  will appear even if call is not answered. All setting including password stored in plain text on SD card Have not rechecked: Doesn't pause media at the start of a call. double tap a direct dial  one call is made by sipdroid  one by my phone. Exclusion ([0-9]{1  6}) fails.,CRASHES
Don't download waste of time Doesn't have items and looks amateur  like someone typed it up on notepad. Cluttered and monotone  unintuitive catrgories. I love pathfinder and pathfinder deserves a better representation than this.,FEATURE & UI BUGS
Loading of next page is a bit funny otherwise fine,FEATURE & UI BUGS
Simple app to track budgets I really like this app because it looks good and is just simple to use. It would be nice if envelopes could be set to automatically refill based on the month. And in case anyone is wondering  to delete an envelope just swipe left. That wasnt immediately clear.,FEATURE & UI BUGS
Can't save It runs well. Moving the mouse around one the screen is dumb. Can't save my game though so this is pretty much worthless.,CRASHES
Support for Galaxy S3 Please add support for the S3  there's really no point for using a tablet that doesn't have data.,FEATURE & UI BUGS
Since the new update it crashes when I try to search for a song  it takes forever to load songs and half of them don't load properly  sounds like someone has slowed them down dramatically on a record player and it doesn't even sound like the song at all. Fix this!,CRASHES
Awesome Using since 2 years. This app delivers exactly what it says in a very simple interface. Please add haptic feedback toggle,FEATURE & UI BUGS
S6 doesn't display Hello I'm on the galaxy s6 and whenever it charges above 1000 ma I can't view it for the exact number it just changes to 0 ma. If you could please fix this. My old s4 showed it perfect and I love using this app,CRASHES
Misleading The search box widget isn't as clean as I'd want it  offering up pages I don't want.,FEATURE & UI BUGS
Doesn't work I loved this widget on my s4  but it shows zero mA at all times (charging and discharging) on my note 4. Please fix!,CRASHES
Adding widgets problem Can't add any widgets on lockscreen  setting suddenly stopped working. Would be better if have a built in pattern/pin locks,FEATURE & UI BUGS
Good app except for... it doesn't respond to screen taps half the time on LG G2  making it difficult and annoying to navigate. Also is not downloading NYTimes puzzle  despite correct account info entry.,CRASHES
Best!! This is the perfect apps i was looking for... stuck with photo wall for months without alternative layout.. i would pay for more feature.. thx for dev. :),FEATURE & UI BUGS
I love this app but.. sometimes sms notification doesn't appear and when i reply through the pop up  my message doesn't send .. please fix it .. i really love this app .. i am using samsung galaxy j1 ?,CRASHES
Problem with contacts Some of my saved contacts show up us numbers. Otherwise its good,CRASHES
Great app. It's almost perfect. Please add the options to pause and queue torrents not just force download. If not asking too much  and if possible please to make it able to open the App/Software on my computer in case it isn't. I'll give 5 stars once the pause and queue options are added.,FEATURE & UI BUGS
Really nice! Only one thing missing: ability to add more connections if you need to control multiple MPD servers. Could you please add that?,FEATURE & UI BUGS
Swiping for actions like delete  archive would be cool,FEATURE & UI BUGS
Doesn't work at all for androids The app crashes constantly  can't ever send or receive snaps properly  and can't load a lot of snap stories  only sometimes can add to my story  it's so frustrating,CRASHES
Does what it does well. Really like what it does. Would like to see it sit in notifications like Bitcoin Paranoid  though.,FEATURE & UI BUGS
Didn't show up as a widget(at first)  can not show current Lenovo Ideatab A-3000: I needed to uninstall and re-install to get the widget into a list of addable items. Shows volts  battery status but no amps. Did not help to sort out which of my cables have too much resistance when charging then. Sony XPeria Go: On my Sony ST27i works okay(It seems I can not write separate reviews for 2 devices  that would be atleast 3 stars for Sony).,CRASHES
"The widget doesn't work anymore Until before  I've been using this widget and love it much. But when I accidentally deleted the widget and want to place the widget  the widget won't show up and every time I select the widget and drag to the background  the command box """"""""Ministocks widget added"""""""" appeared  but nothing else shows up.",CRASHES
Shows nothing. Just blank surface.,CRASHES
Shake To Silence not working Shake feature not working..,CRASHES
I used it almost just because of the Whatsapp backup to gmail feature  so from the last update it is near to useless to me. Please add back Whatsapp support.,FEATURE & UI BUGS
Major bug I don't know what's up but whenever I go to my profile i end up geting my mom's or my dad's list not mine. I hate that! Its driving me crazy. Also when I go from my phone to my tablet to my ps3 or to my computer it dosent say I've watched episodes that I know I've seen because I was just watching it on a different device. I use to love Netflix. Now I find I'm watching more Youtube and more amazon prime shows because there not making me frustrated.,CRASHES
Shut down App works fine until I hit the shut down button. When hitting wake up it does nothing. I have to switch of kodi at power source then turn back on for the remote to work again.,CRASHES
Good emulator  the potential's there and I'm surprised it can play the games I want to play well but can you please add an option to either toggle opacity on the touch-screen buttons or thumbstick calibration because this thing for whatever reason maps both the D-pad and thumbstick to the thumbstick on my GPD XD.,FEATURE & UI BUGS
Good maps  but after years still rather poor search Server backed search on Google maps may have spoilt us  but the inability to perform a fuzzy search at least to a place without going through the rigmarole of selecting an arbitrary exact address from a hierarchy just isn't good enough. Also not being able to download tiles without searching through a text based list is poor. You have to know the name of the region of interest and how it is organised under OSM  for example that Great Britain has its own listing outside of Europe. Could be so much more...,FEATURE & UI BUGS
Works great Repeating events and everything. The color picker for the background is less than perfect; I prefer an HSV picker + alpha slider.,FEATURE & UI BUGS
Potentially excellent but right now pretty poor. For example  when displaying cycle routes it's impossible to see if the transparent red route on a yellow road is the route  or if it's an orange road. Yes  you can tell if you look really closely  but that isn't possible while riding. Instructions are not only minimal but incomprehensible as they refer to menus and settings that don't come with the download. I should have tried the free version first.,FEATURE & UI BUGS
Firewall It's a good app  sadly the last update added ads covering the app list. Worth 4.5 without ads.,CRASHES
Weather stopped displaying Great widget but the weather extension stopped showing up,CRASHES
A Much Needed App  Poor Execution A noble idea  and a necessary one in the present age of constant surveillance  I looked forward to being able to browse fb without worrying about every shred of personal info being given to ad companies. Doesn't work. Pages that I browsed on the Internet showed up as ads on my newsfeed  including location based ads  as well as things I talked about with other people. Kudos for the effort.,CRASHES
Newest update screwed it up I admit  this is a brilliant icon pack  and I will return the rating to 5 stars IF the right icons are shown. Whenever I go to share something  or am multitasking and switch from one app to another  the wrong icons are shown with the wrong app. ie. 9gag app has the Netflix icon  WhatsApp has the Viber icon  etc. Need to fix it asap,CRASHES
Needed  but constantly crashing in background On my new google pixel OS7.1.1  this app is constantly crashing in background and showing a pop-up asking if I want to force quit it. Usually crashing when I wake up phone. Pop-up will display multiple times while typing. For a required app  I expect it to work  and it doesnt appear to be updated often so I don't know when its crash will be fixed.,CRASHES
Not safe yet! Keeps going off  no prompt. Also knocked out my Nova launcher and took me back to default Android layout until after I checked my apps list  then the launcher returned.,CRASHES
"'Dislike' button doesn't work This goes for BOTH the app and web clients: What's the point of a 'Dislike' button on comments when the tally never shows up? ---- Also: Whenever I click """"""""""""""""Read More"""""""""""""""" on comments  it keeps bringing up the reply box because the RM text is too obscure or close to the reply/comment box. Once this is fixed I'll be sure to give this app 4 stars (for the first time in a year or more) because the new Suggestions/Recommendations algorithm is that good.",CRASHES
Nice app Theres a problem showing all the contacts. Most of my contacts dont show up. Its nice though.,CRASHES
issues with samsung Gives the very same value 1780 mA even with a 1000mA charger,CRASHES
Great but . . . Needs to include the Samba's Server function to allow me to share files from my mobile devices while sitting at my PC. The client works perfectly. Just watch out for software firewalls (i.e. Kaspersky  Norton  etc.) from blocking your connection to the PC. One the best tools I have on my devices  a side from the Google Drive plugin.,FEATURE & UI BUGS
Can you add a few of these features/improvements? 1. Video Calling: Pease make it a priority. 2. Editing Media messages: Please allow users to edit media messages as well or recall message. 3. Chat Background: Please allow editing image (clipping  scaling especially). 4. Blocking: Don't let the blocked user receive messages that weren't delivered. 5. Encryption: Please encrypt messages by default  even WhatsApp is doing so. 6. Compression: Allow selection of media quality. 7. Deleting Media: Please add an option to delete shared media permanently.,FEATURE & UI BUGS
Home page is too busy Wish I could configure it to remove all the junk cards.,FEATURE & UI BUGS
